ts_code,trade_date,diff_pct,t_pre_close,t_1_close,factor_now,factor_prev,reason
000001.SZ,2000-11-06,0.1107,15.7400,17.7000,28.953063,25.746958,因子未变动
000001.SZ,2008-10-31,0.2334,8.6700,11.3100,38.786931,29.733216,因子未变动
000001.SZ,2013-06-20,0.3805,11.9200,19.2400,63.072621,39.076177,因子未变动
000001.SZ,2014-06-12,0.1783,9.6800,11.7800,76.755749,63.072621,因子未变动
000001.SZ,2015-04-13,0.1737,16.3600,19.8000,92.895104,76.755749,因子未变动
000001.SZ,2016-06-16,0.1791,8.5700,10.4400,113.165057,92.895104,因子未变动
000065.SZ,2005-11-11,0.2947,0.7952,1.1274,3.007321,2.966682,因子未变动
000430.SZ,2025-12-29,0.1304,6.8700,7.9000,3.560381,3.096180,因子未变动
000518.SZ,2000-02-28,0.0938,1.1019,1.0074,1.388447,1.333820,因子未变动
000538.SZ,2026-04-30,0.0289,53.0500,54.6300,30.442600,30.442600,因子未变动
000563.SZ,2026-04-28,0.0183,3.2200,3.2800,18.898100,18.898100,因子未变动
000568.SZ,2026-01-30,0.0109,122.8700,124.2300,29.246034,1.000000,因子未变动
000615.SZ,2025-12-29,0.1555,3.5300,4.1800,5.973418,5.044537,因子未变动
000691.SZ,2026-01-05,0.2253,7.0500,9.1000,2.628547,2.036402,因子未变动
000739.SZ,2026-04-29,0.0122,18.5800,18.8100,13.581700,13.581700,因子未变动
000889.SZ,2001-08-30,0.2338,9.4700,12.3600,2.433876,1.864790,因子未变动
000889.SZ,2007-05-30,0.1304,9.7400,11.2000,2.809009,2.442835,因子未变动
000889.SZ,2020-07-10,0.2856,7.7300,10.8200,4.040379,2.886518,因子未变动
000890.SZ,2000-09-07,0.2856,17.4100,24.3700,1.429218,1.021038,因子未变动
000890.SZ,2001-06-22,0.2345,16.0300,20.9400,1.936370,1.482331,因子未变动
000890.SZ,2006-07-19,0.2412,3.0200,3.9800,2.692518,2.043066,因子未变动
000892.SZ,2001-10-16,0.3359,12.1600,18.3100,2.486039,1.651023,因子未变动
000893.SZ,2014-05-22,0.3395,10.6400,16.1100,1.536250,1.014630,因子未变动
000895.SZ,2000-06-06,0.2307,15.4400,20.0700,1.689675,1.299880,因子未变动
000895.SZ,2004-04-07,0.3560,13.1900,20.4800,2.844795,1.832170,因子未变动
000895.SZ,2007-06-29,0.1742,25.7400,31.1700,3.686329,3.044148,因子未变动
000895.SZ,2013-05-03,0.5082,40.5300,82.4100,8.078652,3.973155,因子未变动
000895.SZ,2015-05-20,0.3568,25.8900,40.2500,13.043211,8.389781,因子未变动
000895.SZ,2026-04-29,0.0275,28.3000,29.1000,28.825900,28.825900,因子未变动
000897.SZ,2001-06-06,0.3615,10.6700,16.7100,1.602830,1.023471,因子未变动
000897.SZ,2004-04-30,0.3371,4.0700,6.1400,2.490921,1.651148,因子未变动
000897.SZ,2005-11-11,0.1746,3.1200,3.7800,3.029681,2.500690,因子未变动
000897.SZ,2008-05-21,0.2868,7.8100,10.9500,4.272117,3.047053,因子未变动
000898.SZ,2007-10-18,0.1030,32.3800,36.1000,1.491767,1.338045,因子未变动
000898.SZ,2019-06-28,0.2630,3.8400,5.2100,2.357615,1.737666,因子未变动
000899.SZ,2010-05-19,0.1554,5.6000,6.6300,2.285251,1.930227,因子未变动
000900.SZ,2012-07-06,0.3336,9.2700,13.9100,3.296186,2.196667,因子未变动
000900.SZ,2013-07-11,0.2457,6.0800,8.0600,4.527552,3.415325,因子未变动
000900.SZ,2014-06-12,0.2433,4.7900,6.3300,5.983175,4.527552,因子未变动
000900.SZ,2017-07-06,0.3373,6.1300,9.2500,9.142094,6.058491,因子未变动
000901.SZ,2002-05-27,0.3764,27.4800,44.0700,1.622394,1.011650,因子未变动
000901.SZ,2003-06-09,0.2855,15.2900,21.4000,2.270715,1.622394,因子未变动
000901.SZ,2014-10-24,0.1829,28.3700,34.7200,2.799338,2.287362,因子未变动
000901.SZ,2018-06-05,0.3331,12.1100,18.1600,4.200008,2.800776,因子未变动
000902.SZ,2008-06-06,0.1664,4.8600,5.8300,1.232146,1.027140,因子未变动
000902.SZ,2016-05-31,0.5067,11.0800,22.4600,2.497653,1.232146,因子未变动
000903.SZ,2007-04-12,0.3398,16.7300,25.3400,2.071083,1.367372,因子未变动
000903.SZ,2011-05-19,0.4518,8.2500,15.0500,4.000398,2.192909,因子未变动
000903.SZ,2017-06-12,0.5045,4.3600,8.8000,8.490751,4.206781,因子未变动
000905.SZ,2006-10-17,0.4443,6.5800,11.8400,2.050671,1.139646,因子未变动
000906.SZ,2002-04-25,0.4740,13.1600,25.0200,1.905402,1.002202,因子未变动
000906.SZ,2017-06-02,0.2340,8.2500,10.7700,2.563172,1.963433,因子未变动
000906.SZ,2018-06-13,0.2367,5.9000,7.7300,3.358190,2.563172,因子未变动
000908.SZ,2000-04-19,0.5000,17.6600,35.3200,2.000000,1.000000,因子未变动
000908.SZ,2016-06-23,0.0979,11.8800,13.1700,2.240740,2.021260,因子未变动
000908.SZ,2026-03-11,0.3155,4.3600,6.3700,3.281988,2.246384,因子未变动
000909.SZ,2013-06-18,0.3333,5.2200,7.8300,1.533087,1.022058,因子未变动
000910.SZ,2006-07-17,0.4996,6.6200,13.2300,2.087005,1.044291,因子未变动
000912.SZ,2003-05-27,0.2481,6.7600,8.9900,1.370101,1.030243,因子未变动
000913.SZ,2002-06-21,0.3805,7.3100,11.8000,1.638459,1.015011,因子未变动
000915.SZ,2002-09-27,0.4124,9.9300,16.9000,1.705313,1.001997,因子未变动
000915.SZ,2017-06-16,0.2331,37.2000,48.5100,2.255353,1.729523,因子未变动
000917.SZ,2004-05-12,0.2369,9.9200,13.0000,1.755028,1.339221,因子未变动
000917.SZ,2006-07-07,0.2306,9.1400,11.8800,2.281152,1.755028,因子未变动
000917.SZ,2008-05-20,0.1676,20.8100,25.0000,2.740452,2.281152,因子未变动
000917.SZ,2012-07-13,0.5479,11.7900,26.0800,6.090295,2.753243,因子未变动
000919.SZ,2004-08-17,0.1820,6.4700,7.9100,1.292431,1.057146,因子未变动
000919.SZ,2006-07-10,0.3532,5.3300,8.2400,2.075051,1.342236,因子未变动
000920.SZ,2004-11-09,0.5000,6.9500,13.9000,2.246029,1.123015,因子未变动
000922.SZ,2003-08-25,0.4115,5.2200,8.8700,1.733791,1.020337,因子未变动
000922.SZ,2020-05-25,0.1757,6.1000,7.4000,2.118602,1.746415,因子未变动
000925.SZ,2009-09-11,0.4999,22.5500,45.0900,2.033180,1.016815,因子未变动
000925.SZ,2018-06-21,0.2854,6.5600,9.1800,2.845212,2.033180,因子未变动
000926.SZ,2000-11-10,0.2307,17.1700,22.3200,1.311978,1.009259,因子未变动
000926.SZ,2007-05-22,0.4953,16.2500,32.2000,2.834449,1.430428,因子未变动
000926.SZ,2024-07-08,0.2888,2.3400,3.2900,4.960161,3.527896,因子未变动
000927.SZ,2002-07-29,0.1069,6.3500,7.1100,1.119685,1.000000,因子未变动
000928.SZ,2017-05-19,0.4461,9.9100,17.8900,1.875211,1.038756,因子未变动
000929.SZ,2000-06-09,0.1669,14.1800,17.0200,1.200282,1.000000,因子未变动
000929.SZ,2003-05-22,0.2854,7.5600,10.5800,1.679760,1.200282,因子未变动
000930.SZ,2002-07-12,0.4458,11.3000,20.3900,1.831836,1.015191,因子未变动
000930.SZ,2004-11-19,0.1716,6.4200,7.7500,2.211328,1.831836,因子未变动
000930.SZ,2005-12-07,0.4991,2.9000,5.7900,4.519405,2.263605,因子未变动
000932.SZ,2000-07-24,0.2046,7.2300,9.0900,1.257261,1.000000,因子未变动
000932.SZ,2019-06-13,0.2859,4.6700,6.5400,2.023932,1.445224,因子未变动
000932.SZ,2023-06-30,0.0488,4.6800,4.9200,1.000000,2.338869,因子未变动
000933.SZ,2005-09-09,0.5470,7.1800,15.8500,2.529727,1.145958,因子未变动
000933.SZ,2009-06-19,0.3379,19.6300,29.6500,3.981696,2.636111,因子未变动
000933.SZ,2010-05-26,0.2949,20.0400,28.4200,5.646696,3.981696,因子未变动
000933.SZ,2011-05-27,0.3802,14.6200,23.5900,9.111188,5.646696,因子未变动
000935.SZ,2001-05-30,0.4470,13.6800,24.7400,1.824995,1.009132,因子未变动
000936.SZ,2001-04-19,0.1697,22.2200,26.7600,1.204320,1.000000,因子未变动
000936.SZ,2004-06-16,0.4475,5.5800,10.1000,2.211787,1.221958,因子未变动
000936.SZ,2010-10-11,0.4117,7.0300,11.9500,4.116365,2.421594,因子未变动
000937.SZ,2005-05-16,0.3964,8.7100,14.4300,1.808484,1.091607,因子未变动
000937.SZ,2011-05-19,0.5052,23.2700,47.0300,4.031429,1.994713,因子未变动
000937.SZ,2015-06-10,0.2368,9.6700,12.6700,5.623923,4.292292,因子未变动
000937.SZ,2022-06-29,0.1125,7.8900,8.8900,7.619025,6.761992,因子未变动
000937.SZ,2023-06-30,0.1359,6.3600,7.3600,1.000000,7.619025,因子未变动
000938.SZ,2000-05-11,0.3750,56.5300,90.4500,1.600035,1.000000,因子未变动
000938.SZ,2018-07-05,0.2881,44.0600,61.8900,2.366522,1.684746,因子未变动
000938.SZ,2019-05-27,0.2887,26.6100,37.4100,3.327004,2.366522,因子未变动
000938.SZ,2020-08-25,0.2881,32.3500,45.4400,4.673232,3.327004,因子未变动
000948.SZ,2012-04-25,0.0984,8.3400,9.2500,1.253113,1.129834,因子未变动
000948.SZ,2019-04-15,0.2331,12.5000,16.3000,1.658014,1.271483,因子未变动
000949.SZ,2001-06-07,0.5026,9.4900,19.0800,2.035523,1.012428,因子未变动
000949.SZ,2008-04-25,0.1697,6.3600,7.6600,2.632494,2.185726,因子未变动
000949.SZ,2011-07-12,0.2366,6.4200,8.4100,3.448485,2.632494,因子未变动
000950.SZ,2008-04-23,0.2093,13.9800,17.6800,1.277327,1.010013,因子未变动
000950.SZ,2010-04-16,0.3332,12.4700,18.7000,1.947945,1.298977,因子未变动
000951.SZ,2008-06-27,0.2306,18.6800,24.2800,1.299786,1.000000,因子未变动
000951.SZ,2016-05-13,0.3831,9.2100,14.9300,2.272053,1.401581,因子未变动
000951.SZ,2021-09-29,0.2858,15.0700,21.1000,3.649717,2.606693,因子未变动
000952.SZ,2020-05-29,0.1704,8.6200,10.3900,1.228962,1.019601,因子未变动
000953.SZ,2000-04-27,0.1667,18.7900,22.5500,1.200106,1.000000,因子未变动
000953.SZ,2003-05-27,0.3384,5.6500,8.5400,2.005771,1.327003,因子未变动
000955.SZ,2006-07-17,0.2315,2.5900,3.3700,1.435285,1.103083,因子未变动
000955.SZ,2013-05-20,0.2300,3.8500,5.0000,1.868874,1.439033,因子未变动
000957.SZ,2000-06-02,0.4444,14.2500,25.6500,1.800000,1.000000,因子未变动
000957.SZ,2016-07-27,0.5063,19.5000,39.5000,3.814199,1.882959,因子未变动
000958.SZ,2003-06-19,0.3389,7.8800,11.9200,1.528451,1.010419,因子未变动
000958.SZ,2017-05-17,0.5023,9.8300,19.7500,3.164189,1.574885,因子未变动
000959.SZ,2005-06-23,0.1013,3.5500,3.9500,1.319206,1.185615,因子未变动
000959.SZ,2006-04-05,0.0952,2.8500,3.1500,1.458070,1.319206,因子未变动
000960.SZ,2004-10-18,0.3333,6.9400,10.4100,1.555883,1.037255,因子未变动
000960.SZ,2008-04-29,0.1689,32.3300,38.9000,2.007615,1.668540,因子未变动
000960.SZ,2010-01-27,0.1367,28.4700,32.9800,2.327792,2.009467,因子未变动
000962.SZ,2000-08-28,0.4445,34.1200,61.4200,1.800117,1.000000,因子未变动
000962.SZ,2001-09-11,0.1680,23.3300,28.0400,2.170547,1.805951,因子未变动
000963.SZ,2002-07-11,0.5007,14.9600,29.9600,2.026107,1.011701,因子未变动
000963.SZ,2006-11-01,0.3000,5.1100,7.3000,2.141806,2.106517,因子未变动
000963.SZ,2017-05-24,0.5072,45.5800,92.5000,4.726622,2.329075,因子未变动
000963.SZ,2018-06-13,0.3398,49.2700,74.6300,7.159485,4.726622,因子未变动
000963.SZ,2019-06-21,0.1759,24.5100,29.7400,8.687192,7.159485,因子未变动
000965.SZ,2009-05-15,0.3331,9.9700,14.9500,1.650856,1.100939,因子未变动
000965.SZ,2012-05-21,0.3333,4.9000,7.3500,2.476285,1.650856,因子未变动
000966.SZ,2001-06-15,0.1767,13.5100,16.4100,1.228142,1.011103,因子未变动
000966.SZ,2016-06-23,0.5093,6.8500,13.9600,2.716076,1.332745,因子未变动
000967.SZ,2008-06-06,0.3333,5.9200,8.8800,1.540244,1.026829,因子未变动
000967.SZ,2013-06-28,0.1692,6.0400,7.2700,1.853902,1.540244,因子未变动
000967.SZ,2016-07-05,0.3347,14.7100,22.1100,2.807585,1.867914,因子未变动
000967.SZ,2017-06-23,0.3344,10.4900,15.7600,4.218068,2.807585,因子未变动
000967.SZ,2021-07-08,0.0178,6.6200,6.7400,1.018127,4.378112,因子未变动
000967.SZ,2022-07-20,0.0194,5.0600,5.1600,4.545566,1.018127,因子未变动
000968.SZ,2008-05-16,0.2327,30.5700,39.8400,1.392581,1.068554,因子未变动
000969.SZ,2001-04-11,0.3780,29.6000,47.5900,1.607770,1.000000,因子未变动
000969.SZ,2005-04-22,0.2466,6.1100,8.1100,2.220678,1.673038,因子未变动
000969.SZ,2006-05-30,0.0987,8.1300,9.0200,2.463778,2.220678,因子未变动
000969.SZ,2010-04-28,0.4460,19.0700,34.4200,4.945649,2.740079,因子未变动
000970.SZ,2001-04-19,0.4465,30.6100,55.3000,1.806599,1.000000,因子未变动
000970.SZ,2002-04-30,0.3362,15.5000,23.3500,2.721554,1.806599,因子未变动
000970.SZ,2004-09-22,0.5045,6.0800,12.2700,5.663284,2.806256,因子未变动
000970.SZ,2013-06-03,0.5030,16.3400,32.8800,12.001563,5.964280,因子未变动
000972.SZ,2007-05-28,0.4452,17.2000,31.0000,1.885847,1.046341,因子未变动
000972.SZ,2008-06-10,0.2320,13.3100,17.3300,2.455427,1.885847,因子未变动
000973.SZ,2006-06-06,0.3352,2.4200,3.6400,1.781415,1.184347,因子未变动
000973.SZ,2012-06-08,0.3359,5.1200,7.7100,2.682560,1.781415,因子未变动
000975.SZ,2001-09-26,0.3749,13.3200,21.3100,1.610368,1.006575,因子未变动
000975.SZ,2004-07-08,0.4454,3.9100,7.0500,2.980108,1.652798,因子未变动
000975.SZ,2008-01-24,0.3273,12.3100,18.3000,4.506400,3.031355,因子未变动
000975.SZ,2018-06-01,0.2946,11.2800,15.9900,6.836251,4.822571,因子未变动
000975.SZ,2020-09-24,0.2859,10.4900,14.6900,9.839321,7.026172,因子未变动
000977.SZ,2014-05-13,0.5007,24.5100,49.0900,2.066675,1.031864,因子未变动
000977.SZ,2015-04-27,0.5005,35.6600,71.3900,4.137406,2.066675,因子未变动
000978.SZ,2001-04-26,0.3395,18.4200,27.8900,1.514115,1.000000,因子未变动
000978.SZ,2010-05-28,0.2402,9.8700,12.9900,2.222055,1.688351,因子未变动
000980.SZ,2007-04-20,0.3336,8.7100,13.0700,1.512483,1.007937,因子未变动
000981.SZ,2011-08-26,0.1441,4.7500,5.5500,1.206814,1.032859,因子未变动
000981.SZ,2015-11-13,0.6665,7.5700,22.7000,3.755000,1.252218,因子未变动
000981.SZ,2022-02-25,0.4000,2.1000,3.5000,4.062387,3.762421,因子未变动
000983.SZ,2005-05-19,0.3496,8.0200,12.3300,1.623587,1.056056,因子未变动
000983.SZ,2008-09-12,0.5014,10.6200,21.3000,3.492341,1.741252,因子未变动
000983.SZ,2010-06-02,0.2362,22.3800,29.3000,4.648151,3.550362,因子未变动
000983.SZ,2020-06-24,0.2465,3.7600,4.9900,6.772102,5.102827,因子未变动
000983.SZ,2023-06-21,0.1147,9.2600,10.4600,8.267583,7.319104,因子未变动
000983.SZ,2024-07-12,0.0801,9.1900,9.9900,1.000000,8.267583,因子未变动
000985.SZ,2006-10-16,0.1125,8.6800,9.7800,1.168035,1.036661,因子未变动
000987.SZ,2008-07-29,0.3422,18.3800,27.9400,1.666267,1.096134,因子未变动
000987.SZ,2016-06-14,0.3406,12.4500,18.8800,3.066752,2.022302,因子未变动
000987.SZ,2021-08-25,0.2748,8.6300,11.9000,4.402677,3.192866,因子未变动
000987.SZ,2022-06-23,0.2748,6.8100,9.3900,6.070651,4.402677,因子未变动
000988.SZ,2003-04-07,0.5019,15.3800,30.8800,2.033821,1.012959,因子未变动
000988.SZ,2004-04-06,0.2355,12.2700,16.0500,2.660377,2.033821,因子未变动
000988.SZ,2009-09-29,0.1079,11.3300,12.7000,3.315396,2.957750,因子未变动
000988.SZ,2012-07-13,0.5052,7.0900,14.3300,6.768706,3.348927,因子未变动
000989.SZ,2002-10-18,0.2310,12.4500,16.1900,1.342222,1.032160,因子未变动
000989.SZ,2004-05-12,0.1846,7.4200,9.1000,1.692432,1.379983,因子未变动
000989.SZ,2008-05-29,0.1854,10.8500,13.3200,2.274764,1.852942,因子未变动
000989.SZ,2016-05-27,0.1446,20.7600,24.2700,3.225550,2.759061,因子未变动
000990.SZ,2001-04-03,0.3352,24.5500,36.9300,1.504277,1.000000,因子未变动
000990.SZ,2006-04-20,0.2785,4.1200,5.7100,2.152320,1.552988,因子未变动
000997.SZ,2004-05-26,0.5000,9.4700,18.9400,2.086294,1.043147,因子未变动
000997.SZ,2005-05-26,0.2396,7.8700,10.3500,2.743728,2.086294,因子未变动
000997.SZ,2006-06-06,0.2035,9.5500,11.9900,3.444744,2.743728,因子未变动
000997.SZ,2007-05-18,0.1724,11.8600,14.3300,4.162156,3.444744,因子未变动
000997.SZ,2015-06-08,0.4444,40.5300,72.9500,7.718815,4.288466,因子未变动
000997.SZ,2021-07-08,0.0213,16.0900,16.4400,1.021753,8.008817,因子未变动
000997.SZ,2022-07-13,0.0197,12.4100,12.6600,8.347878,1.021753,因子未变动
000998.SZ,2006-03-14,0.3330,7.1500,10.7200,1.586141,1.057920,因子未变动
000998.SZ,2008-07-01,0.3769,20.4000,32.7400,2.603902,1.622468,因子未变动
000998.SZ,2012-06-12,0.3361,16.5500,24.9300,4.351750,2.888948,因子未变动
000998.SZ,2014-07-30,0.5018,13.7000,27.5000,8.798473,4.383239,因子未变动
000999.SZ,2003-06-11,0.2389,7.0400,9.2500,1.342348,1.021636,因子未变动
000999.SZ,2024-06-14,0.2496,45.8800,61.1400,2.205433,1.654977,因子未变动
000999.SZ,2025-06-06,0.2364,33.0200,43.2400,2.952143,2.254388,因子未变动
001201.SZ,2021-06-25,0.2975,42.4100,60.3700,1.423485,1.000000,因子未变动
001201.SZ,2022-06-02,0.1710,32.2300,38.8800,1.717192,1.423485,因子未变动
001202.SZ,2025-06-18,0.2274,12.8400,16.6200,1.396967,1.079245,因子未变动
001205.SZ,2022-04-18,0.2891,20.2400,28.4700,1.406621,1.000000,因子未变动
001206.SZ,2022-09-15,0.2856,27.9900,39.1800,1.456815,1.040741,因子未变动
001206.SZ,2023-04-28,0.3022,15.1500,21.7100,2.087621,1.456815,因子未变动
001207.SZ,2026-04-08,0.2976,20.7900,29.6000,1.580883,1.110357,因子未变动
001209.SZ,2022-06-23,0.2856,15.0800,21.1100,1.424794,1.017806,因子未变动
001210.SZ,2023-06-21,0.1837,22.0400,27.0000,1.249862,1.020258,因子未变动
001210.SZ,2024-06-18,0.1690,13.2300,15.9200,1.503991,1.249862,因子未变动
001210.SZ,2025-06-09,0.1720,13.4800,16.2800,1.832921,1.517676,因子未变动
001212.SZ,2022-06-15,0.2343,49.5500,64.7100,1.319445,1.010331,因子未变动
001212.SZ,2025-05-29,0.2844,51.5600,72.0500,1.863467,1.333523,因子未变动
001218.SZ,2022-06-06,0.3044,24.0900,34.6300,1.437526,1.000000,因子未变动
001219.SZ,2022-06-23,0.2388,21.5800,28.3500,1.313716,1.000000,因子未变动
001219.SZ,2023-06-16,0.2403,18.3700,24.1800,1.729214,1.313716,因子未变动
001219.SZ,2024-06-27,0.2456,11.9500,15.8400,2.292113,1.729214,因子未变动
001222.SZ,2023-06-27,0.2996,14.2400,20.3300,1.427669,1.000000,因子未变动
001223.SZ,2025-05-26,0.2878,37.1600,52.1800,1.431785,1.019646,因子未变动
001230.SZ,2024-06-06,0.1824,14.1200,17.2700,1.233138,1.008217,因子未变动
001266.SZ,2022-07-14,0.2952,31.8700,45.2200,1.418889,1.000000,因子未变动
001269.SZ,2023-06-12,0.2900,59.4000,83.6600,1.408418,1.000000,因子未变动
001270.SZ,2023-05-12,0.2878,87.2600,122.5200,1.404080,1.000000,因子未变动
001270.SZ,2024-05-07,0.2336,41.1100,53.6400,1.832032,1.404080,因子未变动
001282.SZ,2024-07-09,0.2947,18.6900,26.5000,1.417871,1.000000,因子未变动
001282.SZ,2025-06-26,0.2883,19.8700,27.9200,2.001328,1.424298,因子未变动
001288.SZ,2025-05-16,0.2918,21.2100,29.9500,1.446118,1.024112,因子未变动
001296.SZ,2022-06-24,0.2410,23.0800,30.4100,1.317591,1.000000,因子未变动
001296.SZ,2024-05-30,0.2983,16.0700,22.9000,1.886841,1.324085,因子未变动
001298.SZ,2023-05-23,0.3163,23.4100,34.2400,1.462623,1.000000,因子未变动
001298.SZ,2024-05-29,0.3162,15.8100,23.1200,2.138889,1.462623,因子未变动
001298.SZ,2025-05-28,0.3118,19.1800,27.8700,3.107969,2.138889,因子未变动
001298.SZ,2026-04-17,0.3118,20.9700,30.4700,4.515966,3.107969,因子未变动
001299.SZ,2025-04-29,0.2676,10.8400,14.8000,1.396343,1.022727,因子未变动
001299.SZ,2026-04-29,0.2524,11.6700,15.6100,1.413900,1.413900,因子未变动
001308.SZ,2022-06-01,0.2458,28.9400,38.3700,1.325847,1.000000,因子未变动
001308.SZ,2023-04-28,0.2496,26.4600,35.2600,1.766793,1.325847,因子未变动
001309.SZ,2023-07-13,0.2869,77.2600,108.3500,1.402407,1.000000,因子未变动
001309.SZ,2024-04-26,0.2316,93.8200,122.1000,1.825133,1.402407,因子未变动
001309.SZ,2025-07-10,0.2874,86.7900,121.8000,2.561368,1.825133,因子未变动
001311.SZ,2023-06-07,0.2380,57.9900,76.1000,1.312295,1.000000,因子未变动
001311.SZ,2024-06-11,0.2483,26.9100,35.8000,1.745826,1.312295,因子未变动
001311.SZ,2025-06-10,0.2496,20.5000,27.3200,2.326632,1.745826,因子未变动
001316.SZ,2025-07-07,0.2915,31.9600,45.1100,1.467969,1.040042,因子未变动
001331.SZ,2023-06-07,0.2947,18.9100,26.8100,1.417768,1.000000,因子未变动
001331.SZ,2024-07-17,0.1732,10.7400,12.9900,1.714787,1.417768,因子未变动
001331.SZ,2025-06-05,0.2857,9.8500,13.7900,2.400702,1.714787,因子未变动
001332.SZ,2023-05-19,0.2714,44.4000,60.9400,1.421194,1.035461,因子未变动
001358.SZ,2024-04-24,0.3089,25.7100,37.2000,1.446908,1.000000,因子未变动
001367.SZ,2024-06-18,0.3332,25.4300,38.1400,1.499803,1.000000,因子未变动
001367.SZ,2025-05-20,0.3282,20.1600,30.0100,2.232594,1.499803,因子未变动
001380.SZ,2024-05-13,0.3029,20.9700,30.0800,1.446134,1.008160,因子未变动
001380.SZ,2025-05-20,0.3305,22.0400,32.9200,2.160016,1.446134,因子未变动
001696.SZ,2005-05-27,0.2391,4.3600,5.7300,2.810654,2.138648,因子未变动
001696.SZ,2006-04-21,0.1715,3.9600,4.7800,3.392658,2.810654,因子未变动
001696.SZ,2007-08-27,0.5010,26.8200,53.7500,6.804480,3.395277,因子未变动
001696.SZ,2009-04-30,0.2431,9.5300,12.5900,8.989339,6.804480,因子未变动
001696.SZ,2010-04-27,0.4133,11.3300,19.3100,15.320754,8.989339,因子未变动
001872.SZ,2000-07-24,0.0100,11.8500,11.9700,None,None,缺失因子记录
001872.SZ,2003-07-24,0.0168,16.9700,17.2600,None,None,缺失因子记录
001872.SZ,2004-06-22,0.2464,18.3800,24.3900,None,None,缺失因子记录
001872.SZ,2005-07-06,0.2490,20.0600,26.7100,None,None,缺失因子记录
001872.SZ,2006-06-19,0.0505,14.1100,14.8600,None,None,缺失因子记录
001872.SZ,2007-07-05,0.0207,27.4200,28.0000,None,None,缺失因子记录
001872.SZ,2008-07-25,0.0406,16.0700,16.7500,None,None,缺失因子记录
001872.SZ,2009-07-17,0.0299,16.2000,16.7000,None,None,缺失因子记录
001872.SZ,2010-08-06,0.0238,13.1200,13.4400,None,None,缺失因子记录
001872.SZ,2011-07-22,0.0309,14.4400,14.9000,None,None,缺失因子记录
001872.SZ,2012-07-20,0.0405,9.4800,9.8800,None,None,缺失因子记录
001872.SZ,2013-07-17,0.0308,11.3100,11.6700,None,None,缺失因子记录
001872.SZ,2014-07-16,0.0295,12.8500,13.2400,None,None,缺失因子记录
001872.SZ,2015-07-22,0.0120,26.3700,26.6900,None,None,缺失因子记录
001872.SZ,2016-07-28,0.0245,16.3200,16.7300,None,None,缺失因子记录
001872.SZ,2017-08-01,0.0179,27.4900,27.9900,None,None,缺失因子记录
001872.SZ,2018-05-23,0.0547,22.8200,24.1400,None,None,缺失因子记录
001914.SZ,2003-06-27,0.0111,8.9300,9.0300,None,None,缺失因子记录
001914.SZ,2004-07-09,0.0132,7.4500,7.5500,None,None,缺失因子记录
001914.SZ,2005-07-15,0.0207,4.7400,4.8400,None,None,缺失因子记录
001914.SZ,2006-07-12,0.0120,8.2300,8.3300,None,None,缺失因子记录
001914.SZ,2008-07-03,0.0275,8.8300,9.0800,None,None,缺失因子记录
001914.SZ,2011-06-16,0.3415,8.3500,12.6800,None,None,缺失因子记录
001914.SZ,2012-05-17,0.5085,5.5200,11.2300,None,None,缺失因子记录
001914.SZ,2012-09-11,0.0101,4.0100,3.9700,None,None,缺失因子记录
001914.SZ,2013-06-17,0.0179,5.4900,5.5900,None,None,缺失因子记录
001914.SZ,2014-05-16,0.0379,5.0800,5.2800,None,None,缺失因子记录
001914.SZ,2018-06-06,0.0126,7.8600,7.9600,None,None,缺失因子记录
001914.SZ,2019-06-06,0.0278,10.5000,10.8000,6.411102,None,缺失因子记录
001914.SZ,2025-08-13,0.0184,12.7900,13.0300,1.000000,6.689526,因子未变动
002001.SZ,2005-10-19,0.3333,8.7200,13.0800,1.539788,1.026525,因子未变动
002001.SZ,2006-06-23,0.5057,6.1100,12.3600,3.114857,1.539788,因子未变动
002001.SZ,2010-05-14,0.2471,35.6500,47.3500,4.366232,3.287353,因子未变动
002001.SZ,2010-10-18,0.3333,22.4800,33.7200,6.549349,4.366232,因子未变动
002001.SZ,2014-05-16,0.3503,12.9100,19.8700,10.841701,7.044104,因子未变动
002001.SZ,2018-05-30,0.4232,20.8400,36.1300,19.861936,11.456483,因子未变动
002001.SZ,2021-05-19,0.1812,32.8600,40.1300,25.573289,20.940400,因子未变动
002001.SZ,2022-05-25,0.1887,20.5100,25.2800,31.520853,25.573289,因子未变动
002003.SZ,2007-06-21,0.1744,26.4200,32.0000,1.286710,1.062340,因子未变动
002003.SZ,2007-09-25,0.2307,23.2800,30.2600,1.672501,1.286710,因子未变动
002003.SZ,2008-06-13,0.2348,14.8300,19.3800,2.185642,1.672501,因子未变动
002003.SZ,2011-02-25,0.1450,23.0000,26.9000,2.729207,2.333523,因子未变动
002003.SZ,2014-05-07,0.2815,8.6800,12.0800,4.319116,3.103471,因子未变动
002003.SZ,2015-05-15,0.1990,12.3600,15.4300,5.391906,4.319116,因子未变动
002003.SZ,2017-05-25,0.2579,10.5900,14.2700,7.541628,5.596766,因子未变动
002003.SZ,2018-06-08,0.2615,9.1800,12.4300,10.211595,7.541628,因子未变动
002003.SZ,2022-05-27,0.2586,10.3500,13.9600,16.437128,12.186551,因子未变动
002004.SZ,2004-10-18,0.3427,9.5500,14.5300,1.521466,1.000000,因子未变动
002004.SZ,2012-05-15,0.5058,20.9000,42.2900,3.255781,1.609029,因子未变动
002004.SZ,2012-09-04,0.3332,16.4500,24.6700,4.882681,3.255781,因子未变动
002004.SZ,2015-05-27,0.6024,19.3800,48.7400,12.743954,5.067252,因子未变动
002005.SZ,2005-05-25,0.1247,7.0200,8.0200,1.142450,1.000000,因子未变动
002005.SZ,2006-07-13,0.3754,6.1400,9.8300,1.829037,1.142450,因子未变动
002005.SZ,2008-04-21,0.4996,6.2600,12.5100,3.655152,1.829037,因子未变动
002005.SZ,2012-05-24,0.5029,8.6900,17.4800,7.352364,3.655152,因子未变动
002006.SZ,2006-06-22,0.1778,5.9200,7.2000,1.259344,1.035461,因子未变动
002006.SZ,2008-05-15,0.3335,13.5300,20.3000,1.889482,1.259344,因子未变动
002006.SZ,2011-09-13,0.5000,32.9400,65.8800,3.778964,1.889482,因子未变动
002006.SZ,2012-05-16,0.3365,14.7300,22.2000,5.695384,3.778964,因子未变动
002007.SZ,2005-05-23,0.3518,9.2300,14.2400,1.542795,1.000000,因子未变动
002007.SZ,2006-10-20,0.3332,17.0700,25.6000,2.387333,1.591866,因子未变动
002007.SZ,2007-06-12,0.1666,35.3100,42.3700,2.864665,2.387333,因子未变动
002007.SZ,2007-10-24,0.1697,45.8300,55.2000,3.450349,2.864665,因子未变动
002007.SZ,2009-05-06,0.3778,26.8300,43.1200,5.545249,3.450349,因子未变动
002007.SZ,2010-05-27,0.3776,44.1600,70.9500,8.909317,5.545249,因子未变动
002007.SZ,2016-06-07,0.3800,31.2900,50.4700,15.003605,9.301818,因子未变动
002007.SZ,2019-06-17,0.3397,27.6000,41.8000,23.191466,15.313026,因子未变动
002007.SZ,2020-04-27,0.2371,37.5900,49.2700,30.397539,23.191466,因子未变动
002008.SZ,2005-06-01,0.3435,8.8300,13.4500,1.523216,1.000000,因子未变动
002008.SZ,2006-05-25,0.3425,12.0200,18.2800,2.316505,1.523216,因子未变动
002008.SZ,2007-05-14,0.3354,20.0100,30.1100,3.485756,2.316505,因子未变动
002008.SZ,2008-04-25,0.3781,12.9300,20.7900,5.604707,3.485756,因子未变动
002008.SZ,2011-06-15,0.3421,12.1900,18.5300,8.659901,5.696934,因子未变动
002009.SZ,2006-06-23,0.3753,8.5400,13.6700,1.620686,1.012484,因子未变动
002009.SZ,2007-06-08,0.1674,17.4600,20.9700,1.946494,1.620686,因子未变动
002009.SZ,2008-03-21,0.5001,17.6400,35.2900,3.894092,1.946494,因子未变动
002010.SZ,2005-09-28,0.3336,7.5300,11.3000,1.541186,1.027003,因子未变动
002010.SZ,2007-06-06,0.2328,14.9600,19.5000,2.030878,1.558048,因子未变动
002010.SZ,2008-06-06,0.2309,10.0600,13.0800,2.640545,2.030878,因子未变动
002010.SZ,2011-05-19,0.5007,13.3300,26.7000,5.362612,2.677289,因子未变动
002011.SZ,2008-06-10,0.5057,13.1000,26.5000,2.182824,1.079056,因子未变动
002011.SZ,2011-05-19,0.5052,14.4100,29.1200,4.582579,2.267684,因子未变动
002012.SZ,2005-06-09,0.4584,6.4400,11.8900,1.846273,1.000000,因子未变动
002012.SZ,2012-10-23,0.5000,5.4200,10.8400,3.823677,1.911839,因子未变动
002014.SZ,2007-04-04,0.1152,13.3600,15.1000,1.237966,1.095313,因子未变动
002014.SZ,2007-08-30,0.1667,17.1000,20.5200,1.485559,1.237966,因子未变动
002014.SZ,2011-03-17,0.2435,18.0800,23.9000,2.117818,1.602098,因子未变动
002014.SZ,2012-08-23,0.3333,9.7800,14.6700,3.247164,2.164776,因子未变动
002014.SZ,2018-04-18,0.3586,7.5300,11.7400,5.857524,3.756998,因子未变动
002014.SZ,2022-04-14,0.2119,7.0300,8.9200,8.506491,6.704107,因子未变动
002015.SZ,2006-07-04,0.5031,8.0000,16.1000,2.035369,1.011364,因子未变动
002015.SZ,2008-05-27,0.4142,7.4100,12.6500,3.474686,2.035369,因子未变动
002015.SZ,2015-06-26,0.1451,7.1900,8.4100,4.455041,3.808769,因子未变动
002016.SZ,2005-10-28,0.1302,7.9500,9.1400,1.208144,1.050847,因子未变动
002016.SZ,2008-09-02,0.5000,5.7900,11.5800,2.437011,1.218506,因子未变动
002016.SZ,2009-05-14,0.1669,7.4900,8.9900,2.942475,2.451517,因子未变动
002016.SZ,2013-05-10,0.2955,7.9400,11.2700,4.176536,2.942475,因子未变动
002017.SZ,2006-05-15,0.2304,7.5500,9.8100,1.331627,1.024851,因子未变动
002017.SZ,2008-04-16,0.2308,10.2300,13.3000,1.766819,1.358990,因子未变动
002017.SZ,2009-12-15,0.1787,17.7400,21.6000,2.151257,1.766819,因子未变动
002017.SZ,2011-05-20,0.1038,19.3500,21.5900,2.439215,2.186142,因子未变动
002017.SZ,2014-05-15,0.2350,11.2000,14.6400,3.202700,2.450153,因子未变动
002017.SZ,2015-06-01,0.1679,26.9600,32.4000,3.848943,3.202700,因子未变动
002017.SZ,2019-02-28,0.1590,11.6400,13.8400,4.617225,3.883273,因子未变动
002017.SZ,2023-06-21,0.2355,12.9500,16.9400,6.108492,4.669715,因子未变动
002019.SZ,2005-04-07,0.2389,14.2400,18.7100,1.313904,1.000000,因子未变动
002019.SZ,2007-05-18,0.2884,48.3900,68.0000,1.876865,1.335610,因子未变动
002019.SZ,2007-08-28,0.5000,40.5900,81.1800,3.753729,1.876865,因子未变动
002019.SZ,2016-05-16,0.6010,16.1500,40.4800,9.633228,3.843296,因子未变动
002020.SZ,2006-05-18,0.3337,5.9500,8.9300,1.538645,1.025189,因子未变动
002020.SZ,2013-05-27,0.5027,12.9300,26.0000,3.139549,1.561322,因子未变动
002020.SZ,2016-05-23,0.5030,11.5500,23.2400,6.391142,3.176320,因子未变动
002020.SZ,2021-05-28,0.1825,9.0500,11.0700,8.456860,6.913693,因子未变动
002021.SZ,2005-06-14,0.3915,6.8400,11.2400,1.643275,1.000000,因子未变动
002021.SZ,2006-06-13,0.2478,6.9200,9.2000,2.184701,1.643275,因子未变动
002021.SZ,2007-06-04,0.1721,12.8900,15.5700,2.638929,2.184701,因子未变动
002021.SZ,2009-06-17,0.4446,4.7600,8.5700,4.830543,2.683009,因子未变动
002021.SZ,2012-06-08,0.2350,4.8500,6.3400,6.314565,4.830543,因子未变动
002021.SZ,2023-12-29,0.2068,2.8000,3.5300,8.000667,6.346138,因子未变动
002022.SZ,2005-04-06,0.2030,12.6800,15.9100,1.254732,1.000000,因子未变动
002022.SZ,2006-04-20,0.4268,11.1200,19.4000,2.189011,1.254732,因子未变动
002022.SZ,2007-04-16,0.3388,20.4700,30.9600,3.310785,2.189011,因子未变动
002022.SZ,2008-04-28,0.3344,22.7500,34.1800,4.974182,3.310785,因子未变动
002022.SZ,2009-04-27,0.2379,16.7900,22.0300,6.526577,4.974182,因子未变动
002022.SZ,2010-05-27,0.1744,17.5200,21.2200,7.904906,6.526577,因子未变动
002023.SZ,2005-06-01,0.3431,9.2100,14.0200,1.553388,1.020450,因子未变动
002023.SZ,2008-04-16,0.3753,9.0900,14.5500,2.511065,1.568769,因子未变动
002023.SZ,2010-05-11,0.2855,12.3600,17.3000,3.545536,2.533111,因子未变动
002023.SZ,2015-05-08,0.5015,16.6900,33.4800,7.329309,3.653709,因子未变动
002024.SZ,2005-06-03,0.5010,27.7000,55.5100,2.003971,1.000000,因子未变动
002024.SZ,2005-10-17,0.4445,20.1600,36.2900,3.607347,2.003971,因子未变动
002024.SZ,2006-09-21,0.5000,24.1400,48.2800,7.214694,3.607347,因子未变动
002024.SZ,2007-04-06,0.5000,33.5000,67.0000,14.429388,7.214694,因子未变动
002024.SZ,2008-09-26,0.5013,16.8100,33.7100,29.040583,14.481525,因子未变动
002024.SZ,2009-04-10,0.3344,12.9800,19.5000,43.628000,29.040583,因子未变动
002024.SZ,2010-04-16,0.3353,12.3300,18.5500,65.636609,43.628000,因子未变动
002025.SZ,2005-04-13,0.1714,15.3300,18.5000,1.206784,1.000000,因子未变动
002025.SZ,2006-04-07,0.3372,22.5300,33.9900,1.820621,1.206784,因子未变动
002025.SZ,2008-05-28,0.5020,11.4800,23.0500,3.655515,1.820621,因子未变动
002025.SZ,2015-06-25,0.2344,33.0300,43.1400,5.025979,3.848124,因子未变动
002026.SZ,2006-06-22,0.3414,5.7100,8.6700,1.543738,1.016694,因子未变动
002026.SZ,2011-04-11,0.2362,10.9600,14.3500,2.094689,1.599846,因子未变动
002026.SZ,2013-05-13,0.2358,6.0600,7.9300,2.757386,2.107157,因子未变动
002027.SZ,2005-05-11,0.5076,6.1300,12.4500,2.030995,1.000000,因子未变动
002027.SZ,2006-04-11,0.2596,5.2200,7.0500,2.743011,2.030995,因子未变动
002027.SZ,2016-06-30,0.5035,17.0700,34.3800,5.524587,2.743011,因子未变动
002027.SZ,2017-07-06,0.3071,9.4100,13.5800,7.972784,5.524587,因子未变动
002027.SZ,2018-06-29,0.1742,8.9600,10.8500,9.654543,7.972784,因子未变动
002028.SZ,2005-04-28,0.5072,13.3000,26.9900,2.029323,1.000000,因子未变动
002028.SZ,2007-09-18,0.3361,47.8000,72.0000,3.087288,2.049617,因子未变动
002028.SZ,2008-04-15,0.3777,29.6100,47.5800,4.960932,3.087288,因子未变动
002028.SZ,2009-04-20,0.3790,19.5300,31.4500,7.988802,4.960932,因子未变动
002028.SZ,2014-05-16,0.2957,9.9100,14.0700,12.088516,8.514370,因子未变动
002028.SZ,2016-04-25,0.1789,10.9200,13.3000,14.796697,12.148867,因子未变动
002029.SZ,2005-05-26,0.2450,6.1000,8.0800,1.324590,1.000000,因子未变动
002029.SZ,2007-05-23,0.3351,25.0800,37.7200,2.009165,1.335892,因子未变动
002029.SZ,2008-05-08,0.3332,19.3500,29.0200,3.013228,2.009165,因子未变动
002029.SZ,2012-05-08,0.3367,26.5300,40.0000,4.633105,3.072907,因子未变动
002029.SZ,2013-06-07,0.3379,9.6800,14.6200,6.997520,4.633105,因子未变动
002030.SZ,2006-05-17,0.3478,7.6500,11.7300,1.558198,1.016216,因子未变动
002030.SZ,2008-05-14,0.3786,13.6900,22.0300,2.525390,1.569341,因子未变动
002030.SZ,2009-06-10,0.1682,12.0200,14.4500,3.035931,2.525390,因子未变动
002030.SZ,2010-06-18,0.1684,11.8000,14.1900,3.650835,3.035931,因子未变动
002030.SZ,2011-06-17,0.1676,10.3300,12.4100,4.385950,3.650835,因子未变动
002030.SZ,2012-06-15,0.1686,7.8900,9.4900,5.275370,4.385950,因子未变动
002030.SZ,2014-07-15,0.1673,19.5100,23.4300,6.976489,5.809275,因子未变动
002030.SZ,2015-06-17,0.1673,54.4000,65.3300,8.378199,6.976489,因子未变动
002030.SZ,2021-05-19,0.3848,21.8400,35.5000,18.291691,11.253253,因子未变动
002030.SZ,2023-06-13,0.1390,10.8400,12.5900,22.529784,19.398164,因子未变动
002031.SZ,2005-06-16,0.2427,7.4900,9.8900,1.320427,1.000000,因子未变动
002031.SZ,2007-09-18,0.2310,16.0800,20.9100,1.754889,1.349528,因子未变动
002031.SZ,2011-05-31,0.3371,7.6900,11.6000,2.736457,1.814082,因子未变动
002031.SZ,2015-06-15,0.2322,21.6200,28.1600,3.646138,2.799343,因子未变动
002031.SZ,2016-06-30,0.6688,4.7000,14.1900,11.008233,3.646138,因子未变动
002032.SZ,2005-07-01,0.2441,8.7000,11.5100,1.322988,1.000000,因子未变动
002032.SZ,2008-03-28,0.4999,25.4700,50.9300,2.705625,1.353078,因子未变动
002032.SZ,2010-05-27,0.2372,18.0700,23.6900,3.596442,2.743255,因子未变动
002032.SZ,2012-05-17,0.1080,14.1200,15.8300,4.079584,3.638896,因子未变动
002032.SZ,2017-05-25,0.2429,37.0200,48.9000,5.867862,4.442296,因子未变动
002033.SZ,2011-04-28,0.2307,24.5800,31.9500,1.429849,1.100021,因子未变动
002033.SZ,2013-05-09,0.2374,12.8200,16.8100,1.888352,1.440136,因子未变动
002033.SZ,2015-05-22,0.3365,17.5300,26.4200,2.872759,1.906111,因子未变动
002033.SZ,2017-04-11,0.2361,11.5800,15.1600,3.791710,2.896306,因子未变动
002034.SZ,2005-06-09,0.1856,7.2400,8.8900,1.227901,1.000000,因子未变动
002034.SZ,2018-06-04,0.4149,27.2600,46.5900,2.450190,1.433616,因子未变动
002034.SZ,2023-11-23,0.0132,14.9200,15.1200,1.000000,2.666410,因子未变动
002035.SZ,2005-06-06,0.3288,4.4100,6.5700,1.489796,1.000000,因子未变动
002035.SZ,2006-06-19,0.1928,5.1900,6.4300,1.845739,1.489796,因子未变动
002035.SZ,2007-05-17,0.2335,9.8800,12.8900,2.408055,1.845739,因子未变动
002035.SZ,2010-05-13,0.2381,7.8700,10.3300,3.171154,2.415971,因子未变动
002035.SZ,2012-04-24,0.1110,7.8500,8.8300,3.646428,3.241728,因子未变动
002035.SZ,2014-05-05,0.1795,10.5100,12.8100,4.524706,3.712307,因子未变动
002035.SZ,2017-06-09,0.3799,23.4400,37.8000,7.572884,4.695990,因子未变动
002035.SZ,2018-07-05,0.3430,13.4300,20.4400,11.525670,7.572884,因子未变动
002036.SZ,2006-05-23,0.2705,7.1200,9.7600,1.410712,1.029126,因子未变动
002036.SZ,2007-04-18,0.1721,25.5900,30.9100,1.703991,1.410712,因子未变动
002036.SZ,2009-05-08,0.3392,7.4600,11.2900,2.602508,1.719638,因子未变动
002036.SZ,2014-10-30,0.1215,9.5400,10.8600,3.058141,2.686433,因子未变动
002036.SZ,2019-06-28,0.2329,9.0600,11.8100,4.019965,3.083902,因子未变动
002036.SZ,2020-05-29,0.2304,11.0900,14.4100,5.223417,4.019965,因子未变动
002037.SZ,2009-05-27,0.0983,11.4700,12.7200,1.375499,1.240328,因子未变动
002037.SZ,2010-05-13,0.2332,13.3200,17.3700,1.793725,1.375499,因子未变动
002037.SZ,2013-06-07,0.3808,13.1400,21.2200,2.946945,1.824828,因子未变动
002038.SZ,2005-04-19,0.1793,10.8500,13.2200,1.218433,1.000000,因子未变动
002038.SZ,2007-04-18,0.3353,35.0300,52.7000,1.845923,1.226996,因子未变动
002038.SZ,2008-05-09,0.5008,32.4000,64.9000,3.697542,1.845923,因子未变动
002038.SZ,2011-04-27,0.3364,35.0900,52.8800,5.629170,3.735393,因子未变动
002038.SZ,2013-05-28,0.1696,58.4200,70.3500,6.821221,5.664474,因子未变动
002038.SZ,2015-07-15,0.3370,36.1000,54.4500,10.335844,6.852598,因子未变动
002038.SZ,2019-07-04,0.3417,15.8200,24.0300,16.093828,10.595271,因子未变动
002039.SZ,2014-05-16,0.3333,8.5800,12.8700,1.659238,1.106159,因子未变动
002039.SZ,2022-06-16,0.2926,14.6500,20.7100,2.733229,1.933453,因子未变动
002040.SZ,2006-06-19,0.3815,5.6900,9.2000,1.684171,1.041623,因子未变动
002040.SZ,2019-07-05,0.2336,8.5300,11.1300,2.296152,1.759764,因子未变动
002041.SZ,2006-06-07,0.5031,16.0500,32.3000,2.021785,1.004633,因子未变动
002041.SZ,2011-05-19,0.5019,24.2800,48.7500,4.073482,2.028803,因子未变动
002041.SZ,2015-06-10,0.6024,23.8500,59.9800,10.366664,4.122123,因子未变动
002042.SZ,2011-09-01,0.5000,13.1400,26.2800,2.075064,1.037532,因子未变动
002042.SZ,2012-05-11,0.3407,5.9400,9.0100,3.147530,2.075064,因子未变动
002042.SZ,2018-06-06,0.3576,8.9100,13.8700,5.016511,3.222575,因子未变动
002043.SZ,2008-05-27,0.3330,6.1900,9.2800,1.561985,1.041884,因子未变动
002043.SZ,2012-05-22,0.5049,4.0500,8.1800,3.222370,1.595428,因子未变动
002043.SZ,2016-04-28,0.3394,9.1100,13.7900,4.965730,3.280479,因子未变动
002044.SZ,2008-05-15,0.2313,7.0800,9.2100,1.403608,1.078995,因子未变动
002044.SZ,2011-05-18,0.2773,12.1200,16.7700,1.978306,1.429760,因子未变动
002044.SZ,2015-06-03,0.1945,55.0700,68.3700,2.579411,2.077639,因子未变动
002044.SZ,2016-06-13,0.4998,14.5200,29.0300,5.157045,2.579411,因子未变动
002044.SZ,2018-06-11,0.1682,23.2400,27.9400,6.204314,5.160639,因子未变动
002044.SZ,2019-07-10,0.1694,10.0500,12.1000,7.469870,6.204314,因子未变动
002045.SZ,2006-05-15,0.3845,7.8600,12.7700,1.677628,1.032588,因子未变动
002045.SZ,2007-06-08,0.2057,14.2500,17.9400,2.112045,1.677628,因子未变动
002045.SZ,2009-07-17,0.1703,9.5000,11.4500,2.579212,2.139958,因子未变动
002045.SZ,2011-05-27,0.3397,7.9100,11.9800,3.943829,2.603980,因子未变动
002046.SZ,2006-05-29,0.1723,15.2800,18.4600,1.208115,1.000000,因子未变动
002046.SZ,2007-05-28,0.2037,17.7500,22.2900,1.517120,1.208115,因子未变动
002046.SZ,2012-06-27,0.5027,8.3900,16.8700,3.369383,1.675704,因子未变动
002046.SZ,2014-08-20,0.0990,8.0100,8.8900,3.780058,3.405879,因子未变动
002047.SZ,2005-11-30,0.1023,7.7200,8.6000,1.113990,1.000000,因子未变动
002047.SZ,2008-05-26,0.1371,6.0400,7.0000,1.499072,1.293485,因子未变动
002047.SZ,2010-04-26,0.3747,7.0600,11.2900,2.442557,1.527410,因子未变动
002048.SZ,2005-11-11,0.2580,6.5300,8.8000,1.000000,None,缺失因子记录
002048.SZ,2006-04-21,0.2347,14.4800,18.9200,1.760849,1.000000,因子未变动
002048.SZ,2006-09-13,0.4445,12.4700,22.4500,3.170093,1.760849,因子未变动
002048.SZ,2008-04-14,0.4473,12.6800,22.9400,5.771744,3.190310,因子未变动
002048.SZ,2021-11-23,0.1304,21.3400,24.5400,7.606466,6.614588,因子未变动
002049.SZ,2008-11-03,0.3339,3.7700,5.6600,1.559461,1.038722,因子未变动
002049.SZ,2014-06-16,0.5009,24.1700,48.4300,3.241445,1.617711,因子未变动
002049.SZ,2022-08-24,0.2867,172.6300,242.0000,4.586544,3.271798,因子未变动
002050.SZ,2012-04-09,0.5095,12.7000,25.8900,2.275549,1.116241,因子未变动
002050.SZ,2014-06-04,0.2430,9.7800,12.9200,3.032082,2.295183,因子未变动
002050.SZ,2015-04-21,0.5022,11.2700,22.6400,6.091068,3.032082,因子未变动
002050.SZ,2019-05-10,0.2433,10.7300,14.1800,8.500427,6.432269,因子未变动
002050.SZ,2020-06-03,0.2350,17.3800,22.7200,11.112180,8.500427,因子未变动
002051.SZ,2010-12-07,0.3368,44.7400,67.4600,1.585793,1.051710,因子未变动
002051.SZ,2011-05-27,0.2385,26.1200,34.3000,2.082416,1.585793,因子未变动
002051.SZ,2012-06-19,0.2383,26.8800,35.2900,2.733946,2.082416,因子未变动
002051.SZ,2014-05-08,0.1796,15.8100,19.2700,3.367566,2.762907,因子未变动
002051.SZ,2016-06-17,0.1776,18.6600,22.6900,4.128070,3.394878,因子未变动
002051.SZ,2017-06-08,0.1784,20.5000,24.9500,5.024163,4.128070,因子未变动
002052.SZ,2006-10-23,0.2333,22.1200,28.8500,1.304250,1.000000,因子未变动
002052.SZ,2007-05-25,0.4999,25.1100,50.2100,2.607980,1.304250,因子未变动
002052.SZ,2008-04-11,0.2308,11.2300,14.6000,3.390606,2.607980,因子未变动
002052.SZ,2013-06-27,0.5027,8.2000,16.4900,6.818426,3.390606,因子未变动
002053.SZ,2016-09-20,0.4998,14.3500,28.6900,2.095278,1.048004,因子未变动
002054.SZ,2009-09-18,0.3750,19.1700,30.6700,1.647859,1.029979,因子未变动
002054.SZ,2010-09-28,0.2856,14.7300,20.6200,2.327025,1.662322,因子未变动
002054.SZ,2015-06-11,0.2351,15.4500,20.2000,3.228721,2.469492,因子未变动
002055.SZ,2007-05-25,0.2372,18.0700,23.6900,1.311013,1.000000,因子未变动
002055.SZ,2008-06-19,0.2339,10.3500,13.5100,1.711283,1.311013,因子未变动
002055.SZ,2009-06-30,0.2324,7.7600,10.1100,2.229520,1.711283,因子未变动
002055.SZ,2010-05-26,0.2332,12.7900,16.6800,2.907615,2.229520,因子未变动
002055.SZ,2012-05-07,0.5028,8.8700,17.8400,5.863440,2.915286,因子未变动
002056.SZ,2008-05-06,0.4998,15.2800,30.5500,2.022406,1.011534,因子未变动
002056.SZ,2016-05-06,0.5035,14.2500,28.7000,4.172077,2.071502,因子未变动
002056.SZ,2017-04-26,0.5017,7.2400,14.5300,8.372967,4.172077,因子未变动
002057.SZ,2007-05-30,0.1678,16.6200,19.9700,1.201564,1.000000,因子未变动
002057.SZ,2014-05-27,0.5010,7.7700,15.5700,2.414229,1.204789,因子未变动
002057.SZ,2018-06-07,0.3419,7.9300,12.0500,3.679828,2.421663,因子未变动
002057.SZ,2019-06-17,0.3371,11.1300,16.7900,5.551151,3.679828,因子未变动
002058.SZ,2011-04-01,0.5013,11.1700,22.4000,2.038329,1.016434,因子未变动
002058.SZ,2013-06-07,0.1357,6.1800,7.1500,2.373262,2.051295,因子未变动
002059.SZ,2015-05-14,0.5000,12.0800,24.1600,2.074422,1.037211,因子未变动
002060.SZ,2009-06-04,0.1717,7.7200,9.3200,1.237807,1.025308,因子未变动
002060.SZ,2012-06-18,0.1692,6.6300,7.9800,1.517292,1.260607,因子未变动
002060.SZ,2013-06-19,0.1700,4.2000,5.0600,1.827976,1.517292,因子未变动
002060.SZ,2017-06-05,0.5030,4.1400,8.3300,3.740935,1.859240,因子未变动
002061.SZ,2013-05-16,0.3400,6.5800,9.9700,1.618432,1.068132,因子未变动
002061.SZ,2014-05-12,0.2382,3.7100,4.8700,2.124464,1.618432,因子未变动
002061.SZ,2023-05-29,0.3065,4.1400,5.9700,3.371774,2.338215,因子未变动
002062.SZ,2007-05-25,0.3357,17.6100,26.5100,1.505395,1.000000,因子未变动
002062.SZ,2009-04-29,0.3389,16.3500,24.7300,2.276967,1.505395,因子未变动
002062.SZ,2010-05-18,0.3410,11.2100,17.0100,3.455059,2.276967,因子未变动
002062.SZ,2012-05-16,0.2108,5.5400,7.0200,4.461225,3.520682,因子未变动
002062.SZ,2014-04-30,0.2934,3.6600,5.1800,6.446066,4.554556,因子未变动
002062.SZ,2016-04-29,0.2951,5.7100,8.1000,9.228435,6.505477,因子未变动
002063.SZ,2009-05-04,0.4446,14.9400,26.9000,1.838123,1.020876,因子未变动
002063.SZ,2010-06-01,0.2335,21.5400,28.1000,2.397923,1.838123,因子未变动
002063.SZ,2011-05-19,0.2330,18.3700,23.9500,3.126306,2.397923,因子未变动
002063.SZ,2012-05-11,0.2397,14.5900,19.1900,4.111982,3.126306,因子未变动
002063.SZ,2015-07-02,0.2340,22.1900,28.9700,5.454612,4.178041,因子未变动
002063.SZ,2018-07-26,0.2900,6.3900,9.0000,7.747892,5.501004,因子未变动
002063.SZ,2020-07-10,0.2334,11.4000,14.8700,10.167567,7.794906,因子未变动
002063.SZ,2021-06-29,0.1711,7.7500,9.3500,12.266677,10.167567,因子未变动
002063.SZ,2022-07-05,0.1721,6.8300,8.2500,14.816997,12.266677,因子未变动
002063.SZ,2023-07-03,0.1717,7.1900,8.6800,17.887555,14.816997,因子未变动
002064.SZ,2007-04-18,0.2319,48.6200,63.3000,1.301933,1.000000,因子未变动
002064.SZ,2008-04-17,0.5013,16.9800,34.0500,2.610767,1.301933,因子未变动
002064.SZ,2010-05-20,0.5026,9.5600,19.2200,5.303463,2.637935,因子未变动
002064.SZ,2015-06-01,0.5009,10.5700,21.1800,10.894622,5.437023,因子未变动
002065.SZ,2007-05-31,0.3359,26.2300,39.5000,1.505909,1.000000,因子未变动
002065.SZ,2008-05-29,0.5028,17.1000,34.3900,3.028551,1.505909,因子未变动
002065.SZ,2009-05-22,0.3363,15.6900,23.6400,4.563094,3.028551,因子未变动
002065.SZ,2011-07-13,0.1700,20.1700,24.3000,5.521595,4.583151,因子未变动
002065.SZ,2012-07-18,0.2378,16.7300,21.9500,7.244412,5.521595,因子未变动
002065.SZ,2014-06-03,0.5025,19.9400,40.0800,14.705945,7.316282,因子未变动
002065.SZ,2017-07-18,0.5036,9.7700,19.6800,29.950504,14.868723,因子未变动
002066.SZ,2008-04-15,0.3331,11.5300,17.2900,1.508387,1.005882,因子未变动
002066.SZ,2012-05-24,0.5050,6.8900,13.9200,3.129081,1.548805,因子未变动
002067.SZ,2007-05-28,0.2354,12.9600,16.9500,1.307870,1.000000,因子未变动
002067.SZ,2012-07-09,0.4991,2.7100,5.4100,2.648975,1.326936,因子未变动
002068.SZ,2008-04-11,0.4454,14.4200,26.0000,1.818581,1.008613,因子未变动
002068.SZ,2009-05-14,0.1686,8.5300,10.2600,2.187415,1.818581,因子未变动
002068.SZ,2010-04-01,0.2326,14.7500,19.2200,2.850312,2.187415,因子未变动
002068.SZ,2011-09-28,0.3752,8.6100,13.7800,4.561824,2.850312,因子未变动
002068.SZ,2015-01-09,0.0987,7.8500,8.7100,5.183264,4.671483,因子未变动
002069.SZ,2008-05-23,0.5020,36.6600,73.6100,2.026098,1.009058,因子未变动
002069.SZ,2010-04-16,0.5040,30.2300,60.9500,4.152226,2.059422,因子未变动
002069.SZ,2011-04-22,0.3421,24.8700,37.8000,6.310982,4.152226,因子未变动
002072.SZ,2008-05-14,0.0965,6.9300,7.6700,1.106782,1.000000,因子未变动
002073.SZ,2007-05-31,0.5013,38.4000,77.0000,2.005208,1.000000,因子未变动
002073.SZ,2008-04-14,0.5012,19.1600,38.4100,4.019836,2.005208,因子未变动
002073.SZ,2009-09-16,0.3335,17.7300,26.6000,6.030887,4.019836,因子未变动
002073.SZ,2010-05-13,0.3365,13.2900,20.0300,9.089441,6.030887,因子未变动
002074.SZ,2007-05-25,0.1708,16.5100,19.9100,1.205936,1.000000,因子未变动
002074.SZ,2008-06-17,0.4156,9.3100,15.9300,2.063433,1.205936,因子未变动
002074.SZ,2011-06-17,0.4471,8.9300,16.1500,3.764474,2.081533,因子未变动
002074.SZ,2017-11-27,0.1232,25.9800,29.6300,4.439717,3.892806,因子未变动
002075.SZ,2007-06-06,0.5006,13.3600,26.7500,2.002246,1.000000,因子未变动
002075.SZ,2015-10-16,0.2858,23.5700,33.0000,2.803314,2.002246,因子未变动
002076.SZ,2007-04-23,0.4459,21.5600,38.9100,1.804731,1.000000,因子未变动
002076.SZ,2015-05-13,0.3360,13.3800,20.1500,2.862122,1.900506,因子未变动
002076.SZ,2017-06-01,0.5011,7.0700,14.1700,5.763835,2.875816,因子未变动
002076.SZ,2022-12-21,0.1423,2.2300,2.6000,6.720167,5.763835,因子未变动
002077.SZ,2007-06-07,0.2906,10.4500,14.7300,1.409569,1.000000,因子未变动
002078.SZ,2007-06-08,0.2310,27.0700,35.2000,1.300332,1.000000,因子未变动
002078.SZ,2008-06-19,0.2882,19.9300,28.0000,1.826859,1.300332,因子未变动
002078.SZ,2010-06-11,0.5045,11.1300,22.4600,3.743747,1.855205,因子未变动
002078.SZ,2014-05-22,0.5068,3.2500,6.5900,8.013272,3.951917,因子未变动
002078.SZ,2022-07-06,0.0164,12.0200,12.2200,8.724954,1.007722,因子未变动
002078.SZ,2024-07-12,0.0205,14.3300,14.6300,1.000000,8.888649,因子未变动
002079.SZ,2008-03-25,0.5008,9.8700,19.7700,2.017910,1.007424,因子未变动
002079.SZ,2011-05-10,0.2309,18.6500,24.2500,2.646342,2.035228,因子未变动
002079.SZ,2012-04-27,0.4486,6.5400,11.8600,4.799024,2.646342,因子未变动
002080.SZ,2011-05-17,0.5047,15.2900,30.8700,2.096169,1.038239,因子未变动
002080.SZ,2018-05-15,0.3847,11.6100,18.8700,3.568264,2.195418,因子未变动
002080.SZ,2019-05-23,0.2463,9.0600,12.0200,4.734054,3.568264,因子未变动
002081.SZ,2008-05-08,0.3365,28.5300,43.0000,1.516028,1.005867,因子未变动
002081.SZ,2009-04-22,0.3373,21.8700,33.0000,2.287559,1.516028,因子未变动
002081.SZ,2010-04-28,0.3391,30.5000,46.1500,3.461339,2.287559,因子未变动
002081.SZ,2011-03-31,0.3354,43.3400,65.2100,5.207982,3.461339,因子未变动
002081.SZ,2012-05-22,0.3363,30.2700,45.6100,7.847244,5.207982,因子未变动
002081.SZ,2013-05-29,0.3361,31.3700,47.2500,11.819645,7.847244,因子未变动
002081.SZ,2014-06-16,0.3404,12.1300,18.3900,17.919477,11.819645,因子未变动
002081.SZ,2016-06-03,0.3418,10.4000,15.8000,27.307766,17.974733,因子未变动
002082.SZ,2007-05-28,0.3770,18.7600,30.1100,1.605011,1.000000,因子未变动
002082.SZ,2008-06-10,0.3799,7.9000,12.7400,2.588334,1.605011,因子未变动
002083.SZ,2007-04-30,0.2345,15.4400,20.1700,1.306347,1.000000,因子未变动
002083.SZ,2008-05-13,0.3416,8.4800,12.8800,1.984169,1.306347,因子未变动
002084.SZ,2008-05-19,0.1667,10.4000,12.4800,1.207595,1.006329,因子未变动
002084.SZ,2010-05-07,0.1726,9.3500,11.3000,1.604370,1.327510,因子未变动
002084.SZ,2011-04-15,0.1665,8.5600,10.2700,1.924870,1.604370,因子未变动
002084.SZ,2012-04-25,0.1068,4.8500,5.4300,2.155060,1.924870,因子未变动
002084.SZ,2013-05-24,0.1033,5.6400,6.2900,2.403427,2.155060,因子未变动
002085.SZ,2015-08-31,0.5455,18.1800,40.0000,2.934924,1.333923,因子未变动
002085.SZ,2016-05-04,0.5006,17.0800,34.2000,5.876721,2.934924,因子未变动
002085.SZ,2017-05-22,0.1708,16.2200,19.5600,7.086847,5.876721,因子未变动
002086.SZ,2009-06-08,0.5016,9.5800,19.2200,2.021359,1.007524,因子未变动
002086.SZ,2016-06-01,0.5017,8.6200,17.3000,4.127096,2.056391,因子未变动
002088.SZ,2007-05-15,0.2307,27.0400,35.1500,1.299926,1.000000,因子未变动
002088.SZ,2008-04-09,0.3760,23.4000,37.5000,2.083215,1.299926,因子未变动
002088.SZ,2017-06-21,0.3374,10.9000,16.4500,3.381639,2.240721,因子未变动
002088.SZ,2021-10-20,0.2858,22.8900,32.0500,5.699170,4.070327,因子未变动
002090.SZ,2007-03-16,0.3422,24.6000,37.4000,1.520325,1.000000,因子未变动
002090.SZ,2010-05-26,0.5042,14.0000,28.2400,3.164834,1.568969,因子未变动
002090.SZ,2019-05-31,0.4143,11.8200,20.1800,5.707317,3.342938,因子未变动
002091.SZ,2007-04-30,0.2103,15.5100,19.6400,1.266280,1.000000,因子未变动
002091.SZ,2008-04-10,0.3426,9.7300,14.8000,1.926099,1.266280,因子未变动
002091.SZ,2010-04-20,0.2038,25.3200,31.8000,2.440568,1.943245,因子未变动
002091.SZ,2011-04-29,0.1708,19.3200,23.3000,2.943336,2.440568,因子未变动
002091.SZ,2016-04-22,0.3500,13.0000,20.0000,4.708040,3.060226,因子未变动
002091.SZ,2017-05-26,0.2432,9.4900,12.5400,6.221161,4.708040,因子未变动
002092.SZ,2008-03-18,0.5011,16.4700,33.0100,2.021909,1.008811,因子未变动
002092.SZ,2010-09-20,0.3374,14.0000,21.1300,3.054765,2.023980,因子未变动
002093.SZ,2007-08-09,0.5000,55.0000,110.0000,2.000000,1.000000,因子未变动
002093.SZ,2008-04-14,0.5012,18.2800,36.6500,4.009847,2.000000,因子未变动
002093.SZ,2010-03-31,0.3351,15.2000,22.8600,6.030599,4.009847,因子未变动
002093.SZ,2011-09-09,0.4996,7.0900,14.1700,12.052691,6.030599,因子未变动
002094.SZ,2008-06-18,0.5016,6.3500,12.7400,2.006299,1.000000,因子未变动
002094.SZ,2010-10-08,0.3341,12.0400,18.0800,3.077884,2.049653,因子未变动
002094.SZ,2018-05-31,0.4150,13.3200,22.7700,5.304499,3.103027,因子未变动
002095.SZ,2008-06-10,0.3347,34.0500,51.1800,1.508713,1.003745,因子未变动
002095.SZ,2010-04-29,0.3365,26.8300,40.4400,2.282682,1.514450,因子未变动
002095.SZ,2011-05-16,0.1705,17.3700,20.9400,2.751834,2.282682,因子未变动
002095.SZ,2014-05-07,0.2367,20.4800,26.8300,3.651825,2.787528,因子未变动
002095.SZ,2015-06-19,0.1671,85.2900,102.4000,4.384417,3.651825,因子未变动
002096.SZ,2008-05-21,0.3428,14.1300,21.5000,1.542194,1.013544,因子未变动
002096.SZ,2009-05-15,0.3410,15.8100,23.9900,2.340115,1.542194,因子未变动
002096.SZ,2012-06-15,0.5025,14.9000,29.9500,4.776446,2.376262,因子未变动
002097.SZ,2007-08-22,0.5001,54.0900,108.2000,2.000370,1.000000,因子未变动
002097.SZ,2010-07-12,0.3368,13.3500,20.1300,3.016288,2.000370,因子未变动
002097.SZ,2015-07-08,0.3343,13.1800,19.8000,4.602879,3.063937,因子未变动
002098.SZ,2015-06-04,0.5010,25.1400,50.3800,2.296819,1.146130,因子未变动
002099.SZ,2007-05-29,0.3368,18.4300,27.7900,1.507868,1.000000,因子未变动
002099.SZ,2012-05-22,0.5067,10.6400,21.5700,3.170223,1.563800,因子未变动
002099.SZ,2016-03-01,0.5050,9.4900,19.1700,6.458465,3.197226,因子未变动
002100.SZ,2007-04-19,0.3344,21.6000,32.4500,1.502315,1.000000,因子未变动
002100.SZ,2008-04-28,0.1683,13.9400,16.7600,1.806226,1.502315,因子未变动
002100.SZ,2009-05-20,0.2336,14.8300,19.3500,2.356742,1.806226,因子未变动
002100.SZ,2010-07-13,0.2330,15.5700,20.3000,3.072695,2.356742,因子未变动
002100.SZ,2011-05-20,0.2326,14.2500,18.5700,4.004206,3.072695,因子未变动
002100.SZ,2013-05-22,0.2342,8.8300,11.5300,5.283692,4.046401,因子未变动
002100.SZ,2015-05-20,0.5019,11.9300,23.9500,10.736863,5.348258,因子未变动
002101.SZ,2011-04-28,0.5027,18.7500,37.7000,2.062346,1.025702,因子未变动
002101.SZ,2016-04-21,0.1404,21.4900,25.0000,2.490906,2.141183,因子未变动
002101.SZ,2018-06-14,0.3429,9.3900,14.2900,3.808647,2.502673,因子未变动
002102.SZ,2008-07-07,0.3329,5.7100,8.5600,1.506402,1.004854,因子未变动
002102.SZ,2011-05-31,0.4997,7.2700,14.5300,3.031102,1.516594,因子未变动
002102.SZ,2016-10-12,0.6669,5.7700,17.3200,9.098558,3.031102,因子未变动
002103.SZ,2007-05-11,0.1357,14.3300,16.5800,1.157013,1.000000,因子未变动
002103.SZ,2016-05-18,0.3375,16.3500,24.6800,1.956335,1.296032,因子未变动
002103.SZ,2017-06-08,0.1722,13.0300,15.7400,2.363216,1.956335,因子未变动
002104.SZ,2007-06-21,0.4130,26.6200,45.3500,1.703606,1.000000,因子未变动
002104.SZ,2008-07-11,0.3424,9.7000,14.7500,2.590535,1.703606,因子未变动
002104.SZ,2010-06-09,0.3348,15.5200,23.3300,3.930172,2.614500,因子未变动
002104.SZ,2014-07-11,0.3800,11.6000,18.7100,6.470740,4.011790,因子未变动
002105.SZ,2014-06-12,0.2030,4.7100,5.9100,1.399458,1.115304,因子未变动
002106.SZ,2007-05-15,0.2418,31.7400,41.8600,1.318841,1.000000,因子未变动
002106.SZ,2008-05-13,0.2436,22.5100,29.7600,1.743612,1.318841,因子未变动
002106.SZ,2010-05-14,0.2355,24.5800,32.1500,2.343861,1.791978,因子未变动
002106.SZ,2011-05-23,0.2889,31.6300,44.4800,3.296077,2.343861,因子未变动
002107.SZ,2009-07-10,0.4999,24.6700,49.3300,2.040617,1.020515,因子未变动
002107.SZ,2015-03-19,0.5471,27.1500,59.9500,4.523091,2.048405,因子未变动
002107.SZ,2020-05-29,0.3802,8.7700,14.1500,7.388816,4.579499,因子未变动
002108.SZ,2009-06-23,0.1786,16.8800,20.5500,1.276456,1.048495,因子未变动
002108.SZ,2010-05-17,0.4142,13.9900,23.8800,2.178826,1.276456,因子未变动
002108.SZ,2011-05-25,0.4454,9.4000,16.9500,3.928840,2.178826,因子未变动
002108.SZ,2015-06-09,0.4127,17.5500,29.8800,7.011755,4.118350,因子未变动
002108.SZ,2017-06-09,0.4158,13.3200,22.8000,12.090396,7.063336,因子未变动
002108.SZ,2018-05-18,0.2491,6.1800,8.2300,16.100965,12.090396,因子未变动
002109.SZ,2008-04-18,0.2945,11.6400,16.5000,1.438848,1.015042,因子未变动
002109.SZ,2008-08-27,0.3749,7.1700,11.4700,2.301756,1.438848,因子未变动
002109.SZ,2018-05-07,0.3329,4.7100,7.0600,3.680702,2.455539,因子未变动
002110.SZ,2019-05-22,0.4078,10.5700,17.8500,1.974957,1.169484,因子未变动
002110.SZ,2022-06-10,0.1098,6.5700,7.3800,2.450909,2.181907,因子未变动
002111.SZ,2008-04-18,0.4153,19.8200,33.9000,1.715409,1.002933,因子未变动
002111.SZ,2011-09-28,0.4444,9.9000,17.8200,3.137253,1.742918,因子未变动
002111.SZ,2021-07-08,0.3009,13.0600,18.6800,1.430322,3.458970,因子未变动
002111.SZ,2022-07-08,0.0318,9.1400,9.4400,5.109828,1.430322,因子未变动
002112.SZ,2009-05-12,0.2874,10.1900,14.3000,1.416032,1.009046,因子未变动
002112.SZ,2013-06-18,0.4457,5.0500,9.1100,2.572034,1.425771,因子未变动
002112.SZ,2022-09-23,0.2311,7.4200,9.6500,3.360806,2.584164,因子未变动
002114.SZ,2008-04-30,0.4504,18.0700,32.8800,1.819590,1.000000,因子未变动
002115.SZ,2008-04-29,0.3397,13.8600,20.9900,1.528584,1.009346,因子未变动
002115.SZ,2010-06-07,0.3788,14.9900,24.1300,2.480605,1.540998,因子未变动
002115.SZ,2012-05-18,0.3412,8.4200,12.7800,3.799473,2.503252,因子未变动
002115.SZ,2013-06-03,0.1770,6.6500,8.0800,4.616503,3.799473,因子未变动
002115.SZ,2019-07-01,0.2374,9.0600,11.8800,6.207644,4.734112,因子未变动
002116.SZ,2012-06-21,0.4527,12.8500,23.4800,1.966785,1.076371,因子未变动
002116.SZ,2014-06-27,0.3433,9.8500,15.0000,3.055690,2.006570,因子未变动
002116.SZ,2015-06-11,0.2368,19.2100,25.1700,4.003734,3.055690,因子未变动
002117.SZ,2012-04-25,0.5101,9.4300,19.2500,2.214511,1.084823,因子未变动
002117.SZ,2013-04-03,0.1859,7.1400,8.7700,2.720064,2.214511,因子未变动
002117.SZ,2014-04-04,0.1759,14.8000,17.9600,3.300835,2.720064,因子未变动
002117.SZ,2019-05-30,0.3590,11.6400,18.1600,5.436701,3.484758,因子未变动
002119.SZ,2008-06-10,0.5005,9.1800,18.3800,2.002179,1.000000,因子未变动
002119.SZ,2018-06-22,0.2907,10.7100,15.1000,2.882014,2.044130,因子未变动
002119.SZ,2019-05-21,0.2322,12.0700,15.7200,3.753542,2.882014,因子未变动
002120.SZ,2007-05-21,0.4159,25.0000,42.8000,1.712000,1.000000,因子未变动
002120.SZ,2008-05-27,0.2307,8.6700,11.2700,2.225403,1.712000,因子未变动
002120.SZ,2017-07-06,0.1684,43.4000,52.1900,2.797599,2.326418,因子未变动
002120.SZ,2018-08-16,0.2350,33.1100,43.2800,3.656903,2.797599,因子未变动
002120.SZ,2019-06-12,0.2403,29.4700,38.7900,4.813413,3.656903,因子未变动
002120.SZ,2020-06-12,0.2357,28.7700,37.6400,6.297423,4.813413,因子未变动
002121.SZ,2007-08-29,0.4999,34.8300,69.6500,1.999713,1.000000,因子未变动
002121.SZ,2009-05-26,0.5015,14.9100,29.9100,4.041156,2.014498,因子未变动
002121.SZ,2011-05-13,0.3348,17.1700,25.8100,6.087682,4.049806,因子未变动
002121.SZ,2016-06-17,0.6008,10.6500,26.6800,15.419290,6.155002,因子未变动
002122.SZ,2008-05-09,0.5007,67.0000,134.2000,2.002985,1.000000,因子未变动
002122.SZ,2009-04-02,0.5007,33.4900,67.0800,4.011951,2.002985,因子未变动
002122.SZ,2010-04-26,0.5007,14.1400,28.3200,8.035251,4.011951,因子未变动
002123.SZ,2008-05-16,0.5003,37.6100,75.2700,2.001329,1.000000,因子未变动
002123.SZ,2009-04-10,0.3778,27.5000,44.2000,3.216682,2.001329,因子未变动
002123.SZ,2010-04-19,0.3334,33.7300,50.6000,4.825500,3.216682,因子未变动
002123.SZ,2011-04-29,0.3334,21.9300,32.9000,7.239350,4.825500,因子未变动
002124.SZ,2008-05-15,0.5037,13.5500,27.3000,2.014760,1.000000,因子未变动
002124.SZ,2010-04-30,0.3423,10.0500,15.2800,3.100962,2.039572,因子未变动
002124.SZ,2016-05-17,0.5487,12.2300,27.1000,7.269444,3.280639,因子未变动
002124.SZ,2018-06-01,0.3403,6.2800,9.5200,11.187738,7.380147,因子未变动
002124.SZ,2021-05-20,0.3214,8.1500,12.0100,16.486470,11.187738,因子未变动
002125.SZ,2012-06-18,0.3763,9.3300,14.9600,1.603430,1.000000,因子未变动
002125.SZ,2016-11-01,0.3748,14.2300,22.7600,2.564586,1.603430,因子未变动
002125.SZ,2019-04-16,0.3787,6.7100,10.8000,4.127799,2.564586,因子未变动
002126.SZ,2011-05-12,0.2330,21.6000,28.1600,1.328253,1.018831,因子未变动
002126.SZ,2012-06-12,0.5015,6.6800,13.4000,2.664460,1.328253,因子未变动
002126.SZ,2016-06-17,0.5018,8.4100,16.8800,5.402315,2.691556,因子未变动
002127.SZ,2008-05-19,0.2881,9.9100,13.9200,1.404642,1.000000,因子未变动
002127.SZ,2009-06-22,0.1746,8.4600,10.2500,1.701841,1.404642,因子未变动
002127.SZ,2010-05-05,0.3774,8.2800,13.3000,2.733634,1.701841,因子未变动
002127.SZ,2011-08-10,0.1718,7.0400,8.5000,3.300553,2.733634,因子未变动
002127.SZ,2016-05-20,0.4997,9.6300,19.2500,6.629020,3.316232,因子未变动
002127.SZ,2018-05-25,0.3357,10.4700,15.7600,9.978354,6.629020,因子未变动
002128.SZ,2008-04-25,0.2380,25.7400,33.7800,1.312354,1.000000,因子未变动
002128.SZ,2009-05-18,0.2357,22.9200,29.9900,1.763082,1.347444,因子未变动
002128.SZ,2010-05-20,0.1771,19.5100,23.7100,2.142628,1.763082,因子未变动
002129.SZ,2008-06-26,0.2044,10.5900,13.3100,1.256846,1.000000,因子未变动
002129.SZ,2011-06-02,0.3342,17.8500,26.8100,1.893414,1.260628,因子未变动
002129.SZ,2015-04-29,0.5455,22.7600,50.0800,4.169363,1.894862,因子未变动
002129.SZ,2023-06-16,0.2021,31.2700,39.1900,5.318609,4.243759,因子未变动
002130.SZ,2008-05-06,0.5021,22.2400,44.6700,2.008543,1.000000,因子未变动
002130.SZ,2009-06-02,0.3364,13.6300,20.5400,3.026814,2.008543,因子未变动
002130.SZ,2010-06-08,0.3367,13.7100,20.6700,4.563402,3.026814,因子未变动
002130.SZ,2011-06-03,0.0971,16.5600,18.3400,5.066454,4.574726,因子未变动
002130.SZ,2012-06-01,0.3351,11.3900,17.1300,7.619697,5.066454,因子未变动
002130.SZ,2013-05-24,0.2350,6.7400,8.8100,9.959872,7.619697,因子未变动
002130.SZ,2017-05-15,0.5008,6.4400,12.9000,20.235628,10.102126,因子未变动
002131.SZ,2008-04-25,0.5008,12.1800,24.4000,2.003284,1.000000,因子未变动
002131.SZ,2010-05-24,0.5000,9.8500,19.7000,4.090038,2.045019,因子未变动
002131.SZ,2015-08-21,0.6666,20.1700,60.5000,12.359607,4.120550,因子未变动
002131.SZ,2017-06-13,0.7152,3.5600,12.5000,43.466600,12.379288,因子未变动
002132.SZ,2008-05-20,0.3344,10.7900,16.2100,1.502317,1.000000,因子未变动
002132.SZ,2011-04-07,0.5016,15.2900,30.6800,3.069247,1.529622,因子未变动
002132.SZ,2015-04-17,0.1434,8.7200,10.1800,3.625995,3.105961,因子未变动
002132.SZ,2016-05-19,0.3443,4.1900,6.3900,5.581734,3.660010,因子未变动
002133.SZ,2008-05-26,0.5055,8.5900,17.3700,2.022119,1.000000,因子未变动
002133.SZ,2012-06-06,0.1801,5.1000,6.2200,2.584805,2.119374,因子未变动
002134.SZ,2008-05-30,0.2007,8.8800,11.1100,1.251126,1.000000,因子未变动
002135.SZ,2011-04-08,0.3353,11.1800,16.8200,1.531736,1.018122,因子未变动
002135.SZ,2012-05-09,0.5009,5.5400,11.1000,3.069002,1.531736,因子未变动
002136.SZ,2011-09-26,0.5000,17.7000,35.4000,2.000000,1.000000,因子未变动
002137.SZ,2008-05-13,0.3416,15.6900,23.8300,1.518802,1.000000,因子未变动
002137.SZ,2009-04-22,0.2375,8.3800,10.9900,1.991842,1.518802,因子未变动
002137.SZ,2011-04-14,0.1667,9.9000,11.8800,2.411570,2.009642,因子未变动
002137.SZ,2013-05-06,0.2621,3.8000,5.1500,3.300672,2.435447,因子未变动
002138.SZ,2009-04-14,0.2433,13.7800,18.2100,1.334352,1.009740,因子未变动
002138.SZ,2010-08-26,0.3332,18.6700,28.0000,2.027173,1.351690,因子未变动
002138.SZ,2012-05-11,0.3398,10.1600,15.3900,3.070689,2.027173,因子未变动
002138.SZ,2015-04-08,0.4999,19.9700,39.9300,6.271570,3.136570,因子未变动
002138.SZ,2024-03-29,0.0112,25.6100,25.9000,1.011324,6.800890,因子未变动
002138.SZ,2025-03-31,0.0200,28.9600,29.5500,7.018025,1.011324,因子未变动
002139.SZ,2008-08-29,0.4998,10.3800,20.7500,2.002353,1.001659,因子未变动
002139.SZ,2009-08-31,0.2855,12.5900,17.6200,2.829460,2.021731,因子未变动
002139.SZ,2010-06-25,0.1730,16.6400,20.1200,3.421197,2.829460,因子未变动
002139.SZ,2012-05-14,0.2450,8.2300,10.9000,4.531112,3.421197,因子未变动
002139.SZ,2016-06-27,0.3379,14.4600,21.8400,7.094378,4.697102,因子未变动
002139.SZ,2017-04-24,0.3406,8.8300,13.3900,10.758066,7.094378,因子未变动
002139.SZ,2018-05-24,0.3396,7.0000,10.6000,16.290787,10.758066,因子未变动
002140.SZ,2008-05-29,0.3767,42.8800,68.8000,1.604478,1.000000,因子未变动
002140.SZ,2009-05-25,0.2482,28.0800,37.3500,2.134161,1.604478,因子未变动
002140.SZ,2010-05-18,0.5016,23.8400,47.8300,4.281750,2.134161,因子未变动
002140.SZ,2011-05-10,0.3774,24.2800,39.0000,6.877605,4.281750,因子未变动
002140.SZ,2019-05-29,0.1740,9.1600,11.0900,8.497975,7.019067,因子未变动
002141.SZ,2009-06-12,0.2855,7.9600,11.1400,1.419741,1.014465,因子未变动
002141.SZ,2011-06-10,0.3768,7.6400,12.2600,2.278275,1.419741,因子未变动
002141.SZ,2016-10-24,0.7142,8.9400,31.2800,8.058821,2.303256,因子未变动
002142.SZ,2015-07-15,0.1848,16.8900,20.7200,1.445730,1.178493,因子未变动
002142.SZ,2017-07-11,0.2448,14.5600,19.2800,1.972218,1.489393,因子未变动
002145.SZ,2016-05-06,0.6667,7.7700,23.3100,3.000000,1.000000,因子未变动
002145.SZ,2022-05-27,0.3151,7.3900,10.7900,4.453121,3.049914,因子未变动
002146.SZ,2008-04-18,0.5021,12.1400,24.3800,2.008237,1.000000,因子未变动
002146.SZ,2010-05-26,0.3788,9.4300,15.1800,3.255880,2.022592,因子未变动
002146.SZ,2011-05-31,0.2375,8.4100,11.0300,4.270197,3.255880,因子未变动
002146.SZ,2015-06-10,0.5036,13.0800,26.3500,8.945030,4.440265,因子未变动
002148.SZ,2008-05-16,0.3367,25.8900,39.0300,1.507532,1.000000,因子未变动
002148.SZ,2011-05-04,0.3368,21.4800,32.3900,2.307305,1.530130,因子未变动
002148.SZ,2014-04-04,0.5016,23.1500,46.4500,4.657848,2.321403,因子未变动
002148.SZ,2017-05-12,0.5478,9.3600,20.7000,10.304433,4.659396,因子未变动
002149.SZ,2009-08-20,0.3362,24.0300,36.2000,1.506450,1.000000,因子未变动
002149.SZ,2017-06-05,0.4998,11.3300,22.6500,3.056207,1.528778,因子未变动
002150.SZ,2008-06-11,0.3434,13.0200,19.8300,1.523041,1.000000,因子未变动
002150.SZ,2010-06-22,0.3389,11.8200,17.8800,2.339471,1.546563,因子未变动
002150.SZ,2011-06-02,0.3814,8.5300,13.7900,3.782100,2.339471,因子未变动
002150.SZ,2019-06-05,0.2462,5.4500,7.2300,5.574600,4.202153,因子未变动
002151.SZ,2008-05-08,0.4148,27.6900,47.3200,1.708920,1.000000,因子未变动
002151.SZ,2011-04-28,0.3385,26.1300,39.5000,2.621284,1.734029,因子未变动
002151.SZ,2012-06-21,0.1706,18.1300,21.8600,3.160577,2.621284,因子未变动
002151.SZ,2014-01-14,0.1681,29.7400,35.7500,3.805200,3.165500,因子未变动
002151.SZ,2016-04-28,0.3359,26.2400,39.5100,5.771897,3.833322,因子未变动
002152.SZ,2008-05-07,0.5013,39.7900,79.7800,2.005026,1.000000,因子未变动
002152.SZ,2009-05-15,0.1715,28.1600,33.9900,2.420129,2.005026,因子未变动
002152.SZ,2011-05-11,0.2348,30.0200,39.2300,3.206072,2.453384,因子未变动
002152.SZ,2012-04-27,0.2889,16.0700,22.6000,4.508850,3.206072,因子未变动
002152.SZ,2013-05-20,0.1823,13.1400,16.0700,5.514248,4.508850,因子未变动
002152.SZ,2014-05-30,0.1750,16.5500,20.0600,6.683735,5.514248,因子未变动
002152.SZ,2016-05-30,0.3391,15.1600,22.9400,10.241720,6.768286,因子未变动
002152.SZ,2017-06-30,0.3386,8.4400,12.7600,15.483927,10.241720,因子未变动
002153.SZ,2008-03-28,0.5016,79.5800,159.6600,2.006283,1.000000,因子未变动
002153.SZ,2009-05-05,0.5021,34.5400,69.3700,4.029411,2.006283,因子未变动
002153.SZ,2011-04-22,0.2768,35.3800,48.9200,5.616588,4.062038,因子未变动
002153.SZ,2016-05-11,0.6671,28.1800,84.6500,17.180613,5.719429,因子未变动
002153.SZ,2021-06-16,0.2864,26.4300,37.0400,24.308874,17.345669,因子未变动
002153.SZ,2022-06-08,0.2868,14.8700,20.8500,34.084731,24.308874,因子未变动
002153.SZ,2023-06-19,0.2306,15.7800,20.5100,44.301518,34.084731,因子未变动
002154.SZ,2008-04-24,0.5013,16.6800,33.4500,2.005396,1.000000,因子未变动
002154.SZ,2009-05-27,0.2404,12.1000,15.9300,2.640161,2.005396,因子未变动
002154.SZ,2011-05-27,0.5039,12.6900,25.5800,5.358942,2.658521,因子未变动
002154.SZ,2015-04-30,0.5014,8.8600,17.7700,11.258336,5.613329,因子未变动
002155.SZ,2008-06-17,0.2910,14.1300,19.9300,1.410474,1.000000,因子未变动
002155.SZ,2012-06-05,0.2895,20.3900,28.7000,2.013601,1.430569,因子未变动
002155.SZ,2013-05-21,0.2356,11.6500,15.2400,2.634101,2.013601,因子未变动
002155.SZ,2025-06-13,0.2378,18.6500,24.4700,3.605003,2.747581,因子未变动
002156.SZ,2009-05-22,0.2304,7.4500,9.6800,1.310608,1.008681,因子未变动
002156.SZ,2011-04-29,0.3751,8.8300,14.1300,2.111763,1.319665,因子未变动
002156.SZ,2016-05-31,0.2321,11.2800,14.6900,2.782613,2.136683,因子未变动
002157.SZ,2008-05-22,0.5000,15.1300,30.2600,2.000000,1.000000,因子未变动
002157.SZ,2008-09-17,0.3329,5.2700,7.9000,2.998102,2.000000,因子未变动
002157.SZ,2011-05-23,0.3750,8.8500,14.1600,4.828488,3.017805,因子未变动
002157.SZ,2016-09-08,0.6667,8.3200,24.9600,14.918533,4.972845,因子未变动
002158.SZ,2010-06-09,0.1381,24.1500,28.0200,1.264676,1.090004,因子未变动
002158.SZ,2011-06-09,0.1766,21.0800,25.6000,1.535849,1.264676,因子未变动
002158.SZ,2013-05-31,0.1074,12.3800,13.8700,1.781714,1.590312,因子未变动
002158.SZ,2014-05-30,0.1082,16.3200,18.3000,1.997878,1.781714,因子未变动
002158.SZ,2016-05-09,0.4503,10.9400,19.9000,3.694786,2.031204,因子未变动
002159.SZ,2008-05-16,0.3342,9.9800,14.9900,1.502004,1.000000,因子未变动
002159.SZ,2024-07-12,0.0166,13.0000,13.2200,1.000000,1.521949,因子未变动
002160.SZ,2011-04-18,0.5005,15.8900,31.8100,2.032705,1.015394,因子未变动
002161.SZ,2008-04-21,0.5043,29.1400,58.7800,2.017159,1.000000,因子未变动
002161.SZ,2009-06-25,0.5015,16.3800,32.8600,4.046632,2.017159,因子未变动
002161.SZ,2011-03-21,0.2317,24.9700,32.5000,5.273303,4.051519,因子未变动
002161.SZ,2012-04-23,0.5023,9.5700,19.2300,10.596198,5.273303,因子未变动
002162.SZ,2015-04-10,0.3331,10.6900,16.0300,1.696601,1.131420,因子未变动
002162.SZ,2016-05-25,0.2310,6.4900,8.4400,2.206366,1.696601,因子未变动
002163.SZ,2008-04-17,0.3382,9.1600,13.8400,1.510917,1.000000,因子未变动
002163.SZ,2010-05-20,0.3373,11.6100,17.5200,2.297458,1.522460,因子未变动
002163.SZ,2011-05-12,0.5023,9.7300,19.5500,4.616168,2.297458,因子未变动
002164.SZ,2008-05-29,0.3379,14.9500,22.5800,1.510368,1.000000,因子未变动
002164.SZ,2011-05-17,0.5035,13.3200,26.8300,3.079678,1.528935,因子未变动
002165.SZ,2008-04-03,0.3392,22.4000,33.9000,1.513393,1.000000,因子未变动
002165.SZ,2009-04-09,0.2954,15.7700,22.3800,2.147732,1.513393,因子未变动
002165.SZ,2010-04-08,0.3766,22.6900,36.4000,3.445458,2.147732,因子未变动
002165.SZ,2012-06-20,0.5040,5.6500,11.3900,6.945799,3.445458,因子未变动
002166.SZ,2010-05-13,0.5005,16.4600,32.9500,2.001823,1.000000,因子未变动
002166.SZ,2015-10-20,0.6674,8.9200,26.8200,6.018933,2.001823,因子未变动
002166.SZ,2019-04-17,0.1420,8.7000,10.1400,6.077332,6.044159,因子未变动
002167.SZ,2009-09-17,0.2330,27.5900,35.9700,1.306478,1.002105,因子未变动
002167.SZ,2010-03-10,0.5000,21.1000,42.2000,2.612956,1.306478,因子未变动
002167.SZ,2012-06-05,0.5013,19.2500,38.6000,5.239486,2.612956,因子未变动
002167.SZ,2015-06-24,0.3333,15.3000,22.9500,7.859228,5.239486,因子未变动
002168.SZ,2008-05-14,0.5062,19.5100,39.5100,2.025115,1.000000,因子未变动
002168.SZ,2009-03-30,0.5055,12.9200,26.1300,4.095686,2.025115,因子未变动
002168.SZ,2010-03-30,0.3389,16.2700,24.6100,6.195134,4.095686,因子未变动
002168.SZ,2011-03-28,0.4999,21.7300,43.4500,12.387417,6.195134,因子未变动
002168.SZ,2012-05-31,0.1667,10.9500,13.1400,14.864902,12.387417,因子未变动
002169.SZ,2008-05-23,0.1677,15.9800,19.2000,1.201502,1.000000,因子未变动
002169.SZ,2009-04-29,0.5013,13.4400,26.9500,2.409262,1.201502,因子未变动
002169.SZ,2011-04-21,0.3346,12.3700,18.5900,3.620709,2.409262,因子未变动
002169.SZ,2017-05-25,0.5057,7.7500,15.6800,7.410953,3.662939,因子未变动
002170.SZ,2008-05-08,0.4463,17.2200,31.1000,1.806039,1.000000,因子未变动
002170.SZ,2009-05-08,0.4467,9.1900,16.6100,3.264235,1.806039,因子未变动
002170.SZ,2011-04-11,0.2327,13.1200,17.1000,4.254452,3.264235,因子未变动
002170.SZ,2013-05-13,0.4495,5.8300,10.5900,7.813110,4.301269,因子未变动
002171.SZ,2008-06-11,0.1675,12.3800,14.8700,1.201131,1.000000,因子未变动
002171.SZ,2011-03-01,0.5031,16.1400,32.4800,2.424526,1.204798,因子未变动
002171.SZ,2017-09-26,0.4997,8.5900,17.1700,4.928452,2.465661,因子未变动
002172.SZ,2008-04-17,0.5019,18.3800,36.9000,2.007617,1.000000,因子未变动
002172.SZ,2010-04-21,0.3336,10.1300,15.2000,3.012416,2.007617,因子未变动
002173.SZ,2009-06-02,0.3335,14.0100,21.0200,1.500357,1.000000,因子未变动
002173.SZ,2011-05-06,0.4998,13.5300,27.0500,2.999605,1.500357,因子未变动
002174.SZ,2016-04-08,0.6671,48.7900,146.5400,3.075762,1.024064,因子未变动
002175.SZ,2008-05-29,0.3397,13.5900,20.5800,1.514349,1.000000,因子未变动
002175.SZ,2015-06-24,0.3750,63.7500,102.0000,2.481928,1.551205,因子未变动
002175.SZ,2016-07-29,0.6162,17.6900,46.0900,6.466481,2.481928,因子未变动
002176.SZ,2008-09-19,0.3753,8.2400,13.1900,1.614417,1.008552,因子未变动
002176.SZ,2011-02-25,0.4449,20.9000,37.6500,2.921759,1.621906,因子未变动
002176.SZ,2012-05-28,0.5005,9.8500,19.7200,5.849451,2.921759,因子未变动
002176.SZ,2015-09-25,0.5458,11.5600,25.4500,12.919306,5.868258,因子未变动
002177.SZ,2008-04-15,0.5052,23.7600,48.0200,2.021044,1.000000,因子未变动
002177.SZ,2009-06-03,0.3333,11.0600,16.5900,3.031566,2.021044,因子未变动
002177.SZ,2011-04-07,0.2307,13.3700,17.3800,3.940809,3.031566,因子未变动
002177.SZ,2012-04-09,0.4139,7.4200,12.6600,6.723806,3.940809,因子未变动
002177.SZ,2013-05-28,0.2322,4.1000,5.3400,8.757347,6.723806,因子未变动
002178.SZ,2010-06-04,0.1723,12.3500,14.9200,1.214072,1.004946,因子未变动
002178.SZ,2011-05-19,0.2857,11.5000,16.1000,1.699701,1.214072,因子未变动
002178.SZ,2014-05-16,0.5255,9.0100,18.9900,3.596998,1.706633,因子未变动
002178.SZ,2015-04-08,0.4452,20.8700,37.6200,6.483904,3.596998,因子未变动
002179.SZ,2008-05-09,0.3356,20.8700,31.4100,1.505031,1.000000,因子未变动
002179.SZ,2009-05-08,0.3346,18.9900,28.5400,2.261906,1.505031,因子未变动
002179.SZ,2010-06-10,0.3349,12.5700,18.9000,3.400956,2.261906,因子未变动
002179.SZ,2015-06-03,0.2320,48.2400,62.8100,4.535816,3.483645,因子未变动
002179.SZ,2017-05-12,0.2328,28.1800,36.7300,5.927620,4.547790,因子未变动
002179.SZ,2019-05-17,0.2329,33.3000,43.4100,7.750077,5.945118,因子未变动
002179.SZ,2022-06-13,0.2901,63.3400,89.2300,11.025936,7.826771,因子未变动
002179.SZ,2023-05-16,0.2383,43.0500,56.5200,14.475863,11.025936,因子未变动
002180.SZ,2008-05-15,0.3448,18.8100,28.7100,1.526316,1.000000,因子未变动
002180.SZ,2011-05-12,0.3348,30.3200,45.5800,2.323388,1.545527,因子未变动
002180.SZ,2014-05-14,0.1306,13.6500,15.7000,2.706345,2.352969,因子未变动
002180.SZ,2016-06-07,0.4286,26.8500,46.9900,4.743666,2.710522,因子未变动
002181.SZ,2008-09-12,0.2302,6.0200,7.8200,1.306272,1.005596,因子未变动
002181.SZ,2015-06-04,0.3756,19.9300,31.9200,2.154100,1.344963,因子未变动
002182.SZ,2011-05-11,0.3332,14.6500,21.9700,1.516168,1.011008,因子未变动
002182.SZ,2017-05-26,0.5029,8.4900,17.0800,3.158615,1.570061,因子未变动
002182.SZ,2024-06-14,0.2910,12.6700,17.8700,4.736316,3.358093,因子未变动
002183.SZ,2008-05-22,0.5035,28.3300,57.0600,2.014119,1.000000,因子未变动
002183.SZ,2009-06-03,0.3426,15.3700,23.3800,3.063768,2.014119,因子未变动
002183.SZ,2010-05-18,0.3378,10.3500,15.6300,4.626733,3.063768,因子未变动
002183.SZ,2011-05-25,0.3398,7.1500,10.8300,7.008045,4.626733,因子未变动
002183.SZ,2016-05-27,0.5047,13.1300,26.5100,14.547132,7.204974,因子未变动
002184.SZ,2008-06-19,0.5031,7.9900,16.0800,2.012516,1.000000,因子未变动
002184.SZ,2021-06-16,0.3233,13.0200,19.2400,3.199266,2.164992,因子未变动
002185.SZ,2008-05-16,0.3333,10.9600,16.4400,1.500000,1.000000,因子未变动
002185.SZ,2010-05-18,0.2339,8.5800,11.2000,2.154432,1.650449,因子未变动
002185.SZ,2012-07-12,0.3819,5.1800,8.3800,3.485356,2.154432,因子未变动
002185.SZ,2016-06-17,0.2336,11.6500,15.2000,4.608036,3.531817,因子未变动
002185.SZ,2017-06-20,0.5014,7.1300,14.3000,9.241924,4.608036,因子未变动
002185.SZ,2019-07-11,0.1039,4.5700,5.1000,10.386902,9.307479,因子未变动
002186.SZ,2013-06-04,0.5072,17.1500,34.8000,2.194934,1.081699,因子未变动
002187.SZ,2011-05-25,0.3384,16.9100,25.5600,1.571610,1.039747,因子未变动
002187.SZ,2012-06-05,0.1807,9.6600,11.7900,1.918145,1.571610,因子未变动
002188.SZ,2009-04-22,0.3331,8.3500,12.5200,1.513987,1.009728,因子未变动
002188.SZ,2010-05-13,0.2346,8.1900,10.7000,1.977980,1.513987,因子未变动
002190.SZ,2008-05-14,0.1716,13.4200,16.2000,1.207153,1.000000,因子未变动
002190.SZ,2010-05-14,0.3791,9.8100,15.8000,1.974861,1.226164,因子未变动
002190.SZ,2012-05-30,0.2361,17.0500,22.3200,2.585273,1.974861,因子未变动
002191.SZ,2008-06-02,0.3780,12.6400,20.3200,1.607595,1.000000,因子未变动
002191.SZ,2009-05-20,0.3441,12.0100,18.3100,2.450880,1.607595,因子未变动
002191.SZ,2015-05-12,0.5026,14.1100,28.3700,5.556873,2.763746,因子未变动
002192.SZ,2009-04-30,0.4998,12.1900,24.3700,2.027140,1.013986,因子未变动
002192.SZ,2016-03-23,0.3333,38.1500,57.2200,3.047198,2.031643,因子未变动
002193.SZ,2008-05-16,0.5021,12.0000,24.1000,2.008333,1.000000,因子未变动
002194.SZ,2008-04-28,0.5000,20.7500,41.5000,2.000000,1.000000,因子未变动
002194.SZ,2009-04-30,0.2401,18.4500,24.2800,2.690947,2.044810,因子未变动
002194.SZ,2020-06-01,0.1670,19.4100,23.3000,3.643805,3.035462,因子未变动
002195.SZ,2008-05-26,0.2346,16.3800,21.4000,1.306471,1.000000,因子未变动
002195.SZ,2011-05-27,0.3358,19.0700,28.7100,1.988403,1.320754,因子未变动
002195.SZ,2015-03-17,0.6004,45.0600,112.7500,5.061029,2.022616,因子未变动
002195.SZ,2016-06-01,0.5019,12.9200,25.9400,10.161230,5.061029,因子未变动
002195.SZ,2017-04-18,0.4141,6.2400,10.6500,17.342486,10.161230,因子未变动
002195.SZ,2018-06-21,0.2348,4.0400,5.2800,22.665427,17.342486,因子未变动
002195.SZ,2019-06-11,0.2354,3.8000,4.9700,29.643991,22.665427,因子未变动
002196.SZ,2011-04-26,0.3369,18.6000,28.0500,1.563173,1.036542,因子未变动
002196.SZ,2017-06-09,0.4133,10.7300,18.2900,2.778175,1.629843,因子未变动
002197.SZ,2009-06-19,0.3378,19.1300,28.8900,1.530127,1.013200,因子未变动
002197.SZ,2011-06-24,0.3752,13.3900,21.4300,2.463346,1.539160,因子未变动
002197.SZ,2015-06-19,0.3756,45.2100,72.4000,4.035869,2.520188,因子未变动
002198.SZ,2010-09-08,0.5016,15.5500,31.2000,2.006431,1.000000,因子未变动
002198.SZ,2011-04-18,0.2026,13.4600,16.8800,2.516237,2.006431,因子未变动
002198.SZ,2014-04-03,0.5017,10.0900,20.2500,5.065778,2.524133,因子未变动
002199.SZ,2009-05-13,0.2370,13.6800,17.9300,1.321765,1.008464,因子未变动
002199.SZ,2010-04-28,0.2347,18.6500,24.3700,1.727154,1.321765,因子未变动
002199.SZ,2012-04-26,0.3392,7.5200,11.3800,2.632225,1.739397,因子未变动
002200.SZ,2009-05-15,0.4490,20.5300,37.2600,1.814905,1.000000,因子未变动
002200.SZ,2025-12-12,0.1125,6.9400,7.8200,2.045037,1.814905,因子未变动
002201.SZ,2008-05-27,0.2314,11.7600,15.3000,1.301020,1.000000,因子未变动
002201.SZ,2010-05-05,0.2354,12.5700,16.4400,1.701573,1.301020,因子未变动
002201.SZ,2011-06-08,0.2311,9.1500,11.9000,2.212975,1.701573,因子未变动
002201.SZ,2014-10-21,0.2320,10.4300,13.5800,2.885882,2.216477,因子未变动
002201.SZ,2017-06-08,0.2308,9.5300,12.3900,3.756930,2.889713,因子未变动
002201.SZ,2021-06-16,0.2861,14.2700,19.9900,5.266510,3.759535,因子未变动
002201.SZ,2022-07-06,0.2863,17.2000,24.1000,7.379238,5.266510,因子未变动
002202.SZ,2008-02-27,0.5004,70.9500,142.0000,2.001409,1.000000,因子未变动
002202.SZ,2009-04-24,0.2904,30.3000,42.7000,2.820468,2.001409,因子未变动
002202.SZ,2010-04-06,0.3768,21.9000,35.1400,4.525628,2.820468,因子未变动
002202.SZ,2017-08-24,0.2411,11.4900,15.1400,6.757485,5.128369,因子未变动
002203.SZ,2011-12-26,0.1008,10.8800,12.1000,1.157327,1.040638,因子未变动
002203.SZ,2012-06-06,0.3396,8.4000,12.7200,1.752524,1.157327,因子未变动
002203.SZ,2014-09-18,0.4996,6.3500,12.6900,3.583870,1.793347,因子未变动
002204.SZ,2012-06-29,0.3379,15.9500,24.0900,1.546004,1.023610,因子未变动
002204.SZ,2013-07-01,0.3389,6.7900,10.2700,2.338360,1.546004,因子未变动
002204.SZ,2016-06-24,0.5006,4.1000,8.2100,4.708050,2.351158,因子未变动
002205.SZ,2009-05-22,0.2017,14.2900,17.9000,1.261914,1.007417,因子未变动
002205.SZ,2020-06-10,0.3761,9.0400,14.4900,2.098570,1.309253,因子未变动
002206.SZ,2010-05-25,0.5045,16.0300,32.3500,2.058179,1.019864,因子未变动
002206.SZ,2011-05-18,0.3436,14.0600,21.4200,3.135576,2.058179,因子未变动
002206.SZ,2017-05-10,0.6108,7.2000,18.5000,9.504054,3.698875,因子未变动
002207.SZ,2014-06-19,0.5010,12.2400,24.5300,2.052321,1.024069,因子未变动
002208.SZ,2008-05-30,0.3366,14.1300,21.3000,1.507431,1.000000,因子未变动
002208.SZ,2010-06-10,0.5014,10.9700,22.0000,3.067761,1.529697,因子未变动
002208.SZ,2019-05-14,0.3792,8.7600,14.1100,5.325042,3.305979,因子未变动
002209.SZ,2010-05-06,0.3371,11.0900,16.7300,1.519909,1.007519,因子未变动
002210.SZ,2009-06-08,0.3383,9.4100,14.2200,1.525550,1.009524,因子未变动
002210.SZ,2010-06-01,0.3354,9.8300,14.7900,2.295309,1.525550,因子未变动
002210.SZ,2012-05-04,0.2399,6.0500,7.9600,3.029323,2.302437,因子未变动
002210.SZ,2015-04-16,0.3360,18.8100,28.3300,4.630016,3.074147,因子未变动
002210.SZ,2016-06-20,0.2329,17.0300,22.2000,6.035605,4.630016,因子未变动
002210.SZ,2017-07-13,0.4155,10.3800,17.7600,10.326815,6.035605,因子未变动
002211.SZ,2011-04-07,0.3333,11.3800,17.0700,1.523660,1.015773,因子未变动
002212.SZ,2009-06-03,0.3461,18.6700,28.5500,1.530971,1.001164,因子未变动
002212.SZ,2011-05-18,0.5030,10.0400,20.2000,3.135443,1.558408,因子未变动
002213.SZ,2010-05-26,0.5027,9.2000,18.5000,2.049293,1.019108,因子未变动
002214.SZ,2013-05-28,0.5021,10.7800,21.6500,2.057828,1.024637,因子未变动
002214.SZ,2015-05-15,0.5006,16.3300,32.7000,4.142374,2.068653,因子未变动
002214.SZ,2021-06-09,0.1687,19.6100,23.5900,5.054689,4.201884,因子未变动
002215.SZ,2008-10-17,0.2370,13.7800,18.0600,1.310595,1.000000,因子未变动
002215.SZ,2009-06-11,0.2373,16.4600,21.5800,1.718265,1.310595,因子未变动
002215.SZ,2011-06-13,0.3801,15.1700,24.4700,2.798140,1.734687,因子未变动
002215.SZ,2013-05-29,0.3390,7.7800,11.7700,4.333997,2.864783,因子未变动
002215.SZ,2014-05-20,0.2469,7.2300,9.6000,5.754685,4.333997,因子未变动
002215.SZ,2015-05-25,0.2327,28.6500,37.3400,7.500172,5.754685,因子未变动
002216.SZ,2009-06-05,0.5027,18.1000,36.4000,2.011050,1.000000,因子未变动
002216.SZ,2013-04-11,0.5036,13.8000,27.8000,4.119650,2.045006,因子未变动
002216.SZ,2015-04-28,0.5003,15.9400,31.9000,8.267332,4.131074,因子未变动
002216.SZ,2021-05-19,0.1173,18.2800,20.7100,9.470346,8.359146,因子未变动
002217.SZ,2008-05-12,0.1674,18.7500,22.5200,1.201067,1.000000,因子未变动
002217.SZ,2009-04-30,0.3400,10.1900,15.4400,1.819869,1.201067,因子未变动
002217.SZ,2012-05-16,0.3409,5.8200,8.8300,2.794977,1.842216,因子未变动
002217.SZ,2017-05-26,0.5021,9.4100,18.9000,5.623386,2.799792,因子未变动
002218.SZ,2008-06-12,0.1675,22.5600,27.1000,1.201241,1.000000,因子未变动
002218.SZ,2009-05-05,0.3338,24.3500,36.5500,1.803095,1.201241,因子未变动
002218.SZ,2011-05-11,0.3345,16.7700,25.2000,2.713759,1.805942,因子未变动
002218.SZ,2017-07-06,0.5020,4.9400,9.9200,5.490041,2.733952,因子未变动
002219.SZ,2009-09-09,0.5008,19.4700,39.0000,2.003082,1.000000,因子未变动
002219.SZ,2010-09-29,0.3758,15.1300,24.2400,3.209167,2.003082,因子未变动
002219.SZ,2011-05-19,0.2012,16.9900,21.2700,4.017598,3.209167,因子未变动
002219.SZ,2012-05-23,0.1316,13.9900,16.1100,4.626412,4.017598,因子未变动
002219.SZ,2014-02-28,0.2877,24.4600,34.3400,6.495134,4.626412,因子未变动
002219.SZ,2015-10-28,0.5999,14.9000,37.2400,16.233476,6.495134,因子未变动
002219.SZ,2022-06-23,0.2676,2.4900,3.4000,22.166191,16.233476,因子未变动
002221.SZ,2013-04-18,0.5005,10.1800,20.3800,2.023349,1.010682,因子未变动
002221.SZ,2016-05-19,0.5012,9.9800,20.0100,4.067463,2.028650,因子未变动
002222.SZ,2011-05-04,0.3414,10.9400,16.6100,1.618945,1.066301,因子未变动
002222.SZ,2016-05-20,0.3355,11.2100,16.8700,2.547513,1.692805,因子未变动
002223.SZ,2009-04-22,0.3384,25.5100,38.5600,1.529613,1.011940,因子未变动
002223.SZ,2010-05-27,0.3761,37.1900,59.6100,2.451740,1.529613,因子未变动
002223.SZ,2011-05-27,0.3751,24.6100,39.3800,3.923182,2.451740,因子未变动
002223.SZ,2012-05-22,0.2345,15.2100,19.8700,5.125157,3.923182,因子未变动
002223.SZ,2017-05-26,0.3413,22.3300,33.9000,8.747019,5.761680,因子未变动
002224.SZ,2009-07-01,0.1694,13.4300,16.1700,1.204021,1.000000,因子未变动
002224.SZ,2010-06-25,0.3365,13.2100,19.9100,1.814690,1.204021,因子未变动
002224.SZ,2011-05-31,0.1703,10.1800,12.2700,2.187254,1.814690,因子未变动
002224.SZ,2013-09-18,0.3333,10.9000,16.3500,3.345751,2.230501,因子未变动
002224.SZ,2014-05-27,0.5044,5.6000,11.3000,6.751247,3.345751,因子未变动
002225.SZ,2009-05-20,0.2376,7.2200,9.4700,1.324584,1.009873,因子未变动
002225.SZ,2011-05-27,0.2353,9.9100,12.9600,1.743887,1.333481,因子未变动
002226.SZ,2009-05-27,0.2335,22.2600,29.0400,1.304582,1.000000,因子未变动
002226.SZ,2010-04-19,0.4999,24.4900,48.9700,2.608632,1.304582,因子未变动
002226.SZ,2011-09-26,0.3486,16.9300,25.9900,4.004627,2.608632,因子未变动
002226.SZ,2015-05-28,0.5079,13.9800,28.4100,8.813909,4.337151,因子未变动
002226.SZ,2021-05-25,0.2914,5.0100,7.0700,12.765225,9.045796,因子未变动
002227.SZ,2014-05-28,0.5015,17.1200,34.3400,2.057303,1.025656,因子未变动
002228.SZ,2009-05-25,0.4790,12.7800,24.5300,1.919405,1.000000,因子未变动
002228.SZ,2011-06-10,0.3778,7.8400,12.6000,3.105887,1.932552,因子未变动
002228.SZ,2016-05-18,0.6450,6.4000,18.0300,9.138637,3.243887,因子未变动
002229.SZ,2009-09-09,0.4116,15.3400,26.0700,1.724920,1.014970,因子未变动
002229.SZ,2012-04-06,0.4814,9.1800,17.7000,3.387816,1.757071,因子未变动
002229.SZ,2017-05-18,0.3339,11.9100,17.8800,5.139797,3.423657,因子未变动
002230.SZ,2009-05-22,0.3383,22.4300,33.9000,1.511369,1.000000,因子未变动
002230.SZ,2011-03-03,0.3352,45.8300,68.9400,2.283175,1.517811,因子未变动
002230.SZ,2012-05-21,0.3360,23.7300,35.7400,3.438713,2.283175,因子未变动
002230.SZ,2014-04-16,0.4143,27.5300,47.0000,5.888527,3.449173,因子未变动
002230.SZ,2015-04-16,0.3348,45.2700,68.0500,8.851652,5.888527,因子未变动
002230.SZ,2018-05-14,0.3345,36.8700,55.4000,13.391190,8.912152,因子未变动
002231.SZ,2010-05-12,0.3374,10.9400,16.5100,1.521531,1.008210,因子未变动
002231.SZ,2012-04-09,0.5036,9.6700,19.4800,3.089225,1.533512,因子未变动
002232.SZ,2009-04-10,0.5040,18.0100,36.3100,2.016102,1.000000,因子未变动
002232.SZ,2011-05-11,0.2857,11.9000,16.6600,3.070546,2.193247,因子未变动
002233.SZ,2011-05-23,0.5020,9.9000,19.8800,2.033491,1.012654,因子未变动
002233.SZ,2026-04-30,0.0503,9.0700,9.5500,3.542400,3.542400,因子未变动
002234.SZ,2012-06-18,0.5171,14.0000,28.9900,2.079378,1.004184,因子未变动
002235.SZ,2009-06-01,0.3376,11.7700,17.7700,1.509771,1.000000,因子未变动
002235.SZ,2010-06-11,0.2306,11.5100,14.9600,1.962308,1.509771,因子未变动
002235.SZ,2016-04-19,0.3332,20.9900,31.4800,3.048403,2.032592,因子未变动
002235.SZ,2018-06-05,0.3336,8.3100,12.4700,4.574439,3.048403,因子未变动
002236.SZ,2010-05-07,0.5037,39.3100,79.2100,2.025619,1.005266,因子未变动
002236.SZ,2011-06-08,0.5030,40.9300,82.3600,4.075984,2.025619,因子未变动
002236.SZ,2012-05-29,0.5021,27.9200,56.0800,8.187004,4.075984,因子未变动
002236.SZ,2013-04-16,0.5012,32.4700,65.0900,16.411829,8.187004,因子未变动
002236.SZ,2016-04-27,0.6023,13.2300,33.2700,41.514154,16.508333,因子未变动
002237.SZ,2009-05-20,0.5020,41.6700,83.6800,2.008159,1.000000,因子未变动
002237.SZ,2012-07-02,0.5038,19.3400,38.9800,4.047469,2.008159,因子未变动
002237.SZ,2015-04-16,0.5034,14.5300,29.2600,8.150650,4.047469,因子未变动
002238.SZ,2011-06-09,0.1706,18.2800,22.0400,1.218425,1.010563,因子未变动
002238.SZ,2015-06-09,0.2346,29.9100,39.0800,1.628388,1.246292,因子未变动
002238.SZ,2016-06-20,0.1762,14.2100,17.2500,1.976755,1.628388,因子未变动
002238.SZ,2020-06-24,0.3004,7.7100,11.0200,3.176341,2.222286,因子未变动
002239.SZ,2009-06-09,0.3384,8.7600,13.2400,1.511416,1.000000,因子未变动
002239.SZ,2014-07-18,0.5248,5.0700,10.6700,3.215309,1.527799,因子未变动
002239.SZ,2017-06-20,0.6447,4.5300,12.7500,9.054649,3.217064,因子未变动
002240.SZ,2011-04-06,0.3751,7.4800,11.9700,1.616714,1.010277,因子未变动
002241.SZ,2009-05-11,0.5043,16.7300,33.7500,2.017334,1.000000,因子未变动
002241.SZ,2010-03-15,0.3354,21.0400,31.6600,3.035589,2.017334,因子未变动
002241.SZ,2011-06-03,0.5024,20.3300,40.8600,6.101042,3.035589,因子未变动
002241.SZ,2013-05-22,0.4456,39.5500,71.3400,11.064165,6.133834,因子未变动
002241.SZ,2017-04-28,0.5021,17.3700,34.8900,22.435952,11.169747,因子未变动
002242.SZ,2009-04-30,0.4813,28.8400,55.6000,1.927878,1.000000,因子未变动
002242.SZ,2010-05-05,0.3515,16.7900,25.8900,2.972767,1.927878,因子未变动
002243.SZ,2009-09-28,0.3756,10.9400,17.5200,1.620377,1.011811,因子未变动
002244.SZ,2008-08-18,0.5000,8.7100,17.4200,2.000000,1.000000,因子未变动
002244.SZ,2009-04-29,0.2375,10.2100,13.3900,2.622919,2.000000,因子未变动
002244.SZ,2015-07-10,0.5048,7.6700,15.4900,5.539799,2.743076,因子未变动
002244.SZ,2023-08-04,0.0228,10.7000,10.9500,1.000000,6.419489,因子未变动
002245.SZ,2009-06-23,0.5010,12.1200,24.2900,2.004125,1.000000,因子未变动
002245.SZ,2010-06-04,0.3353,11.0200,16.5800,3.015281,2.004125,因子未变动
002245.SZ,2011-05-24,0.5011,8.9700,17.9800,6.044008,3.015281,因子未变动
002245.SZ,2015-03-20,0.5472,8.7800,19.3900,13.577364,6.147976,因子未变动
002246.SZ,2014-06-06,0.3364,7.1000,10.7000,1.569613,1.041519,因子未变动
002247.SZ,2010-05-14,0.3387,16.1700,24.4500,1.520554,1.005618,因子未变动
002247.SZ,2014-04-10,0.5028,8.8300,17.7600,3.156044,1.569137,因子未变动
002247.SZ,2016-04-11,0.5033,15.0900,30.3800,6.378226,3.168118,因子未变动
002248.SZ,2010-08-24,0.5009,25.1800,50.4500,2.013097,1.004753,因子未变动
002249.SZ,2009-05-19,0.5064,30.6300,62.0500,2.025792,1.000000,因子未变动
002249.SZ,2010-06-11,0.4176,29.7900,51.1500,3.478323,2.025792,因子未变动
002249.SZ,2012-05-31,0.3512,9.5900,14.7800,5.409094,3.509690,因子未变动
002249.SZ,2015-03-19,0.5074,9.2900,18.8600,11.328101,5.579960,因子未变动
002249.SZ,2023-10-24,0.0162,4.8600,4.9400,1.000000,12.811011,因子未变动
002250.SZ,2010-04-27,0.4771,29.2900,56.0100,1.942902,1.016026,因子未变动
002250.SZ,2011-08-25,0.3333,21.4400,32.1600,2.929996,1.953331,因子未变动
002250.SZ,2012-05-03,0.2344,15.8100,20.6500,3.826972,2.929996,因子未变动
002250.SZ,2014-06-18,0.3371,13.9800,21.0900,5.799537,3.844359,因子未变动
002251.SZ,2009-04-17,0.5008,29.4300,58.9500,2.003058,1.000000,因子未变动
002251.SZ,2013-07-04,0.4688,12.1600,22.8900,4.005245,2.127732,因子未变动
002251.SZ,2015-06-16,0.0963,31.3600,34.7000,4.588315,4.146673,因子未变动
002252.SZ,2010-10-19,0.4118,32.3300,54.9600,1.780649,1.047459,因子未变动
002252.SZ,2012-05-08,0.4545,14.8800,27.2800,3.316176,1.808823,因子未变动
002252.SZ,2014-09-25,0.5000,31.6500,63.3000,6.658798,3.329399,因子未变动
002252.SZ,2015-09-17,0.5000,43.5600,87.1200,13.340486,6.670243,因子未变动
002252.SZ,2016-09-28,0.4444,21.6300,38.9300,24.042773,13.358470,因子未变动
002253.SZ,2009-04-02,0.1797,26.5300,32.3400,1.218997,1.000000,因子未变动
002253.SZ,2010-05-19,0.1778,30.9400,37.6300,1.482575,1.218997,因子未变动
002253.SZ,2012-06-12,0.3827,15.1600,24.5600,2.421065,1.494436,因子未变动
002253.SZ,2016-05-19,0.3359,33.8700,51.0000,3.717819,2.469069,因子未变动
002254.SZ,2009-07-13,0.2516,27.7000,37.0100,1.388415,1.039154,因子未变动
002254.SZ,2010-06-11,0.3848,23.5300,38.2500,2.256986,1.388415,因子未变动
002254.SZ,2011-06-08,0.3525,17.8700,27.6000,3.485888,2.256986,因子未变动
002254.SZ,2013-05-16,0.2311,7.9500,10.3400,4.635139,3.563767,因子未变动
002254.SZ,2015-07-10,0.1705,11.6800,14.0800,5.587565,4.635139,因子未变动
002255.SZ,2012-05-31,0.5015,14.7300,29.5500,2.044187,1.018980,因子未变动
002255.SZ,2015-07-01,0.5011,11.5300,23.1100,4.138934,2.064990,因子未变动
002256.SZ,2009-05-19,0.3845,12.3100,20.0000,1.624695,1.000000,因子未变动
002256.SZ,2010-05-17,0.3331,8.8500,13.2700,2.436125,1.624695,因子未变动
002256.SZ,2012-05-30,0.3374,5.9300,8.9500,3.676782,2.436125,因子未变动
002256.SZ,2016-09-27,0.7500,7.1800,28.7200,14.845570,3.711393,因子未变动
002258.SZ,2009-08-27,0.3394,27.8300,42.1300,1.540213,1.017425,因子未变动
002258.SZ,2016-01-26,0.1067,16.5700,18.5500,1.773801,1.584468,因子未变动
002258.SZ,2016-04-08,0.5038,12.2600,24.7100,3.575093,1.773801,因子未变动
002258.SZ,2022-04-13,0.2973,21.7200,30.9100,5.235518,3.678921,因子未变动
002259.SZ,2010-06-25,0.2895,6.4300,9.0500,1.421130,1.009709,因子未变动
002259.SZ,2011-09-23,0.4448,5.2300,9.4200,2.576889,1.430693,因子未变动
002261.SZ,2009-05-26,0.2875,27.8000,39.0200,1.403597,1.000000,因子未变动
002261.SZ,2010-04-28,0.2328,30.3200,39.5200,1.829491,1.403597,因子未变动
002261.SZ,2011-06-03,0.3358,19.1300,28.8000,2.754278,1.829491,因子未变动
002261.SZ,2012-06-06,0.2322,11.5100,14.9900,3.587022,2.754278,因子未变动
002261.SZ,2014-05-08,0.2869,19.5100,27.3600,5.038909,3.593169,因子未变动
002261.SZ,2016-03-29,0.5006,16.9800,34.0000,10.097665,5.042892,因子未变动
002262.SZ,2009-06-10,0.3366,12.7900,19.2800,1.507428,1.000000,因子未变动
002262.SZ,2010-06-01,0.2319,23.9500,31.1800,1.962488,1.507428,因子未变动
002262.SZ,2013-06-05,0.2874,22.6400,31.7700,2.767435,1.972135,因子未变动
002262.SZ,2014-05-28,0.1686,20.4600,24.6100,3.328768,2.767435,因子未变动
002262.SZ,2015-04-08,0.1681,27.5200,33.0800,4.001295,3.328768,因子未变动
002262.SZ,2016-06-08,0.2325,19.5400,25.4600,5.213560,4.001295,因子未变动
002262.SZ,2017-05-12,0.3770,12.7100,20.4000,8.367949,5.213560,因子未变动
002263.SZ,2009-03-31,0.3337,6.3700,9.5600,1.500785,1.000000,因子未变动
002263.SZ,2013-07-02,0.1669,5.5900,6.7100,1.863937,1.552818,因子未变动
002263.SZ,2016-06-20,0.5010,4.9400,9.9000,4.524501,2.257680,因子未变动
002264.SZ,2010-04-16,0.3353,21.7900,32.7800,1.543148,1.025784,因子未变动
002264.SZ,2011-09-27,0.5000,12.3100,24.6200,3.099001,1.549501,因子未变动
002264.SZ,2012-04-20,0.3382,7.3000,11.0300,4.682463,3.099001,因子未变动
002266.SZ,2011-06-21,0.5035,16.2200,32.6700,2.048918,1.017247,因子未变动
002266.SZ,2012-06-12,0.5040,8.0000,16.1300,4.131131,2.048918,因子未变动
002266.SZ,2013-09-16,0.5041,7.8300,15.7900,8.330849,4.131131,因子未变动
002266.SZ,2015-07-03,0.2319,8.9100,11.6000,10.861583,8.342819,因子未变动
002267.SZ,2012-07-16,0.5067,8.4100,17.0500,2.130249,1.050756,因子未变动
002268.SZ,2009-05-07,0.1734,20.7400,25.0900,1.209740,1.000000,因子未变动
002268.SZ,2010-05-04,0.3948,19.1000,31.5600,1.998921,1.209740,因子未变动
002268.SZ,2011-05-24,0.2374,18.0200,23.6300,2.621226,1.998921,因子未变动
002268.SZ,2015-04-15,0.5001,61.4800,122.9900,5.269624,2.634169,因子未变动
002268.SZ,2017-06-07,0.3763,17.1400,27.4800,8.473949,5.285425,因子未变动
002269.SZ,2009-05-19,0.3403,18.5900,28.1800,1.515869,1.000000,因子未变动
002269.SZ,2015-05-12,0.6018,8.8400,22.2000,4.487259,1.786818,因子未变动
002270.SZ,2012-03-13,0.2345,8.1300,10.6200,1.342405,1.027660,因子未变动
002270.SZ,2018-06-29,0.3420,5.8100,8.8300,2.086759,1.373054,因子未变动
002270.SZ,2023-09-06,0.0222,11.8900,12.1600,1.000000,2.377392,因子未变动
002271.SZ,2009-06-03,0.3397,24.5500,37.1800,1.514460,1.000000,因子未变动
002271.SZ,2010-04-16,0.5021,34.2700,68.8300,3.041736,1.514460,因子未变动
002271.SZ,2011-06-13,0.5039,16.0900,32.4300,6.130734,3.041736,因子未变动
002271.SZ,2015-06-01,0.5017,30.0400,60.2800,12.629951,6.294024,因子未变动
002271.SZ,2018-06-20,0.4143,19.6100,33.4800,21.800409,12.768996,因子未变动
002271.SZ,2020-10-22,0.3333,35.0000,52.5000,33.441427,22.294282,因子未变动
002272.SZ,2009-06-19,0.1051,20.3600,22.7500,1.117387,1.000000,因子未变动
002272.SZ,2011-05-23,0.3335,13.1300,19.7000,1.696773,1.130895,因子未变动
002272.SZ,2012-03-14,0.5023,10.7600,21.6200,3.409316,1.696773,因子未变动
002273.SZ,2009-05-19,0.2385,22.9900,30.1900,1.313180,1.000000,因子未变动
002273.SZ,2010-05-21,0.2391,35.1000,46.1300,1.725840,1.313180,因子未变动
002273.SZ,2012-04-26,0.5083,14.8900,30.2800,3.509633,1.725840,因子未变动
002273.SZ,2013-05-22,0.3369,25.1900,37.9900,5.293011,3.509633,因子未变动
002273.SZ,2016-05-16,0.3354,20.7100,31.1600,8.053838,5.352856,因子未变动
002273.SZ,2018-05-23,0.2346,15.7600,20.5900,10.573569,8.093222,因子未变动
002273.SZ,2019-07-24,0.2363,10.3100,13.5000,13.845119,10.573569,因子未变动
002274.SZ,2010-06-25,0.2306,10.3100,13.4000,1.318907,1.014771,因子未变动
002274.SZ,2014-06-23,0.3373,6.1500,9.2800,2.004619,1.328492,因子未变动
002274.SZ,2019-06-10,0.3431,6.7400,10.2600,3.176601,2.086773,因子未变动
002275.SZ,2011-04-21,0.2380,18.2500,23.9500,1.337098,1.018874,因子未变动
002276.SZ,2010-04-07,0.5012,17.9700,36.0300,2.005008,1.000000,因子未变动
002276.SZ,2012-03-28,0.4488,7.0500,12.7900,3.637455,2.005008,因子未变动
002277.SZ,2010-04-30,0.4491,19.5300,35.4500,1.815156,1.000000,因子未变动
002277.SZ,2012-09-20,0.3750,9.8500,15.7600,2.950985,1.844366,因子未变动
002277.SZ,2017-03-27,0.5032,7.8600,15.8200,6.151587,3.056351,因子未变动
002278.SZ,2010-05-27,0.1736,14.7600,17.8600,1.210027,1.000000,因子未变动
002278.SZ,2011-04-15,0.1736,14.2800,17.2800,1.464234,1.210027,因子未变动
002278.SZ,2013-05-30,0.1014,11.3400,12.6200,1.658022,1.489855,因子未变动
002278.SZ,2014-06-11,0.1031,9.7400,10.8600,1.848678,1.658022,因子未变动
002278.SZ,2015-05-26,0.1349,16.0900,18.6000,2.137067,1.848678,因子未变动
002279.SZ,2010-05-21,0.4509,23.5000,42.8000,1.821277,1.000000,因子未变动
002279.SZ,2012-06-08,0.3817,11.0800,17.9200,2.986250,1.846409,因子未变动
002279.SZ,2016-05-12,0.6009,19.5200,48.9100,7.653186,3.054389,因子未变动
002279.SZ,2017-05-11,0.2320,13.2100,17.2000,9.964784,7.653186,因子未变动
002281.SZ,2017-04-14,0.6690,23.8500,72.0500,3.201348,1.059711,因子未变动
002282.SZ,2011-04-11,0.2394,16.8700,22.1800,1.340289,1.019417,因子未变动
002282.SZ,2015-04-10,0.3359,17.8700,26.9100,2.066144,1.372054,因子未变动
002283.SZ,2011-05-13,0.5016,14.3600,28.8100,2.013726,1.003717,因子未变动
002283.SZ,2016-07-28,0.5009,8.5600,17.1500,4.078644,2.035755,因子未变动
002284.SZ,2010-05-28,0.5023,21.8800,43.9600,2.009141,1.000000,因子未变动
002284.SZ,2011-05-26,0.3366,12.9500,19.5200,3.028450,2.009141,因子未变动
002284.SZ,2015-04-24,0.5018,12.6300,25.3500,6.295063,3.136357,因子未变动
002285.SZ,2010-05-04,0.4154,28.4300,48.6300,1.710517,1.000000,因子未变动
002285.SZ,2011-05-04,0.3380,18.6300,28.1400,2.583680,1.710517,因子未变动
002285.SZ,2013-05-10,0.2469,10.9500,14.5400,3.488489,2.627164,因子未变动
002285.SZ,2014-05-28,0.4482,8.4100,15.2400,6.321591,3.488489,因子未变动
002285.SZ,2015-04-27,0.3760,21.8400,35.0000,10.130755,6.321591,因子未变动
002285.SZ,2016-04-14,0.2878,9.8000,13.7600,14.224407,10.130755,因子未变动
002286.SZ,2010-06-03,0.2321,23.8200,31.0200,1.302267,1.000000,因子未变动
002286.SZ,2012-05-30,0.2351,12.8500,16.8000,1.702575,1.302267,因子未变动
002286.SZ,2014-06-09,0.5018,7.0100,14.0700,3.450709,1.719223,因子未变动
002287.SZ,2019-07-11,0.2407,21.9200,28.8700,1.486961,1.128999,因子未变动
002287.SZ,2021-07-08,0.0125,26.8600,27.2000,1.012658,1.511709,因子未变动
002287.SZ,2022-07-19,0.0240,23.9700,24.5600,1.568524,1.012658,因子未变动
002289.SZ,2017-07-05,0.3332,12.8500,19.2700,1.524424,1.016546,因子未变动
002290.SZ,2010-03-17,0.4462,33.2200,59.9900,1.805840,1.000000,因子未变动
002290.SZ,2012-05-04,0.2900,12.2400,17.2400,2.558885,1.816749,因子未变动
002291.SZ,2010-04-16,0.2318,18.0900,23.5500,1.301824,1.000000,因子未变动
002291.SZ,2011-04-29,0.2306,10.9100,14.1800,1.692014,1.301824,因子未变动
002292.SZ,2010-05-04,0.3750,28.5000,45.6000,1.600000,1.000000,因子未变动
002292.SZ,2011-05-11,0.3809,19.9600,32.2400,2.584369,1.600000,因子未变动
002292.SZ,2013-04-18,0.3348,13.3100,20.0100,3.923363,2.609693,因子未变动
002292.SZ,2015-06-02,0.5005,37.8500,75.7800,7.881098,3.936389,因子未变动
002293.SZ,2013-05-31,0.5073,23.1400,46.9700,2.129402,1.049060,因子未变动
002293.SZ,2015-05-28,0.6051,30.8200,78.0500,5.483120,2.165147,因子未变动
002293.SZ,2019-05-29,0.1233,9.8100,11.1900,6.606899,5.792107,因子未变动
002294.SZ,2010-04-20,0.5032,77.4500,155.8900,2.012782,1.000000,因子未变动
002294.SZ,2011-05-03,0.3811,38.1200,61.5900,3.252027,2.012782,因子未变动
002294.SZ,2012-05-04,0.1787,25.1800,30.6600,3.959775,3.252027,因子未变动
002294.SZ,2013-05-09,0.3412,38.9400,59.1100,6.010846,3.959775,因子未变动
002294.SZ,2015-04-24,0.3830,33.3600,54.0700,9.945154,6.135941,因子未变动
002295.SZ,2011-05-16,0.3389,11.8400,17.9100,1.524580,1.007874,因子未变动
002296.SZ,2010-04-01,0.4162,53.3900,91.4600,1.713055,1.000000,因子未变动
002296.SZ,2011-05-13,0.4157,30.9700,53.0000,2.931608,1.713055,因子未变动
002296.SZ,2014-10-28,0.4117,18.6800,31.7500,5.074867,2.985780,因子未变动
002297.SZ,2010-05-17,0.5008,15.4400,30.9300,2.003238,1.000000,因子未变动
002297.SZ,2013-07-11,0.3355,8.0600,12.1300,3.014799,2.003238,因子未变动
002298.SZ,2010-06-11,0.3354,13.7900,20.7500,1.504714,1.000000,因子未变动
002298.SZ,2012-04-09,0.5008,9.6200,19.2700,3.035784,1.515529,因子未变动
002299.SZ,2011-02-24,0.5032,18.9200,38.0800,2.023337,1.005293,因子未变动
002300.SZ,2010-04-28,0.3454,23.6300,36.1000,1.527719,1.000000,因子未变动
002300.SZ,2011-06-01,0.3496,12.1300,18.6500,2.348884,1.527719,因子未变动
002300.SZ,2014-06-11,0.3628,5.8300,9.1500,3.978292,2.534802,因子未变动
002300.SZ,2016-07-05,0.1838,8.0400,9.8500,5.018620,4.096417,因子未变动
002300.SZ,2019-07-03,0.1052,7.0600,7.8900,5.861478,5.244871,因子未变动
002300.SZ,2020-07-01,0.1080,5.7800,6.4800,6.571345,5.861478,因子未变动
002300.SZ,2023-07-05,0.1012,8.1700,9.0900,7.613342,6.842794,因子未变动
002301.SZ,2010-07-19,0.3408,17.8500,27.0800,1.517087,1.000000,因子未变动
002301.SZ,2012-07-05,0.5036,6.2300,12.5500,3.056090,1.517087,因子未变动
002301.SZ,2018-05-28,0.3354,10.5000,15.8000,4.633471,3.079205,因子未变动
002301.SZ,2024-05-28,0.0145,5.4500,5.5300,4.917354,1.007376,因子未变动
002302.SZ,2010-07-01,0.3401,19.1300,28.9900,1.515421,1.000000,因子未变动
002302.SZ,2013-05-22,0.2271,11.9100,15.4100,1.977071,1.528028,因子未变动
002302.SZ,2016-05-04,0.5031,7.8900,15.8800,4.028539,2.001585,因子未变动
002303.SZ,2013-10-09,0.4999,18.9500,37.8900,2.023849,1.012192,因子未变动
002303.SZ,2014-06-12,0.5016,10.6800,21.4300,4.060964,2.023849,因子未变动
002303.SZ,2015-07-03,0.5008,23.8100,47.7000,8.135572,4.060964,因子未变动
002303.SZ,2024-09-18,0.1096,2.6000,2.9200,11.676510,10.396892,因子未变动
002304.SZ,2011-05-13,0.5022,115.5000,232.0000,2.020500,1.005895,因子未变动
002304.SZ,2012-06-01,0.1740,142.0800,172.0000,2.445988,2.020500,因子未变动
002304.SZ,2015-06-18,0.2989,75.7600,108.0600,3.738842,2.621272,因子未变动
002305.SZ,2011-04-22,0.5031,8.6900,17.4900,2.025839,1.006549,因子未变动
002305.SZ,2015-05-25,0.3386,8.4000,12.7000,3.211952,2.124441,因子未变动
002306.SZ,2012-05-11,0.5110,10.8800,22.2500,2.064048,1.009296,因子未变动
002306.SZ,2013-07-01,0.5055,3.1400,6.3500,4.174109,2.064048,因子未变动
002307.SZ,2011-09-21,0.4997,8.8900,17.7700,2.007989,1.004559,因子未变动
002307.SZ,2014-05-28,0.2306,5.9400,7.7200,2.609709,2.007989,因子未变动
002307.SZ,2018-05-22,0.3752,6.8100,10.9000,4.193103,2.619727,因子未变动
002309.SZ,2010-04-16,0.4452,37.9100,68.3300,1.802427,1.000000,因子未变动
002309.SZ,2012-05-16,0.5024,10.1600,20.4200,3.635806,1.809000,因子未变动
002310.SZ,2010-03-19,0.3347,102.4500,153.9800,1.502977,1.000000,因子未变动
002310.SZ,2010-08-26,0.5004,108.8900,217.9700,3.008577,1.502977,因子未变动
002310.SZ,2012-06-08,0.4986,49.4900,98.7000,6.000132,3.008577,因子未变动
002310.SZ,2013-05-22,0.5012,47.3800,94.9800,12.028123,6.000132,因子未变动
002310.SZ,2014-06-23,0.3364,16.7300,25.2100,18.124867,12.028123,因子未变动
002310.SZ,2016-07-18,0.6009,10.3100,25.8300,45.479994,18.153258,因子未变动
002311.SZ,2010-06-10,0.2354,25.9500,33.9400,1.307900,1.000000,因子未变动
002311.SZ,2011-06-03,0.5034,13.9500,28.0900,2.633613,1.307900,因子未变动
002311.SZ,2012-05-18,0.2361,16.5000,21.6000,3.447639,2.633613,因子未变动
002311.SZ,2013-05-20,0.2367,15.0300,19.6900,4.516568,3.447639,因子未变动
002311.SZ,2015-06-26,0.2908,15.2700,21.5300,6.504755,4.613452,因子未变动
002312.SZ,2010-05-20,0.5034,21.6200,43.5400,2.013876,1.000000,因子未变动
002312.SZ,2011-05-11,0.3333,15.8000,23.7000,3.020814,2.013876,因子未变动
002312.SZ,2013-07-08,0.5060,7.8200,15.8300,6.167066,3.046523,因子未变动
002312.SZ,2014-10-23,0.1046,25.1600,28.1000,6.912422,6.189200,因子未变动
002312.SZ,2015-06-02,0.4291,55.4900,97.2000,12.108261,6.912422,因子未变动
002312.SZ,2016-07-18,0.3350,12.1900,18.3300,18.207090,12.108261,因子未变动
002313.SZ,2012-04-17,0.5032,23.1200,46.5400,2.031438,1.009171,因子未变动
002313.SZ,2013-05-10,0.2396,19.6800,25.8800,2.671423,2.031438,因子未变动
002314.SZ,2014-07-18,0.5059,4.1600,8.4200,2.133711,1.054185,因子未变动
002314.SZ,2023-08-21,0.0109,3.6400,3.6800,1.000000,2.367394,因子未变动
002315.SZ,2017-05-25,0.5090,26.9100,54.8100,2.292901,1.125743,因子未变动
002315.SZ,2020-03-10,0.2532,19.0500,25.5100,3.251937,2.428436,因子未变动
002315.SZ,2026-04-23,0.2428,33.6200,44.4000,5.238200,3.966400,因子未变动
002316.SZ,2010-05-20,0.2338,20.3500,26.5600,1.305160,1.000000,因子未变动
002316.SZ,2011-07-06,0.2882,11.3600,15.9600,1.833657,1.305160,因子未变动
002316.SZ,2012-07-18,0.3363,6.7700,10.2000,2.762674,1.833657,因子未变动
002316.SZ,2013-06-18,0.1695,8.3300,10.0300,3.326486,2.762674,因子未变动
002317.SZ,2010-05-13,0.3389,39.6400,59.9600,1.512614,1.000000,因子未变动
002317.SZ,2011-05-13,0.3419,25.5800,38.8700,2.298487,1.512614,因子未变动
002317.SZ,2013-03-11,0.5074,16.4000,33.2900,4.750362,2.340220,因子未变动
002317.SZ,2015-09-01,0.5018,12.4000,24.8900,9.745403,4.855083,因子未变动
002318.SZ,2010-05-12,0.2334,22.0100,28.7100,1.304407,1.000000,因子未变动
002318.SZ,2012-04-25,0.3370,11.5900,17.4800,1.978971,1.312144,因子未变动
002318.SZ,2015-10-21,0.6000,15.3800,38.4500,5.060783,2.024313,因子未变动
002319.SZ,2013-03-04,0.5023,10.6200,21.3400,2.040144,1.015292,因子未变动
002320.SZ,2010-05-12,0.2398,38.6200,50.8000,1.315381,1.000000,因子未变动
002320.SZ,2011-06-10,0.3879,17.6900,28.9000,2.148926,1.315381,因子未变动
002320.SZ,2012-04-25,0.2508,11.6500,15.5500,2.868309,2.148926,因子未变动
002320.SZ,2018-06-06,0.2367,20.3200,26.6200,3.842280,2.932950,因子未变动
002320.SZ,2019-05-29,0.3406,9.3500,14.1800,5.827115,3.842280,因子未变动
002320.SZ,2020-04-27,0.3409,11.3500,17.2200,8.840786,5.827115,因子未变动
002320.SZ,2021-04-29,0.3429,6.4000,9.7400,13.454572,8.840786,因子未变动
002321.SZ,2012-04-18,0.5027,8.3300,16.7500,2.043712,1.016365,因子未变动
002322.SZ,2012-04-17,0.5025,19.9800,40.1600,2.031042,1.010464,因子未变动
002322.SZ,2013-05-15,0.5018,13.5500,27.2000,4.077074,2.031042,因子未变动
002322.SZ,2026-04-30,0.0257,12.1200,12.4400,5.869100,5.869100,因子未变动
002323.SZ,2013-05-17,0.2475,13.7400,18.2600,1.409046,1.060257,因子未变动
002323.SZ,2016-04-27,0.6675,15.2600,45.9000,4.285486,1.424761,因子未变动
002323.SZ,2022-01-06,0.4461,2.9800,5.3800,7.759310,4.297908,因子未变动
002324.SZ,2011-04-20,0.5012,18.9000,37.8900,2.023492,1.009343,因子未变动
002324.SZ,2018-05-28,0.3365,14.8100,22.3200,3.174985,2.106699,因子未变动
002324.SZ,2019-05-21,0.2432,9.6800,12.7900,4.195048,3.174985,因子未变动
002324.SZ,2020-04-22,0.3781,13.1400,21.1300,6.745918,4.195048,因子未变动
002324.SZ,2021-05-28,0.1694,13.6300,16.4100,8.121827,6.745918,因子未变动
002326.SZ,2011-06-10,0.4443,26.0600,46.9000,1.810901,1.006228,因子未变动
002326.SZ,2015-04-29,0.6436,17.9200,50.2800,5.136564,1.830693,因子未变动
002327.SZ,2010-07-08,0.2394,34.3200,45.1200,1.314685,1.000000,因子未变动
002327.SZ,2012-05-11,0.1666,38.9700,46.7600,1.602436,1.335478,因子未变动
002327.SZ,2013-05-22,0.5041,17.7300,35.7500,3.231083,1.602436,因子未变动
002327.SZ,2014-04-30,0.2361,10.4500,13.6800,4.229781,3.231083,因子未变动
002327.SZ,2015-05-14,0.5020,12.1500,24.4000,8.494376,4.229781,因子未变动
002328.SZ,2012-05-16,0.3428,7.1500,10.8800,1.561613,1.026244,因子未变动
002328.SZ,2019-06-12,0.4194,4.8600,8.3700,2.761746,1.603595,因子未变动
002329.SZ,2011-05-27,0.5011,19.7000,39.4900,2.021499,1.008446,因子未变动
002329.SZ,2015-09-23,0.6429,12.5000,35.0000,5.816822,2.077436,因子未变动
002330.SZ,2013-04-24,0.5000,5.9000,11.8000,2.030395,1.015198,因子未变动
002331.SZ,2010-05-07,0.2410,28.5400,37.6000,1.317449,1.000000,因子未变动
002331.SZ,2011-04-08,0.4158,16.8600,28.8600,2.255135,1.317449,因子未变动
002331.SZ,2013-05-09,0.3793,9.0000,14.5000,3.674374,2.280646,因子未变动
002331.SZ,2015-03-26,0.1692,14.0900,16.9600,4.430084,3.680418,因子未变动
002331.SZ,2016-05-12,0.1688,16.5400,19.9000,5.330028,4.430084,因子未变动
002332.SZ,2014-05-08,0.3336,7.8500,11.7800,1.627016,1.084217,因子未变动
002332.SZ,2017-05-18,0.3386,8.3200,12.5800,2.498431,1.652380,因子未变动
002333.SZ,2010-06-09,0.3828,14.8000,23.9800,1.620270,1.000000,因子未变动
002333.SZ,2016-05-27,0.5052,9.6000,19.4000,3.535628,1.749589,因子未变动
002334.SZ,2010-09-16,0.4752,52.4600,99.9700,1.922066,1.008618,因子未变动
002334.SZ,2012-05-29,0.4501,13.0600,23.7500,3.495334,1.922066,因子未变动
002334.SZ,2013-05-16,0.3792,9.1500,14.7400,5.630734,3.495334,因子未变动
002334.SZ,2015-04-30,0.5031,13.0200,26.2000,11.412830,5.671566,因子未变动
002335.SZ,2011-04-14,0.5067,29.2700,59.3400,2.042435,1.007450,因子未变动
002335.SZ,2012-05-30,0.2921,11.6100,16.4000,2.885093,2.042435,因子未变动
002335.SZ,2020-09-28,0.4117,17.6200,29.9500,5.756484,3.386619,因子未变动
002337.SZ,2011-05-24,0.3814,14.9700,24.2000,1.631754,1.009395,因子未变动
002337.SZ,2015-03-06,0.6666,12.1700,36.5000,5.185764,1.729062,因子未变动
002338.SZ,2012-05-14,0.3433,24.1600,36.7900,1.555407,1.021436,因子未变动
002338.SZ,2017-07-07,0.5029,17.4000,35.0000,3.218723,1.600165,因子未变动
002339.SZ,2012-04-13,0.5036,13.0300,26.2500,2.032818,1.009052,因子未变动
002339.SZ,2013-05-24,0.5023,10.7400,21.5800,4.084563,2.032818,因子未变动
002339.SZ,2019-05-23,0.2367,6.2900,8.2400,5.452758,4.162360,因子未变动
002340.SZ,2010-06-21,0.2340,54.8500,71.6100,1.305561,1.000000,因子未变动
002340.SZ,2011-05-26,0.5011,22.6300,45.3600,2.616890,1.305561,因子未变动
002340.SZ,2012-05-29,0.5045,11.0500,22.3000,5.281145,2.616890,因子未变动
002340.SZ,2013-06-21,0.2337,10.2000,13.3100,6.891377,5.281145,因子未变动
002340.SZ,2015-05-15,0.2313,16.0500,20.8800,8.996843,6.915677,因子未变动
002340.SZ,2016-06-01,0.5007,7.0500,14.1200,18.019210,8.996843,因子未变动
002340.SZ,2017-05-19,0.2315,5.4100,7.0400,23.448286,18.019210,因子未变动
002342.SZ,2010-03-25,0.1765,20.8100,25.2700,1.214320,1.000000,因子未变动
002342.SZ,2011-10-11,0.4996,6.7200,13.4300,2.443012,1.222416,因子未变动
002343.SZ,2011-05-26,0.5078,15.4300,31.3500,2.062541,1.015152,因子未变动
002343.SZ,2018-06-22,0.2911,17.4100,24.5600,3.201424,2.269414,因子未变动
002344.SZ,2011-05-26,0.5053,22.8000,46.0900,2.039708,1.009012,因子未变动
002344.SZ,2013-05-31,0.5030,20.0300,40.3000,4.144797,2.060057,因子未变动
002345.SZ,2010-05-21,0.3401,31.9700,48.4500,1.515483,1.000000,因子未变动
002345.SZ,2013-05-22,0.5061,11.7100,23.7100,3.160227,1.560787,因子未变动
002345.SZ,2014-09-26,0.5000,9.0000,18.0000,6.380572,3.190286,因子未变动
002346.SZ,2014-03-21,0.4998,10.5300,21.0500,2.049912,1.025443,因子未变动
002347.SZ,2013-04-02,0.4460,8.0600,14.5500,1.875529,1.038953,因子未变动
002347.SZ,2016-09-23,0.5000,10.1500,20.3000,3.755082,1.877541,因子未变动
002348.SZ,2011-06-10,0.3846,11.8100,19.1900,1.634503,1.005914,因子未变动
002348.SZ,2013-05-02,0.5036,6.2500,12.5900,3.378138,1.676995,因子未变动
002348.SZ,2016-05-11,0.5014,6.9500,13.9400,6.847337,3.413845,因子未变动
002349.SZ,2011-03-01,0.2023,27.6000,34.6000,1.257516,1.003106,因子未变动
002349.SZ,2012-05-02,0.5022,10.2700,20.6300,2.526053,1.257516,因子未变动
002349.SZ,2016-03-08,0.3351,25.7300,38.7000,3.838098,2.551790,因子未变动
002349.SZ,2017-03-14,0.5027,13.8000,27.7500,7.717915,3.838098,因子未变动
002350.SZ,2010-05-13,0.1818,22.7300,27.7800,1.222173,1.000000,因子未变动
002350.SZ,2012-05-23,0.4199,12.5600,21.6500,2.129919,1.235648,因子未变动
002350.SZ,2017-06-09,0.4142,19.9800,34.1100,3.769314,2.207883,因子未变动
002350.SZ,2018-05-28,0.1144,7.7400,8.7400,4.256305,3.769314,因子未变动
002350.SZ,2020-05-19,0.1014,5.0500,5.6200,4.830390,4.340475,因子未变动
002351.SZ,2011-05-10,0.5069,14.2000,28.8000,2.059584,1.015489,因子未变动
002351.SZ,2016-06-20,0.5034,13.9200,28.0300,4.434475,2.202208,因子未变动
002351.SZ,2020-05-29,0.3369,18.6000,28.0500,7.002724,4.643517,因子未变动
002352.SZ,2015-07-16,0.3334,25.3300,38.0000,1.675024,1.116536,因子未变动
002352.SZ,2016-05-26,0.5025,13.7800,27.7000,3.414091,1.698418,因子未变动
002353.SZ,2011-04-21,0.5028,71.3200,143.4300,2.025104,1.006975,因子未变动
002353.SZ,2012-04-17,0.5018,39.6100,79.5100,4.065035,2.025104,因子未变动
002353.SZ,2013-05-28,0.2328,71.3500,93.0000,5.298504,4.065035,因子未变动
002353.SZ,2014-06-09,0.3361,39.9000,60.1000,7.980955,5.298504,因子未变动
002354.SZ,2017-05-12,0.6451,22.9300,64.6100,2.867494,1.017670,因子未变动
002355.SZ,2013-03-22,0.5008,6.5300,13.0800,2.075598,1.036212,因子未变动
002356.SZ,2015-05-07,0.6672,28.9200,86.9000,3.202090,1.065644,因子未变动
002356.SZ,2018-07-17,0.4151,10.5100,17.9700,5.513051,3.224383,因子未变动
002357.SZ,2010-05-21,0.1708,17.5800,21.2000,1.205916,1.000000,因子未变动
002357.SZ,2011-05-18,0.5021,11.8700,23.8400,2.421991,1.205916,因子未变动
002357.SZ,2015-09-17,0.3749,10.4200,16.6700,4.105186,2.566049,因子未变动
002358.SZ,2011-06-21,0.5040,17.9300,36.1500,2.016174,1.000000,因子未变动
002358.SZ,2012-05-23,0.5038,12.5700,25.3300,4.062823,2.016174,因子未变动
002358.SZ,2015-06-15,0.5016,34.3400,68.9000,8.269980,4.121787,因子未变动
002360.SZ,2011-04-26,0.5040,18.4900,37.2800,2.016225,1.000000,因子未变动
002360.SZ,2013-04-25,0.3389,8.2900,12.5400,3.073852,2.032076,因子未变动
002360.SZ,2014-04-24,0.5036,6.2600,12.6100,6.191896,3.073852,因子未变动
002361.SZ,2011-05-30,0.5034,10.8200,21.7900,2.013863,1.000000,因子未变动
002361.SZ,2013-04-16,0.5084,5.5900,11.3700,4.096176,2.013863,因子未变动
002361.SZ,2016-06-08,0.5033,7.5500,15.2000,8.388058,4.166436,因子未变动
002362.SZ,2011-04-28,0.5000,26.9900,53.9800,2.000000,1.000000,因子未变动
002363.SZ,2014-06-17,0.5023,9.6300,19.3500,2.049450,1.019959,因子未变动
002363.SZ,2016-02-01,0.1394,12.5900,14.6300,2.384672,2.052154,因子未变动
002364.SZ,2011-05-27,0.3390,15.9300,24.1000,1.521526,1.005722,因子未变动
002364.SZ,2013-05-06,0.5030,11.4300,23.0000,3.090811,1.535998,因子未变动
002364.SZ,2015-05-19,0.5002,31.6700,63.3600,6.222611,3.110323,因子未变动
002365.SZ,2011-05-03,0.5044,16.8300,33.9600,2.047543,1.014728,因子未变动
002365.SZ,2018-05-15,0.3358,18.2600,27.4900,3.242449,2.153769,因子未变动
002366.SZ,2017-07-05,0.5010,23.9300,47.9600,2.293057,1.144138,因子未变动
002367.SZ,2010-04-29,0.1722,30.7100,37.1000,1.208076,1.000000,因子未变动
002367.SZ,2011-03-30,0.3403,19.1700,29.0600,1.831334,1.208076,因子未变动
002367.SZ,2012-03-28,0.3468,9.5100,14.5600,2.803809,1.831334,因子未变动
002367.SZ,2014-03-31,0.5096,7.6400,15.5800,5.842745,2.865120,因子未变动
002367.SZ,2018-09-26,0.1003,5.3800,5.9800,6.873451,6.183807,因子未变动
002368.SZ,2011-05-24,0.5068,21.2600,43.1100,2.027752,1.000000,因子未变动
002368.SZ,2012-06-11,0.1726,16.6300,20.1000,2.450860,2.027752,因子未变动
002368.SZ,2015-06-16,0.3348,65.5200,98.5000,3.740308,2.487970,因子未变动
002368.SZ,2020-07-09,0.2891,36.3600,51.1500,5.413081,3.847891,因子未变动
002369.SZ,2011-05-17,0.5065,18.8500,38.2000,2.055981,1.014535,因子未变动
002369.SZ,2014-05-15,0.5028,8.9900,18.0800,4.264351,2.120383,因子未变动
002370.SZ,2011-07-06,0.4155,13.2100,22.6000,1.710825,1.000000,因子未变动
002370.SZ,2017-09-20,0.5000,15.7000,31.4000,3.496902,1.748451,因子未变动
002371.SZ,2011-07-01,0.2319,53.0100,69.0100,1.301830,1.000000,因子未变动
002371.SZ,2012-03-27,0.4455,29.8300,53.8000,2.347920,1.301830,因子未变动
002371.SZ,2013-05-10,0.5013,18.9500,38.0000,4.708230,2.347920,因子未变动
002371.SZ,2025-07-03,0.2610,323.0100,437.1200,6.456999,4.771402,因子未变动
002372.SZ,2013-06-19,0.2659,12.8100,17.4500,1.448707,1.063492,因子未变动
002372.SZ,2014-05-21,0.2695,11.6300,15.9200,1.983097,1.448707,因子未变动
002372.SZ,2015-05-27,0.2470,21.4300,28.4600,2.633641,1.983097,因子未变动
002372.SZ,2016-06-20,0.2539,14.9600,20.0500,3.529713,2.633641,因子未变动
002372.SZ,2017-04-28,0.2523,16.0900,21.5200,4.720909,3.529713,因子未变动
002372.SZ,2018-06-07,0.2479,20.0500,26.6600,6.277278,4.720909,因子未变动
002372.SZ,2019-06-06,0.1930,15.2600,18.9100,7.778725,6.277278,因子未变动
002373.SZ,2013-05-27,0.4997,7.3000,14.5900,2.008295,1.004836,因子未变动
002373.SZ,2016-05-10,0.5014,16.0700,32.2300,4.041449,2.015082,因子未变动
002374.SZ,2011-05-10,0.3771,19.8400,31.8500,1.605343,1.000000,因子未变动
002374.SZ,2013-05-29,0.4551,8.7300,16.0200,2.972096,1.619625,因子未变动
002374.SZ,2016-04-18,0.5466,7.6900,16.9600,6.598138,2.991726,因子未变动
002375.SZ,2011-05-13,0.5016,36.4400,73.1200,2.006586,1.000000,因子未变动
002375.SZ,2012-06-07,0.3357,23.8600,35.9200,3.020812,2.006586,因子未变动
002375.SZ,2014-07-09,0.2349,18.0800,23.6300,3.960762,3.030494,因子未变动
002375.SZ,2015-06-04,0.3350,31.4900,47.3500,5.955608,3.960762,因子未变动
002376.SZ,2011-06-08,0.5040,17.8200,35.9300,2.026145,1.004896,因子未变动
002376.SZ,2013-06-14,0.5053,9.3700,18.9400,4.144150,2.050195,因子未变动
002377.SZ,2011-06-28,0.5000,8.8100,17.6200,2.028763,1.014382,因子未变动
002377.SZ,2014-07-03,0.5120,6.0800,12.4600,4.157630,2.028763,因子未变动
002378.SZ,2015-05-21,0.5000,17.1500,34.3000,2.076034,1.038017,因子未变动
002378.SZ,2023-06-05,0.2432,5.8800,7.7700,2.796409,2.116202,因子未变动
002379.SZ,2011-06-01,0.5015,15.2600,30.6100,2.005898,1.000000,因子未变动
002379.SZ,2013-05-03,0.4996,5.9800,11.9500,4.008441,2.005898,因子未变动
002379.SZ,2014-06-16,0.5000,3.3000,6.6000,8.016882,4.008441,因子未变动
002380.SZ,2014-05-14,0.3365,21.1800,31.9200,1.555180,1.031914,因子未变动
002380.SZ,2015-10-09,0.5009,25.1800,50.4500,3.125458,1.559941,因子未变动
002381.SZ,2011-05-23,0.3379,18.9300,28.5900,1.510301,1.000000,因子未变动
002381.SZ,2013-05-13,0.5076,9.7600,19.8200,3.113922,1.533394,因子未变动
002381.SZ,2015-05-11,0.3427,14.0600,21.3900,4.814543,3.164679,因子未变动
002382.SZ,2011-05-30,0.3382,18.5700,28.0600,1.511039,1.000000,因子未变动
002382.SZ,2012-05-30,0.5014,8.8100,17.6700,3.030654,1.511039,因子未变动
002382.SZ,2016-05-17,0.5082,11.7500,23.8900,6.270014,3.083828,因子未变动
002383.SZ,2011-05-26,0.1758,30.1500,36.5800,1.213267,1.000000,因子未变动
002383.SZ,2012-05-28,0.2373,18.4500,24.1900,1.590728,1.213267,因子未变动
002383.SZ,2017-05-23,0.6675,14.0400,42.2200,4.783513,1.590728,因子未变动
002384.SZ,2011-04-22,0.1666,44.6700,53.6000,1.203666,1.003130,因子未变动
002384.SZ,2012-06-06,0.5024,10.5000,21.1000,2.418796,1.203666,因子未变动
002384.SZ,2014-06-17,0.5002,10.6600,21.3300,4.839860,2.418796,因子未变动
002384.SZ,2018-08-28,0.3346,16.9200,25.4300,7.280074,4.843840,因子未变动
002385.SZ,2012-05-04,0.5041,18.2500,36.8000,2.042016,1.012685,因子未变动
002385.SZ,2013-05-28,0.5032,12.4500,25.0600,4.110275,2.042016,因子未变动
002385.SZ,2015-05-13,0.3360,17.5300,26.4000,6.244141,4.146204,因子未变动
002385.SZ,2016-05-11,0.3379,7.7000,11.6300,9.431086,6.244141,因子未变动
002386.SZ,2010-07-15,0.1687,15.7200,18.9100,1.202926,1.000000,因子未变动
002386.SZ,2015-06-08,0.2860,11.3100,15.8400,1.733912,1.238040,因子未变动
002386.SZ,2022-07-05,0.2489,8.7200,11.6100,2.380735,1.788115,因子未变动
002387.SZ,2011-05-26,0.4462,16.6700,30.1000,1.805639,1.000000,因子未变动
002387.SZ,2012-05-30,0.2350,13.7700,18.0000,2.360312,1.805639,因子未变动
002387.SZ,2015-05-20,0.3336,25.1100,37.6800,3.557546,2.370753,因子未变动
002388.SZ,2011-05-20,0.4446,13.6800,24.6300,1.800439,1.000000,因子未变动
002388.SZ,2015-08-20,0.4998,14.3000,28.5900,3.726502,1.863903,因子未变动
002389.SZ,2011-04-13,0.5017,29.2000,58.6000,2.006849,1.000000,因子未变动
002389.SZ,2012-02-20,0.3383,17.8200,26.9300,3.032798,2.006849,因子未变动
002389.SZ,2013-05-15,0.5020,8.7700,17.6100,6.089802,3.032798,因子未变动
002390.SZ,2011-05-05,0.5037,19.2400,38.7700,2.015073,1.000000,因子未变动
002390.SZ,2014-06-16,0.5006,21.2500,42.5500,4.063550,2.029387,因子未变动
002390.SZ,2015-05-25,0.6004,22.8200,57.1000,10.167777,4.063550,因子未变动
002391.SZ,2010-08-25,0.3794,35.8600,57.7800,1.611266,1.000000,因子未变动
002391.SZ,2011-05-10,0.2386,22.5600,29.6300,2.116215,1.611266,因子未变动
002391.SZ,2014-04-03,0.3421,15.0400,22.8600,3.322733,2.186085,因子未变动
002391.SZ,2019-05-08,0.3479,8.8300,13.5400,5.499257,3.586295,因子未变动
002392.SZ,2011-05-06,0.5029,21.4100,43.0700,2.023107,1.005682,因子未变动
002392.SZ,2011-09-26,0.4998,11.9300,23.8500,4.044518,2.023107,因子未变动
002392.SZ,2015-06-24,0.5009,10.8300,21.7000,8.247595,4.116196,因子未变动
002393.SZ,2023-06-30,0.0123,24.0700,24.3700,1.000000,1.190590,因子未变动
002393.SZ,2024-05-28,0.3024,17.8800,25.6300,1.727917,1.205429,因子未变动
002393.SZ,2026-04-28,0.1894,17.5500,21.6500,1.789700,1.789700,因子未变动
002394.SZ,2011-06-01,0.5039,19.0100,38.3200,2.030111,1.007109,因子未变动
002394.SZ,2014-06-05,0.3427,9.1700,13.9500,3.311016,2.176488,因子未变动
002395.SZ,2013-06-21,0.5065,7.5400,15.2800,2.099804,1.036160,因子未变动
002395.SZ,2020-05-20,0.3335,17.6500,26.4800,3.224379,2.149180,因子未变动
002396.SZ,2011-06-28,0.5016,14.3300,28.7500,2.006281,1.000000,因子未变动
002396.SZ,2015-05-29,0.3345,37.1100,55.7600,3.157255,2.101251,因子未变动
002397.SZ,2010-09-09,0.3415,43.2500,65.6800,1.518613,1.000000,因子未变动
002397.SZ,2011-07-06,0.3817,29.2900,47.3700,2.456015,1.518613,因子未变动
002397.SZ,2014-06-17,0.5122,10.0100,20.5200,5.207723,2.540414,因子未变动
002397.SZ,2015-05-26,0.5479,14.9500,33.0700,11.519692,5.207723,因子未变动
002398.SZ,2011-05-23,0.2351,20.2700,26.5000,1.307351,1.000000,因子未变动
002398.SZ,2012-07-05,0.2341,16.8200,21.9600,1.706862,1.307351,因子未变动
002398.SZ,2013-05-28,0.2343,17.3900,22.7100,2.229031,1.706862,因子未变动
002398.SZ,2015-05-28,0.2330,26.6900,34.8000,2.930203,2.247331,因子未变动
002398.SZ,2018-06-11,0.5076,6.4400,13.0800,6.056341,2.981868,因子未变动
002399.SZ,2011-04-29,0.5114,42.8200,87.6300,2.046474,1.000000,因子未变动
002399.SZ,2016-06-13,0.3882,17.4900,28.5900,3.620379,2.214776,因子未变动
002400.SZ,2011-05-10,0.4469,20.8800,37.7500,1.807950,1.000000,因子未变动
002400.SZ,2012-05-08,0.2372,18.0100,23.6100,2.370111,1.807950,因子未变动
002400.SZ,2013-05-14,0.5020,26.7900,53.8000,4.759686,2.370111,因子未变动
002400.SZ,2014-05-16,0.3365,21.8300,32.9000,7.173324,4.759686,因子未变动
002400.SZ,2015-05-15,0.3352,26.0200,39.1400,10.790312,7.173324,因子未变动
002400.SZ,2016-05-20,0.2339,12.8100,16.7200,14.083843,10.790312,因子未变动
002400.SZ,2017-06-08,0.2335,7.9100,10.3200,18.374875,14.083843,因子未变动
002401.SZ,2011-09-29,0.5000,17.3000,34.6000,2.000000,1.000000,因子未变动
002401.SZ,2012-07-20,0.4768,8.3300,15.9200,3.822329,2.000000,因子未变动
002401.SZ,2014-05-09,0.3331,8.8900,13.3300,5.757707,3.839911,因子未变动
002401.SZ,2021-07-08,0.1739,9.8300,11.9000,1.210580,5.871543,因子未变动
002401.SZ,2022-07-11,0.0134,8.8100,8.9300,7.204788,1.210580,因子未变动
002402.SZ,2011-06-01,0.3408,17.3100,26.2600,1.517042,1.000000,因子未变动
002402.SZ,2014-04-17,0.3415,16.4900,25.0400,2.369697,1.560555,因子未变动
002402.SZ,2015-05-08,0.5011,19.9000,39.8900,4.750112,2.369697,因子未变动
002402.SZ,2016-10-11,0.6006,11.1100,27.8200,11.959059,4.775886,因子未变动
002403.SZ,2015-10-13,0.2406,11.8700,15.6300,1.378101,1.046581,因子未变动
002404.SZ,2011-05-26,0.2441,13.2200,17.4900,1.336441,1.010163,因子未变动
002404.SZ,2012-05-16,0.3488,8.5700,13.1600,2.052224,1.336441,因子未变动
002404.SZ,2015-05-20,0.5040,11.7600,23.7100,4.396085,2.180429,因子未变动
002404.SZ,2026-04-30,0.0416,6.9200,7.2200,6.052500,6.052500,因子未变动
002405.SZ,2011-04-18,0.1698,33.6500,40.5300,1.204458,1.000000,因子未变动
002405.SZ,2012-04-18,0.1740,15.6200,18.9100,1.458149,1.204458,因子未变动
002405.SZ,2013-04-23,0.1709,11.5500,13.9300,1.758617,1.458149,因子未变动
002405.SZ,2016-06-20,0.3344,22.1900,33.3400,2.653440,1.766042,因子未变动
002405.SZ,2019-06-17,0.3339,15.8000,23.7200,4.000382,2.664673,因子未变动
002406.SZ,2011-05-27,0.3411,17.2500,26.1800,1.528294,1.006993,因子未变动
002406.SZ,2015-05-28,0.5030,16.4900,33.1800,3.332295,1.656104,因子未变动
002407.SZ,2011-04-29,0.2331,49.7700,64.9000,1.303998,1.000000,因子未变动
002407.SZ,2011-10-18,0.3749,30.1900,48.3000,2.086225,1.303998,因子未变动
002407.SZ,2016-05-12,0.6006,39.2200,98.2000,5.326586,2.127380,因子未变动
002407.SZ,2023-04-25,0.2979,23.1200,32.9300,8.079521,5.672594,因子未变动
002408.SZ,2011-05-06,0.4487,35.7800,64.9000,1.813862,1.000000,因子未变动
002408.SZ,2012-06-12,0.1783,17.4200,21.2000,2.207456,1.813862,因子未变动
002408.SZ,2015-06-12,0.1488,25.2800,29.7000,2.656774,2.261389,因子未变动
002408.SZ,2016-06-07,0.5522,5.7000,12.7300,5.933463,2.656774,因子未变动
002408.SZ,2021-09-29,0.2859,12.6400,17.7000,8.821332,6.299528,因子未变动
002409.SZ,2012-05-08,0.3388,16.5900,25.0900,1.519752,1.004890,因子未变动
002409.SZ,2016-05-23,0.5028,15.2700,30.7100,3.124661,1.553682,因子未变动
002410.SZ,2010-07-15,0.1759,44.6000,54.1200,1.213453,1.000000,因子未变动
002410.SZ,2010-09-28,0.3333,53.5900,80.3800,1.820066,1.213453,因子未变动
002410.SZ,2011-03-29,0.3404,37.5700,56.9600,2.759408,1.820066,因子未变动
002410.SZ,2012-04-20,0.3438,20.9200,31.8800,4.205064,2.759408,因子未变动
002410.SZ,2013-06-06,0.2460,18.8200,24.9600,5.576960,4.205064,因子未变动
002410.SZ,2014-06-09,0.2939,24.8700,35.2200,7.897891,5.576960,因子未变动
002410.SZ,2015-05-08,0.3403,25.0900,38.0300,11.971175,7.897891,因子未变动
002410.SZ,2023-05-15,0.2900,37.2300,52.4400,17.980460,12.765305,因子未变动
002412.SZ,2011-05-23,0.5106,23.0900,47.1800,2.043309,1.000000,因子未变动
002412.SZ,2014-05-23,0.5079,15.6100,31.7200,4.152066,2.043309,因子未变动
002412.SZ,2019-05-30,0.4118,12.2000,20.7400,7.273974,4.278808,因子未变动
002413.SZ,2011-10-10,0.3370,12.2000,18.4000,1.508197,1.000000,因子未变动
002413.SZ,2016-05-13,0.6814,14.1700,44.4700,4.923277,1.568762,因子未变动
002414.SZ,2013-09-04,0.5000,12.6800,25.3600,2.101986,1.050993,因子未变动
002414.SZ,2019-05-08,0.3343,15.4900,23.2700,3.168940,2.109449,因子未变动
002414.SZ,2020-06-02,0.4144,27.2600,46.5500,5.411377,3.168940,因子未变动
002414.SZ,2021-06-01,0.2904,27.0700,38.1500,7.626304,5.411377,因子未变动
002414.SZ,2022-05-26,0.3006,11.6100,16.6000,10.904104,7.626304,因子未变动
002414.SZ,2023-06-20,0.2404,7.7100,10.1500,14.354948,10.904104,因子未变动
002415.SZ,2011-04-20,0.5037,40.0500,80.6900,2.029515,1.007338,因子未变动
002415.SZ,2012-06-13,0.5039,25.6500,51.7000,4.090680,2.029515,因子未变动
002415.SZ,2013-07-10,0.5040,18.1800,36.6500,8.246613,4.090680,因子未变动
002415.SZ,2016-05-18,0.3475,21.3700,32.7500,12.990374,8.476466,因子未变动
002415.SZ,2017-05-16,0.3434,26.3700,40.1600,19.783595,12.990374,因子未变动
002416.SZ,2011-11-08,0.5000,15.1700,30.3400,2.000000,1.000000,因子未变动
002416.SZ,2018-06-06,0.1871,6.4300,7.9100,2.599422,2.113058,因子未变动
002418.SZ,2011-06-10,0.3804,10.4400,16.8500,1.613985,1.000000,因子未变动
002418.SZ,2016-05-19,0.6679,8.2500,24.8400,4.962568,1.648196,因子未变动
002419.SZ,2011-04-29,0.5066,22.0600,44.7100,2.026745,1.000000,因子未变动
002419.SZ,2018-04-19,0.3487,12.7000,19.5000,3.710165,2.416364,因子未变动
002421.SZ,2011-04-29,0.2309,20.3200,26.4200,1.300197,1.000000,因子未变动
002421.SZ,2012-10-16,0.5000,13.6500,27.3000,2.634297,1.317149,因子未变动
002421.SZ,2015-05-12,0.5463,21.6900,47.8100,5.849935,2.653945,因子未变动
002421.SZ,2016-10-18,0.6665,7.2300,21.6800,17.601339,5.869819,因子未变动
002422.SZ,2011-04-29,0.5020,63.7500,128.0000,2.007843,1.000000,因子未变动
002422.SZ,2014-07-01,0.3375,26.4000,39.8500,3.058630,2.026294,因子未变动
002422.SZ,2015-07-22,0.5029,20.3100,40.8600,6.153403,3.058630,因子未变动
002424.SZ,2010-10-29,0.3811,31.8500,51.4600,1.615699,1.000000,因子未变动
002424.SZ,2011-07-15,0.5069,21.2000,42.9900,3.276362,1.615699,因子未变动
002424.SZ,2015-10-20,0.6667,23.6700,71.0200,10.295491,3.431347,因子未变动
002425.SZ,2011-04-01,0.5017,20.3900,40.9200,2.006866,1.000000,因子未变动
002425.SZ,2013-04-02,0.2357,7.4900,9.8000,2.641343,2.018741,因子未变动
002425.SZ,2017-06-02,0.3770,8.6100,13.8200,4.265899,2.657698,因子未变动
002426.SZ,2014-04-21,0.5024,9.3300,18.7500,2.070314,1.030188,因子未变动
002426.SZ,2016-06-21,0.6006,10.1800,25.4900,5.208746,2.080229,因子未变动
002427.SZ,2011-06-24,0.2356,12.7800,16.7200,1.308294,1.000000,因子未变动
002427.SZ,2015-05-07,0.2880,12.2400,17.1900,1.847252,1.315321,因子未变动
002428.SZ,2011-05-27,0.2327,46.6600,60.8100,1.303258,1.000000,因子未变动
002428.SZ,2012-04-24,0.5010,21.8800,43.8500,2.611876,1.303258,因子未变动
002428.SZ,2013-05-13,0.5017,14.6700,29.4400,5.241556,2.611876,因子未变动
002429.SZ,2011-07-07,0.3436,12.6100,19.2100,1.523394,1.000000,因子未变动
002429.SZ,2013-06-21,0.3435,8.5800,13.0700,2.357880,1.547866,因子未变动
002429.SZ,2014-06-11,0.3330,7.6300,11.4400,3.535275,2.357880,因子未变动
002429.SZ,2017-06-09,0.6010,3.3000,8.2700,8.957533,3.574348,因子未变动
002430.SZ,2011-05-25,0.3377,20.3200,30.6800,1.509843,1.000000,因子未变动
002430.SZ,2012-05-07,0.2667,14.7400,20.1000,2.058876,1.509843,因子未变动
002431.SZ,2010-10-21,0.3774,65.2500,104.8000,1.606130,1.000000,因子未变动
002431.SZ,2011-04-18,0.5007,36.2300,72.5600,3.216694,1.606130,因子未变动
002431.SZ,2013-05-22,0.1682,21.7600,26.1600,3.875409,3.223582,因子未变动
002431.SZ,2016-05-06,0.6000,12.9600,32.4000,9.784136,3.913654,因子未变动
002432.SZ,2011-05-27,0.5043,11.6400,23.4800,2.017182,1.000000,因子未变动
002432.SZ,2013-05-31,0.3336,9.8900,14.8400,3.060802,2.039847,因子未变动
002434.SZ,2011-09-14,0.4998,12.8500,25.6900,2.013605,1.007194,因子未变动
002434.SZ,2015-05-14,0.3384,17.8500,26.9800,3.160921,2.091269,因子未变动
002434.SZ,2016-04-11,0.5033,11.4500,23.0500,6.363252,3.160921,因子未变动
002436.SZ,2011-05-13,0.5039,25.1500,50.7000,2.015905,1.000000,因子未变动
002436.SZ,2015-05-20,0.5021,24.1400,48.4800,4.228562,2.105559,因子未变动
002436.SZ,2016-10-28,0.6667,7.6400,22.9200,12.722243,4.240748,因子未变动
002437.SZ,2011-03-29,0.5036,34.2500,68.9900,2.014307,1.000000,因子未变动
002437.SZ,2014-09-19,0.6000,23.2900,58.2200,5.162643,2.065235,因子未变动
002437.SZ,2016-06-03,0.6694,9.6200,29.1000,15.666526,5.179106,因子未变动
002438.SZ,2012-05-10,0.5017,14.9500,30.0000,2.015298,1.004290,因子未变动
002438.SZ,2017-06-06,0.5012,8.3700,16.7800,4.084230,2.037247,因子未变动
002439.SZ,2011-09-19,0.5000,19.2400,38.4800,2.000000,1.000000,因子未变动
002439.SZ,2014-05-14,0.5015,14.8900,29.8700,4.060903,2.024333,因子未变动
002439.SZ,2015-05-18,0.5003,33.4800,67.0000,8.126657,4.060903,因子未变动
002440.SZ,2011-06-24,0.2449,20.6900,27.4000,1.324311,1.000000,因子未变动
002440.SZ,2013-10-15,0.4998,16.4500,32.8900,2.767519,1.384180,因子未变动
002440.SZ,2018-06-19,0.3483,13.1900,20.2400,4.630610,3.017675,因子未变动
002441.SZ,2011-04-11,0.5048,25.3200,51.1300,2.019352,1.000000,因子未变动
002441.SZ,2015-05-22,0.5036,19.9300,40.1500,4.299275,2.134111,因子未变动
002442.SZ,2011-04-29,0.3827,9.5800,15.5200,1.620042,1.000000,因子未变动
002442.SZ,2012-04-11,0.3475,6.2900,9.6400,2.482862,1.620042,因子未变动
002443.SZ,2011-06-02,0.2349,14.4600,18.9000,1.307054,1.000000,因子未变动
002443.SZ,2012-06-05,0.4195,6.9600,11.9900,2.251663,1.307054,因子未变动
002443.SZ,2013-10-10,0.1758,7.5500,9.1600,2.731819,2.251663,因子未变动
002443.SZ,2014-06-20,0.1781,5.6300,6.8500,3.323794,2.731819,因子未变动
002443.SZ,2021-07-08,0.0547,6.0500,6.4000,1.057851,3.678753,因子未变动
002443.SZ,2022-05-30,0.0447,8.5400,8.9400,4.073849,1.057851,因子未变动
002444.SZ,2011-04-26,0.5122,19.9800,40.9600,2.050050,1.000000,因子未变动
002444.SZ,2013-09-13,0.4997,7.5200,15.0300,4.176352,2.089565,因子未变动
002445.SZ,2011-08-16,0.5122,17.4200,35.7100,2.065834,1.007752,因子未变动
002445.SZ,2015-07-13,0.5002,28.8900,57.8000,4.205361,2.101953,因子未变动
002445.SZ,2018-07-16,0.4147,4.9400,8.4400,7.211541,4.220973,因子未变动
002446.SZ,2011-05-31,0.2370,18.3200,24.0100,1.310590,1.000000,因子未变动
002446.SZ,2015-06-10,0.5456,38.4500,84.6100,2.898390,1.317138,因子未变动
002446.SZ,2017-06-09,0.4133,11.5400,19.6700,4.946757,2.902165,因子未变动
002448.SZ,2013-07-22,0.5055,13.0500,26.3900,2.059975,1.018669,因子未变动
002448.SZ,2015-06-04,0.6015,21.6400,54.3000,5.261361,2.096793,因子未变动
002449.SZ,2012-05-21,0.5072,8.5600,17.3700,2.044417,1.007496,因子未变动
002449.SZ,2018-05-11,0.2451,13.0900,17.3400,2.879273,2.173569,因子未变动
002451.SZ,2012-06-15,0.3336,7.7100,11.5700,1.500649,1.000000,因子未变动
002451.SZ,2014-04-24,0.4996,6.3500,12.6900,3.026447,1.514416,因子未变动
002452.SZ,2012-05-23,0.2378,12.8500,16.8600,1.317840,1.004403,因子未变动
002452.SZ,2014-04-25,0.5030,8.2900,16.6800,2.697583,1.340705,因子未变动
002452.SZ,2015-04-30,0.5023,10.8800,21.8600,5.419960,2.697583,因子未变动
002453.SZ,2012-09-25,0.5000,9.6200,19.2400,2.028713,1.014357,因子未变动
002453.SZ,2014-04-21,0.5016,6.1300,12.3000,4.122454,2.054524,因子未变动
002454.SZ,2011-06-03,0.2470,17.7700,23.6000,1.328081,1.000000,因子未变动
002454.SZ,2014-06-09,0.2459,11.4100,15.1300,1.805659,1.361703,因子未变动
002454.SZ,2018-05-28,0.3398,6.4700,9.8000,2.799678,1.848359,因子未变动
002455.SZ,2011-05-26,0.3406,18.3300,27.8000,1.516639,1.000000,因子未变动
002455.SZ,2014-05-27,0.4523,8.0400,14.6800,2.822215,1.545682,因子未变动
002455.SZ,2015-05-12,0.5060,9.9300,20.1000,5.712640,2.822215,因子未变动
002456.SZ,2011-04-29,0.5015,24.7200,49.5900,2.006068,1.000000,因子未变动
002456.SZ,2013-04-16,0.5012,40.5800,81.3600,4.022023,2.006068,因子未变动
002456.SZ,2014-04-22,0.5020,23.4500,47.0900,8.076634,4.022023,因子未变动
002456.SZ,2017-06-12,0.6010,16.7600,42.0000,20.346551,8.119242,因子未变动
002457.SZ,2011-05-17,0.3816,17.5000,28.3000,1.617143,1.000000,因子未变动
002457.SZ,2012-05-11,0.3375,10.6000,16.0000,2.440970,1.617143,因子未变动
002458.SZ,2011-05-24,0.2378,24.8100,32.5500,1.311971,1.000000,因子未变动
002458.SZ,2012-05-04,0.5151,16.0600,33.1200,2.705634,1.311971,因子未变动
002458.SZ,2019-04-09,0.4146,23.3500,39.8900,4.622173,2.705634,因子未变动
002458.SZ,2020-03-19,0.4302,18.2900,32.1000,8.226327,4.687213,因子未变动
002459.SZ,2011-05-24,0.2448,16.6300,22.0200,1.324113,1.000000,因子未变动
002459.SZ,2022-06-17,0.2868,69.1800,97.0000,1.863026,1.328703,因子未变动
002459.SZ,2023-04-25,0.2889,37.7000,53.0200,2.620097,1.863026,因子未变动
002460.SZ,2011-05-27,0.3397,28.1700,42.6600,1.514377,1.000000,因子未变动
002460.SZ,2014-07-04,0.5019,18.1800,36.5000,3.092648,1.540393,因子未变动
002460.SZ,2016-06-24,0.5010,33.3600,66.8600,6.215716,3.101350,因子未变动
002460.SZ,2018-05-29,0.3372,45.7500,69.0300,9.397754,6.228412,因子未变动
002460.SZ,2022-07-04,0.2871,111.9100,156.9700,13.450120,9.589112,因子未变动
002461.SZ,2018-05-14,0.5042,5.8400,11.7800,2.049769,1.016184,因子未变动
002462.SZ,2011-07-04,0.3408,11.5500,17.5200,1.516883,1.000000,因子未变动
002462.SZ,2023-06-30,0.0224,13.5300,13.8400,1.000000,1.755074,因子未变动
002463.SZ,2011-05-20,0.1781,12.0000,14.6000,1.216667,1.000000,因子未变动
002463.SZ,2012-04-10,0.2952,5.1100,7.2500,1.726190,1.216667,因子未变动
002463.SZ,2013-04-24,0.2000,3.8800,4.8500,2.157738,1.726190,因子未变动
002463.SZ,2014-06-27,0.1895,3.0800,3.8000,2.662144,2.157738,因子未变动
002463.SZ,2021-07-16,0.1029,13.3400,14.8700,3.085834,2.768327,因子未变动
002465.SZ,2013-09-30,0.5000,18.9000,37.8000,2.109341,1.054671,因子未变动
002465.SZ,2014-04-30,0.3370,12.6900,19.1400,3.181465,2.109341,因子未变动
002465.SZ,2015-09-25,0.4998,13.2900,26.5700,6.400792,3.201601,因子未变动
002466.SZ,2011-05-24,0.3348,29.5000,44.3500,1.503390,1.000000,因子未变动
002466.SZ,2016-05-27,0.7373,47.7100,181.6000,5.754884,1.511925,因子未变动
002466.SZ,2017-12-26,0.1048,52.0400,58.1300,6.453715,5.777591,因子未变动
002466.SZ,2019-12-26,0.1586,24.4500,29.0600,6.523621,6.477734,因子未变动
002466.SZ,2023-06-30,0.0421,68.3100,71.3100,1.000000,7.753637,因子未变动
002467.SZ,2012-06-01,0.5072,13.6100,27.6200,2.061050,1.015601,因子未变动
002467.SZ,2014-05-30,0.5086,11.4500,23.3000,4.254768,2.090863,因子未变动
002467.SZ,2015-05-06,0.3381,16.3500,24.7000,6.427693,4.254768,因子未变动
002467.SZ,2019-05-15,0.4167,7.2500,12.4300,11.053163,6.446937,因子未变动
002468.SZ,2011-04-07,0.1772,19.3200,23.4800,1.215321,1.000000,因子未变动
002468.SZ,2012-04-24,0.1874,8.2800,10.1900,1.495667,1.215321,因子未变动
002468.SZ,2013-05-10,0.1663,6.9700,8.3600,1.793942,1.495667,因子未变动
002468.SZ,2014-06-04,0.1674,7.3100,8.7800,2.154693,1.793942,因子未变动
002469.SZ,2011-04-29,0.4148,33.8300,57.8100,1.708838,1.000000,因子未变动
002469.SZ,2012-03-29,0.3355,19.6100,29.5100,2.571536,1.708838,因子未变动
002469.SZ,2013-04-03,0.3362,15.4000,23.2000,3.874002,2.571536,因子未变动
002469.SZ,2014-04-16,0.2356,11.5200,15.0700,5.067813,3.874002,因子未变动
002469.SZ,2016-04-27,0.3402,9.5600,14.4900,7.737633,5.105022,因子未变动
002470.SZ,2015-05-22,0.5013,29.0500,58.2500,2.070910,1.032788,因子未变动
002470.SZ,2016-05-12,0.5031,7.9100,15.9200,4.168000,2.070910,因子未变动
002471.SZ,2011-05-06,0.2415,16.4600,21.7000,1.318348,1.000000,因子未变动
002471.SZ,2013-06-18,0.5068,6.8400,13.8700,2.704401,1.333677,因子未变动
002471.SZ,2015-10-20,0.6003,7.6300,19.0900,6.864060,2.743467,因子未变动
002472.SZ,2011-05-31,0.4491,19.2800,35.0000,1.815353,1.000000,因子未变动
002472.SZ,2012-05-16,0.2478,10.1100,13.4400,2.413288,1.815353,因子未变动
002472.SZ,2016-09-26,0.5000,12.4000,24.8000,4.970930,2.485465,因子未变动
002474.SZ,2012-04-24,0.5043,17.4000,35.1000,2.047806,1.015152,因子未变动
002474.SZ,2013-04-19,0.3401,9.8200,14.8800,3.102989,2.047806,因子未变动
002474.SZ,2014-05-08,0.5020,6.2800,12.6100,6.230683,3.102989,因子未变动
002475.SZ,2011-05-26,0.3375,31.8400,48.0600,1.509422,1.000000,因子未变动
002475.SZ,2012-06-08,0.2897,24.8600,35.0000,2.125091,1.509422,因子未变动
002475.SZ,2013-06-21,0.3355,21.5100,32.3700,3.198011,2.125091,因子未变动
002475.SZ,2014-05-21,0.2871,28.0900,39.4000,4.485640,3.198011,因子未变动
002475.SZ,2015-06-19,0.3344,35.3100,53.0500,6.739258,4.485640,因子未变动
002475.SZ,2016-06-13,0.3354,19.5400,29.4000,10.139927,6.739258,因子未变动
002475.SZ,2017-07-06,0.3352,19.2800,29.0000,15.251966,10.139927,因子未变动
002475.SZ,2018-07-17,0.2325,18.8200,24.5200,19.871317,15.251966,因子未变动
002475.SZ,2019-07-05,0.2324,19.6200,25.5600,25.887407,19.871317,因子未变动
002475.SZ,2020-06-17,0.2325,42.4200,55.2700,33.729293,25.887407,因子未变动
002476.SZ,2011-05-26,0.3362,16.3900,24.6900,1.506406,1.000000,因子未变动
002476.SZ,2012-06-04,0.5014,6.9800,14.0000,3.021445,1.506406,因子未变动
002476.SZ,2013-05-27,0.4138,8.2600,14.0900,5.154015,3.021445,因子未变动
002478.SZ,2017-04-26,0.5335,6.9700,14.9400,2.333270,1.088547,因子未变动
002479.SZ,2011-03-09,0.5053,23.5000,47.5000,2.021277,1.000000,因子未变动
002479.SZ,2013-03-28,0.4225,9.7600,16.9000,3.583239,2.069374,因子未变动
002480.SZ,2011-05-13,0.5024,30.8500,62.0000,2.009724,1.000000,因子未变动
002480.SZ,2014-05-15,0.4996,6.4300,12.8500,4.083825,2.043501,因子未变动
002481.SZ,2011-03-02,0.5024,29.6000,59.4900,2.009797,1.000000,因子未变动
002481.SZ,2012-05-11,0.4454,14.4200,26.0000,3.623768,2.009797,因子未变动
002481.SZ,2013-07-04,0.5005,10.8800,21.7800,7.254197,3.623768,因子未变动
002481.SZ,2015-10-27,0.6001,13.8800,34.7100,18.212349,7.282841,因子未变动
002482.SZ,2011-05-20,0.5014,33.3300,66.8500,2.005701,1.000000,因子未变动
002482.SZ,2012-06-05,0.3773,16.1900,26.0000,3.221014,2.005701,因子未变动
002482.SZ,2016-06-27,0.6023,7.5600,19.0100,8.285619,3.295070,因子未变动
002483.SZ,2011-04-29,0.4443,16.2600,29.2600,1.799508,1.000000,因子未变动
002483.SZ,2017-05-24,0.3811,6.7400,10.8900,3.032303,1.876742,因子未变动
002484.SZ,2012-05-23,0.2310,13.1500,17.1000,1.320345,1.015353,因子未变动
002484.SZ,2014-05-21,0.3792,14.0300,22.6000,2.150201,1.334837,因子未变动
002484.SZ,2016-05-11,0.3781,11.8900,19.1200,3.475533,2.161302,因子未变动
002484.SZ,2017-05-16,0.2372,9.6500,12.6500,4.556009,3.475533,因子未变动
002485.SZ,2012-05-16,0.3902,12.4100,20.3500,1.678591,1.023652,因子未变动
002485.SZ,2018-06-12,0.4117,14.2200,24.1700,2.949346,1.735196,因子未变动
002486.SZ,2013-04-11,0.5042,4.0900,8.2500,2.069260,1.025851,因子未变动
002486.SZ,2014-04-23,0.5044,3.9100,7.8900,4.175565,2.069260,因子未变动
002487.SZ,2012-05-16,0.3373,11.7100,17.6700,1.508967,1.000000,因子未变动
002487.SZ,2013-04-17,0.5015,5.1400,10.3100,3.026741,1.508967,因子未变动
002487.SZ,2015-04-08,0.3335,11.5300,17.3000,4.547766,3.030968,因子未变动
002488.SZ,2011-04-06,0.3416,16.1300,24.5000,1.518909,1.000000,因子未变动
002488.SZ,2015-05-20,0.6009,36.8400,92.3000,4.036363,1.611047,因子未变动
002488.SZ,2018-10-12,0.3425,6.9300,10.5400,6.162057,4.051523,因子未变动
002489.SZ,2012-05-04,0.5167,12.9000,26.6900,2.130296,1.029630,因子未变动
002489.SZ,2015-05-21,0.2386,37.6900,49.5000,3.038068,2.313228,因子未变动
002489.SZ,2015-09-24,0.7179,8.1000,28.7100,10.768263,3.038068,因子未变动
002490.SZ,2012-07-20,0.5031,8.1000,16.3000,2.032442,1.009987,因子未变动
002491.SZ,2014-05-27,0.2411,11.2700,14.8500,1.376967,1.045011,因子未变动
002491.SZ,2015-05-20,0.6671,26.2200,78.7600,4.136153,1.376967,因子未变动
002492.SZ,2014-04-02,0.5008,9.1800,18.3900,2.067005,1.031816,因子未变动
002492.SZ,2017-04-28,0.3364,7.9900,12.0400,3.135897,2.081048,因子未变动
002493.SZ,2011-04-15,0.5052,37.9300,76.6600,2.021091,1.000000,因子未变动
002493.SZ,2015-09-25,0.4997,7.2000,14.3900,4.253779,2.128368,因子未变动
002493.SZ,2017-05-18,0.3393,9.2100,13.9400,6.448983,4.260770,因子未变动
002493.SZ,2018-05-08,0.3385,10.2200,15.4500,9.749197,6.448983,因子未变动
002493.SZ,2021-06-01,0.3371,17.5200,26.4300,14.988596,9.935687,因子未变动
002494.SZ,2014-05-22,0.2359,11.9500,15.6400,1.345807,1.028286,因子未变动
002494.SZ,2015-04-09,0.5000,13.8400,27.6800,2.691613,1.345807,因子未变动
002495.SZ,2011-05-27,0.4489,13.0600,23.7000,1.814701,1.000000,因子未变动
002495.SZ,2012-06-28,0.3504,6.2100,9.5600,2.793647,1.814701,因子未变动
002495.SZ,2015-03-10,0.5818,9.6600,23.1000,6.878828,2.876601,因子未变动
002495.SZ,2016-09-26,0.2857,6.9500,9.7300,9.642949,6.887820,因子未变动
002496.SZ,2011-05-19,0.3854,21.8600,35.5700,1.627173,1.000000,因子未变动
002496.SZ,2013-05-16,0.3425,14.6500,22.2800,2.489210,1.636756,因子未变动
002496.SZ,2014-04-30,0.2375,12.0400,15.7900,3.264503,2.489210,因子未变动
002496.SZ,2015-03-24,0.1051,24.4300,27.3000,3.648012,3.264503,因子未变动
002496.SZ,2016-05-31,0.7380,6.5000,24.8100,13.971503,3.660410,因子未变动
002497.SZ,2011-04-27,0.5036,19.7200,39.7300,2.014706,1.000000,因子未变动
002497.SZ,2012-10-17,0.3333,10.1200,15.1800,3.081902,2.054601,因子未变动
002497.SZ,2015-05-08,0.5029,8.4600,17.0200,6.472814,3.217392,因子未变动
002498.SZ,2011-06-16,0.3381,19.0700,28.8100,1.510750,1.000000,因子未变动
002498.SZ,2013-06-18,0.3429,7.0900,10.7900,2.337092,1.535680,因子未变动
002498.SZ,2015-10-16,0.6818,7.1500,22.4700,7.508994,2.389377,因子未变动
002500.SZ,2023-06-30,0.0143,5.5200,5.6000,1.000000,1.202736,因子未变动
002501.SZ,2011-05-03,0.5029,24.5900,49.4700,2.011793,1.000000,因子未变动
002501.SZ,2013-04-15,0.4498,12.8200,23.3000,3.695381,2.033253,因子未变动
002501.SZ,2015-04-09,0.5023,19.7200,39.6200,7.501831,3.733875,因子未变动
002506.SZ,2011-04-18,0.5040,24.2000,48.7900,2.016116,1.000000,因子未变动
002506.SZ,2012-07-06,0.3807,7.1400,11.5300,3.255716,2.016116,因子未变动
002506.SZ,2015-08-12,0.3613,1.2200,1.9100,5.097064,3.255716,因子未变动
002507.SZ,2014-07-10,0.2358,23.4600,30.7000,1.374312,1.050207,因子未变动
002507.SZ,2015-07-03,0.3768,22.7600,36.5200,2.205179,1.374312,因子未变动
002507.SZ,2016-05-11,0.3824,10.7400,17.3900,3.570583,2.205179,因子未变动
002507.SZ,2017-05-26,0.3376,10.9300,16.5000,5.390176,3.570583,因子未变动
002507.SZ,2023-06-16,0.2425,18.8400,24.8700,7.432860,5.630683,因子未变动
002508.SZ,2011-05-13,0.3813,18.8400,30.4500,1.616242,1.000000,因子未变动
002508.SZ,2014-05-16,0.2105,30.0800,38.1000,2.090782,1.650675,因子未变动
002508.SZ,2015-05-14,0.3392,37.9900,57.4900,3.163966,2.090782,因子未变动
002508.SZ,2016-06-02,0.3411,33.8000,51.3000,4.802114,3.163966,因子未变动
002508.SZ,2017-05-10,0.2380,40.9200,53.7000,6.301894,4.802114,因子未变动
002510.SZ,2014-05-08,0.5060,7.4200,15.0200,2.096867,1.035869,因子未变动
002510.SZ,2016-04-29,0.5033,6.8300,13.7500,4.254063,2.113109,因子未变动
002511.SZ,2012-06-19,0.2376,16.6200,21.8000,1.311673,1.000000,因子未变动
002511.SZ,2013-06-27,0.3388,12.4100,18.7700,1.983892,1.311673,因子未变动
002511.SZ,2014-06-05,0.2305,8.0800,10.5000,2.578077,1.983892,因子未变动
002511.SZ,2015-06-05,0.1674,14.1800,17.0300,3.096238,2.578077,因子未变动
002511.SZ,2017-06-01,0.3369,11.7900,17.7800,4.683681,3.105771,因子未变动
002511.SZ,2018-05-17,0.4155,9.3000,15.9100,8.012620,4.683681,因子未变动
002512.SZ,2011-06-29,0.4501,15.2600,27.7500,1.818480,1.000000,因子未变动
002512.SZ,2012-06-14,0.3377,9.5500,14.4200,2.745809,1.818480,因子未变动
002512.SZ,2015-09-22,0.6001,14.0000,35.0100,6.900326,2.759342,因子未变动
002513.SZ,2011-09-30,0.4490,20.5300,37.2600,1.814905,1.000000,因子未变动
002513.SZ,2012-04-27,0.3822,11.0900,17.9500,2.937560,1.814905,因子未变动
002514.SZ,2012-06-11,0.3750,11.8000,18.8800,1.634640,1.021650,因子未变动
002514.SZ,2014-04-28,0.5044,11.1900,22.5800,3.331814,1.651151,因子未变动
002514.SZ,2016-05-27,0.4998,12.0900,24.1700,6.660872,3.331814,因子未变动
002515.SZ,2011-05-12,0.2348,28.7700,37.6000,1.306917,1.000000,因子未变动
002515.SZ,2012-05-09,0.3376,15.0900,22.7800,1.972934,1.306917,因子未变动
002515.SZ,2015-05-22,0.5006,35.9100,71.9000,3.991872,1.993715,因子未变动
002515.SZ,2016-04-14,0.4135,9.5900,16.3500,6.805746,3.991872,因子未变动
002515.SZ,2017-05-22,0.3749,8.7700,14.0300,10.887642,6.805746,因子未变动
002516.SZ,2011-06-08,0.2048,13.8200,17.3800,1.257598,1.000000,因子未变动
002516.SZ,2015-05-15,0.6009,15.6800,39.2900,3.336837,1.331677,因子未变动
002516.SZ,2016-05-27,0.5021,5.9600,11.9700,6.701667,3.336837,因子未变动
002517.SZ,2012-05-29,0.5048,9.8500,19.8900,2.048414,1.014423,因子未变动
002517.SZ,2017-09-27,0.5012,18.2300,36.5500,4.120357,2.055106,因子未变动
002517.SZ,2018-06-13,0.3390,8.8700,13.4200,6.233957,4.120357,因子未变动
002518.SZ,2012-05-14,0.4522,11.8700,21.6700,1.843977,1.010060,因子未变动
002518.SZ,2014-04-10,0.2883,18.2900,25.7000,2.624435,1.867740,因子未变动
002518.SZ,2016-04-28,0.3380,24.0100,36.2700,3.986388,2.638908,因子未变动
002518.SZ,2017-04-27,0.2396,13.1100,17.2400,5.242207,3.986388,因子未变动
002519.SZ,2011-04-29,0.5057,21.2400,42.9700,2.023070,1.000000,因子未变动
002519.SZ,2013-04-24,0.3557,9.7100,15.0700,3.226917,2.079188,因子未变动
002519.SZ,2015-05-14,0.5051,18.8100,38.0100,6.626424,3.279217,因子未变动
002519.SZ,2017-05-26,0.4175,8.7200,14.9700,11.513259,6.706454,因子未变动
002520.SZ,2011-05-03,0.3472,31.5700,48.3600,1.531834,1.000000,因子未变动
002520.SZ,2012-05-15,0.3570,18.1700,28.2600,2.382478,1.531834,因子未变动
002520.SZ,2013-05-14,0.3703,9.0300,14.3400,3.783470,2.382478,因子未变动
002520.SZ,2015-05-21,0.3348,28.1700,42.3500,5.687965,3.783470,因子未变动
002520.SZ,2016-06-08,0.3352,13.3900,20.1400,8.555311,5.687965,因子未变动
002521.SZ,2011-05-09,0.2883,19.7200,27.7100,1.405172,1.000000,因子未变动
002521.SZ,2013-04-17,0.5098,7.2500,14.7900,2.927456,1.435027,因子未变动
002522.SZ,2011-05-11,0.3782,24.0000,38.6000,1.608333,1.000000,因子未变动
002522.SZ,2014-01-20,0.1321,13.0100,14.9900,1.976649,1.715557,因子未变动
002522.SZ,2014-05-22,0.5109,6.7400,13.7800,4.041279,1.976649,因子未变动
002522.SZ,2015-05-06,0.5008,30.1000,60.3000,8.095983,4.041279,因子未变动
002523.SZ,2012-05-21,0.3809,6.5500,10.5800,1.631197,1.009862,因子未变动
002523.SZ,2013-05-13,0.2368,4.6100,6.0400,2.137186,1.631197,因子未变动
002523.SZ,2015-04-20,0.2343,8.3000,10.8400,2.817303,2.157160,因子未变动
002523.SZ,2016-05-11,0.3379,5.3100,8.0200,4.255136,2.817303,因子未变动
002523.SZ,2017-05-11,0.1695,5.3900,6.4900,5.123531,4.255136,因子未变动
002523.SZ,2018-05-11,0.2912,4.0900,5.7700,7.228062,5.123531,因子未变动
002524.SZ,2011-04-27,0.5008,15.9200,31.8900,2.003141,1.000000,因子未变动
002524.SZ,2012-05-15,0.1685,7.5000,9.0200,2.409111,2.003141,因子未变动
002524.SZ,2013-05-28,0.4747,7.4700,14.2200,4.586018,2.409111,因子未变动
002526.SZ,2012-05-22,0.5007,7.3600,14.7400,2.027260,1.012255,因子未变动
002526.SZ,2018-05-28,0.4123,3.7200,6.3300,3.497709,2.055526,因子未变动
002526.SZ,2018-09-20,0.4124,2.8500,4.8500,5.952242,3.497709,因子未变动
002527.SZ,2013-07-11,0.4179,10.2500,17.6100,1.750804,1.019066,因子未变动
002527.SZ,2015-06-12,0.3358,30.5200,45.9500,2.661667,1.767880,因子未变动
002528.SZ,2011-07-05,0.3802,22.5100,36.3200,1.613505,1.000000,因子未变动
002528.SZ,2012-07-13,0.3426,9.4600,14.3900,2.454370,1.613505,因子未变动
002528.SZ,2014-05-28,0.2396,12.8500,16.9000,3.292744,2.503654,因子未变动
002528.SZ,2015-06-19,0.3360,17.1900,25.8900,4.959228,3.292744,因子未变动
002528.SZ,2016-05-23,0.2304,8.1500,10.5900,6.443955,4.959228,因子未变动
002529.SZ,2015-04-21,0.1999,12.4100,15.5100,1.299020,1.039383,因子未变动
002530.SZ,2012-03-30,0.5039,7.7100,15.5400,2.041488,1.012862,因子未变动
002530.SZ,2018-06-08,0.3765,12.6000,20.2100,3.346186,2.086193,因子未变动
002531.SZ,2013-05-20,0.5072,10.2900,20.8800,2.078322,1.024231,因子未变动
002531.SZ,2015-05-26,0.5014,16.0600,32.2100,4.215730,2.101975,因子未变动
002531.SZ,2016-06-15,0.4472,6.1800,11.1800,7.626516,4.215730,因子未变动
002532.SZ,2011-05-11,0.5013,18.8500,37.8000,2.005305,1.000000,因子未变动
002532.SZ,2014-05-22,0.5026,9.6800,19.4600,4.077124,2.028086,因子未变动
002532.SZ,2017-06-06,0.3774,8.3800,13.4600,6.587734,4.101427,因子未变动
002533.SZ,2011-04-25,0.5027,17.4500,35.0900,2.010888,1.000000,因子未变动
002533.SZ,2012-04-09,0.1768,7.0300,8.5400,2.442814,2.010888,因子未变动
002533.SZ,2014-04-29,0.3849,4.3300,7.0400,4.054721,2.493884,因子未变动
002534.SZ,2016-05-06,0.3376,10.7700,16.2600,1.617164,1.071147,因子未变动
002534.SZ,2017-05-25,0.1774,9.4600,11.5000,1.965897,1.617164,因子未变动
002535.SZ,2011-05-16,0.5018,16.4900,33.1000,2.007277,1.000000,因子未变动
002535.SZ,2012-06-07,0.2377,8.8200,11.5700,2.633129,2.007277,因子未变动
002535.SZ,2016-04-29,0.2309,7.0300,9.1400,3.529358,2.714594,因子未变动
002536.SZ,2016-03-29,0.6677,22.0300,66.3000,3.164400,1.051459,因子未变动
002536.SZ,2019-06-20,0.3631,7.1200,11.1800,5.126012,3.264508,因子未变动
002537.SZ,2012-04-06,0.3332,13.1100,19.6600,1.516331,1.011144,因子未变动
002537.SZ,2015-05-15,0.5007,18.1400,36.3300,3.085893,1.540823,因子未变动
002537.SZ,2017-05-16,0.5464,11.9300,26.3000,6.802932,3.085893,因子未变动
002538.SZ,2012-04-05,0.5039,12.0200,24.2300,2.032754,1.008407,因子未变动
002538.SZ,2015-03-02,0.5023,10.8100,21.7200,4.167583,2.074198,因子未变动
002539.SZ,2011-09-23,0.4998,15.7400,31.4700,2.020330,1.010486,因子未变动
002539.SZ,2015-09-21,0.6002,10.0600,25.1600,5.442909,2.176298,因子未变动
002540.SZ,2011-05-09,0.2358,23.0700,30.1900,1.308626,1.000000,因子未变动
002540.SZ,2013-05-06,0.5062,7.9600,16.1200,2.700862,1.333676,因子未变动
002540.SZ,2015-04-13,0.6000,19.2900,48.2200,6.882170,2.753153,因子未变动
002540.SZ,2023-09-15,0.0264,5.9000,6.0600,1.000000,8.825110,因子未变动
002541.SZ,2012-04-12,0.5062,14.4300,29.2200,2.024948,1.000000,因子未变动
002541.SZ,2018-06-12,0.3365,9.0700,13.6700,3.113291,2.065658,因子未变动
002541.SZ,2022-06-15,0.2367,33.0300,43.2700,4.162905,3.177739,因子未变动
002542.SZ,2011-05-20,0.3355,21.9300,33.0000,1.504788,1.000000,因子未变动
002542.SZ,2012-05-18,0.5020,12.7600,25.6200,3.021369,1.504788,因子未变动
002542.SZ,2014-04-23,0.5032,7.7100,15.5200,6.113299,3.036955,因子未变动
002542.SZ,2015-06-05,0.5005,18.9300,37.9000,12.239516,6.113299,因子未变动
002542.SZ,2016-04-29,0.3348,9.0400,13.5900,18.399890,12.239516,因子未变动
002543.SZ,2013-05-29,0.5066,10.7800,21.8500,2.078510,1.025462,因子未变动
002543.SZ,2014-06-18,0.1031,10.2700,11.4500,2.317326,2.078510,因子未变动
002543.SZ,2018-07-12,0.2503,14.6200,19.5000,3.419228,2.563544,因子未变动
002543.SZ,2019-07-05,0.2547,10.3300,13.8600,4.587658,3.419228,因子未变动
002544.SZ,2011-06-10,0.5041,14.5200,29.2800,2.016529,1.000000,因子未变动
002544.SZ,2013-06-06,0.5052,9.0700,18.3300,4.119799,2.038547,因子未变动
002544.SZ,2014-06-12,0.3365,8.3800,12.6300,6.209195,4.119799,因子未变动
002545.SZ,2011-09-09,0.3333,19.8200,29.7300,1.500000,1.000000,因子未变动
002545.SZ,2015-10-19,0.6853,8.4300,26.7900,4.936532,1.553377,因子未变动
002545.SZ,2024-07-12,0.0434,6.6200,6.9200,1.000000,5.631839,因子未变动
002546.SZ,2011-08-30,0.4999,21.5700,43.1300,2.025881,1.013175,因子未变动
002546.SZ,2014-04-29,0.3495,10.7200,16.4800,3.233221,2.103163,因子未变动
002546.SZ,2016-03-24,0.6455,14.8400,41.8600,9.255638,3.281263,因子未变动
002547.SZ,2012-05-09,0.4997,9.4000,18.7900,1.998936,1.000000,因子未变动
002547.SZ,2015-10-22,0.6668,9.6900,29.0800,6.079468,2.025793,因子未变动
002548.SZ,2012-05-02,0.3445,11.5100,17.5600,1.544901,1.012632,因子未变动
002548.SZ,2014-09-16,0.5494,10.8500,24.0800,3.587259,1.616352,因子未变动
002548.SZ,2020-06-15,0.2326,6.9600,9.0700,4.858346,3.728124,因子未变动
002549.SZ,2011-06-16,0.3354,27.0500,40.7000,1.504621,1.000000,因子未变动
002549.SZ,2012-04-06,0.3373,13.9100,20.9900,2.270453,1.504621,因子未变动
002549.SZ,2013-03-20,0.3386,9.9800,15.0900,3.432979,2.270453,因子未变动
002549.SZ,2014-05-28,0.3332,12.4100,18.6100,5.148085,3.432979,因子未变动
002549.SZ,2015-06-03,0.2857,16.1500,22.6100,7.207319,5.148085,因子未变动
002549.SZ,2017-07-07,0.1016,7.5200,8.3700,8.021976,7.207319,因子未变动
002550.SZ,2014-04-18,0.5068,18.1800,36.8600,2.109992,1.040685,因子未变动
002550.SZ,2015-05-26,0.5027,27.1700,54.6400,4.243282,2.109992,因子未变动
002550.SZ,2016-05-31,0.5042,8.1800,16.5000,8.559188,4.243282,因子未变动
002551.SZ,2011-06-24,0.3366,27.4500,41.3800,1.507468,1.000000,因子未变动
002551.SZ,2012-06-29,0.3390,15.6800,23.7200,2.280430,1.507468,因子未变动
002551.SZ,2013-07-05,0.3374,21.9200,33.0800,3.441452,2.280430,因子未变动
002551.SZ,2014-08-20,0.2332,26.0800,34.0100,4.487875,3.441452,因子未变动
002551.SZ,2015-07-16,0.1692,24.8400,29.9000,5.402072,4.487875,因子未变动
002551.SZ,2017-07-07,0.3380,10.8300,16.3600,8.160471,5.402072,因子未变动
002552.SZ,2011-06-21,0.3398,13.1900,19.9800,1.514784,1.000000,因子未变动
002552.SZ,2014-05-29,0.5019,6.5900,13.2300,3.128090,1.558134,因子未变动
002553.SZ,2014-03-19,0.5082,13.2300,26.9000,2.060789,1.013540,因子未变动
002553.SZ,2015-05-12,0.5034,13.7300,27.6500,4.150095,2.060789,因子未变动
002554.SZ,2011-06-09,0.3382,18.6900,28.2400,1.510968,1.000000,因子未变动
002554.SZ,2012-05-09,0.3397,10.0500,15.2200,2.288253,1.510968,因子未变动
002554.SZ,2013-05-16,0.3349,12.7100,19.1100,3.440481,2.288253,因子未变动
002554.SZ,2016-06-28,0.5073,6.7700,13.7400,7.033947,3.465780,因子未变动
002555.SZ,2011-06-17,0.5035,13.6600,27.5100,2.013909,1.000000,因子未变动
002555.SZ,2015-05-15,0.6300,46.8000,126.4700,5.640542,2.087273,因子未变动
002555.SZ,2016-06-06,0.5012,18.1000,36.2900,11.309130,5.640542,因子未变动
002556.SZ,2011-05-23,0.3786,21.7600,35.0200,1.609375,1.000000,因子未变动
002556.SZ,2012-06-08,0.5070,7.0300,14.2600,3.264536,1.609375,因子未变动
002556.SZ,2016-07-01,0.3375,10.0100,15.1100,5.109821,3.385129,因子未变动
002557.SZ,2011-08-24,0.2462,26.4600,35.1000,1.326531,1.000000,因子未变动
002557.SZ,2012-05-07,0.2499,21.0400,28.0500,1.768497,1.326531,因子未变动
002557.SZ,2015-05-28,0.3470,22.3400,34.2100,2.887411,1.885553,因子未变动
002558.SZ,2016-09-22,0.6667,49.7200,149.1600,3.381624,1.127208,因子未变动
002558.SZ,2017-06-22,0.1697,44.9200,54.1000,4.072703,3.381624,因子未变动
002559.SZ,2012-09-18,0.5000,11.5800,23.1600,2.039323,1.019661,因子未变动
002559.SZ,2015-04-21,0.5038,15.5100,31.2600,4.275720,2.121446,因子未变动
002559.SZ,2019-05-29,0.3515,5.9400,9.1600,6.897432,4.472789,因子未变动
002560.SZ,2011-05-09,0.2366,20.8100,27.2600,1.309947,1.000000,因子未变动
002560.SZ,2016-05-09,0.6667,14.2400,42.7300,4.095316,1.364786,因子未变动
002562.SZ,2012-04-27,0.5017,14.5000,29.1000,2.006897,1.000000,因子未变动
002562.SZ,2016-07-11,0.4998,13.2600,26.5100,4.027700,2.014609,因子未变动
002562.SZ,2018-05-29,0.3853,7.1300,11.6000,6.599585,4.056469,因子未变动
002563.SZ,2015-04-30,0.5085,28.6300,58.2500,2.259654,1.110625,因子未变动
002563.SZ,2015-09-25,0.5000,10.9900,21.9800,4.519308,2.259654,因子未变动
002564.SZ,2011-05-18,0.3770,19.4500,31.2200,1.605141,1.000000,因子未变动
002564.SZ,2014-05-23,0.5012,6.4600,12.9500,3.240659,1.616576,因子未变动
002565.SZ,2011-09-16,0.3819,17.0300,27.5500,1.617733,1.000000,因子未变动
002565.SZ,2012-08-28,0.3816,7.5200,12.1600,2.615909,1.617733,因子未变动
002565.SZ,2014-06-10,0.5035,8.5500,17.2200,5.307763,2.635387,因子未变动
002565.SZ,2019-06-03,0.3310,9.7200,14.5300,8.356837,5.590396,因子未变动
002566.SZ,2012-04-18,0.5032,14.5800,29.3500,2.013032,1.000000,因子未变动
002566.SZ,2014-05-22,0.3367,12.4500,18.7700,3.034908,2.013032,因子未变动
002567.SZ,2012-06-05,0.5070,12.0000,24.3400,2.047206,1.009304,因子未变动
002567.SZ,2013-05-22,0.3421,9.0200,13.7100,3.111662,2.047206,因子未变动
002567.SZ,2017-06-06,0.3401,9.7000,14.7000,4.863112,3.208992,因子未变动
002568.SZ,2012-09-27,0.5096,15.2800,31.1600,2.070713,1.015420,因子未变动
002568.SZ,2015-09-29,0.5058,42.9000,86.8000,4.289179,2.119882,因子未变动
002568.SZ,2021-06-08,0.2882,88.5400,124.3900,6.274959,4.466475,因子未变动
002568.SZ,2022-06-16,0.2939,27.5600,39.0300,8.886489,6.274959,因子未变动
002569.SZ,2013-05-22,0.3380,9.0700,13.7000,1.558055,1.031500,因子未变动
002570.SZ,2013-05-20,0.3428,26.9600,41.0200,1.566226,1.029387,因子未变动
002570.SZ,2014-05-14,0.3927,13.9500,22.9700,2.578940,1.566226,因子未变动
002571.SZ,2012-06-01,0.4998,12.2400,24.4700,1.999183,1.000000,因子未变动
002571.SZ,2013-03-11,0.5011,13.8200,27.7000,4.022272,2.006780,因子未变动
002572.SZ,2011-08-26,0.5042,46.5000,93.7900,2.016989,1.000000,因子未变动
002572.SZ,2012-05-14,0.5062,19.9000,40.3000,4.084657,2.016989,因子未变动
002572.SZ,2013-06-17,0.5057,15.1300,30.6100,8.263803,4.084657,因子未变动
002572.SZ,2017-04-24,0.5047,36.5700,73.8300,17.310580,8.574399,因子未变动
002573.SZ,2011-09-19,0.5000,20.9600,41.9200,2.000000,1.000000,因子未变动
002573.SZ,2013-06-06,0.4483,16.2600,29.4700,3.655256,2.016779,因子未变动
002573.SZ,2015-05-27,0.5016,28.7800,57.7500,7.396626,3.686145,因子未变动
002574.SZ,2014-08-28,0.5456,11.2700,24.8000,2.253777,1.024196,因子未变动
002575.SZ,2013-05-07,0.5014,7.1500,14.3400,2.021082,1.007722,因子未变动
002575.SZ,2015-03-19,0.5479,9.0200,19.9500,4.484597,2.027622,因子未变动
002576.SZ,2012-05-15,0.2479,8.9500,11.9000,1.329609,1.000000,因子未变动
002577.SZ,2012-05-09,0.4272,15.1400,26.4300,1.745707,1.000000,因子未变动
002577.SZ,2013-04-08,0.2516,9.4600,12.6400,2.332530,1.745707,因子未变动
002578.SZ,2015-05-28,0.6019,17.3400,43.5600,2.562514,1.020064,因子未变动
002578.SZ,2017-05-23,0.5000,4.4200,8.8400,5.125028,2.562514,因子未变动
002579.SZ,2012-05-25,0.3775,7.8500,12.6100,1.626550,1.012563,因子未变动
002579.SZ,2013-05-17,0.3353,5.5500,8.3500,2.447152,1.626550,因子未变动
002579.SZ,2015-06-26,0.3339,18.6500,28.0000,3.680793,2.451671,因子未变动
002579.SZ,2021-06-15,0.1687,10.2000,12.2700,4.612004,3.833940,因子未变动
002580.SZ,2012-05-11,0.2912,14.0700,19.8500,1.410803,1.000000,因子未变动
002580.SZ,2015-05-04,0.4463,17.7200,32.0000,2.568747,1.422443,因子未变动
002580.SZ,2017-04-18,0.3768,10.1200,16.2400,4.132770,2.575347,因子未变动
002581.SZ,2013-05-22,0.2526,13.1400,17.5800,1.398817,1.045533,因子未变动
002581.SZ,2015-07-10,0.5000,38.9800,77.9600,2.881648,1.440824,因子未变动
002582.SZ,2012-04-27,0.5040,18.5700,37.4400,2.016155,1.000000,因子未变动
002582.SZ,2017-05-26,0.5012,12.3700,24.8000,4.108583,2.049322,因子未变动
002583.SZ,2014-09-15,0.6000,12.5000,31.2500,2.524944,1.009977,因子未变动
002583.SZ,2015-09-30,0.5455,8.5000,18.7000,5.559433,2.527015,因子未变动
002584.SZ,2016-04-27,0.6010,14.9500,37.4700,2.669087,1.064928,因子未变动
002585.SZ,2012-05-28,0.5154,15.6900,32.3800,2.063735,1.000000,因子未变动
002585.SZ,2015-06-09,0.2317,19.4300,25.2900,2.718659,2.088713,因子未变动
002585.SZ,2017-06-28,0.2321,7.8100,10.1700,3.547150,2.724016,因子未变动
002586.SZ,2012-06-12,0.4758,13.0000,24.8000,1.907692,1.000000,因子未变动
002586.SZ,2013-05-27,0.3367,12.5300,18.8900,2.876002,1.907692,因子未变动
002586.SZ,2015-06-05,0.5018,12.4500,24.9900,5.848953,2.913944,因子未变动
002587.SZ,2012-06-21,0.2465,11.1600,14.8100,1.327061,1.000000,因子未变动
002587.SZ,2014-06-30,0.5038,12.8900,25.9800,2.710760,1.344946,因子未变动
002587.SZ,2015-06-17,0.4151,15.5000,26.5000,4.634525,2.710760,因子未变动
002587.SZ,2017-06-06,0.3397,7.2900,11.0400,7.033111,4.644147,因子未变动
002588.SZ,2012-05-02,0.2351,27.4900,35.9400,1.307385,1.000000,因子未变动
002588.SZ,2013-05-08,0.2346,30.6700,40.0700,1.708083,1.307385,因子未变动
002588.SZ,2014-05-09,0.2440,22.0000,29.1000,2.259328,1.708083,因子未变动
002588.SZ,2015-05-04,0.5043,28.1300,56.7500,4.558011,2.259328,因子未变动
002588.SZ,2016-05-31,0.5039,11.9500,24.0900,9.188492,4.558011,因子未变动
002589.SZ,2014-07-14,0.5011,28.3600,56.8500,2.018003,1.006694,因子未变动
002589.SZ,2015-09-23,0.5000,52.0900,104.1800,4.038719,2.019359,因子未变动
002589.SZ,2017-05-15,0.5663,16.4300,37.8800,9.324187,4.044255,因子未变动
002590.SZ,2012-06-05,0.2366,9.8400,12.8900,1.309959,1.000000,因子未变动
002590.SZ,2014-05-13,0.4135,10.3100,17.5800,2.244647,1.316400,因子未变动
002590.SZ,2015-05-29,0.5009,22.0800,44.2400,4.497426,2.244647,因子未变动
002591.SZ,2012-06-18,0.2050,12.3300,15.5100,1.266097,1.006510,因子未变动
002591.SZ,2013-06-18,0.2322,10.0200,13.0500,1.648959,1.266097,因子未变动
002591.SZ,2014-07-28,0.5036,6.8900,13.8800,3.321850,1.648959,因子未变动
002592.SZ,2012-06-18,0.2431,13.9800,18.4700,1.321173,1.000000,因子未变动
002592.SZ,2013-06-13,0.4554,8.5400,15.6800,2.425760,1.321173,因子未变动
002593.SZ,2016-05-17,0.6679,8.3200,25.0500,3.132615,1.040453,因子未变动
002594.SZ,2025-07-29,0.6706,111.0100,337.0000,3.150529,1.037805,因子未变动
002595.SZ,2014-09-03,0.5000,24.0900,48.1800,2.135161,1.067581,因子未变动
002595.SZ,2015-04-10,0.5042,29.0600,58.6100,4.306325,2.135161,因子未变动
002596.SZ,2013-06-14,0.3788,10.6600,17.1600,1.637607,1.017301,因子未变动
002596.SZ,2017-04-28,0.6669,8.7100,26.1500,4.944265,1.646828,因子未变动
002597.SZ,2012-05-30,0.3826,15.2200,24.6500,1.619579,1.000000,因子未变动
002597.SZ,2013-05-31,0.2428,9.7600,12.8900,2.138973,1.619579,因子未变动
002597.SZ,2015-04-21,0.5060,12.0000,24.2900,4.431178,2.189137,因子未变动
002598.SZ,2012-05-03,0.5109,8.7300,17.8500,2.044674,1.000000,因子未变动
002599.SZ,2017-06-07,0.5003,15.4900,31.0000,2.050280,1.024479,因子未变动
002599.SZ,2019-08-02,0.4085,5.2700,8.9100,3.483290,2.060262,因子未变动
002600.SZ,2015-04-10,0.5022,11.0800,22.2600,2.063478,1.027104,因子未变动
002600.SZ,2017-07-17,0.5044,5.6800,11.4600,4.183205,2.073351,因子未变动
002601.SZ,2012-07-23,0.5048,36.4500,73.6000,2.019204,1.000000,因子未变动
002601.SZ,2016-04-27,0.7163,14.4600,50.9700,7.228557,2.050715,因子未变动
002601.SZ,2023-11-08,0.0163,18.1100,18.4100,1.000000,10.703230,因子未变动
002602.SZ,2012-06-07,0.3473,9.5100,14.5700,1.532072,1.000000,因子未变动
002602.SZ,2015-06-18,0.5019,13.2400,26.5800,3.117732,1.553001,因子未变动
002602.SZ,2018-10-31,0.3769,20.2500,32.5000,5.038400,3.139311,因子未变动
002602.SZ,2019-06-06,0.3729,11.0300,17.5900,8.034946,5.038400,因子未变动
002602.SZ,2020-07-13,0.1647,14.3000,17.1200,9.619460,8.034946,因子未变动
002603.SZ,2012-06-11,0.2331,25.7000,33.5100,1.303891,1.000000,因子未变动
002603.SZ,2015-05-20,0.5010,26.1900,52.4800,2.631833,1.313409,因子未变动
002603.SZ,2021-07-07,0.3105,19.9400,28.9200,3.956734,2.728122,因子未变动
002605.SZ,2013-04-12,0.5135,12.2600,25.2000,2.114913,1.028922,因子未变动
002605.SZ,2014-09-15,0.4998,16.5400,33.0700,4.241639,2.121461,因子未变动
002606.SZ,2012-05-18,0.5052,9.5500,19.3000,2.020942,1.000000,因子未变动
002606.SZ,2017-05-12,0.5012,20.8700,41.8400,4.155356,2.072712,因子未变动
002607.SZ,2012-05-29,0.5061,12.0600,24.4200,2.024876,1.000000,因子未变动
002607.SZ,2013-06-19,0.2426,7.1200,9.4000,2.673291,2.024876,因子未变动
002607.SZ,2014-06-20,0.1717,6.0300,7.2800,3.227456,2.673291,因子未变动
002607.SZ,2015-05-28,0.2310,8.8200,11.4700,4.197156,3.227456,因子未变动
002607.SZ,2017-06-09,0.4481,4.5200,8.1900,7.605024,4.197156,因子未变动
002608.SZ,2013-07-15,0.3382,13.1500,19.8700,1.523096,1.007987,因子未变动
002608.SZ,2014-07-14,0.4152,9.3100,15.9200,2.604477,1.523096,因子未变动
002609.SZ,2013-06-07,0.3387,9.4700,14.3200,1.549853,1.024938,因子未变动
002609.SZ,2014-05-29,0.3760,12.1800,19.5200,2.483837,1.549853,因子未变动
002609.SZ,2015-06-24,0.5004,26.4800,53.0000,4.971425,2.483837,因子未变动
002611.SZ,2012-06-12,0.2365,10.7200,14.0400,1.309702,1.000000,因子未变动
002611.SZ,2014-04-22,0.5028,7.9300,15.9500,2.695672,1.340231,因子未变动
002611.SZ,2015-05-26,0.3757,17.7300,28.4000,4.317940,2.695672,因子未变动
002611.SZ,2018-06-22,0.3774,6.1700,9.9100,6.945944,4.324568,因子未变动
002612.SZ,2016-05-12,0.5013,37.6300,75.4600,2.218756,1.106438,因子未变动
002613.SZ,2012-06-06,0.3527,6.5900,10.1800,1.544765,1.000000,因子未变动
002613.SZ,2014-06-06,0.1733,5.6300,6.8100,1.868534,1.544765,因子未变动
002613.SZ,2015-05-22,0.3336,9.5300,14.3000,2.803782,1.868534,因子未变动
002613.SZ,2017-05-10,0.2302,5.0500,6.5600,3.651712,2.811151,因子未变动
002614.SZ,2012-03-29,0.5063,15.5500,31.5000,2.025723,1.000000,因子未变动
002614.SZ,2014-05-23,0.3358,16.8700,25.4000,3.073784,2.041525,因子未变动
002614.SZ,2015-05-28,0.3350,26.6000,40.0000,4.622231,3.073784,因子未变动
002615.SZ,2015-04-30,0.5069,17.9600,36.4200,2.132298,1.051512,因子未变动
002615.SZ,2016-05-30,0.3346,17.3000,26.0000,3.204610,2.132298,因子未变动
002615.SZ,2017-06-07,0.3419,10.5500,16.0300,4.869184,3.204610,因子未变动
002616.SZ,2015-04-30,0.5040,21.2600,42.8600,2.082023,1.032753,因子未变动
002616.SZ,2017-05-19,0.5000,13.6400,27.2800,4.245246,2.122623,因子未变动
002617.SZ,2013-05-31,0.3379,9.7000,14.6500,1.521639,1.007502,因子未变动
002617.SZ,2015-09-28,0.5002,13.6100,27.2300,3.050024,1.524452,因子未变动
002617.SZ,2016-05-27,0.4127,15.6000,26.5600,5.192862,3.050024,因子未变动
002617.SZ,2018-05-25,0.3347,8.1500,12.2500,7.821249,5.203525,因子未变动
002620.SZ,2012-07-12,0.3361,18.2700,27.5200,1.506294,1.000000,因子未变动
002620.SZ,2017-07-10,0.6025,16.0200,40.3000,3.866752,1.537106,因子未变动
002622.SZ,2015-03-23,0.6480,24.0300,68.2700,2.906085,1.022898,因子未变动
002622.SZ,2016-05-19,0.5000,10.3900,20.7800,5.812169,2.906085,因子未变动
002624.SZ,2012-06-01,0.5059,10.5200,21.2900,2.023764,1.000000,因子未变动
002624.SZ,2020-07-21,0.3357,41.3700,62.2800,3.120434,2.072774,因子未变动
002625.SZ,2012-06-21,0.3376,10.3000,15.5500,1.509709,1.000000,因子未变动
002625.SZ,2014-06-16,0.3369,8.1700,12.3200,2.293799,1.521132,因子未变动
002625.SZ,2015-03-26,0.4121,7.0900,12.0600,3.901723,2.293799,因子未变动
002625.SZ,2018-06-06,0.4119,13.6800,23.2600,6.637142,3.903529,因子未变动
002626.SZ,2012-05-28,0.5084,17.5400,35.6800,2.034208,1.000000,因子未变动
002626.SZ,2014-06-06,0.3842,21.0900,34.2500,3.384177,2.083863,因子未变动
002626.SZ,2015-06-09,0.5041,18.2100,36.7200,6.824107,3.384177,因子未变动
002627.SZ,2018-07-05,0.4168,10.7900,18.5000,1.856971,1.083066,因子未变动
002627.SZ,2020-06-19,0.4181,5.5400,9.5200,3.257613,1.895712,因子未变动
002628.SZ,2012-03-29,0.5022,12.5700,25.2500,2.008751,1.000000,因子未变动
002628.SZ,2013-09-27,0.4448,5.2300,9.4200,3.677369,2.041681,因子未变动
002629.SZ,2013-05-10,0.3415,11.0300,16.7500,1.547877,1.019289,因子未变动
002629.SZ,2014-07-17,0.3763,10.7900,17.3000,2.481768,1.547877,因子未变动
002629.SZ,2015-06-04,0.3342,12.8300,19.2700,3.727488,2.481768,因子未变动
002630.SZ,2014-04-30,0.4461,16.6100,29.9900,1.823976,1.010212,因子未变动
002630.SZ,2015-07-08,0.5021,10.5800,21.2500,3.663469,1.823976,因子未变动
002630.SZ,2018-05-18,0.3763,9.2800,14.8800,5.905415,3.682947,因子未变动
002631.SZ,2014-04-28,0.5027,8.2800,16.6500,2.073891,1.031340,因子未变动
002631.SZ,2015-04-28,0.5006,19.7300,39.5100,4.153038,2.073891,因子未变动
002632.SZ,2013-06-20,0.2391,10.6600,14.0100,1.328444,1.010793,因子未变动
002632.SZ,2015-04-17,0.5006,19.8400,39.7300,2.668681,1.332661,因子未变动
002632.SZ,2016-05-27,0.5012,10.6300,21.3100,5.349915,2.668681,因子未变动
002633.SZ,2012-05-25,0.3434,8.8700,13.5100,1.523112,1.000000,因子未变动
002634.SZ,2012-06-15,0.3440,12.1500,18.5200,1.524280,1.000000,因子未变动
002634.SZ,2014-12-31,0.1600,15.5400,18.5000,1.880834,1.579900,因子未变动
002634.SZ,2016-05-12,0.7234,12.2400,44.2500,6.858402,1.897104,因子未变动
002635.SZ,2013-05-20,0.3364,58.3200,87.8800,1.518693,1.007853,因子未变动
002635.SZ,2015-04-24,0.5027,21.4100,43.0500,3.074787,1.529180,因子未变动
002635.SZ,2017-05-19,0.3374,33.0300,49.8500,4.687009,3.105555,因子未变动
002636.SZ,2015-05-22,0.6153,21.4200,55.6800,2.613868,1.005550,因子未变动
002637.SZ,2012-04-10,0.5061,15.7600,31.9100,2.024746,1.000000,因子未变动
002637.SZ,2016-05-05,0.5018,12.4300,24.9500,4.153346,2.069182,因子未变动
002638.SZ,2012-05-29,0.5017,14.8000,29.7000,2.006757,1.000000,因子未变动
002638.SZ,2016-07-04,0.5998,8.5800,21.4400,5.047482,2.019935,因子未变动
002639.SZ,2015-10-08,0.6667,8.6400,25.9200,3.077091,1.025697,因子未变动
002640.SZ,2012-07-05,0.5018,12.5300,25.1500,2.007183,1.000000,因子未变动
002640.SZ,2015-09-29,0.6667,27.8400,83.5300,6.051211,2.016829,因子未变动
002640.SZ,2016-06-14,0.5009,15.9100,31.8800,12.125244,6.051211,因子未变动
002641.SZ,2013-05-30,0.4488,12.3900,22.4800,1.828934,1.008029,因子未变动
002641.SZ,2014-05-22,0.1777,7.8200,9.5100,2.224190,1.828934,因子未变动
002641.SZ,2015-05-29,0.5017,12.9900,26.0700,4.463790,2.224190,因子未变动
002641.SZ,2017-06-09,0.2359,5.4100,7.0800,5.879739,4.492851,因子未变动
002642.SZ,2012-04-26,0.5049,14.7600,29.8100,2.019648,1.000000,因子未变动
002642.SZ,2013-05-23,0.3429,9.3700,14.2600,3.073658,2.019648,因子未变动
002642.SZ,2016-06-24,0.3343,24.9300,37.4500,4.627748,3.080635,因子未变动
002643.SZ,2013-04-26,0.5052,13.7900,27.8700,2.072560,1.025497,因子未变动
002643.SZ,2017-05-15,0.6037,14.9700,37.7700,5.392167,2.137165,因子未变动
002644.SZ,2014-05-21,0.5006,15.9800,32.0000,2.210929,1.104083,因子未变动
002644.SZ,2015-08-14,0.6000,25.2000,63.0000,5.529514,2.211806,因子未变动
002645.SZ,2012-05-14,0.4495,12.4900,22.6900,1.816653,1.000000,因子未变动
002645.SZ,2014-05-26,0.2349,11.5000,15.0300,2.387616,1.826852,因子未变动
002645.SZ,2018-06-20,0.4140,10.9400,18.6700,4.081720,2.391752,因子未变动
002645.SZ,2019-06-12,0.2412,6.7000,8.8300,5.379341,4.081720,因子未变动
002647.SZ,2014-07-18,0.2368,8.4100,11.0200,1.332194,1.016675,因子未变动
002647.SZ,2017-06-13,0.4117,34.8900,59.3100,2.264616,1.332194,因子未变动
002647.SZ,2018-06-01,0.3335,17.5100,26.2700,3.397570,2.264616,因子未变动
002647.SZ,2025-03-13,0.1191,5.2500,5.9600,3.862302,3.402196,因子未变动
002648.SZ,2012-05-17,0.5102,23.9000,48.8000,2.041841,1.000000,因子未变动
002648.SZ,2014-05-07,0.5067,12.8800,26.1100,4.213081,2.078302,因子未变动
002648.SZ,2021-06-03,0.2884,32.8100,46.1100,6.124679,4.358073,因子未变动
002648.SZ,2022-06-06,0.2917,27.3700,38.6400,8.646606,6.124679,因子未变动
002648.SZ,2022-10-13,0.2999,14.0800,20.1100,12.349663,8.646606,因子未变动
002649.SZ,2012-05-18,0.3434,14.0900,21.4600,1.523066,1.000000,因子未变动
002649.SZ,2017-06-05,0.6684,10.7900,32.5400,4.710564,1.561985,因子未变动
002650.SZ,2012-05-21,0.1889,18.3800,22.6600,1.232862,1.000000,因子未变动
002650.SZ,2013-06-18,0.1903,16.9300,20.9100,1.522690,1.232862,因子未变动
002650.SZ,2014-06-16,0.5159,9.1500,18.9000,3.145228,1.522690,因子未变动
002650.SZ,2015-09-24,0.6000,6.0400,15.1000,7.899107,3.159643,因子未变动
002651.SZ,2015-09-28,0.6001,10.3900,25.9800,2.905412,1.161941,因子未变动
002652.SZ,2013-05-21,0.3409,8.4700,12.8500,1.529730,1.008313,因子未变动
002652.SZ,2015-04-14,0.5007,14.3200,28.6800,3.093450,1.544568,因子未变动
002652.SZ,2017-05-11,0.3785,10.1300,16.3000,4.998234,3.106264,因子未变动
002653.SZ,2013-03-11,0.5095,19.0900,38.9200,2.101624,1.030832,因子未变动
002653.SZ,2013-09-12,0.2594,21.9300,29.6100,2.837623,2.101624,因子未变动
002654.SZ,2013-04-24,0.5029,8.4700,17.0400,2.027009,1.007557,因子未变动
002654.SZ,2016-03-01,0.6672,13.7200,41.2200,6.147183,2.046078,因子未变动
002655.SZ,2013-06-06,0.5021,9.4700,19.0200,2.020339,1.005921,因子未变动
002655.SZ,2014-06-10,0.3342,8.1100,12.1800,3.034245,2.020339,因子未变动
002656.SZ,2013-05-16,0.5047,19.1100,38.5800,2.018838,1.000000,因子未变动
002656.SZ,2016-05-26,0.3782,12.9200,20.7800,3.307565,2.056484,因子未变动
002656.SZ,2018-05-31,0.3758,9.8000,15.7000,5.298854,3.307565,因子未变动
002657.SZ,2013-06-14,0.3365,20.2900,30.5800,1.507146,1.000000,因子未变动
002657.SZ,2014-09-22,0.1667,41.8300,50.2000,1.813284,1.510950,因子未变动
002657.SZ,2015-03-20,0.5003,47.1500,94.3500,3.628491,1.813284,因子未变动
002658.SZ,2013-07-04,0.5022,17.7400,35.6400,2.023234,1.007075,因子未变动
002658.SZ,2015-04-17,0.5466,26.4800,58.4000,4.482871,2.032644,因子未变动
002659.SZ,2013-06-18,0.5037,5.3900,10.8600,2.029178,1.007115,因子未变动
002660.SZ,2013-06-18,0.5019,11.7700,23.6300,2.028301,1.010288,因子未变动
002660.SZ,2014-06-11,0.2328,9.0300,11.7700,2.643755,2.028301,因子未变动
002661.SZ,2016-04-28,0.6696,19.0800,57.7500,3.211061,1.060901,因子未变动
002662.SZ,2012-09-21,0.5103,9.3000,18.9900,2.041935,1.000000,因子未变动
002662.SZ,2017-04-19,0.5094,8.8800,18.1000,4.635662,2.274292,因子未变动
002663.SZ,2012-09-07,0.3758,26.6400,42.6800,1.602102,1.000000,因子未变动
002663.SZ,2013-05-30,0.5019,18.7800,37.7000,3.216147,1.602102,因子未变动
002663.SZ,2015-06-01,0.6000,13.6200,34.0500,8.115385,3.246154,因子未变动
002664.SZ,2014-09-01,0.3334,34.3900,51.5900,1.524529,1.016254,因子未变动
002664.SZ,2015-04-23,0.5019,26.1500,52.5000,3.060718,1.524529,因子未变动
002666.SZ,2013-06-14,0.5084,8.5000,17.2900,2.067516,1.016419,因子未变动
002666.SZ,2015-07-09,0.5029,9.4800,19.0700,4.220608,2.098131,因子未变动
002666.SZ,2021-07-08,0.0220,4.9000,5.0100,1.022449,4.619793,因子未变动
002666.SZ,2024-05-21,0.0153,4.5100,4.5800,4.796816,1.022449,因子未变动
002667.SZ,2015-05-29,0.5007,23.7900,47.6500,2.032340,1.014677,因子未变动
002667.SZ,2018-05-02,0.4124,8.1200,13.8200,3.459734,2.032781,因子未变动
002668.SZ,2017-05-11,0.6443,22.1900,62.3800,2.897810,1.030818,因子未变动
002668.SZ,2018-07-06,0.4134,11.7900,20.1000,4.940287,2.897810,因子未变动
002669.SZ,2014-05-19,0.5023,12.8300,25.7800,2.063898,1.027145,因子未变动
002670.SZ,2017-04-28,0.3756,15.9100,25.4800,1.791919,1.118894,因子未变动
002670.SZ,2018-06-29,0.2320,10.6600,13.8800,2.333192,1.791919,因子未变动
002671.SZ,2013-09-12,0.5029,17.3900,34.9800,2.031371,1.009878,因子未变动
002671.SZ,2014-05-20,0.4976,8.4900,16.9000,4.043600,2.031371,因子未变动
002672.SZ,2013-06-26,0.3385,34.4000,52.0000,1.524635,1.008604,因子未变动
002672.SZ,2014-06-25,0.3382,26.5300,40.0900,2.303905,1.524635,因子未变动
002672.SZ,2015-06-26,0.6010,24.4200,61.2100,5.774857,2.303905,因子未变动
002673.SZ,2015-06-12,0.5009,37.0400,74.2200,2.106117,1.051072,因子未变动
002673.SZ,2017-04-11,0.1258,15.9800,18.2800,2.432077,2.126071,因子未变动
002675.SZ,2013-07-01,0.3817,14.5300,23.5000,1.617343,1.000000,因子未变动
002675.SZ,2016-08-30,0.6667,17.7400,53.2300,4.912562,1.637213,因子未变动
002676.SZ,2016-03-11,0.6000,16.9300,42.3300,2.600057,1.039900,因子未变动
002676.SZ,2017-06-07,0.4446,14.9300,26.8800,4.681148,2.600057,因子未变动
002677.SZ,2015-06-04,0.5045,27.4000,55.3000,2.136394,1.058539,因子未变动
002677.SZ,2016-06-16,0.3837,10.9400,17.7500,3.466270,2.136394,因子未变动
002678.SZ,2013-07-04,0.5044,6.7400,13.6000,2.017804,1.000000,因子未变动
002678.SZ,2018-07-03,0.2379,6.4400,8.4500,2.709397,2.064913,因子未变动
002679.SZ,2018-07-18,0.4231,14.7100,25.5000,1.774634,1.023720,因子未变动
002681.SZ,2014-04-22,0.5027,27.9900,56.2800,2.077915,1.033420,因子未变动
002681.SZ,2015-06-15,0.4454,46.0300,83.0000,3.746838,2.077915,因子未变动
002681.SZ,2016-05-27,0.5017,14.8100,29.7200,7.518976,3.746838,因子未变动
002681.SZ,2018-07-04,0.2892,6.1700,8.6800,10.623304,7.551358,因子未变动
002682.SZ,2013-06-21,0.2467,7.4800,9.9300,1.327540,1.000000,因子未变动
002682.SZ,2015-07-03,0.1832,24.2600,29.7000,1.644826,1.343552,因子未变动
002682.SZ,2018-07-06,0.3411,5.1200,7.7700,2.523014,1.662526,因子未变动
002683.SZ,2015-07-10,0.6034,14.0700,35.4800,2.582840,1.024255,因子未变动
002683.SZ,2026-04-29,0.0123,36.0000,36.4500,2.930600,2.930600,因子未变动
002685.SZ,2015-04-23,0.6430,16.5300,46.3000,2.823922,1.008195,因子未变动
002686.SZ,2013-05-28,0.3383,15.1400,22.8800,1.511229,1.000000,因子未变动
002686.SZ,2014-06-27,0.5039,9.6000,19.3500,3.046070,1.511229,因子未变动
002686.SZ,2015-08-14,0.3359,13.7400,20.6900,4.586841,3.046070,因子未变动
002687.SZ,2013-04-22,0.5117,10.4700,21.4400,2.047756,1.000000,因子未变动
002687.SZ,2014-05-09,0.1856,8.8200,10.8300,2.514421,2.047756,因子未变动
002687.SZ,2015-05-07,0.3447,11.5000,17.5500,3.837225,2.514421,因子未变动
002687.SZ,2022-06-21,0.3309,4.6300,6.9200,6.405147,4.285524,因子未变动
002687.SZ,2024-04-09,0.0418,5.7300,5.9800,1.043630,6.606990,因子未变动
002688.SZ,2014-05-13,0.5049,12.6500,25.5500,2.063367,1.021589,因子未变动
002688.SZ,2016-05-17,0.6030,10.5200,26.5000,5.220088,2.072277,因子未变动
002689.SZ,2013-06-06,0.2585,6.1100,8.2400,1.348609,1.000000,因子未变动
002689.SZ,2014-05-21,0.2612,5.6000,7.5800,1.825438,1.348609,因子未变动
002689.SZ,2015-05-29,0.4501,16.2100,29.4800,3.319798,1.825438,因子未变动
002689.SZ,2018-07-10,0.1155,3.3700,3.8100,3.753243,3.319798,因子未变动
002690.SZ,2013-06-07,0.2378,25.4200,33.3500,1.311959,1.000000,因子未变动
002690.SZ,2014-05-20,0.2361,32.6400,42.7300,1.717525,1.311959,因子未变动
002690.SZ,2015-05-22,0.5010,50.5000,101.2000,3.441852,1.717525,因子未变动
002690.SZ,2022-05-13,0.2560,18.0200,24.2200,5.183445,3.856552,因子未变动
002691.SZ,2018-06-11,0.4123,10.5200,17.9000,1.717308,1.009278,因子未变动
002692.SZ,2013-05-13,0.4558,8.0000,14.7000,1.837500,1.000000,因子未变动
002692.SZ,2016-05-24,0.5493,7.9100,17.5500,4.132178,1.862423,因子未变动
002693.SZ,2013-05-16,0.3455,12.7700,19.5100,1.527800,1.000000,因子未变动
002693.SZ,2014-05-22,0.3423,9.4900,14.4300,2.323092,1.527800,因子未变动
002693.SZ,2015-03-10,0.3368,12.0700,18.2000,3.502923,2.323092,因子未变动
002694.SZ,2013-05-23,0.1932,12.6500,15.6800,1.239526,1.000000,因子未变动
002694.SZ,2014-06-17,0.5033,7.5400,15.1800,2.495491,1.239526,因子未变动
002694.SZ,2017-05-19,0.3752,21.9100,35.0700,4.096762,2.559454,因子未变动
002695.SZ,2016-09-22,0.7505,18.6300,74.6600,4.125512,1.029444,因子未变动
002696.SZ,2014-06-16,0.5047,10.5300,21.2600,2.051349,1.016026,因子未变动
002696.SZ,2018-06-12,0.4213,12.7900,22.1000,3.604630,2.086118,因子未变动
002697.SZ,2013-09-30,0.5027,8.4400,16.9700,2.039500,1.014342,因子未变动
002697.SZ,2014-09-12,0.5017,7.5500,15.1500,4.111828,2.049129,因子未变动
002697.SZ,2015-09-28,0.4145,5.9900,10.2300,7.033808,4.118525,因子未变动
002698.SZ,2015-09-24,0.4141,18.3100,31.2500,1.724601,1.010478,因子未变动
002698.SZ,2019-05-31,0.3400,8.9300,13.5300,2.658440,1.754610,因子未变动
002700.SZ,2013-10-16,0.3750,36.7700,58.8300,1.605520,1.003484,因子未变动
002700.SZ,2014-05-26,0.5016,17.5200,35.1500,3.221121,1.605520,因子未变动
002700.SZ,2015-04-30,0.4458,16.0600,28.9800,5.812459,3.221121,因子未变动
002701.SZ,2014-05-15,0.5105,23.0800,47.1500,2.101778,1.028824,因子未变动
002701.SZ,2015-04-24,0.3849,25.6500,41.7000,3.416925,2.101778,因子未变动
002701.SZ,2016-05-06,0.5910,9.8700,24.1300,8.353638,3.416925,因子未变动
002702.SZ,2013-04-26,0.5040,17.4100,35.1000,2.016083,1.000000,因子未变动
002702.SZ,2015-05-07,0.5013,17.6400,35.3700,4.071534,2.030587,因子未变动
002702.SZ,2017-04-27,0.4120,8.5200,14.4900,6.924475,4.071534,因子未变动
002703.SZ,2017-07-31,0.6014,11.2600,28.2500,2.546354,1.014936,因子未变动
002705.SZ,2016-05-31,0.2423,15.1000,19.9300,1.353514,1.025492,因子未变动
002705.SZ,2017-06-09,0.2451,14.3200,18.9700,1.793028,1.353514,因子未变动
002706.SZ,2015-04-30,0.2356,43.0600,56.3300,1.341999,1.025856,因子未变动
002706.SZ,2016-05-17,0.5047,25.9900,52.4700,2.709300,1.341999,因子未变动
002706.SZ,2017-04-26,0.5078,12.5400,25.4800,5.505021,2.709300,因子未变动
002706.SZ,2018-04-25,0.3490,6.9400,10.6600,8.455839,5.505021,因子未变动
002706.SZ,2021-04-27,0.2372,23.9900,31.4500,11.730599,8.948079,因子未变动
002707.SZ,2015-05-14,0.6670,67.6000,203.0000,3.009999,1.002345,因子未变动
002707.SZ,2015-09-29,0.4999,40.1400,80.2700,6.019249,3.009999,因子未变动
002707.SZ,2016-04-22,0.5006,21.0500,42.1500,12.052796,6.019249,因子未变动
002708.SZ,2014-04-29,0.2891,15.5900,21.9300,1.406671,1.000000,因子未变动
002708.SZ,2015-10-09,0.5456,10.2700,22.6000,3.114056,1.415104,因子未变动
002709.SZ,2016-05-13,0.6005,55.4600,138.8200,2.522424,1.007734,因子未变动
002709.SZ,2019-07-03,0.3773,16.2100,26.0300,4.089144,2.546486,因子未变动
002709.SZ,2021-04-27,0.4129,61.4600,104.6800,6.975138,4.095262,因子未变动
002709.SZ,2022-05-16,0.5032,38.2800,77.0500,14.039561,6.975138,因子未变动
002712.SZ,2016-06-17,0.6671,38.0200,114.2000,3.029214,1.008500,因子未变动
002712.SZ,2018-09-27,0.4117,9.3300,15.8600,5.199826,3.058914,因子未变动
002713.SZ,2015-05-21,0.5033,44.1100,88.8100,2.043597,1.015011,因子未变动
002713.SZ,2019-06-21,0.4039,11.2600,18.8900,3.755075,2.238335,因子未变动
002713.SZ,2025-12-30,0.2600,8.1400,11.0000,5.074425,3.755075,因子未变动
002714.SZ,2015-06-10,0.5003,48.3700,96.8000,2.012124,1.005439,因子未变动
002714.SZ,2016-07-08,0.5033,26.8700,54.1000,4.051207,2.012124,因子未变动
002714.SZ,2018-07-03,0.4531,24.1900,44.2300,7.582853,4.147168,因子未变动
002714.SZ,2020-06-04,0.4144,70.4400,120.2900,12.959839,7.589085,因子未变动
002714.SZ,2021-06-03,0.2970,65.4600,93.1100,18.434016,12.959839,因子未变动
002715.SZ,2020-09-25,0.3332,18.2300,27.3400,1.504306,1.003054,因子未变动
002716.SZ,2015-06-25,0.5470,13.8700,30.6200,2.219429,1.005339,因子未变动
002716.SZ,2018-07-24,0.4151,9.8500,16.8400,3.816120,2.232113,因子未变动
002717.SZ,2014-08-26,0.4737,25.8400,49.1000,1.900155,1.000000,因子未变动
002717.SZ,2015-04-09,0.5011,18.5100,37.1000,3.808522,1.900155,因子未变动
002717.SZ,2018-04-24,0.5678,12.4400,28.7800,8.861599,3.830379,因子未变动
002717.SZ,2019-05-30,0.3398,5.0900,7.7100,13.422972,8.861599,因子未变动
002718.SZ,2015-05-29,0.3776,74.0600,119.0000,1.619147,1.007681,因子未变动
002718.SZ,2019-06-11,0.3405,18.1300,27.4900,2.523472,1.664261,因子未变动
002719.SZ,2018-07-06,0.3764,15.3400,24.6000,1.619151,1.009665,因子未变动
002721.SZ,2015-09-30,0.6667,20.0100,60.0300,3.019208,1.006403,因子未变动
002723.SZ,2015-06-26,0.5021,22.6000,45.3900,2.034921,1.013201,因子未变动
002723.SZ,2021-06-28,0.2862,13.9900,19.6000,2.863113,2.043620,因子未变动
002724.SZ,2017-06-20,0.3352,13.8800,20.8800,1.512177,1.005221,因子未变动
002724.SZ,2018-06-26,0.1788,5.5100,6.7100,1.841508,1.512177,因子未变动
002725.SZ,2015-05-08,0.3815,23.5600,38.0900,1.637645,1.012941,因子未变动
002725.SZ,2018-05-09,0.3751,10.5300,16.8500,2.653878,1.658477,因子未变动
002726.SZ,2015-04-27,0.5024,14.7400,29.6200,2.009498,1.000000,因子未变动
002726.SZ,2017-08-25,0.4116,11.1200,18.9000,3.460556,2.036052,因子未变动
002726.SZ,2019-10-11,0.2313,7.0800,9.2100,4.553609,3.500494,因子未变动
002727.SZ,2016-04-13,0.5050,24.9100,50.3200,2.038662,1.009202,因子未变动
002728.SZ,2015-07-03,0.5015,25.2200,50.5900,2.005948,1.000000,因子未变动
002728.SZ,2023-05-26,0.3035,18.0400,25.9000,3.553232,2.474915,因子未变动
002728.SZ,2024-04-24,0.3110,9.7700,14.1800,5.157096,3.553232,因子未变动
002729.SZ,2021-10-13,0.2857,44.4300,62.2000,1.419467,1.013938,因子未变动
002729.SZ,2022-06-08,0.2861,44.4900,62.3200,1.988338,1.419467,因子未变动
002729.SZ,2022-09-29,0.2857,35.9600,50.3400,2.783453,1.988338,因子未变动
002730.SZ,2016-04-20,0.5464,19.1900,42.3100,2.211541,1.003060,因子未变动
002731.SZ,2019-07-08,0.4130,13.2200,22.5200,1.722855,1.011374,因子未变动
002733.SZ,2015-05-12,0.3366,28.7900,43.4000,1.507468,1.000000,因子未变动
002733.SZ,2015-09-15,0.3332,12.4300,18.6400,2.260595,1.507468,因子未变动
002734.SZ,2015-05-04,0.2376,25.2800,33.1600,1.311709,1.000000,因子未变动
002734.SZ,2018-06-12,0.4237,14.2800,24.7800,2.329395,1.342363,因子未变动
002734.SZ,2020-05-26,0.2451,12.2900,16.2800,3.165346,2.389564,因子未变动
002735.SZ,2019-06-10,0.4176,14.2100,24.4000,1.733157,1.009351,因子未变动
002735.SZ,2021-07-15,0.2893,17.4900,24.6100,2.438708,1.733157,因子未变动
002735.SZ,2023-05-16,0.2881,13.4900,18.9500,3.425761,2.438708,因子未变动
002737.SZ,2015-06-11,0.5013,66.9300,134.2000,2.005080,1.000000,因子未变动
002737.SZ,2018-04-18,0.5124,19.7000,40.4000,4.184003,2.040219,因子未变动
002738.SZ,2016-06-20,0.3355,21.4500,32.2800,1.509848,1.003291,因子未变动
002738.SZ,2022-06-01,0.2864,71.7500,100.5500,2.147136,1.532144,因子未变动
002738.SZ,2023-05-31,0.2952,52.9800,75.1700,3.046437,2.147136,因子未变动
002739.SZ,2015-09-28,0.5000,81.5000,163.0000,2.006555,1.003277,因子未变动
002739.SZ,2018-08-08,0.3359,34.5600,52.0400,3.040120,2.018957,因子未变动
002741.SZ,2015-11-02,0.6679,17.7800,53.5400,3.011249,1.000000,因子未变动
002742.SZ,2015-05-20,0.3355,39.2900,59.1300,1.504963,1.000000,因子未变动
002742.SZ,2016-05-24,0.3385,21.9100,33.1200,2.274960,1.504963,因子未变动
002742.SZ,2017-09-08,0.4999,18.9500,37.8900,4.573676,2.287442,因子未变动
002743.SZ,2016-05-12,0.5011,14.1600,28.3800,2.006603,1.001180,因子未变动
002745.SZ,2018-04-11,0.5029,21.6700,43.5900,2.040409,1.014353,因子未变动
002746.SZ,2018-05-24,0.4209,14.8300,25.6100,1.742557,1.009064,因子未变动
002746.SZ,2019-05-28,0.3449,18.9900,28.9900,2.660175,1.742557,因子未变动
002746.SZ,2021-06-09,0.3519,7.0900,10.9400,4.216773,2.732808,因子未变动
002747.SZ,2016-05-25,0.5036,27.4200,55.2400,2.016372,1.000886,因子未变动
002747.SZ,2017-06-07,0.6685,11.4600,34.5700,6.082547,2.016372,因子未变动
002748.SZ,2016-05-27,0.5013,15.2300,30.5400,2.015203,1.004962,因子未变动
002749.SZ,2018-05-02,0.4286,39.7100,69.5000,1.861444,1.063568,因子未变动
002749.SZ,2018-10-09,0.4116,20.4100,34.6900,3.163817,1.861444,因子未变动
002749.SZ,2019-05-28,0.4187,11.7200,20.1600,5.442197,3.163817,因子未变动
002749.SZ,2020-05-29,0.1513,12.1200,14.2800,6.412093,5.442197,因子未变动
002752.SZ,2016-05-24,0.3361,16.5900,24.9900,1.506329,1.000000,因子未变动
002752.SZ,2017-06-09,0.2330,12.7100,16.5700,1.963798,1.506329,因子未变动
002753.SZ,2016-04-22,0.3365,25.2600,38.0700,1.507126,1.000000,因子未变动
002753.SZ,2017-06-13,0.3356,15.9400,23.9900,2.268253,1.507126,因子未变动
002753.SZ,2018-06-05,0.3384,13.4900,20.3900,3.428441,2.268253,因子未变动
002755.SZ,2018-05-31,0.4129,12.8400,21.8700,1.707924,1.002732,因子未变动
002756.SZ,2016-06-20,0.4469,24.8800,44.9800,1.807878,1.000000,因子未变动
002756.SZ,2023-04-21,0.2721,67.7500,93.0800,2.881636,2.097452,因子未变动
002756.SZ,2023-09-27,0.0216,45.2100,46.2100,1.000000,2.881636,因子未变动
002756.SZ,2025-05-09,0.0153,31.5100,32.0000,1.000000,3.118277,因子未变动
002757.SZ,2019-06-18,0.3446,19.3800,29.5700,1.547568,1.014267,因子未变动
002757.SZ,2020-06-23,0.3411,16.7300,25.3900,2.348641,1.547568,因子未变动
002758.SZ,2016-06-08,0.6014,32.0400,80.3900,2.509051,1.000000,因子未变动
002758.SZ,2017-05-12,0.3364,15.8600,23.9000,3.780979,2.509051,因子未变动
002759.SZ,2016-06-17,0.6014,14.4200,36.1800,2.514688,1.002261,因子未变动
002761.SZ,2018-06-20,0.4123,20.5800,35.0200,1.704378,1.001602,因子未变动
002761.SZ,2019-04-30,0.4124,12.3700,21.0500,2.900336,1.704378,因子未变动
002761.SZ,2023-08-04,0.0117,16.9400,17.1400,1.000000,3.064287,因子未变动
002762.SZ,2015-08-11,0.4296,79.8600,140.0000,1.753068,1.000000,因子未变动
002762.SZ,2016-07-14,0.4132,38.0100,64.7700,2.987272,1.753068,因子未变动
002762.SZ,2018-06-20,0.4349,7.5500,13.3600,5.306743,2.998946,因子未变动
002763.SZ,2017-09-22,0.4445,18.0300,32.4600,1.842790,1.023583,因子未变动
002765.SZ,2017-05-12,0.5017,13.0000,26.0900,2.027033,1.010020,因子未变动
002766.SZ,2017-07-13,0.5015,16.5400,33.1800,2.011651,1.002794,因子未变动
002767.SZ,2016-05-31,0.3347,31.3900,47.1800,1.503026,1.000000,因子未变动
002768.SZ,2016-03-30,0.6674,33.0800,99.4500,3.006348,1.000000,因子未变动
002769.SZ,2015-09-25,0.4999,48.7100,97.4100,1.999795,1.000000,因子未变动
002769.SZ,2016-07-11,0.6008,34.8300,87.2600,5.010109,1.999795,因子未变动
002771.SZ,2017-06-16,0.5026,28.8500,58.0000,2.016826,1.003197,因子未变动
002771.SZ,2019-06-11,0.2349,10.1600,13.2800,2.655859,2.031892,因子未变动
002772.SZ,2016-04-15,0.5135,27.6300,56.7900,2.055375,1.000000,因子未变动
002773.SZ,2016-06-08,0.3352,48.6600,73.1900,1.504110,1.000000,因子未变动
002773.SZ,2019-06-06,0.2353,35.4800,46.4000,1.983586,1.516759,因子未变动
002775.SZ,2016-07-07,0.5021,23.9700,48.1400,2.008344,1.000000,因子未变动
002775.SZ,2018-07-09,0.3798,8.0000,12.9000,3.511748,2.177828,因子未变动
002777.SZ,2017-09-21,0.5000,39.5000,79.0000,2.022882,1.011441,因子未变动
002777.SZ,2019-06-04,0.2370,23.3100,30.5500,2.676576,2.042258,因子未变动
002777.SZ,2020-06-16,0.2894,27.4800,38.6700,3.766492,2.676576,因子未变动
002777.SZ,2022-05-26,0.2400,12.7000,16.7100,5.001387,3.801174,因子未变动
002778.SZ,2021-06-04,0.2884,17.6400,24.7900,1.421942,1.011822,因子未变动
002779.SZ,2016-07-01,0.3345,44.1000,66.2700,1.502721,1.000000,因子未变动
002779.SZ,2025-06-11,0.2866,68.7900,96.4200,2.134886,1.523116,因子未变动
002780.SZ,2017-05-16,0.3342,30.5400,45.8700,1.503748,1.001188,因子未变动
002780.SZ,2019-05-22,0.2312,20.9100,27.2000,1.956096,1.503748,因子未变动
002782.SZ,2016-06-08,0.6005,36.4500,91.2300,2.502881,1.000000,因子未变动
002783.SZ,2017-05-26,0.6047,26.6800,67.5000,2.543227,1.005234,因子未变动
002783.SZ,2018-05-29,0.3821,11.1400,18.0300,4.116192,2.543227,因子未变动
002786.SZ,2016-05-31,0.6671,25.7600,77.3900,3.004270,1.000000,因子未变动
002787.SZ,2017-06-12,0.5065,18.9100,38.3200,2.045469,1.009390,因子未变动
002788.SZ,2018-05-25,0.3375,21.0200,31.7300,1.524302,1.009796,因子未变动
002788.SZ,2019-05-29,0.4192,9.0200,15.5300,2.624436,1.524302,因子未变动
002789.SZ,2018-08-24,0.4142,20.1400,34.3800,1.713494,1.003774,因子未变动
002790.SZ,2018-05-25,0.3882,14.4700,23.6500,1.666882,1.019864,因子未变动
002790.SZ,2019-05-30,0.3902,7.6900,12.6100,2.733340,1.666882,因子未变动
002791.SZ,2017-06-08,0.3379,24.6300,37.2000,1.515060,1.003117,因子未变动
002792.SZ,2016-06-07,0.3362,60.8700,91.7000,1.506489,1.000000,因子未变动
002792.SZ,2019-06-18,0.3342,20.7800,31.2100,2.280560,1.518425,因子未变动
002792.SZ,2024-06-18,0.2411,10.8600,14.3100,3.082825,2.339587,因子未变动
002793.SZ,2017-06-01,0.5057,26.1900,52.9800,2.022909,1.000000,因子未变动
002793.SZ,2019-09-23,0.4119,12.0200,20.4400,3.546120,2.085341,因子未变动
002795.SZ,2017-05-11,0.5042,29.4500,59.4000,2.016978,1.000000,因子未变动
002795.SZ,2022-06-01,0.2857,8.1500,11.4100,2.946086,2.104347,因子未变动
002795.SZ,2023-06-01,0.2859,9.2900,13.0100,4.125788,2.946086,因子未变动
002796.SZ,2019-04-01,0.3360,32.8600,49.4900,1.542654,1.024280,因子未变动
002796.SZ,2020-05-28,0.3342,22.7100,34.1100,2.317038,1.542654,因子未变动
002797.SZ,2017-05-26,0.3766,9.5000,15.2400,1.607835,1.002259,因子未变动
002798.SZ,2018-05-18,0.4138,34.9500,59.6200,1.722922,1.009998,因子未变动
002798.SZ,2018-09-25,0.4118,16.9700,28.8500,2.929068,1.722922,因子未变动
002799.SZ,2017-06-27,0.3376,20.0900,30.3300,1.509706,1.000000,因子未变动
002799.SZ,2020-07-14,0.1702,19.0200,22.9200,1.823234,1.512998,因子未变动
002799.SZ,2021-05-27,0.2886,14.4700,20.3400,2.562860,1.823234,因子未变动
002800.SZ,2021-05-26,0.2884,13.6700,19.2100,1.422633,1.012358,因子未变动
002800.SZ,2024-07-02,0.2860,9.9600,13.9500,2.006424,1.432543,因子未变动
002801.SZ,2017-04-20,0.5015,50.4400,101.1800,2.008546,1.001295,因子未变动
002801.SZ,2020-07-03,0.2362,32.2400,42.2100,2.703993,2.065310,因子未变动
002801.SZ,2021-06-03,0.3384,25.5700,38.6500,4.087185,2.703993,因子未变动
002802.SZ,2022-06-08,0.2471,14.3800,19.1000,1.485612,1.118487,因子未变动
002802.SZ,2023-05-12,0.2642,10.2200,13.8900,2.019096,1.485612,因子未变动
002803.SZ,2018-12-18,0.4116,17.5100,29.7600,1.712275,1.007458,因子未变动
002803.SZ,2020-06-09,0.4130,25.2400,43.0000,2.978113,1.748083,因子未变动
002805.SZ,2019-06-19,0.3343,13.1800,19.8000,1.509294,1.004672,因子未变动
002805.SZ,2023-05-26,0.2883,20.8600,29.3100,2.121731,1.510041,因子未变动
002806.SZ,2017-05-18,0.4130,26.2800,44.7700,1.703577,1.000000,因子未变动
002807.SZ,2019-04-17,0.1730,5.4500,6.5900,1.238782,1.024485,因子未变动
002808.SZ,2017-06-13,0.3772,18.2300,29.2700,1.605595,1.000000,因子未变动
002808.SZ,2019-06-28,0.2887,9.6100,13.5100,2.268157,1.613397,因子未变动
002809.SZ,2017-05-11,0.3368,37.7700,56.9500,1.507810,1.000000,因子未变动
002809.SZ,2020-05-27,0.4137,12.3600,21.0800,2.621381,1.537014,因子未变动
002810.SZ,2018-06-27,0.1669,14.8300,17.8000,1.205879,1.004673,因子未变动
002810.SZ,2019-05-29,0.3801,14.8100,23.8900,1.945202,1.205879,因子未变动
002810.SZ,2021-06-02,0.4117,50.1500,85.2500,3.346144,1.968436,因子未变动
002811.SZ,2020-06-03,0.3449,11.0900,16.9300,1.579669,1.034763,因子未变动
002812.SZ,2018-04-17,0.5045,61.0500,123.2000,2.036828,1.009321,因子未变动
002812.SZ,2019-07-09,0.4160,29.8400,51.1000,3.488000,2.036828,因子未变动
002815.SZ,2018-05-04,0.5076,17.4200,35.3800,2.056253,1.012434,因子未变动
002817.SZ,2020-06-09,0.4141,13.2000,22.5300,1.725323,1.010842,因子未变动
002817.SZ,2021-06-09,0.3135,9.9000,14.4200,2.513046,1.725323,因子未变动
002817.SZ,2022-04-29,0.2923,5.9800,8.4500,3.551043,2.513046,因子未变动
002818.SZ,2019-05-06,0.4234,14.4600,25.0800,1.836666,1.058939,因子未变动
002819.SZ,2019-06-11,0.2323,18.0800,23.5500,1.308332,1.004443,因子未变动
002820.SZ,2018-04-27,0.3832,14.3100,23.2000,1.633851,1.007776,因子未变动
002821.SZ,2017-06-14,0.5017,73.7900,148.0700,2.006640,1.000000,因子未变动
002821.SZ,2022-07-21,0.2878,191.5700,269.0000,2.853790,2.032344,因子未变动
002822.SZ,2017-06-14,0.5036,13.1600,26.5100,2.014438,1.000000,因子未变动
002823.SZ,2017-06-06,0.4993,21.4300,42.8000,1.997200,1.000000,因子未变动
002824.SZ,2017-06-16,0.3365,23.8800,35.9900,1.507119,1.000000,因子未变动
002824.SZ,2023-07-06,0.2929,22.7400,32.1600,2.161840,1.528614,因子未变动
002825.SZ,2018-06-26,0.2895,14.0900,19.8300,1.415097,1.005482,因子未变动
002825.SZ,2022-06-02,0.2975,10.7200,15.2600,2.110024,1.482271,因子未变动
002825.SZ,2023-07-07,0.3023,8.7700,12.5700,3.024288,2.110024,因子未变动
002827.SZ,2019-07-04,0.3494,10.7800,16.5700,1.598736,1.040095,因子未变动
002828.SZ,2018-05-25,0.4135,21.7000,37.0000,1.713393,1.004882,因子未变动
002829.SZ,2017-04-13,0.5011,44.9000,90.0000,2.004454,1.000000,因子未变动
002829.SZ,2023-07-04,0.1736,36.1300,43.7200,2.447800,2.022850,因子未变动
002830.SZ,2017-05-23,0.5020,29.8800,60.0000,2.008032,1.000000,因子未变动
002831.SZ,2019-05-13,0.5492,22.8900,50.7800,2.262248,1.019749,因子未变动
002832.SZ,2018-06-11,0.4199,41.6500,71.8000,1.730758,1.003984,因子未变动
002832.SZ,2019-07-09,0.4181,26.6500,45.8000,2.974435,1.730758,因子未变动
002832.SZ,2020-05-22,0.4251,12.8600,22.3700,5.174037,2.974435,因子未变动
002833.SZ,2020-06-02,0.3843,24.9000,40.4400,1.663029,1.023972,因子未变动
002833.SZ,2021-06-03,0.2968,36.5100,51.9200,2.364954,1.663029,因子未变动
002833.SZ,2022-06-23,0.3014,16.4600,23.5600,3.385074,2.364954,因子未变动
002835.SZ,2017-05-25,0.5020,17.6500,35.4400,2.007932,1.000000,因子未变动
002836.SZ,2017-04-14,0.5016,31.0500,62.3000,2.006441,1.000000,因子未变动
002836.SZ,2022-07-11,0.1749,8.0200,9.7200,2.646701,2.183800,因子未变动
002836.SZ,2023-06-08,0.2006,7.8900,9.8700,3.310892,2.646701,因子未变动
002837.SZ,2017-06-01,0.5956,26.5100,65.5500,2.472652,1.000000,因子未变动
002837.SZ,2020-05-29,0.3372,25.4300,38.3700,3.775147,2.502006,因子未变动
002837.SZ,2022-05-31,0.2359,21.3800,27.9800,4.986851,3.810538,因子未变动
002837.SZ,2023-05-19,0.2350,27.4800,35.9200,6.518474,4.986851,因子未变动
002837.SZ,2024-05-27,0.2358,24.0200,31.4300,8.529378,6.518474,因子未变动
002837.SZ,2025-05-30,0.2355,24.7700,32.4000,11.156715,8.529378,因子未变动
002838.SZ,2017-06-28,0.3364,37.1300,55.9500,1.506868,1.000000,因子未变动
002838.SZ,2018-04-26,0.5017,22.5300,45.2100,3.023768,1.506868,因子未变动
002838.SZ,2019-06-10,0.3785,10.5600,16.9900,4.864945,3.023768,因子未变动
002839.SZ,2022-05-05,0.1875,5.0700,6.2400,1.361788,1.106453,因子未变动
002840.SZ,2018-06-26,0.3349,34.3000,51.5700,1.509132,1.003747,因子未变动
002840.SZ,2020-07-01,0.3765,11.8100,18.9400,2.420233,1.509132,因子未变动
002841.SZ,2018-05-21,0.3789,58.9400,94.9000,1.620020,1.006154,因子未变动
002841.SZ,2026-04-30,0.0191,36.9100,37.6300,1.788100,1.788100,因子未变动
002842.SZ,2018-05-24,0.4147,24.0100,41.0200,1.712861,1.002579,因子未变动
002842.SZ,2019-06-11,0.3775,14.0800,22.6200,2.751770,1.712861,因子未变动
002843.SZ,2019-05-31,0.3770,9.5500,15.3300,1.626887,1.013488,因子未变动
002845.SZ,2017-09-29,0.4999,38.6900,77.3700,2.002611,1.001435,因子未变动
002845.SZ,2022-07-05,0.2916,13.4100,18.9300,2.867591,2.031400,因子未变动
002846.SZ,2017-10-31,0.3782,24.0400,38.6600,1.608153,1.000000,因子未变动
002846.SZ,2021-03-30,0.3802,11.0200,17.7800,2.635985,1.633777,因子未变动
002847.SZ,2023-05-18,0.3411,84.3700,128.0500,1.592507,1.049276,因子未变动
002847.SZ,2024-05-24,0.3013,48.2600,69.0700,2.279205,1.592507,因子未变动
002849.SZ,2018-06-11,0.3357,21.3900,32.2000,1.509853,1.002974,因子未变动
002849.SZ,2023-06-01,0.2872,14.1700,19.8800,2.150642,1.532927,因子未变动
002850.SZ,2018-05-25,0.3373,34.0100,51.3200,1.518493,1.006312,因子未变动
002851.SZ,2018-05-22,0.3358,27.2700,41.0600,1.505684,1.000000,因子未变动
002851.SZ,2019-05-23,0.3361,19.6700,29.6300,2.268094,1.505684,因子未变动
002852.SZ,2017-10-16,0.4149,46.2900,79.1100,1.709008,1.000000,因子未变动
002852.SZ,2018-06-08,0.4159,19.3400,33.1100,2.925815,1.709008,因子未变动
002853.SZ,2017-09-01,0.6011,46.5600,116.7100,2.506658,1.000000,因子未变动
002856.SZ,2018-06-20,0.1705,26.4700,31.9100,1.205516,1.000000,因子未变动
002857.SZ,2018-05-31,0.3766,13.5900,21.8000,1.612208,1.005042,因子未变动
002858.SZ,2018-05-10,0.5022,22.6400,45.4800,2.008834,1.000000,因子未变动
002859.SZ,2017-09-15,0.6015,43.0000,107.9000,2.509302,1.000000,因子未变动
002859.SZ,2020-06-03,0.3762,24.9400,39.9800,4.093580,2.553624,因子未变动
002860.SZ,2018-04-27,0.3388,24.0600,36.3900,1.512469,1.000000,因子未变动
002860.SZ,2020-05-07,0.4166,15.3500,26.3100,2.612364,1.524127,因子未变动
002860.SZ,2022-06-21,0.2912,12.5600,17.7200,3.718980,2.636027,因子未变动
002861.SZ,2021-05-25,0.2327,13.9500,18.1800,1.363113,1.045953,因子未变动
002862.SZ,2020-05-29,0.3337,21.3800,32.0900,1.511886,1.007296,因子未变动
002862.SZ,2025-05-16,0.2867,17.7400,24.8700,2.119538,1.511886,因子未变动
002863.SZ,2018-04-27,0.4146,10.4500,17.8500,1.708134,1.000000,因子未变动
002865.SZ,2023-04-17,0.2880,93.4200,131.2000,1.444373,1.028455,因子未变动
002866.SZ,2018-07-10,0.4140,19.2200,32.8000,1.709766,1.001881,因子未变动
002867.SZ,2019-07-10,0.3462,21.7700,33.3000,1.590189,1.039592,因子未变动
002867.SZ,2021-06-18,0.3476,18.2400,27.9600,2.491336,1.625249,因子未变动
002868.SZ,2020-05-28,0.2355,13.0200,17.0300,1.355823,1.036572,因子未变动
002869.SZ,2020-07-03,0.3538,46.0900,71.3200,1.576116,1.018553,因子未变动
002871.SZ,2018-05-25,0.4153,29.6100,50.6400,1.710233,1.000000,因子未变动
002871.SZ,2021-05-28,0.3307,10.0800,15.0600,2.650654,1.774143,因子未变动
002871.SZ,2023-04-28,0.2454,11.8400,15.6900,3.641433,2.747901,因子未变动
002872.SZ,2018-08-22,0.3424,11.1600,16.9700,1.520609,1.000000,因子未变动
002873.SZ,2018-07-04,0.4144,26.1400,44.6400,1.707728,1.000000,因子未变动
002873.SZ,2021-11-10,0.2858,13.3700,18.7200,2.427130,1.733479,因子未变动
002873.SZ,2022-10-28,0.2858,15.4700,21.6600,3.422047,2.444093,因子未变动
002875.SZ,2018-05-28,0.2361,22.3300,29.2300,1.309001,1.000000,因子未变动
002875.SZ,2020-07-01,0.2307,10.6700,13.8700,1.716505,1.320484,因子未变动
002876.SZ,2019-06-25,0.2316,26.9400,35.0600,1.309544,1.006250,因子未变动
002876.SZ,2021-04-23,0.2841,56.0800,78.3400,1.831306,1.310948,因子未变动
002877.SZ,2018-04-18,0.4132,19.2300,32.7700,1.704108,1.000000,因子未变动
002877.SZ,2019-05-24,0.3777,9.2100,14.8000,2.738415,1.704108,因子未变动
002878.SZ,2018-06-14,0.4168,27.6800,47.4600,1.714595,1.000000,因子未变动
002878.SZ,2020-06-19,0.4168,23.6500,40.5500,2.972154,1.733451,因子未变动
002879.SZ,2018-06-04,0.2889,23.4800,33.0200,1.406303,1.000000,因子未变动
002880.SZ,2020-04-29,0.3362,47.9500,72.2400,1.531960,1.016853,因子未变动
002880.SZ,2021-06-16,0.2892,36.8900,51.9000,2.155292,1.531960,因子未变动
002881.SZ,2018-06-05,0.4133,22.2600,37.9400,1.704403,1.000000,因子未变动
002881.SZ,2022-06-10,0.2311,32.1400,41.8000,2.223250,1.709456,因子未变动
002883.SZ,2018-07-06,0.3780,26.0000,41.8000,1.607692,1.000000,因子未变动
002883.SZ,2020-07-06,0.3380,16.3900,24.7600,2.446931,1.619758,因子未变动
002883.SZ,2022-06-21,0.1739,11.0700,13.4000,2.983191,2.464472,因子未变动
002884.SZ,2018-07-02,0.3859,28.2100,45.9400,1.628501,1.000000,因子未变动
002884.SZ,2019-05-24,0.4081,16.8100,28.4000,2.751304,1.628501,因子未变动
002884.SZ,2020-03-31,0.1183,14.0100,15.8900,3.120501,2.751304,因子未变动
002884.SZ,2021-05-26,0.3151,21.7100,31.7000,4.778793,3.272795,因子未变动
002972.SZ,2026-04-29,0.0113,13.1800,13.3300,1.622600,1.622600,因子未变动
003038.SZ,2022-03-29,0.1706,29.7482,35.8677,1.000000,None,缺失因子记录
300019.SZ,2026-04-30,0.0165,17.9100,18.2100,7.874200,7.874200,因子未变动
300033.SZ,2026-04-10,0.2976,216.4100,308.0800,13.288404,9.334405,因子未变动
300091.SZ,2026-02-12,0.1171,2.7900,3.1600,13.819368,12.201278,因子未变动
300099.SZ,2026-04-30,0.0156,8.8500,8.9900,15.871400,15.871400,因子未变动
300125.SZ,2025-12-29,0.2087,6.2200,7.8600,5.781789,4.575410,因子未变动
300159.SZ,2024-12-02,0.1771,3.6300,3.0839,18.378133,18.378133,因子未变动
300159.SZ,2025-12-24,0.1504,2.8800,3.3900,21.632595,18.378133,因子未变动
300206.SZ,2026-04-30,0.0206,14.7200,15.0300,7.089500,7.089500,因子未变动
300458.SZ,2026-04-30,0.1706,34.4800,41.5700,5.334300,5.334300,因子未变动
300501.SZ,2026-04-28,0.3239,13.6100,20.1300,3.204300,3.204300,因子未变动
300715.SZ,2019-12-30,0.1047,9.5800,10.7006,1.811138,1.811138,因子未变动
300795.SZ,2026-04-30,0.0181,10.8700,11.0700,3.230600,3.230600,因子未变动
300824.SZ,2026-04-28,0.0109,9.9400,10.0500,1.643300,1.643300,因子未变动
300857.SZ,2026-04-22,0.2865,217.3100,304.5700,1.985300,1.417098,因子未变动
300996.SZ,2026-04-30,0.2895,12.4200,17.4800,3.257800,3.257800,因子未变动
301016.SZ,2026-04-30,0.2907,15.6900,22.1200,1.943900,1.943900,因子未变动
301082.SZ,2026-04-23,0.2343,13.2700,17.3300,1.911900,1.464000,因子未变动
301116.SZ,2022-01-19,0.0180,34.9778,35.6200,1.000000,None,缺失因子记录
301117.SZ,2022-01-19,0.2936,61.8143,87.5000,1.000000,None,缺失因子记录
301122.SZ,2022-01-27,0.2665,53.1509,72.4600,1.000000,None,缺失因子记录
301127.SZ,2021-12-31,0.3044,16.1858,23.2700,1.000000,None,缺失因子记录
301158.SZ,2022-01-19,0.0583,33.9024,36.0000,1.000000,None,缺失因子记录
301171.SZ,2026-04-28,0.2310,34.3800,44.7100,1.014300,1.014300,因子未变动
301172.SZ,2023-07-28,0.2979,32.0228,45.6100,1.000000,None,缺失因子记录
301190.SZ,2021-12-27,0.0312,36.2894,37.4600,1.000000,None,缺失因子记录
301210.SZ,2023-07-03,0.2957,36.1515,51.3300,1.000000,None,缺失因子记录
301216.SZ,2022-03-30,0.3613,20.3184,31.8100,1.000000,None,缺失因子记录
301258.SZ,2022-03-30,0.0482,63.3126,66.5200,1.000000,None,缺失因子记录
301263.SZ,2022-03-30,0.4779,18.2439,34.9400,1.000000,None,缺失因子记录
301277.SZ,2026-04-30,0.0173,11.3300,11.5300,3.109500,3.109500,因子未变动
301280.SZ,2026-04-30,0.2881,42.2800,59.3900,2.240600,2.240600,因子未变动
301291.SZ,2023-07-03,0.0419,31.2329,32.6000,1.000000,None,缺失因子记录
301301.SZ,2026-04-29,0.0174,9.5800,9.7500,1.045800,1.045800,因子未变动
301362.SZ,2023-08-07,0.1041,49.6607,55.4300,1.000000,None,缺失因子记录
301489.SZ,2023-10-25,0.2908,49.7502,70.1500,1.000000,None,缺失因子记录
301511.SZ,2023-08-18,0.2875,31.2345,43.8400,1.000000,None,缺失因子记录
301519.SZ,2023-07-28,0.0190,33.4610,34.1100,1.000000,None,缺失因子记录
301548.SZ,2023-09-21,0.3286,53.5682,79.7800,1.000000,None,缺失因子记录
301550.SZ,2023-09-18,0.5325,25.7484,55.0800,1.000000,None,缺失因子记录
301567.SZ,2024-01-18,0.0117,64.6353,65.4000,1.000000,None,缺失因子记录
301568.SZ,2023-11-29,0.0357,64.3968,66.7800,1.000000,None,缺失因子记录
301587.SZ,2024-04-10,0.0208,36.0642,36.8300,1.000000,None,缺失因子记录
600000.SH,2002-08-22,0.3408,12.1300,18.4000,1.526763,1.006502,因子未变动
600000.SH,2008-04-24,0.2343,27.0200,35.2900,2.105701,1.612242,因子未变动
600000.SH,2009-06-09,0.2909,21.6900,30.5900,2.969727,2.105701,因子未变动
600000.SH,2010-06-10,0.2368,14.1200,18.5000,3.890931,2.969727,因子未变动
600000.SH,2011-06-03,0.2400,10.0400,13.2100,5.119442,3.890931,因子未变动
600000.SH,2016-06-23,0.1168,15.8000,17.8900,7.128788,6.295967,因子未变动
600000.SH,2017-05-25,0.2405,11.7500,15.4700,9.385732,7.128788,因子未变动
600000.SH,2026-04-17,0.0142,10.0000,9.8600,12.763991,12.388310,因子未变动
600004.SH,2017-07-14,0.3234,13.3300,19.7000,2.112381,1.429342,因子未变动
600006.SH,2004-06-11,0.5100,4.9100,10.0200,2.194092,1.075149,因子未变动
600008.SH,2005-06-17,0.5063,4.2800,8.6700,2.240642,1.106107,因子未变动
600008.SH,2016-05-23,0.5086,3.9900,8.1200,5.563265,2.733673,因子未变动
600009.SH,2003-12-26,0.2305,10.0500,13.0600,2.081054,1.601424,因子未变动
600010.SH,2005-11-14,0.5227,2.0000,4.1900,2.347715,1.120628,因子未变动
600010.SH,2014-09-29,0.5009,2.8400,5.6900,5.109356,2.550188,因子未变动
600010.SH,2017-05-31,0.2843,2.1400,2.9900,7.138773,5.109356,因子未变动
600011.SH,2004-05-24,0.5116,10.2800,21.0500,2.148188,1.049091,因子未变动
600012.SH,2024-07-12,0.0418,13.7500,14.3500,1.000000,2.139799,因子未变动
600012.SH,2025-07-30,0.0359,16.0900,16.6900,1.037290,2.233172,因子未变动
600015.SH,2004-05-21,0.1674,6.0200,7.2300,1.268081,1.055857,因子未变动
600015.SH,2013-07-24,0.2694,6.7800,9.2800,1.966219,1.436526,因子未变动
600015.SH,2015-07-08,0.1889,13.3100,16.4100,2.559718,2.076164,因子未变动
600015.SH,2017-06-29,0.1797,9.3100,11.3500,3.236897,2.655111,因子未变动
600016.SH,2001-05-31,0.2385,15.2900,20.0800,1.313277,1.000000,因子未变动
600016.SH,2002-06-19,0.1354,10.2200,11.8200,1.518878,1.313277,因子未变动
600016.SH,2003-04-14,0.2341,10.7300,14.0100,1.983176,1.518878,因子未变动
600016.SH,2004-04-19,0.2679,7.6800,10.4900,2.712082,1.985586,因子未变动
600016.SH,2005-04-18,0.1773,4.7800,5.8100,3.296485,2.712082,因子未变动
600016.SH,2005-10-26,0.1349,4.8100,5.5600,3.810490,3.296485,因子未变动
600016.SH,2006-04-17,0.2917,4.0800,5.7600,5.379515,3.810490,因子未变动
600016.SH,2007-06-11,0.1596,10.6900,12.7200,6.401070,5.379515,因子未变动
600016.SH,2008-04-07,0.2338,8.8800,11.5900,8.354549,6.401070,因子未变动
600016.SH,2010-07-15,0.1726,5.3200,6.4300,10.224713,8.459638,因子未变动
600016.SH,2014-06-25,0.1776,6.2500,7.6000,14.104913,11.599436,因子未变动
600016.SH,2018-07-05,0.1779,5.5900,6.8000,18.787835,15.444707,因子未变动
600016.SH,2024-07-12,0.0566,3.6700,3.8900,1.000000,24.647267,因子未变动
600017.SH,2008-09-24,0.5000,6.2000,12.4000,2.046635,1.023318,因子未变动
600017.SH,2010-09-16,0.3328,4.3500,6.5200,3.091947,2.062878,因子未变动
600020.SH,2006-06-30,0.3444,4.1500,6.3300,1.650730,1.082232,因子未变动
600020.SH,2007-07-05,0.1456,7.4500,8.7200,1.932129,1.650730,因子未变动
600020.SH,2008-07-07,0.1343,3.6100,4.1700,2.231850,1.932129,因子未变动
600021.SH,2008-06-17,0.1664,4.6100,5.5300,1.331703,1.110154,因子未变动
600022.SH,2006-06-23,0.2312,3.9900,5.1900,1.420526,1.092081,因子未变动
600022.SH,2007-06-28,0.1810,14.1600,17.2900,1.734527,1.420526,因子未变动
600022.SH,2009-04-23,0.4481,4.5200,8.1900,3.286819,1.813971,因子未变动
600022.SH,2017-06-08,0.2302,2.0400,2.6500,4.269642,3.286819,因子未变动
600023.SH,2014-06-19,0.2548,4.6800,6.2800,1.341880,1.000000,因子未变动
600028.SH,2013-06-19,0.2551,4.7300,6.3500,1.748677,1.302558,因子未变动
600028.SH,2023-09-15,0.0221,6.1900,6.3300,1.000000,3.161395,因子未变动
600029.SH,2008-08-29,0.3340,3.4900,5.2400,1.504924,1.002326,因子未变动
600030.SH,2008-04-24,0.5042,29.2100,58.9200,2.087794,1.035038,因子未变动
600030.SH,2010-06-24,0.3495,13.5700,20.8600,3.267319,2.125480,因子未变动
600031.SH,2005-06-30,0.5061,7.7400,15.6700,2.063774,1.019375,因子未变动
600031.SH,2007-04-24,0.5015,32.4000,64.9900,4.139650,2.063774,因子未变动
600031.SH,2008-07-10,0.3343,21.3900,32.1300,6.218184,4.139650,因子未变动
600031.SH,2010-06-24,0.3369,19.0700,28.7600,9.434709,6.255908,因子未变动
600031.SH,2010-10-22,0.5254,19.0200,40.0800,19.881344,9.434709,因子未变动
600031.SH,2011-04-22,0.3349,18.3700,27.6200,29.892364,19.881344,因子未变动
600033.SH,2003-04-30,0.1711,8.3800,10.1100,1.221524,1.012500,因子未变动
600033.SH,2004-06-03,0.1822,6.4200,7.8500,1.493609,1.221524,因子未变动
600033.SH,2006-09-19,0.3328,4.1500,6.2200,2.439412,1.627582,因子未变动
600033.SH,2010-06-17,0.3430,4.3100,6.5600,4.040954,2.654956,因子未变动
600035.SH,2014-05-14,0.2515,2.4400,3.2600,1.658299,1.241181,因子未变动
600035.SH,2015-04-16,0.1722,8.6500,10.4500,2.003379,1.658299,因子未变动
600036.SH,2004-05-11,0.1736,8.7600,10.6000,1.222227,1.010067,因子未变动
600036.SH,2005-06-20,0.3416,5.8600,8.9000,1.856284,1.222227,因子未变动
600036.SH,2009-07-03,0.2341,17.6000,22.9800,2.758701,2.112843,因子未变动
600037.SH,2002-10-15,0.2309,19.4900,25.3400,1.315618,1.011894,因子未变动
600037.SH,2005-09-30,0.3748,12.8800,20.6000,2.187603,1.367783,因子未变动
600037.SH,2007-05-10,0.3769,21.4600,34.4400,3.582171,2.232096,因子未变动
600038.SH,2002-05-16,0.3772,16.3800,26.3000,1.605617,1.000000,因子未变动
600038.SH,2004-07-14,0.2378,7.9800,10.4700,2.268054,1.728660,因子未变动
600039.SH,2004-06-08,0.1732,5.3000,6.4100,1.209434,1.000000,因子未变动
600039.SH,2007-01-08,0.2367,3.7400,4.9000,1.584553,1.209434,因子未变动
600039.SH,2012-05-15,0.4496,5.5100,10.0100,2.878652,1.584553,因子未变动
600039.SH,2014-10-09,0.4995,4.6200,9.2300,5.947977,2.977211,因子未变动
600039.SH,2021-07-08,0.0391,6.1400,6.3900,1.040717,6.452689,因子未变动
600039.SH,2022-06-15,0.0416,10.8400,11.3100,7.006588,1.040717,因子未变动
600039.SH,2023-06-15,0.3301,9.7800,14.6000,10.459731,7.006588,因子未变动
600048.SH,2007-04-02,0.5003,27.8300,55.6900,2.001078,1.000000,因子未变动
600048.SH,2008-03-11,0.5006,30.5200,61.1100,4.006746,2.001078,因子未变动
600048.SH,2009-04-30,0.2350,17.9400,23.4500,5.237357,4.006746,因子未变动
600048.SH,2010-04-27,0.2353,12.8400,16.7900,6.848538,5.237357,因子未变动
600048.SH,2011-05-17,0.2427,10.1400,13.3900,9.043582,6.848538,因子未变动
600048.SH,2012-06-18,0.1788,11.8000,14.3700,11.013244,9.043582,因子未变动
600048.SH,2014-05-22,0.3594,4.8300,7.5400,17.515580,11.220191,因子未变动
600050.SH,2021-11-17,0.0124,3.9700,4.0200,1.012595,1.262343,因子未变动
600050.SH,2022-06-29,0.0115,3.4500,3.4900,1.293062,1.012595,因子未变动
600052.SH,2000-05-25,0.3335,13.8300,20.7500,2.932800,1.954729,因子未变动
600053.SH,2000-04-28,0.1072,11.4900,12.8700,1.456769,1.300565,因子未变动
600053.SH,2009-05-12,0.1722,6.7800,8.1900,1.771204,1.466271,因子未变动
600053.SH,2011-06-09,0.1663,8.7700,10.5200,2.124637,1.771204,因子未变动
600054.SH,2006-11-02,0.3333,8.8800,13.3200,2.054408,1.369605,因子未变动
600054.SH,2016-06-27,0.3382,16.1800,24.4500,3.240526,2.144446,因子未变动
600055.SH,2004-06-14,0.2410,6.7400,8.8800,2.896415,2.198405,因子未变动
600055.SH,2008-06-06,0.3348,7.3100,10.9900,4.486460,2.984170,因子未变动
600055.SH,2016-06-27,0.3762,16.7000,26.7700,7.360947,4.591999,因子未变动
600055.SH,2017-06-02,0.2924,11.1100,15.7000,10.402058,7.360947,因子未变动
600056.SH,2000-10-30,0.1151,22.0700,24.9400,1.169066,1.034534,因子未变动
600056.SH,2003-06-10,0.3791,8.9600,14.4300,1.904743,1.182710,因子未变动
600056.SH,2006-06-13,0.1278,8.1900,9.3900,2.354000,2.053170,因子未变动
600056.SH,2010-05-13,0.2379,16.3400,21.4400,3.164755,2.411945,因子未变动
600056.SH,2014-06-19,0.5069,10.3000,20.8900,6.575149,3.241936,因子未变动
600056.SH,2022-06-24,0.2919,15.1600,21.4100,10.556551,7.474886,因子未变动
600057.SH,2003-06-02,0.1850,14.0100,17.1900,4.051555,3.302052,因子未变动
600057.SH,2018-06-07,0.3322,5.9300,8.8800,6.670707,4.454650,因子未变动
600058.SH,2003-06-13,0.2468,10.6800,14.1800,1.800797,1.356312,因子未变动
600058.SH,2004-10-21,0.3336,7.0500,10.5800,2.729770,1.818987,因子未变动
600058.SH,2008-03-03,0.1428,40.4500,47.1900,3.438084,2.947033,因子未变动
600059.SH,2008-04-25,0.3792,19.1400,30.8300,3.753792,2.330444,因子未变动
600059.SH,2009-04-29,0.3333,6.8200,10.2300,5.630689,3.753792,因子未变动
600060.SH,2010-05-14,0.3382,13.9300,21.0500,2.625203,1.737249,因子未变动
600060.SH,2012-07-05,0.3331,11.2900,16.9300,3.997818,2.665999,因子未变动
600060.SH,2025-08-08,0.0389,21.7200,22.6000,1.040515,5.190415,因子未变动
600061.SH,2000-09-08,0.1134,13.9200,15.7000,1.381250,1.224650,因子未变动
600061.SH,2001-04-13,0.5010,13.0500,26.1500,2.767792,1.381250,因子未变动
600061.SH,2002-07-17,0.2324,7.4300,9.6800,3.605953,2.767792,因子未变动
600061.SH,2006-07-24,0.1301,3.6100,4.1500,4.145347,3.605953,因子未变动
600061.SH,2021-06-18,0.3515,8.5600,13.2000,6.661482,4.319870,因子未变动
600062.SH,2000-04-27,0.2366,10.1300,13.2700,2.021602,1.543243,因子未变动
600062.SH,2002-05-13,0.2357,12.5200,16.3800,2.842892,2.172955,因子未变动
600062.SH,2009-07-16,0.1709,21.3000,25.6900,3.613661,2.996146,因子未变动
600062.SH,2017-07-17,0.1699,21.0600,25.3700,4.736864,3.932139,因子未变动
600062.SH,2018-08-16,0.1703,18.0300,21.7300,5.708933,4.736864,因子未变动
600063.SH,2008-05-19,0.3353,11.5400,17.3600,3.045900,2.024752,因子未变动
600063.SH,2011-09-26,0.5028,6.3000,12.6700,6.138379,3.052233,因子未变动
600063.SH,2012-06-12,0.3756,2.8100,4.5000,9.830145,6.138379,因子未变动
600064.SH,2010-05-17,0.3364,13.7300,20.6900,4.459302,2.959218,因子未变动
600064.SH,2015-04-29,0.3354,21.7000,32.6500,7.230737,4.805727,因子未变动
600064.SH,2018-05-17,0.3795,8.8300,14.2300,12.245959,7.598863,因子未变动
600064.SH,2022-07-15,0.3273,7.0100,10.4200,20.373221,13.705977,因子未变动
600066.SH,2004-04-15,0.3492,10.9200,16.7800,2.705338,1.760566,因子未变动
600066.SH,2005-04-19,0.2684,7.4700,10.2100,3.697658,2.705338,因子未变动
600066.SH,2006-04-20,0.3957,6.4600,10.6900,6.118880,3.697658,因子未变动
600066.SH,2008-05-15,0.2498,21.2900,28.3800,8.395506,6.298109,因子未变动
600066.SH,2012-02-21,0.0959,22.2400,24.6000,10.437399,9.436087,因子未变动
600066.SH,2013-05-15,0.4565,17.5100,32.2200,19.446540,10.568247,因子未变动
600066.SH,2015-05-20,0.3535,21.4500,33.1800,31.097883,20.103962,因子未变动
600067.SH,2000-05-29,0.1783,18.7600,22.8300,1.974299,1.622332,因子未变动
600067.SH,2002-10-31,0.3772,9.5100,15.2700,3.221247,2.006159,因子未变动
600067.SH,2004-05-27,0.3772,8.3700,13.4400,5.193303,3.234222,因子未变动
600067.SH,2005-07-20,0.1751,4.2400,5.1400,6.295655,5.193303,因子未变动
600067.SH,2006-08-02,0.1336,5.1900,5.9900,7.266084,6.295655,因子未变动
600067.SH,2008-04-18,0.1314,11.7700,13.5500,9.068947,7.877602,因子未变动
600067.SH,2010-04-19,0.1695,11.3700,13.6900,10.972019,9.112626,因子未变动
600067.SH,2012-04-20,0.3844,5.5100,8.9500,17.928148,11.037328,因子未变动
600071.SH,2001-04-18,0.4132,17.5100,29.8400,3.095515,1.816437,因子未变动
600071.SH,2001-10-10,0.2317,15.7500,20.5000,4.029083,3.095515,因子未变动
600072.SH,2002-07-25,0.1665,9.5100,11.4100,2.174576,1.812464,因子未变动
600072.SH,2011-06-28,0.1667,24.9900,29.9900,3.178395,2.648486,因子未变动
600073.SH,2012-06-25,0.3371,6.4100,9.6700,2.030436,1.345925,因子未变动
600073.SH,2013-06-05,0.0986,7.3100,8.1100,2.252646,2.030436,因子未变动
600075.SH,2006-07-11,0.5010,7.6700,15.3700,6.099025,3.043560,因子未变动
600075.SH,2017-06-09,0.2915,8.7000,12.2800,8.733369,6.187322,因子未变动
600076.SH,2006-08-08,0.3059,2.4500,3.5300,2.413474,1.675074,因子未变动
600078.SH,2003-10-21,0.5086,5.4400,11.0700,3.360798,1.651557,因子未变动
600078.SH,2007-03-06,0.3777,6.6400,10.6700,5.400559,3.360798,因子未变动
600079.SH,2000-08-31,0.4750,16.9900,32.3600,2.199760,1.154942,因子未变动
600079.SH,2003-05-30,0.2873,7.2700,10.2000,3.184995,2.270090,因子未变动
600079.SH,2007-06-13,0.3340,9.7100,14.5800,5.294629,3.526121,因子未变动
600079.SH,2015-07-22,0.5018,19.7800,39.7000,10.858136,5.409923,因子未变动
600080.SH,2000-07-25,0.1082,15.0900,16.9200,2.871375,2.560819,因子未变动
600080.SH,2006-06-14,0.2438,2.4200,3.2000,3.813005,2.883585,因子未变动
600081.SH,2000-10-12,0.3353,23.9300,36.0000,3.684774,2.449351,因子未变动
600081.SH,2002-11-14,0.1668,16.0900,19.3100,4.480659,3.733495,因子未变动
600081.SH,2004-05-25,0.2310,9.5200,12.3800,5.826739,4.480659,因子未变动
600082.SH,2004-06-16,0.4466,6.7400,12.1800,2.354395,1.302842,因子未变动
600082.SH,2009-05-11,0.5018,7.0700,14.1900,4.835435,2.409198,因子未变动
600084.SH,2000-05-09,0.2310,13.3800,17.4000,1.954791,1.503167,因子未变动
600084.SH,2001-04-17,0.2348,15.3500,20.0600,2.554599,1.954791,因子未变动
600084.SH,2004-06-29,0.5018,4.1900,8.4100,5.207525,2.594474,因子未变动
600085.SH,2001-02-13,0.1195,20.1200,22.8500,1.428144,1.257517,因子未变动
600085.SH,2001-06-11,0.2224,20.5200,26.3900,1.836682,1.428144,因子未变动
600085.SH,2004-09-23,0.1121,19.0100,21.4100,2.159775,1.917670,因子未变动
600085.SH,2005-07-07,0.1759,18.3600,22.2800,2.620903,2.159775,因子未变动
600085.SH,2008-07-24,0.1703,17.8300,21.4900,3.222612,2.673763,因子未变动
600085.SH,2011-07-12,0.6033,16.3200,41.1400,8.293665,3.290049,因子未变动
600088.SH,2001-07-09,0.2335,21.0800,27.5000,1.519896,1.165069,因子未变动
600088.SH,2010-08-03,0.2887,15.7400,22.1300,2.217929,1.577506,因子未变动
600088.SH,2018-06-28,0.1719,9.2500,11.1700,2.741576,2.270329,因子未变动
600089.SH,2000-04-04,0.3751,20.8100,33.3000,2.875200,1.796784,因子未变动
600089.SH,2005-07-25,0.2406,5.6800,7.4800,4.367063,3.316166,因子未变动
600089.SH,2007-09-21,0.5000,25.8000,51.6000,9.728787,4.864393,因子未变动
600089.SH,2008-05-20,0.2316,19.6800,25.6100,12.660276,9.728787,因子未变动
600089.SH,2009-06-03,0.3356,20.3900,30.6900,19.055608,12.660276,因子未变动
600089.SH,2011-06-07,0.2352,13.6900,17.9000,25.045702,19.155063,因子未变动
600089.SH,2023-07-18,0.2684,16.6300,22.7300,46.482182,34.007857,因子未变动
600094.SH,2000-06-09,0.3369,12.3000,18.5500,1.845064,1.223412,因子未变动
600094.SH,2000-08-23,0.0964,11.2500,12.4500,2.041871,1.845064,因子未变动
600094.SH,2007-03-19,0.2179,4.2700,5.4600,2.646807,2.069939,因子未变动
600094.SH,2011-10-11,0.3341,5.8300,4.3700,1.983970,2.646807,因子未变动
600095.SH,2006-07-28,0.2757,3.5200,4.8600,2.739397,1.984090,因子未变动
600096.SH,2004-11-15,0.2350,10.5500,13.7900,1.446722,1.106811,因子未变动
600098.SH,2005-05-11,0.3490,5.6700,8.7100,3.112501,2.026163,因子未变动
600099.SH,2001-07-04,0.1694,11.1300,13.4000,1.979278,1.643983,因子未变动
600100.SH,2000-05-19,0.2856,42.7900,59.9000,3.119113,2.228161,因子未变动
600100.SH,2001-05-16,0.3348,29.3800,44.1700,4.698150,3.125009,因子未变动
600100.SH,2008-08-15,0.2347,12.6200,16.4900,7.097525,5.431823,因子未变动
600100.SH,2011-05-11,0.5019,13.0800,26.2600,14.381989,7.163611,因子未变动
600101.SH,2004-06-15,0.1691,9.5300,11.4700,2.667446,2.216282,因子未变动
600101.SH,2005-07-18,0.2345,4.0800,5.3300,3.484678,2.667446,因子未变动
600101.SH,2007-02-26,0.1835,5.8300,7.1400,4.267685,3.484678,因子未变动
600101.SH,2019-07-19,0.2354,6.4300,8.4100,5.842799,4.467205,因子未变动
600101.SH,2024-07-05,0.2364,9.9800,13.0700,7.915161,6.043864,因子未变动
600103.SH,2000-09-06,0.5015,8.2500,16.5500,2.412302,1.202507,因子未变动
600103.SH,2006-12-27,0.2020,2.4500,3.0700,3.078128,2.456487,因子未变动
600103.SH,2007-01-18,0.1661,2.5600,3.0700,3.691349,3.078128,因子未变动
600103.SH,2019-06-03,0.2303,2.3400,3.0400,4.795599,3.691349,因子未变动
600104.SH,2001-05-31,0.2777,10.1200,14.0100,2.173645,1.570113,因子未变动
600104.SH,2004-06-09,0.2404,9.3200,12.2700,3.025886,2.298391,因子未变动
600104.SH,2010-06-08,0.2330,12.2800,16.0100,4.511845,3.460678,因子未变动
600105.SH,2010-06-25,0.2858,9.7700,13.6800,2.894603,2.067271,因子未变动
600105.SH,2016-06-07,0.5011,8.7400,17.5200,6.145254,3.065612,因子未变动
600105.SH,2018-05-21,0.2434,4.5700,6.0400,8.222723,6.221498,因子未变动
600106.SH,2008-06-17,0.0983,9.5400,10.5800,1.384478,1.248386,因子未变动
600106.SH,2009-04-17,0.1015,7.8800,8.7700,1.540847,1.384478,因子未变动
600106.SH,2010-05-25,0.0957,11.2500,12.4400,1.703835,1.540847,因子未变动
600106.SH,2012-04-24,0.5034,5.0400,10.1500,3.431333,1.703835,因子未变动
600106.SH,2017-06-02,0.1061,4.9700,5.5600,4.095226,3.660660,因子未变动
600106.SH,2018-06-07,0.1117,3.4200,3.8500,4.610123,4.095226,因子未变动
600106.SH,2019-06-14,0.1071,3.2500,3.6400,5.163337,4.610123,因子未变动
600106.SH,2020-06-08,0.1107,2.5700,2.8900,5.806243,5.163337,因子未变动
600107.SH,2000-05-15,0.4446,11.0200,19.8400,1.831847,1.017488,因子未变动
600108.SH,2000-08-11,0.2322,9.1600,11.9300,2.366728,1.817203,因子未变动
600108.SH,2001-06-01,0.2322,8.2000,10.6800,3.082520,2.366728,因子未变动
600108.SH,2004-06-04,0.3339,3.6900,5.5400,4.737418,3.155428,因子未变动
600108.SH,2006-06-14,0.3486,2.1300,3.2700,7.272937,4.737418,因子未变动
600109.SH,2007-08-21,0.5000,74.6300,149.2500,2.062374,1.031256,因子未变动
600109.SH,2009-06-05,0.5014,19.7800,39.6700,4.136218,2.062374,因子未变动
600109.SH,2014-10-24,0.4998,12.0100,24.0100,8.415094,4.209300,因子未变动
600110.SH,2001-09-25,0.3121,12.6300,18.3600,2.117373,1.456559,因子未变动
600110.SH,2002-05-09,0.4461,8.0700,14.5700,3.822816,2.117373,因子未变动
600110.SH,2007-05-25,0.3334,20.8500,31.2800,5.802486,3.867706,因子未变动
600110.SH,2007-09-27,0.2308,19.7600,25.6900,7.543819,5.802486,因子未变动
600110.SH,2009-06-01,0.3333,7.1000,10.6500,11.315728,7.543819,因子未变动
600111.SH,2008-05-15,0.5009,23.6700,47.4300,3.182315,1.588138,因子未变动
600111.SH,2011-05-12,0.3340,65.7500,98.7200,4.783551,3.185965,因子未变动
600111.SH,2012-05-04,0.5022,38.1600,76.6600,9.609722,4.783551,因子未变动
600111.SH,2015-05-11,0.3361,21.0600,31.7200,14.729901,9.779687,因子未变动
600113.SH,2008-05-20,0.2043,7.8300,9.8400,1.351824,1.075690,因子未变动
600113.SH,2010-05-04,0.3782,6.7400,10.8400,2.187489,1.360118,因子未变动
600113.SH,2011-03-24,0.2628,7.3500,9.9700,2.967247,2.187489,因子未变动
600113.SH,2019-03-06,0.0999,7.7500,8.6100,3.336979,3.003669,因子未变动
600114.SH,2005-04-11,0.4244,6.7800,11.7800,1.737463,1.000000,因子未变动
600114.SH,2014-04-30,0.3400,9.6300,14.5900,2.916443,1.924972,因子未变动
600114.SH,2018-04-26,0.3363,11.2100,16.8900,4.528219,3.005407,因子未变动
600116.SH,2006-12-27,0.1664,4.8100,5.7700,1.338009,1.115394,因子未变动
600116.SH,2016-04-18,0.6684,10.3400,31.1800,4.426028,1.467772,因子未变动
600116.SH,2023-06-30,0.0166,8.8900,9.0400,1.000000,4.753484,因子未变动
600118.SH,2000-05-08,0.3751,21.9900,35.1900,2.885181,1.802930,因子未变动
600118.SH,2003-07-22,0.1695,11.1200,13.3900,3.474152,2.885181,因子未变动
600118.SH,2007-12-28,0.1258,34.9500,39.9800,3.979863,3.479145,因子未变动
600118.SH,2009-04-21,0.1698,20.9200,25.2000,4.794099,3.979863,因子未变动
600118.SH,2010-04-19,0.5007,18.4100,36.8700,9.601218,4.794099,因子未变动
600118.SH,2012-05-22,0.2331,13.3600,17.4200,12.551691,9.626326,因子未变动
600118.SH,2013-08-14,0.1491,13.0700,15.3600,14.844832,12.631639,因子未变动
600119.SH,2002-05-09,0.2307,13.1400,17.0800,1.716432,1.320487,因子未变动
600119.SH,2002-11-11,0.1667,10.9500,13.1400,2.059719,1.716432,因子未变动
600120.SH,2000-05-10,0.1706,29.2600,35.2800,2.635052,2.185420,因子未变动
600120.SH,2000-08-30,0.1036,33.6700,37.5600,2.939487,2.635052,因子未变动
600120.SH,2001-03-29,0.3749,25.3800,40.6000,4.702253,2.939487,因子未变动
600120.SH,2002-04-26,0.2894,14.2200,20.0100,6.616884,4.702253,因子未变动
600120.SH,2003-06-16,0.3771,9.8300,15.7800,10.622017,6.616884,因子未变动
600120.SH,2018-06-28,0.2364,13.6600,17.8900,17.827174,13.612030,因子未变动
600120.SH,2019-06-12,0.2352,13.3300,17.4300,23.310404,17.827174,因子未变动
600120.SH,2019-10-17,0.2854,8.5900,12.0200,32.618286,23.310404,因子未变动
600120.SH,2020-05-21,0.2901,6.4600,9.1000,45.948344,32.618286,因子未变动
600120.SH,2021-06-09,0.2353,4.4200,5.7800,60.086296,45.948344,因子未变动
600121.SH,2000-05-23,0.4443,16.0600,28.9000,2.722876,1.513128,因子未变动
600121.SH,2019-07-22,0.1792,2.6100,3.1800,3.584018,2.941600,因子未变动
600123.SH,2008-04-28,0.2921,31.8000,44.9200,2.354435,1.666764,因子未变动
600123.SH,2012-06-01,0.5061,23.9300,48.4500,4.961387,2.450485,因子未变动
600123.SH,2023-06-19,0.2934,8.6200,12.2000,9.172902,6.481182,因子未变动
600125.SH,2004-05-11,0.2393,6.9300,9.1100,2.806276,2.134741,因子未变动
600125.SH,2005-05-23,0.3765,6.2600,10.0400,4.500800,2.806276,因子未变动
600125.SH,2006-05-29,0.2339,7.0100,9.1500,5.874797,4.500800,因子未变动
600125.SH,2007-05-31,0.2324,14.2000,18.5000,7.653784,5.874797,因子未变动
600125.SH,2008-05-05,0.1663,7.8700,9.4400,9.180651,7.653784,因子未变动
600125.SH,2011-05-06,0.2311,12.0800,15.7100,12.081066,9.289579,因子未变动
600126.SH,2008-05-28,0.2500,7.8000,10.4000,2.730667,2.048000,因子未变动
600126.SH,2018-07-16,0.2313,4.5200,5.8800,3.764332,2.893670,因子未变动
600127.SH,2001-06-05,0.2957,21.5300,30.5700,2.440417,1.718750,因子未变动
600127.SH,2006-11-24,0.3812,2.7600,4.4600,3.951508,2.445328,因子未变动
600128.SH,2000-07-27,0.1627,24.1800,28.8800,1.224097,1.024884,因子未变动
600128.SH,2000-09-26,0.3506,15.3900,23.7000,1.885061,1.224097,因子未变动
600129.SH,2008-05-21,0.2306,10.9100,14.1800,1.720923,1.324067,因子未变动
600129.SH,2010-06-04,0.2311,9.6500,12.5500,2.238092,1.720923,因子未变动
600130.SH,2005-06-03,0.5175,3.9900,8.2700,2.184980,1.054180,因子未变动
600130.SH,2006-08-08,0.5000,2.4700,4.9400,4.369960,2.184980,因子未变动
600131.SH,2003-06-06,0.4171,6.6800,11.4600,3.634463,2.118518,因子未变动
600132.SH,2003-04-17,0.3380,14.6100,22.0700,1.888729,1.250309,因子未变动
600132.SH,2006-09-27,0.1049,23.9000,26.7000,2.199770,1.969083,因子未变动
600132.SH,2007-05-14,0.2340,37.4500,48.8900,2.871743,2.199770,因子未变动
600132.SH,2008-05-19,0.2320,22.0800,28.7500,3.739248,2.871743,因子未变动
600132.SH,2020-01-02,0.1572,43.7915,51.9600,4.350168,4.276561,因子未变动
600133.SH,2010-03-01,0.4470,11.2200,20.2900,3.236336,1.789635,因子未变动
600133.SH,2020-01-02,0.1060,4.7921,5.3600,3.305711,3.295116,因子未变动
600135.SH,2000-05-15,0.3333,26.1000,39.1500,1.500000,1.000000,因子未变动
600135.SH,2001-05-09,0.1776,18.6100,22.6300,1.824019,1.500000,因子未变动
600135.SH,2020-01-02,0.0171,6.9886,7.1100,2.197408,2.194591,因子未变动
600136.SH,2016-05-12,0.5000,23.5600,47.1200,2.256658,1.128329,因子未变动
600137.SH,2020-01-02,0.0555,14.7159,15.5800,1.214797,1.205355,因子未变动
600138.SH,2000-06-07,0.1136,20.9200,23.6000,1.743485,1.545496,因子未变动
600138.SH,2008-05-09,0.2307,21.7800,28.3100,2.485138,1.911915,因子未变动
600138.SH,2014-09-29,0.3374,16.4400,24.8100,3.980378,2.637542,因子未变动
600141.SH,2008-05-20,0.1718,26.3200,31.7800,1.295385,1.072830,因子未变动
600141.SH,2009-05-05,0.1798,12.7300,15.5200,1.579292,1.295385,因子未变动
600141.SH,2010-07-02,0.1365,12.7200,14.7300,1.828849,1.579292,因子未变动
600141.SH,2018-06-14,0.1778,12.5800,15.3000,2.400116,1.973429,因子未变动
600141.SH,2020-01-02,0.1427,8.8133,10.2800,2.447737,2.400116,因子未变动
600143.SH,2005-06-15,0.2413,11.0700,14.5900,1.317977,1.000000,因子未变动
600143.SH,2006-06-06,0.2871,15.9400,22.3600,1.857358,1.324074,因子未变动
600143.SH,2007-03-20,0.5021,33.8200,67.9300,3.730642,1.857358,因子未变动
600143.SH,2008-09-23,0.5000,7.4300,14.8600,7.528564,3.764282,因子未变动
600143.SH,2012-06-04,0.3920,6.5600,10.7900,12.732349,7.740891,因子未变动
600143.SH,2020-01-02,0.1051,6.5146,7.2800,14.700238,14.700238,因子未变动
600148.SH,2000-03-09,0.4509,14.4700,26.3500,1.849154,1.015456,因子未变动
600148.SH,2020-01-02,0.0299,12.9413,13.3400,2.090771,2.079579,因子未变动
600149.SH,2001-12-05,0.3353,9.9100,14.9100,1.504541,1.000000,因子未变动
600149.SH,2002-07-11,0.1668,10.3900,12.4700,1.805739,1.504541,因子未变动
600149.SH,2007-03-15,0.1957,4.8900,6.0800,2.245172,1.805739,因子未变动
600150.SH,2011-07-15,0.3798,48.8100,78.7000,1.890287,1.172362,因子未变动
600150.SH,2012-06-12,0.2381,23.8700,31.3300,2.481051,1.890287,因子未变动
600150.SH,2020-01-02,0.0169,21.3917,21.7600,2.499740,2.486019,因子未变动
600151.SH,2001-04-20,0.3800,15.9900,25.7900,1.816353,1.126153,因子未变动
600151.SH,2006-07-12,0.3819,11.5900,18.7500,3.257934,2.013837,因子未变动
600152.SH,2000-03-30,0.4998,10.3300,20.6500,2.016891,1.008934,因子未变动
600153.SH,2004-06-24,0.4090,5.4900,9.2900,2.569544,1.518492,因子未变动
600153.SH,2008-08-04,0.4542,9.0600,16.6000,5.644628,3.080743,因子未变动
600153.SH,2010-07-16,0.4554,6.6600,12.2300,10.565851,5.753767,因子未变动
600153.SH,2020-01-02,0.3194,6.1188,8.9900,13.883640,13.151381,因子未变动
600155.SH,2000-08-22,0.2307,17.3100,22.5000,1.299827,1.000000,因子未变动
600155.SH,2001-05-17,0.3373,10.5100,15.8600,2.034239,1.348036,因子未变动
600157.SH,2000-03-31,0.4444,19.3900,34.9000,3.239345,1.799739,因子未变动
600157.SH,2008-06-19,0.3374,6.5000,9.8100,4.888919,3.239345,因子未变动
600157.SH,2011-06-14,0.3387,16.1300,24.3900,7.405730,4.897680,因子未变动
600157.SH,2012-04-24,0.5023,9.7100,19.5100,14.880102,7.405730,因子未变动
600157.SH,2014-05-22,0.5095,2.3300,4.7500,31.307243,15.357027,因子未变动
600157.SH,2015-06-04,0.2321,8.6700,11.2900,40.768021,31.307243,因子未变动
600158.SH,2001-06-01,0.2360,21.9200,28.6900,1.410616,1.077752,因子未变动
600158.SH,2007-04-25,0.4452,27.7500,50.0200,2.572929,1.427404,因子未变动
600158.SH,2007-10-08,0.3751,24.0900,38.5500,4.117327,2.572929,因子未变动
600158.SH,2008-10-30,0.1131,3.4500,3.8900,4.642435,4.117327,因子未变动
600159.SH,2001-05-28,0.2729,14.3600,19.7500,1.954700,1.421240,因子未变动
600159.SH,2010-08-16,0.4996,5.8800,11.7500,3.906075,1.954700,因子未变动
600159.SH,2020-01-02,0.0553,2.4091,2.5500,4.103335,4.031093,因子未变动
600160.SH,2004-10-29,0.3338,5.2300,7.8500,1.841325,1.226768,因子未变动
600160.SH,2010-05-18,0.0981,8.9200,9.8900,2.263916,2.041874,因子未变动
600160.SH,2011-03-25,0.2363,26.6900,34.9500,2.964551,2.263916,因子未变动
600160.SH,2012-05-21,0.3899,12.9400,21.2100,4.859206,2.964551,因子未变动
600160.SH,2018-06-06,0.2378,8.5900,11.2700,7.617559,5.806107,因子未变动
600161.SH,2004-09-28,0.3359,7.7300,11.6400,2.490037,1.653607,因子未变动
600161.SH,2008-06-25,0.3389,15.5500,23.5200,3.987268,2.636140,因子未变动
600161.SH,2017-06-19,0.2356,36.9300,48.3100,5.322456,4.068688,因子未变动
600161.SH,2018-06-22,0.2366,19.7800,25.9100,6.971933,5.322456,因子未变动
600161.SH,2019-06-14,0.1683,22.1900,26.6800,8.382658,6.971933,因子未变动
600161.SH,2020-07-15,0.1676,39.5700,47.5400,10.071052,8.382658,因子未变动
600161.SH,2022-07-15,0.1700,20.6500,24.8800,12.169359,10.100371,因子未变动
600161.SH,2024-06-20,0.1707,24.9800,30.1200,14.702369,12.193399,因子未变动
600162.SH,2000-08-24,0.1041,12.2200,13.6400,1.230546,1.102439,因子未变动
600162.SH,2005-03-24,0.4994,4.4300,8.8500,2.468056,1.235422,因子未变动
600162.SH,2008-10-29,0.3125,2.9700,4.3200,3.953956,2.718345,因子未变动
600162.SH,2016-06-27,0.3429,4.1200,6.2700,6.293191,4.135239,因子未变动
600162.SH,2021-07-08,0.0164,1.8000,1.8300,1.016667,7.331005,因子未变动
600162.SH,2022-07-19,0.0199,1.9700,2.0100,7.604522,1.016667,因子未变动
600163.SH,2008-05-28,0.3337,6.0500,9.0800,1.767584,1.177741,因子未变动
600163.SH,2023-06-30,0.0176,5.5900,5.6900,1.000000,1.767584,因子未变动
600165.SH,2001-02-06,0.1061,14.9100,16.6800,1.790384,1.600398,因子未变动
600165.SH,2015-10-12,0.6000,11.2800,28.2000,4.519653,1.807861,因子未变动
600165.SH,2025-12-11,0.2970,2.8400,4.0400,6.429365,4.519653,因子未变动
600166.SH,2003-10-21,0.3386,8.8100,13.3200,2.294739,1.517767,因子未变动
600166.SH,2006-05-31,0.1558,3.3600,3.9800,2.858487,2.413195,因子未变动
600166.SH,2006-06-29,0.3333,2.7000,4.0500,4.287731,2.858487,因子未变动
600166.SH,2011-05-16,0.5066,10.0300,20.3300,9.216417,4.547008,因子未变动
600166.SH,2016-07-07,0.5026,2.8700,5.7700,19.855306,9.876037,因子未变动
600167.SH,2007-03-26,0.0992,7.4500,8.2700,1.124578,1.013072,因子未变动
600167.SH,2018-05-30,0.5059,10.9300,22.1200,2.364953,1.168577,因子未变动
600167.SH,2019-05-29,0.2406,9.2800,12.2200,3.114194,2.364953,因子未变动
600168.SH,2024-06-20,0.2932,4.1700,5.9000,2.483117,1.755017,因子未变动
600169.SH,2009-05-25,0.3764,14.8300,23.7800,2.526424,1.575562,因子未变动
600169.SH,2011-06-07,0.5013,9.4400,18.9300,5.066229,2.526424,因子未变动
600169.SH,2012-06-07,0.3339,3.9900,5.9900,7.605692,5.066229,因子未变动
600170.SH,2002-07-31,0.1735,10.3400,12.5100,1.299830,1.074360,因子未变动
600170.SH,2012-05-10,0.5026,8.7600,17.6100,3.104450,1.544292,因子未变动
600170.SH,2013-07-17,0.1909,5.8900,7.2800,3.837079,3.104450,因子未变动
600170.SH,2014-06-17,0.2563,4.4400,5.9700,5.159315,3.837079,因子未变动
600170.SH,2015-05-12,0.2427,9.5800,12.6500,6.812666,5.159315,因子未变动
600170.SH,2016-05-16,0.1920,4.0400,5.0000,8.431517,6.812666,因子未变动
600170.SH,2017-05-18,0.1844,3.7600,4.6100,10.337578,8.431517,因子未变动
600170.SH,2025-07-31,0.0237,2.4700,2.5300,1.024291,13.383047,因子未变动
600171.SH,2002-04-23,0.2371,14.4500,18.9400,1.734095,1.323003,因子未变动
600171.SH,2008-06-17,0.0971,4.9300,5.4600,2.093074,1.889900,因子未变动
600172.SH,2012-05-24,0.4142,7.6500,13.0600,3.623665,2.122591,因子未变动
600172.SH,2017-06-08,0.4463,8.1400,14.7000,6.661090,3.688522,因子未变动
600173.SH,2010-03-17,0.4482,8.6800,15.7300,1.920743,1.059889,因子未变动
600176.SH,2003-11-05,0.3753,7.3900,11.8300,1.727010,1.078834,因子未变动
600176.SH,2004-06-30,0.1729,4.8800,5.9000,2.087984,1.727010,因子未变动
600176.SH,2012-05-31,0.3391,11.1500,16.8700,3.263768,2.157144,因子未变动
600176.SH,2016-05-16,0.5524,9.2600,20.6900,7.547270,3.377850,因子未变动
600176.SH,2017-05-16,0.1857,9.0800,11.1500,9.267848,7.547270,因子未变动
600176.SH,2018-05-17,0.1802,12.4200,15.1500,11.304984,9.267848,因子未变动
600176.SH,2021-05-21,0.1362,15.4700,17.9100,13.667225,11.805248,因子未变动
600177.SH,2000-09-21,0.4998,13.4300,26.8500,2.850685,1.425873,因子未变动
600177.SH,2004-04-16,0.4354,6.9900,12.3800,5.321330,3.004531,因子未变动
600177.SH,2005-04-29,0.3600,4.0000,6.2500,8.314577,5.321330,因子未变动
600177.SH,2007-06-04,0.2081,23.4100,29.5600,10.902688,8.634368,因子未变动
600177.SH,2017-06-05,0.3111,9.7200,14.1100,23.545040,16.219545,因子未变动
600177.SH,2019-06-05,0.3244,6.3100,9.3400,36.572178,24.707757,因子未变动
600179.SH,2006-06-23,0.1542,4.2800,5.0600,1.186219,1.003363,因子未变动
600179.SH,2018-05-31,0.2900,11.2400,15.8300,1.670627,1.186219,因子未变动
600180.SH,2001-10-19,0.1664,15.8300,18.9900,1.943256,1.619892,因子未变动
600182.SH,2025-07-25,0.0346,16.4400,17.0300,1.035888,1.235229,因子未变动
600182.SH,2026-01-28,0.0181,15.2100,15.4900,1.303114,1.035888,因子未变动
600183.SH,2000-04-28,0.3358,13.5500,20.4000,1.527491,1.014583,因子未变动
600183.SH,2002-07-12,0.2360,8.5800,11.2300,2.017172,1.541170,因子未变动
600183.SH,2006-09-25,0.3366,7.4500,11.2300,3.295634,2.186329,因子未变动
600183.SH,2012-06-01,0.2612,5.9400,8.0400,4.845657,3.580000,因子未变动
600183.SH,2018-05-28,0.3326,9.3500,14.0100,8.674021,5.788872,因子未变动
600184.SH,2007-05-31,0.3334,23.9500,35.9300,1.520599,1.013592,因子未变动
600184.SH,2015-04-23,0.4999,26.2700,52.5300,3.046969,1.523775,因子未变动
600185.SH,2006-03-15,0.1603,3.5100,4.1800,1.313865,1.103270,因子未变动
600185.SH,2007-07-19,0.2312,5.0200,6.5300,1.709072,1.313865,因子未变动
600185.SH,2016-05-26,0.6467,6.6500,18.8200,5.101832,1.802720,因子未变动
600186.SH,2002-07-11,0.2494,9.4800,12.6300,2.682028,2.013114,因子未变动
600186.SH,2006-11-20,0.3333,2.5600,3.8400,4.023043,2.682028,因子未变动
600187.SH,2000-09-05,0.1448,22.9200,26.8000,1.175137,1.005005,因子未变动
600187.SH,2001-05-15,0.3370,12.6700,19.1100,1.772444,1.175137,因子未变动
600187.SH,2013-10-09,0.6000,4.8200,12.0500,4.464935,1.785974,因子未变动
600188.SH,2005-07-27,0.3914,6.0800,9.9900,1.759713,1.070977,因子未变动
600188.SH,2019-11-19,0.0978,9.2300,10.2300,2.548810,2.299660,因子未变动
600188.SH,2023-07-17,0.4181,19.7100,33.8700,5.197967,3.024858,因子未变动
600188.SH,2024-07-08,0.2801,16.7800,23.3100,7.220776,5.197967,因子未变动
600189.SH,2018-07-16,0.2327,4.6500,6.0600,1.994433,1.530382,因子未变动
600191.SH,2001-10-19,0.1336,9.2700,10.7000,1.180298,1.022557,因子未变动
600191.SH,2008-06-17,0.3750,6.0500,9.6800,1.902827,1.189267,因子未变动
600192.SH,2010-06-10,0.1662,9.0300,10.8300,1.341082,1.118188,因子未变动
600193.SH,2001-04-27,0.5009,13.9500,27.9500,2.003584,1.000000,因子未变动
600193.SH,2008-10-21,0.2354,4.3200,5.6500,2.620428,2.003584,因子未变动
600193.SH,2012-05-07,0.3361,10.2700,15.4700,3.947228,2.620428,因子未变动
600193.SH,2013-11-05,0.2340,6.4500,8.4200,5.152815,3.947228,因子未变动
600195.SH,2018-07-10,0.2981,13.0900,18.6500,2.695837,1.892145,因子未变动
600195.SH,2019-07-16,0.2969,10.7300,15.2600,3.833968,2.695837,因子未变动
600195.SH,2020-07-08,0.1707,13.8500,16.7000,4.622907,3.833968,因子未变动
600196.SH,2000-03-31,0.1665,23.1300,27.7500,1.799921,1.500259,因子未变动
600196.SH,2002-06-18,0.2391,10.8500,14.2600,2.460326,1.871987,因子未变动
600196.SH,2004-06-24,0.5092,5.0600,10.3100,5.082722,2.494527,因子未变动
600196.SH,2007-06-08,0.2359,11.7600,15.3900,7.356488,5.621332,因子未变动
600196.SH,2010-07-26,0.3368,12.6400,19.0600,11.252419,7.462254,因子未变动
600196.SH,2025-08-04,0.0116,27.2400,27.5600,1.011747,13.286053,因子未变动
600197.SH,2004-04-08,0.5097,7.0700,14.4200,2.197941,1.077631,因子未变动
600197.SH,2023-08-02,0.0155,26.0800,26.4900,1.000000,3.059744,因子未变动
600198.SH,2000-10-18,0.2169,28.1900,36.0000,1.339504,1.048906,因子未变动
600199.SH,2000-06-16,0.4129,15.4700,26.3500,1.703297,1.000000,因子未变动
600199.SH,2010-05-17,0.5000,10.3200,20.6400,3.455246,1.727623,因子未变动
600200.SH,2001-04-12,0.3352,19.9300,29.9800,2.406824,1.600000,因子未变动
600200.SH,2001-08-28,0.2307,18.6700,24.2700,3.128742,2.406824,因子未变动
600200.SH,2003-10-28,0.3335,11.6500,17.4800,4.752450,3.167394,因子未变动
600200.SH,2006-09-07,0.3338,4.9500,7.4300,7.267527,4.841758,因子未变动
600201.SH,2004-06-15,0.5000,8.4400,16.8800,2.177549,1.088774,因子未变动
600201.SH,2006-07-12,0.2229,5.0200,6.4600,2.935304,2.280995,因子未变动
600201.SH,2015-10-14,0.5000,28.1600,56.3200,6.295051,3.147526,因子未变动
600201.SH,2017-10-09,0.2856,23.8900,33.4400,9.074241,6.482764,因子未变动
600201.SH,2018-06-25,0.2410,17.3800,22.9000,11.956279,9.074241,因子未变动
600202.SH,2001-04-17,0.5028,17.9800,36.1600,2.011123,1.000000,因子未变动
600202.SH,2002-07-09,0.1000,8.7300,9.7000,2.234582,2.011123,因子未变动
600202.SH,2008-06-25,0.2326,9.9000,12.9000,3.115415,2.390900,因子未变动
600202.SH,2009-05-11,0.1689,15.4000,18.5300,3.748613,3.115415,因子未变动
600203.SH,2006-08-23,0.1507,4.3400,5.1100,1.193701,1.013829,因子未变动
600206.SH,2008-07-30,0.3336,9.5500,14.3300,1.526666,1.017422,因子未变动
600206.SH,2014-05-12,0.5000,10.4900,20.9800,3.072605,1.536302,因子未变动
600208.SH,2002-07-24,0.1701,9.6600,11.6400,1.215291,1.008567,因子未变动
600208.SH,2006-02-14,0.1969,2.5700,3.2000,1.513203,1.215291,因子未变动
600208.SH,2008-03-13,0.3752,10.4400,16.7100,2.664609,1.664783,因子未变动
600208.SH,2010-04-01,0.3371,6.4500,9.7300,4.019635,2.664609,因子未变动
600208.SH,2011-07-01,0.1701,5.1700,6.2300,4.843777,4.019635,因子未变动
600210.SH,2001-09-25,0.3550,12.3000,19.0700,1.669118,1.076568,因子未变动
600210.SH,2004-03-25,0.3907,7.1100,11.6700,2.868663,1.747746,因子未变动
600210.SH,2004-09-23,0.2865,4.0600,5.6900,4.020367,2.868663,因子未变动
600210.SH,2023-07-26,0.0456,5.2300,5.4800,1.000000,6.645219,因子未变动
600211.SH,2007-09-11,0.1162,23.1900,26.2400,1.144419,1.011398,因子未变动
600211.SH,2020-04-17,0.3053,26.7600,38.5200,1.796980,1.248369,因子未变动
600211.SH,2024-04-30,0.2427,36.0300,47.5800,2.508867,1.899842,因子未变动
600212.SH,2002-07-22,0.2107,9.7800,12.3900,1.341275,1.058730,因子未变动
600212.SH,2006-06-26,0.3745,3.1900,5.1000,2.173045,1.359218,因子未变动
600215.SH,2000-05-16,0.1665,15.2700,18.3200,1.199738,1.000000,因子未变动
600215.SH,2011-06-03,0.2306,6.2400,8.1100,1.651399,1.270620,因子未变动
600215.SH,2024-07-12,0.0149,6.6100,6.7100,1.000000,1.721319,因子未变动
600216.SH,2000-10-09,0.2306,15.4500,20.0800,1.312804,1.010101,因子未变动
600216.SH,2001-05-25,0.3333,12.1200,18.1800,1.969207,1.312804,因子未变动
600216.SH,2013-10-09,0.4446,12.3800,22.2900,4.098460,2.276309,因子未变动
600217.SH,2001-05-15,0.5007,13.5800,27.2000,2.032058,1.014535,因子未变动
600217.SH,2004-04-20,0.3768,9.5100,15.2600,3.278259,2.043004,因子未变动
600219.SH,2006-03-31,0.3647,4.2500,6.6900,1.685694,1.070882,因子未变动
600219.SH,2016-08-30,0.6045,3.1600,7.9900,4.742845,1.875768,因子未变动
600221.SH,2013-06-07,0.5102,2.4100,4.9200,2.340133,1.146285,因子未变动
600222.SH,2006-08-28,0.1061,10.5300,11.7800,1.142571,1.021331,因子未变动
600222.SH,2006-09-04,0.4724,4.5800,8.6800,2.165397,1.142571,因子未变动
600222.SH,2010-05-12,0.2321,7.7400,10.0800,3.101071,2.381180,因子未变动
600223.SH,2000-06-14,0.2310,12.2200,15.8900,1.300327,1.000000,因子未变动
600226.SH,2000-09-28,0.3755,23.2300,37.2000,1.606562,1.003237,因子未变动
600226.SH,2001-04-10,0.1693,26.2500,31.6000,1.933994,1.606562,因子未变动
600226.SH,2001-09-07,0.1714,21.9900,26.5400,2.334161,1.933994,因子未变动
600226.SH,2010-05-25,0.3410,8.6200,13.0800,4.209056,2.773858,因子未变动
600226.SH,2015-10-12,0.6360,5.2300,14.3700,12.016663,4.373496,因子未变动
600226.SH,2017-09-20,0.2853,6.7900,9.5000,16.812707,12.016663,因子未变动
600226.SH,2018-03-26,0.2310,4.5600,5.9300,21.863897,16.812707,因子未变动
600227.SH,2008-05-13,0.4477,17.2600,31.2500,2.062049,1.138911,因子未变动
600227.SH,2010-05-12,0.5017,5.7400,11.5200,4.183353,2.084414,因子未变动
600228.SH,2001-05-22,0.3763,13.1600,21.1000,1.603343,1.000000,因子未变动
600230.SH,2018-05-30,0.2948,27.4900,38.9800,1.614163,1.138362,因子未变动
600231.SH,2002-10-15,0.2302,6.3200,8.2100,1.338463,1.030339,因子未变动
600231.SH,2003-04-17,0.2404,9.4800,12.4800,1.762027,1.338463,因子未变动
600231.SH,2008-04-24,0.2272,9.4900,12.2800,2.686457,2.076097,因子未变动
600231.SH,2016-05-10,0.5019,2.6900,5.4000,5.639243,2.809178,因子未变动
600231.SH,2018-06-20,0.1034,3.4700,3.8700,6.331509,5.677090,因子未变动
600232.SH,2001-05-25,0.2341,17.7300,23.1500,1.305697,1.000000,因子未变动
600232.SH,2008-08-08,0.2308,4.2000,5.4600,1.822868,1.402206,因子未变动
600233.SH,2002-07-24,0.3371,11.0300,16.6400,1.523418,1.009814,因子未变动
600233.SH,2016-04-26,0.5013,17.7200,35.5300,3.695793,1.843216,因子未变动
600234.SH,2007-02-09,0.3495,2.1400,3.2900,1.537383,1.000000,因子未变动
600234.SH,2011-04-21,0.2860,7.0400,9.8600,2.153210,1.537383,因子未变动
600235.SH,2003-04-14,0.2928,15.1200,21.3800,1.442433,1.020093,因子未变动
600236.SH,2005-06-22,0.5111,4.8400,9.9000,2.199146,1.075138,因子未变动
600236.SH,2010-05-06,0.2960,5.4000,7.6700,3.342198,2.353047,因子未变动
600236.SH,2019-07-10,0.2623,4.5000,6.1000,5.415930,3.995359,因子未变动
600236.SH,2024-07-12,0.0148,7.9900,8.1100,1.000000,6.332216,因子未变动
600237.SH,2003-06-02,0.5023,10.9200,21.9400,2.027318,1.009039,因子未变动
600237.SH,2006-05-31,0.3398,3.3800,5.1200,3.166816,2.090593,因子未变动
600238.SH,2010-05-24,0.4444,12.0500,21.6900,1.902526,1.056959,因子未变动
600238.SH,2011-05-23,0.3356,9.8600,14.8400,2.863436,1.902526,因子未变动
600239.SH,2001-06-22,0.3348,29.4000,44.2000,1.503401,1.000000,因子未变动
600239.SH,2001-11-02,0.1675,22.5200,27.0500,1.805817,1.503401,因子未变动
600239.SH,2002-07-03,0.4477,9.8200,17.7800,3.320103,1.833713,因子未变动
600239.SH,2007-11-30,0.1171,7.3100,8.2800,3.801990,3.356588,因子未变动
600239.SH,2009-06-16,0.3332,19.5300,29.2900,5.702012,3.801990,因子未变动
600239.SH,2011-06-13,0.2326,11.0500,14.4000,7.471980,5.733707,因子未变动
600239.SH,2015-06-16,0.2336,11.8100,15.4100,10.198689,7.816127,因子未变动
600239.SH,2017-06-01,0.3444,4.7600,7.2600,15.555143,10.198689,因子未变动
600241.SH,2012-05-08,0.4121,6.5900,11.2100,1.828715,1.075043,因子未变动
600243.SH,2006-12-25,0.1628,4.9900,5.9600,1.205764,1.009524,因子未变动
600246.SH,2007-03-16,0.5009,24.4600,49.0100,2.141419,1.068743,因子未变动
600246.SH,2007-10-23,0.3332,23.8300,35.7400,3.211680,2.141419,因子未变动
600246.SH,2009-04-16,0.5073,11.8700,24.0900,6.582340,3.243353,因子未变动
600246.SH,2010-04-07,0.1747,8.0800,9.7900,7.975385,6.582340,因子未变动
600248.SH,2007-02-15,0.1333,3.2500,3.7500,1.173483,1.017019,因子未变动
600248.SH,2009-05-18,0.3336,9.4900,14.2400,1.760843,1.173483,因子未变动
600248.SH,2010-05-06,0.2854,8.5900,12.0200,2.463950,1.760843,因子未变动
600248.SH,2016-06-07,0.2357,6.1600,8.0600,3.315883,2.534223,因子未变动
600249.SH,2007-09-18,0.4999,27.6700,55.3300,2.154130,1.077260,因子未变动
600249.SH,2008-08-14,0.3453,7.2800,11.1200,3.290374,2.154130,因子未变动
600250.SH,2003-06-12,0.3386,10.5500,15.9500,1.542327,1.020160,因子未变动
600250.SH,2004-06-16,0.2343,8.3000,10.8400,2.014316,1.542327,因子未变动
600251.SH,2004-06-21,0.3498,5.4100,8.3200,1.537893,1.000000,因子未变动
600251.SH,2008-03-27,0.2308,65.7400,85.4600,2.012631,1.548214,因子未变动
600251.SH,2009-05-12,0.3353,23.7300,35.7000,3.027852,2.012631,因子未变动
600251.SH,2015-05-19,0.5033,14.1300,28.4500,6.353318,3.155444,因子未变动
600252.SH,2003-08-21,0.1718,6.2200,7.5100,1.346931,1.115567,因子未变动
600252.SH,2004-10-20,0.2340,4.5500,5.9400,1.764602,1.351673,因子未变动
600252.SH,2009-06-12,0.1677,12.1100,14.5500,2.120146,1.764602,因子未变动
600252.SH,2010-08-30,0.5004,18.7000,37.4300,4.243692,2.120146,因子未变动
600252.SH,2011-06-23,0.5009,16.8700,33.8000,8.502477,4.243692,因子未变动
600252.SH,2015-09-16,0.6730,5.5500,16.9700,27.653131,9.043894,因子未变动
600255.SH,2006-05-24,0.2332,10.5200,13.7200,1.344409,1.030844,因子未变动
600255.SH,2007-04-09,0.3369,11.7900,17.7800,2.027446,1.344409,因子未变动
600255.SH,2008-05-08,0.5013,7.9700,15.9800,4.065067,2.027446,因子未变动
600255.SH,2014-10-10,0.5999,6.1500,15.3700,10.412088,4.166190,因子未变动
600256.SH,2000-11-06,0.5000,20.9400,41.8800,2.000000,1.000000,因子未变动
600256.SH,2001-09-28,0.4153,14.5000,24.8000,3.420690,2.000000,因子未变动
600256.SH,2002-09-12,0.1693,13.1000,15.7700,4.117884,3.420690,因子未变动
600256.SH,2004-06-23,0.1707,7.4800,9.0200,4.981946,4.131370,因子未变动
600256.SH,2009-04-23,0.0968,14.5500,16.1100,5.565300,5.026388,因子未变动
600256.SH,2010-04-27,0.2316,28.0000,36.4400,7.242840,5.565300,因子未变动
600256.SH,2011-03-30,0.3345,24.0100,36.0800,10.883869,7.242840,因子未变动
600256.SH,2012-05-25,0.4444,15.0400,27.0700,19.589517,10.883869,因子未变动
600256.SH,2013-06-24,0.3350,13.3400,20.0600,29.457701,19.589517,因子未变动
600256.SH,2023-06-29,0.1062,6.6500,7.4400,39.889458,35.653878,因子未变动
600256.SH,2025-07-18,0.1003,5.4700,6.0800,48.870123,43.967041,因子未变动
600257.SH,2004-06-16,0.5000,5.8500,11.7000,2.030599,1.015299,因子未变动
600257.SH,2005-07-15,0.3368,2.5400,3.8300,3.061887,2.030599,因子未变动
600257.SH,2006-04-25,0.2310,2.1300,2.7700,3.981890,3.061887,因子未变动
600257.SH,2008-05-19,0.3349,6.9700,10.4800,5.994500,3.986800,因子未变动
600258.SH,2017-05-25,0.1668,20.9300,25.1200,1.561123,1.300729,因子未变动
600258.SH,2018-05-24,0.1688,24.5200,29.5000,1.878186,1.561123,因子未变动
600261.SH,2006-06-07,0.1749,12.3100,14.9200,1.310087,1.080910,因子未变动
600261.SH,2007-05-28,0.2343,17.0300,22.2400,1.710883,1.310087,因子未变动
600261.SH,2008-04-22,0.2377,12.2200,16.0300,2.244309,1.710883,因子未变动
600261.SH,2011-04-18,0.3364,21.8000,32.8500,3.537217,2.347377,因子未变动
600261.SH,2012-05-23,0.3391,11.7900,17.8400,5.352328,3.537217,因子未变动
600261.SH,2014-06-20,0.3397,10.7100,16.2200,8.176440,5.398870,因子未变动
600261.SH,2015-05-26,0.3398,10.2200,15.4800,12.384666,8.176440,因子未变动
600265.SH,2006-09-21,0.1916,5.1900,6.4200,1.243813,1.005512,因子未变动
600266.SH,2001-06-08,0.3481,14.7200,22.5800,1.533967,1.000000,因子未变动
600266.SH,2010-08-09,0.1727,11.1100,13.4300,2.003056,1.657033,因子未变动
600266.SH,2014-04-16,0.2034,8.0300,10.0800,2.671700,2.128348,因子未变动
600266.SH,2019-06-17,0.1869,8.0500,9.9000,3.578242,2.909581,因子未变动
600266.SH,2020-06-29,0.1975,5.0800,6.3300,4.458715,3.578242,因子未变动
600267.SH,2001-05-24,0.3766,23.4400,37.6000,1.604096,1.000000,因子未变动
600267.SH,2004-09-29,0.4443,12.1200,21.8100,2.948679,1.638606,因子未变动
600267.SH,2012-05-25,0.3789,15.1300,24.3600,5.040766,3.130820,因子未变动
600268.SH,2006-09-26,0.3331,10.4100,15.6100,1.616067,1.077723,因子未变动
600268.SH,2010-05-06,0.3362,22.7700,34.3000,2.501509,1.660622,因子未变动
600268.SH,2011-04-26,0.5027,14.0300,28.2100,5.029762,2.501509,因子未变动
600268.SH,2023-05-30,0.1740,6.9300,8.3900,6.756123,5.580445,因子未变动
600268.SH,2024-06-28,0.1776,5.5100,6.7000,8.215249,6.756123,因子未变动
600269.SH,2004-06-10,0.5072,6.8200,13.8400,2.158593,1.063700,因子未变动
600269.SH,2006-09-20,0.3333,6.4600,9.6900,3.380925,2.253950,因子未变动
600269.SH,2009-09-14,0.5000,8.4700,16.9400,7.135178,3.567589,因子未变动
600271.SH,2005-06-17,0.4835,12.6800,24.5500,2.017165,1.041860,因子未变动
600271.SH,2008-05-09,0.5035,32.8800,66.2300,4.141760,2.056184,因子未变动
600271.SH,2009-05-27,0.3407,16.2200,24.6000,6.281585,4.141760,因子未变动
600271.SH,2016-05-31,0.5051,24.0300,48.5600,14.330364,7.091405,因子未变动
600273.SH,2023-09-20,0.0226,8.6500,8.8500,1.000000,1.432566,因子未变动
600276.SH,2001-05-11,0.3766,22.6900,36.4000,1.604231,1.000000,因子未变动
600276.SH,2002-05-21,0.1691,13.2200,15.9100,1.930659,1.604231,因子未变动
600276.SH,2006-08-29,0.2309,18.5500,24.1200,2.623737,2.017841,因子未变动
600276.SH,2007-04-02,0.2344,26.7800,34.9800,3.427122,2.623737,因子未变动
600276.SH,2008-04-11,0.1686,37.2300,44.7800,4.122119,3.427122,因子未变动
600276.SH,2009-04-30,0.1687,34.0900,41.0100,4.958877,4.122119,因子未变动
600276.SH,2010-03-17,0.1685,37.9100,45.5900,5.963471,4.958877,因子未变动
600276.SH,2011-04-26,0.3346,32.4700,48.8000,8.962655,5.963471,因子未变动
600276.SH,2015-06-15,0.2320,47.9800,62.4700,15.658301,12.026337,因子未变动
600276.SH,2016-06-16,0.1684,38.4200,46.2000,18.829087,15.658301,因子未变动
600276.SH,2017-05-31,0.1686,48.9600,58.8900,22.647974,18.829087,因子未变动
600276.SH,2018-05-30,0.2318,73.3000,95.4200,29.482531,22.647974,因子未变动
600276.SH,2019-03-28,0.1692,61.7800,74.3600,35.485934,29.482531,因子未变动
600276.SH,2020-05-25,0.1686,79.7100,95.8800,42.684624,35.485934,因子未变动
600276.SH,2021-06-10,0.1686,69.9600,84.1500,51.342372,42.684624,因子未变动
600278.SH,2012-05-31,0.2346,6.9500,9.0800,1.481737,1.134149,因子未变动
600279.SH,2016-05-31,0.3372,6.9000,10.4100,1.720661,1.140496,因子未变动
600280.SH,2013-05-22,0.5016,24.4600,49.0800,2.408846,1.200497,因子未变动
600280.SH,2013-09-25,0.5016,15.5300,31.1600,4.833203,2.408846,因子未变动
600280.SH,2015-06-12,0.5030,19.8600,39.9600,9.831562,4.886257,因子未变动
600281.SH,2006-10-17,0.2298,3.1500,4.0900,1.329020,1.023573,因子未变动
600282.SH,2001-05-21,0.1737,9.4200,11.4000,1.210191,1.000000,因子未变动
600282.SH,2005-05-27,0.3689,3.6100,5.7200,2.076207,1.310333,因子未变动
600282.SH,2008-05-16,0.4474,9.5100,17.2100,4.015819,2.219084,因子未变动
600282.SH,2025-05-09,0.0183,4.2900,4.3700,1.000000,7.091679,因子未变动
600282.SH,2025-09-11,0.0240,4.8800,5.0000,7.401561,1.000000,因子未变动
600283.SH,2024-08-16,0.2980,8.3400,11.8800,1.772583,1.244389,因子未变动
600284.SH,2011-07-06,0.1732,13.9900,16.9200,1.320453,1.091793,因子未变动
600284.SH,2012-05-17,0.1756,7.9800,9.6800,1.601753,1.320453,因子未变动
600284.SH,2018-04-26,0.3002,6.2000,8.8600,2.470143,1.728543,因子未变动
600285.SH,2007-11-06,0.5017,13.0000,26.0900,2.101150,1.046951,因子未变动
600285.SH,2013-07-01,0.3381,8.7100,13.1600,3.288313,2.176383,因子未变动
600285.SH,2014-07-02,0.3405,8.8900,13.4800,4.986103,3.288313,因子未变动
600287.SH,2001-04-20,0.1023,25.6300,28.5500,1.113929,1.000000,因子未变动
600287.SH,2002-06-10,0.2410,14.2000,18.7100,1.467719,1.113929,因子未变动
600287.SH,2004-06-11,0.5119,5.1300,10.5100,3.072789,1.499848,因子未变动
600288.SH,2002-07-19,0.3366,14.3700,21.6600,1.514019,1.004453,因子未变动
600288.SH,2006-06-20,0.3801,4.1100,6.6300,2.523731,1.564485,因子未变动
600288.SH,2009-06-05,0.2304,5.8800,7.6400,3.279134,2.523731,因子未变动
600289.SH,2004-06-18,0.5089,13.7300,27.9600,2.094791,1.028665,因子未变动
600289.SH,2006-06-26,0.1337,14.1200,16.3000,2.450152,2.122463,因子未变动
600289.SH,2007-06-08,0.1677,16.7200,20.0900,2.968595,2.470627,因子未变动
600289.SH,2008-07-22,0.1687,10.2000,12.2700,3.571045,2.968595,因子未变动
600289.SH,2010-04-16,0.3751,11.2600,18.0200,5.869271,3.667480,因子未变动
600292.SH,2004-10-20,0.4996,5.8900,11.7700,2.144141,1.072981,因子未变动
600292.SH,2015-07-13,0.2354,15.8800,20.7700,3.098049,2.368658,因子未变动
600293.SH,2002-07-03,0.2321,11.9100,15.5100,1.305653,1.002600,因子未变动
600293.SH,2006-06-19,0.2040,3.5900,4.5100,1.640249,1.305653,因子未变动
600293.SH,2017-06-12,0.3351,9.8800,14.8600,2.486522,1.653219,因子未变动
600295.SH,2003-06-13,0.5093,7.3500,14.9800,2.074035,1.017634,因子未变动
600295.SH,2022-06-13,0.3318,20.7400,31.0400,4.204124,2.809070,因子未变动
600295.SH,2023-06-30,0.3379,9.0900,13.7300,1.000000,4.204124,因子未变动
600298.SH,2007-08-23,0.5000,33.3700,66.7400,2.217200,1.108600,因子未变动
600298.SH,2016-05-06,0.6027,17.0500,42.9200,5.889933,2.339780,因子未变动
600299.SH,2006-08-11,0.3376,12.3200,18.6000,1.634185,1.082428,因子未变动
600299.SH,2008-06-13,0.2309,21.0900,27.4200,2.132988,1.640581,因子未变动
600300.SH,2005-07-11,0.5203,2.9500,6.1500,2.266784,1.087319,因子未变动
600300.SH,2009-05-11,0.5466,5.7400,12.6600,5.150126,2.335049,因子未变动
600302.SH,2001-10-29,0.5000,10.6000,21.2000,2.013473,1.006736,因子未变动
600303.SH,2001-05-30,0.4478,18.5800,33.6500,1.811087,1.000000,因子未变动
600303.SH,2010-12-08,0.1467,16.8700,19.7700,2.488645,2.123593,因子未变动
600303.SH,2011-05-19,0.5015,9.7800,19.6200,4.992558,2.488645,因子未变动
600305.SH,2013-11-13,0.5000,15.0000,30.0000,2.149722,1.074861,因子未变动
600305.SH,2016-06-17,0.5054,10.9700,22.1800,4.365223,2.158995,因子未变动
600305.SH,2018-06-15,0.2396,9.3600,12.3100,5.788609,4.401412,因子未变动
600305.SH,2020-06-04,0.2259,17.2400,22.2700,7.529230,5.828645,因子未变动
600307.SH,2006-06-28,0.1852,3.7400,4.5900,1.455460,1.185930,因子未变动
600307.SH,2011-05-16,0.5036,6.1800,12.4500,3.082781,1.530248,因子未变动
600308.SH,2002-07-08,0.1690,13.6700,16.4500,1.223681,1.016882,因子未变动
600308.SH,2003-05-28,0.2333,11.9300,15.5600,1.596016,1.223681,因子未变动
600308.SH,2006-06-26,0.3919,7.6800,12.6300,2.749171,1.671705,因子未变动
600308.SH,2011-08-08,0.4447,5.6200,10.1200,5.186306,2.880142,因子未变动
600308.SH,2023-05-29,0.2852,3.7100,5.1900,9.019337,6.447349,因子未变动
600309.SH,2001-04-19,0.5008,31.3000,62.7000,2.003195,1.000000,因子未变动
600309.SH,2002-04-15,0.3801,15.2000,24.5200,3.231470,2.003195,因子未变动
600309.SH,2004-05-17,0.4185,9.9200,17.0600,5.654379,3.287892,因子未变动
600309.SH,2005-04-01,0.2395,13.6200,17.9100,7.435384,5.654379,因子未变动
600309.SH,2006-06-05,0.2906,15.6700,22.0900,10.481661,7.435384,因子未变动
600309.SH,2007-07-11,0.2871,36.5500,51.2700,14.703002,10.481661,因子未变动
600309.SH,2011-05-12,0.2436,18.2000,24.0600,20.561468,15.553563,因子未变动
600309.SH,2017-05-18,0.1814,23.2800,28.4400,29.064706,23.791363,因子未变动
600310.SH,2011-04-28,0.3437,21.2900,32.4400,1.843366,1.209780,因子未变动
600310.SH,2015-09-14,0.6695,9.6300,29.1400,6.062438,2.003476,因子未变动
600310.SH,2022-05-23,0.1705,3.2600,3.9300,7.759038,6.436251,因子未变动
600312.SH,2003-05-30,0.4156,9.6900,16.5800,1.728731,1.010338,因子未变动
600312.SH,2006-05-22,0.1460,12.3400,14.4500,2.139744,1.827297,因子未变动
600312.SH,2008-05-15,0.2905,10.9400,15.4200,3.015983,2.139744,因子未变动
600312.SH,2009-06-09,0.1712,14.5200,17.5200,3.639119,3.015983,因子未变动
600312.SH,2010-06-18,0.1694,12.2100,14.7000,4.381249,3.639119,因子未变动
600313.SH,2007-04-25,0.0186,10.3800,10.1900,1.001212,1.001212,因子未变动
600313.SH,2007-12-24,0.1713,9.7700,11.7900,1.208218,1.001212,因子未变动
600313.SH,2016-06-16,0.6016,5.5900,14.0300,3.006730,1.197977,因子未变动
600315.SH,2008-05-27,0.1700,31.5500,38.0100,1.360368,1.129166,因子未变动
600315.SH,2009-05-21,0.3376,20.9200,31.5800,2.053557,1.360368,因子未变动
600315.SH,2010-04-14,0.2369,33.1700,43.4700,2.691231,2.053557,因子未变动
600315.SH,2013-05-27,0.3402,44.8500,67.9700,4.142456,2.733399,因子未变动
600316.SH,2001-10-12,0.3335,13.3300,20.0000,1.506524,1.004098,因子未变动
600316.SH,2004-05-28,0.1727,5.9900,7.2400,1.895450,1.568197,因子未变动
600316.SH,2008-04-01,0.2899,24.3700,34.3200,2.685951,1.907244,因子未变动
600316.SH,2010-10-11,0.3752,41.2100,65.9600,4.311173,2.693503,因子未变动
600318.SH,2007-07-18,0.1736,14.5700,17.6300,1.226958,1.013998,因子未变动
600318.SH,2017-05-04,0.5023,10.7300,21.5600,2.525361,1.256824,因子未变动
600320.SH,2004-05-10,0.5056,8.3800,16.9500,2.099362,1.037915,因子未变动
600320.SH,2005-07-05,0.3418,5.9700,9.0700,3.189484,2.099362,因子未变动
600320.SH,2006-07-03,0.5051,9.7700,19.7400,6.444259,3.189484,因子未变动
600320.SH,2009-06-24,0.2328,10.5100,13.7000,8.602078,6.599113,因子未变动
600320.SH,2018-08-13,0.1752,3.5300,4.2800,10.631061,8.768142,因子未变动
600322.SH,2007-06-11,0.5013,11.3300,22.7200,2.095006,1.044737,因子未变动
600323.SH,2008-05-30,0.2411,10.2600,13.5200,1.566945,1.189116,因子未变动
600323.SH,2011-07-01,0.1787,11.4000,13.8800,1.957057,1.607381,因子未变动
600323.SH,2012-04-10,0.3383,6.6900,10.1100,2.957526,1.957057,因子未变动
600323.SH,2021-07-08,0.0104,20.9000,21.1200,1.010526,3.223455,因子未变动
600323.SH,2022-07-14,0.0106,20.4900,20.7100,3.292360,1.010526,因子未变动
600325.SH,2005-10-28,0.2311,5.5900,7.2700,1.319440,1.014535,因子未变动
600325.SH,2008-02-27,0.5012,21.2300,42.5600,2.675498,1.334606,因子未变动
600325.SH,2017-06-08,0.4718,8.6100,16.3000,6.053475,3.197572,因子未变动
600326.SH,2002-03-28,0.4466,14.1000,25.4800,1.810608,1.001946,因子未变动
600326.SH,2008-06-05,0.4996,6.5600,13.1100,3.843766,1.923349,因子未变动
600326.SH,2010-06-10,0.1669,10.0300,12.0400,4.614052,3.843766,因子未变动
600326.SH,2017-07-03,0.2364,8.4300,11.0400,6.098289,4.656574,因子未变动
600326.SH,2023-08-08,0.2313,4.9200,6.4000,8.393175,6.452254,因子未变动
600327.SH,2004-05-13,0.5031,7.9300,15.9600,2.029963,1.008622,因子未变动
600327.SH,2006-05-29,0.3466,8.0700,12.3500,3.337422,2.180809,因子未变动
600327.SH,2010-06-21,0.3781,9.4100,15.1300,5.576602,3.468329,因子未变动
600327.SH,2018-06-07,0.2470,5.5800,7.4100,8.157411,6.142828,因子未变动
600327.SH,2019-05-30,0.2016,3.8800,4.8600,10.217788,8.157411,因子未变动
600327.SH,2020-09-24,0.1068,4.1800,4.6800,11.969369,10.690591,因子未变动
600328.SH,2003-05-22,0.2373,13.9200,18.2500,1.330842,1.015086,因子未变动
600328.SH,2004-05-25,0.3748,8.3400,13.3400,2.150347,1.344370,因子未变动
600328.SH,2023-06-13,0.2624,8.9400,12.1200,3.356563,2.475881,因子未变动
600329.SH,2010-07-05,0.4998,11.3300,22.6500,2.190394,1.095681,因子未变动
600329.SH,2024-07-12,0.0383,32.1200,33.4000,1.000000,2.609781,因子未变动
600330.SH,2001-10-12,0.3333,20.3400,30.5100,1.503531,1.002354,因子未变动
600330.SH,2005-06-17,0.3862,3.5600,5.8000,2.513409,1.542713,因子未变动
600330.SH,2008-06-13,0.1706,5.2500,6.3300,3.080645,2.555037,因子未变动
600330.SH,2018-06-25,0.1714,6.4800,7.8200,3.732157,3.092632,因子未变动
600331.SH,2004-05-11,0.3805,7.2300,11.6700,1.660480,1.028729,因子未变动
600331.SH,2004-12-03,0.5000,4.1500,8.3000,3.320960,1.660480,因子未变动
600331.SH,2008-07-03,0.5256,11.1300,23.4600,7.209317,3.420277,因子未变动
600333.SH,2002-05-23,0.4146,11.5800,19.7800,1.712849,1.002770,因子未变动
600333.SH,2006-12-22,0.1197,4.7800,5.4300,2.103930,1.852078,因子未变动
600335.SH,2006-12-08,0.1554,5.1100,6.0500,1.202927,1.016026,因子未变动
600335.SH,2008-04-01,0.5008,9.5500,19.1300,2.409632,1.202927,因子未变动
600335.SH,2016-05-20,0.3382,11.3100,17.0900,3.769042,2.494316,因子未变动
600336.SH,2013-07-18,0.4995,5.1600,10.3100,2.116661,1.059357,因子未变动
600336.SH,2023-06-30,0.0120,5.7700,5.8400,0.996139,2.250681,因子未变动
600337.SH,2002-06-24,0.1711,15.9400,19.2300,1.214648,1.006838,因子未变动
600337.SH,2004-10-15,0.4447,5.6200,10.1200,2.240769,1.244380,因子未变动
600337.SH,2008-04-09,0.4453,9.1800,16.5500,4.109542,2.279492,因子未变动
600337.SH,2017-04-19,0.5752,5.6800,13.3700,10.482562,4.453325,因子未变动
600338.SH,2019-06-18,0.2870,18.4600,25.8900,1.472925,1.050220,因子未变动
600339.SH,2001-10-31,0.2859,17.9600,25.1500,1.408729,1.005995,因子未变动
600339.SH,2002-09-16,0.3332,13.0300,19.5400,2.129888,1.420289,因子未变动
600339.SH,2005-06-01,0.1830,4.2400,5.1900,2.670104,2.181357,因子未变动
600339.SH,2008-04-08,0.2335,10.3100,13.4500,3.483307,2.670104,因子未变动
600339.SH,2011-05-30,0.1021,11.0800,12.3400,3.911007,3.511666,因子未变动
600340.SH,2006-07-11,0.3445,3.7100,5.6600,1.636705,1.072823,因子未变动
600340.SH,2011-06-01,0.3747,7.7600,12.4100,2.617463,1.636705,因子未变动
600340.SH,2012-05-09,0.3386,16.3700,24.7500,3.957374,2.617463,因子未变动
600340.SH,2013-10-10,0.3362,22.8800,34.4700,6.002018,3.983933,因子未变动
600340.SH,2015-05-04,0.5064,30.6300,62.0500,12.237317,6.040758,因子未变动
600340.SH,2020-07-10,0.2720,20.4200,28.0500,18.784352,13.674741,因子未变动
600343.SH,2010-07-22,0.1082,17.5600,19.6900,1.164081,1.038155,因子未变动
600343.SH,2014-04-23,0.5028,9.0100,18.1200,2.353575,1.170293,因子未变动
600345.SH,2002-06-13,0.1721,18.9600,22.9000,1.213875,1.005025,因子未变动
600346.SH,2009-06-09,0.5000,5.8900,11.7800,2.091300,1.045650,因子未变动
600346.SH,2015-07-15,0.5655,7.2700,16.7300,4.816351,2.092939,因子未变动
600346.SH,2019-06-27,0.2932,11.9100,16.8500,7.057778,4.988613,因子未变动
600348.SH,2008-07-15,0.5049,23.5900,47.6500,2.221933,1.100008,因子未变动
600348.SH,2010-06-08,0.6035,16.8300,42.4500,5.663224,2.245278,因子未变动
600348.SH,2023-06-16,0.3786,8.0600,12.9700,12.131869,7.539157,因子未变动
600350.SH,2025-08-05,0.0414,9.7300,10.1500,1.043165,2.261120,因子未变动
600351.SH,2004-05-25,0.3441,7.3400,11.1900,1.540404,1.010417,因子未变动
600351.SH,2009-04-20,0.5040,11.8700,23.9300,3.293536,1.633693,因子未变动
600351.SH,2010-05-28,0.5022,10.1000,20.2900,6.616421,3.293536,因子未变动
600352.SH,2004-05-11,0.5067,7.4000,15.0000,2.027027,1.000000,因子未变动
600352.SH,2005-04-28,0.2412,5.8200,7.6700,2.671357,2.027027,因子未变动
600352.SH,2009-06-05,0.5064,7.3200,14.8300,5.593378,2.760858,因子未变动
600352.SH,2015-06-10,0.5060,20.0200,40.5300,12.155155,6.004101,因子未变动
600353.SH,2004-07-02,0.1346,9.9000,11.4400,1.189097,1.029027,因子未变动
600353.SH,2006-10-27,0.1589,5.0300,5.9800,1.457065,1.225591,因子未变动
600353.SH,2011-07-01,0.5011,9.4900,19.0200,2.920271,1.457065,因子未变动
600353.SH,2015-07-06,0.5019,8.9800,18.0300,6.084358,3.030368,因子未变动
600353.SH,2023-05-19,0.2855,8.3600,11.7000,8.835164,6.312989,因子未变动
600354.SH,2012-05-04,0.5455,7.5400,16.5900,2.260210,1.027244,因子未变动
600355.SH,2003-05-15,0.5085,11.5500,23.5000,2.034632,1.000000,因子未变动
600355.SH,2015-09-25,0.5000,5.8600,11.7200,4.069264,2.034632,因子未变动
600356.SH,2011-05-30,0.1738,8.6500,10.4700,1.383872,1.143314,因子未变动
600358.SH,2002-09-16,0.3332,13.1700,19.7500,1.499620,1.000000,因子未变动
600358.SH,2004-08-25,0.4439,3.5700,6.4200,2.713560,1.508942,因子未变动
600360.SH,2005-10-28,0.4997,7.5400,15.0700,2.034606,1.017978,因子未变动
600360.SH,2008-05-09,0.5000,8.5900,17.1800,4.069212,2.034606,因子未变动
600360.SH,2011-05-24,0.2319,6.6900,8.7100,5.332195,4.095567,因子未变动
600360.SH,2019-04-15,0.1114,6.7000,7.5400,6.184766,5.495747,因子未变动
600361.SH,2004-05-28,0.5068,7.2300,14.6600,2.058177,1.015049,因子未变动
600361.SH,2006-05-17,0.2309,14.2200,18.4900,2.750342,2.115190,因子未变动
600361.SH,2008-07-01,0.2310,13.8800,18.0500,3.602655,2.770352,因子未变动
600363.SH,2002-05-20,0.3356,12.8500,19.3400,1.507390,1.001549,因子未变动
600363.SH,2006-07-14,0.3338,4.3500,6.5300,2.352132,1.566888,因子未变动
600365.SH,2015-10-26,0.4998,12.0100,24.0100,2.027089,1.013966,因子未变动
600366.SH,2001-04-26,0.3360,25.1400,37.8600,1.505967,1.000000,因子未变动
600366.SH,2002-05-20,0.3384,13.5700,20.5100,2.276151,1.505967,因子未变动
600366.SH,2006-06-12,0.2425,5.2800,6.9700,3.217692,2.437505,因子未变动
600366.SH,2011-06-13,0.2350,13.8000,18.0400,4.469418,3.418956,因子未变动
600366.SH,2018-05-23,0.4557,8.2300,15.1200,8.762374,4.769467,因子未变动
600367.SH,2002-04-16,0.2356,25.2800,33.0700,1.308149,1.000000,因子未变动
600367.SH,2003-06-10,0.2928,14.1300,19.9800,1.849739,1.308149,因子未变动
600367.SH,2004-05-21,0.3793,8.9500,14.4200,2.984824,1.852578,因子未变动
600368.SH,2012-06-12,0.3396,4.2400,6.4200,1.732604,1.144274,因子未变动
600368.SH,2018-05-21,0.2804,3.9000,5.4200,2.466557,1.774829,因子未变动
600368.SH,2023-06-14,0.1029,3.6600,4.0800,3.137503,2.814524,因子未变动
600368.SH,2024-06-20,0.2473,3.5300,4.6900,4.168523,3.137503,因子未变动
600369.SH,2006-07-21,0.2961,2.5200,3.5800,1.433285,1.008904,因子未变动
600369.SH,2015-09-29,0.5035,7.7500,15.6100,3.141396,1.559630,因子未变动
600370.SH,2006-09-21,0.4440,4.0200,7.2300,1.965379,1.092783,因子未变动
600370.SH,2016-05-23,0.6004,5.4500,13.6400,5.282152,2.110537,因子未变动
600371.SH,2003-05-28,0.3559,9.5900,14.8900,1.552659,1.000000,因子未变动
600371.SH,2010-05-17,0.1061,10.6100,11.8700,1.780978,1.591927,因子未变动
600371.SH,2013-07-08,0.1819,8.7700,10.7200,2.253784,1.843814,因子未变动
600371.SH,2020-07-08,0.2354,11.9500,15.6300,3.416309,2.611958,因子未变动
600372.SH,2007-04-25,0.1000,9.2400,8.4000,1.013536,1.013536,因子未变动
600372.SH,2012-04-19,0.3750,17.2800,27.6500,1.684081,1.052474,因子未变动
600372.SH,2013-08-13,0.2324,17.7400,23.1100,2.193862,1.684081,因子未变动
600372.SH,2024-01-02,0.0181,12.9412,13.1800,2.274511,1.000000,因子未变动
600373.SH,2008-07-24,0.3347,4.9900,7.5000,1.520554,1.011675,因子未变动
600373.SH,2014-06-23,0.4497,11.6600,21.1900,2.910822,1.601708,因子未变动
600373.SH,2024-01-02,0.0843,12.0684,13.1800,3.865809,3.698891,因子未变动
600375.SH,2004-05-20,0.3479,10.6100,16.2700,1.533459,1.000000,因子未变动
600375.SH,2006-05-22,0.3498,3.8100,5.8600,2.482033,1.613745,因子未变动
600375.SH,2024-01-02,0.0603,5.6854,6.0500,2.818087,2.742264,因子未变动
600376.SH,2002-05-20,0.3799,16.2100,26.1400,1.616422,1.002380,因子未变动
600376.SH,2006-06-15,0.3399,3.7100,5.6200,2.592591,1.711479,因子未变动
600376.SH,2011-04-22,0.2396,12.9200,16.9900,3.447460,2.621612,因子未变动
600376.SH,2013-05-20,0.3489,6.7000,10.2900,5.441733,3.543208,因子未变动
600377.SH,2023-07-26,0.0482,9.0900,9.5500,1.000000,2.445916,因子未变动
600377.SH,2024-01-02,0.0669,9.5641,10.2500,2.569692,1.000000,因子未变动
600378.SH,2001-04-27,0.2328,22.9100,29.8600,1.303361,1.000000,因子未变动
600378.SH,2002-05-16,0.2345,11.3900,14.8800,1.702723,1.303361,因子未变动
600378.SH,2006-11-09,0.2042,4.9100,6.1700,2.185013,1.738803,因子未变动
600379.SH,2007-11-05,0.1159,17.6200,19.9300,1.151481,1.018018,因子未变动
600379.SH,2009-04-24,0.1661,8.0300,9.6300,1.380917,1.151481,因子未变动
600379.SH,2019-07-18,0.2915,5.9800,8.4400,2.166448,1.534995,因子未变动
600379.SH,2024-01-02,0.0205,9.8438,10.0500,2.229559,2.218629,因子未变动
600380.SH,2002-06-03,0.3419,15.0500,22.8700,1.535597,1.010526,因子未变动
600380.SH,2003-11-17,0.3333,9.8400,14.7600,2.347354,1.564902,因子未变动
600380.SH,2008-04-24,0.4481,8.8300,16.0000,4.527461,2.498592,因子未变动
600380.SH,2010-04-14,0.1668,11.0900,13.3100,5.534395,4.611303,因子未变动
600380.SH,2012-05-16,0.1667,5.4000,6.4800,6.641274,5.534395,因子未变动
600380.SH,2018-10-16,0.0952,8.3600,9.2400,7.849176,7.101636,因子未变动
600380.SH,2024-01-02,0.0329,12.0212,12.4300,8.407994,8.284448,因子未变动
600381.SH,2004-07-19,0.5000,5.8800,11.7600,2.018820,1.009410,因子未变动
600381.SH,2005-05-12,0.2314,2.8900,3.7600,2.626561,2.018820,因子未变动
600381.SH,2011-08-25,0.3336,7.3700,11.0600,4.227709,2.817199,因子未变动
600381.SH,2012-05-15,0.4122,5.1200,8.7100,7.192060,4.227709,因子未变动
600381.SH,2014-06-27,7.0529,16.7500,2.0800,0.893104,7.192060,因子未变动
600382.SH,2007-10-19,0.4998,10.9000,21.7900,2.187670,1.094337,因子未变动
600382.SH,2019-06-12,0.2353,8.1900,10.7100,2.965266,2.267556,因子未变动
600382.SH,2020-07-06,0.2374,5.1400,6.7400,3.888306,2.965266,因子未变动
600382.SH,2022-06-15,0.1509,4.9500,5.8300,4.685814,3.978522,因子未变动
600383.SH,2005-05-30,0.4679,4.0600,7.6300,1.968878,1.047660,因子未变动
600383.SH,2008-04-02,0.5006,17.3400,34.7200,4.066470,2.030892,因子未变动
600383.SH,2009-06-02,0.2355,13.1800,17.2400,5.319115,4.066470,因子未变动
600383.SH,2010-05-04,0.4494,6.6900,12.1500,9.660276,5.319115,因子未变动
600386.SH,2005-08-12,0.3811,3.5400,5.7200,1.718557,1.063583,因子未变动
600386.SH,2017-08-24,0.5041,6.6200,13.3500,3.780560,1.874705,因子未变动
600388.SH,2013-06-03,0.5034,28.2400,56.8700,2.441024,1.212142,因子未变动
600388.SH,2015-06-05,0.6019,27.3700,68.7500,6.212481,2.473245,因子未变动
600388.SH,2024-01-02,0.0397,12.2818,12.7900,7.075526,6.998057,因子未变动
600389.SH,2002-05-28,0.1690,14.0100,16.8600,1.208830,1.004490,因子未变动
600389.SH,2004-06-03,0.1029,7.1500,7.9700,1.354918,1.215516,因子未变动
600389.SH,2016-06-02,0.3342,14.7200,22.1100,2.230867,1.485227,因子未变动
600389.SH,2023-06-09,0.3150,20.6400,30.1300,3.943226,2.701234,因子未变动
600389.SH,2024-01-02,0.0364,16.7675,17.4000,3.943226,2.701234,因子未变动
600390.SH,2007-06-01,0.3339,26.7700,40.1900,1.535797,1.022973,因子未变动
600390.SH,2013-07-09,0.5000,8.6000,17.2000,3.086167,1.543083,因子未变动
600390.SH,2019-09-26,0.1828,7.6000,9.3000,3.876400,3.167811,因子未变动
600390.SH,2024-01-02,0.0336,4.5227,4.6800,4.358188,4.273727,因子未变动
600391.SH,2012-06-25,0.4463,9.8500,17.7900,1.995794,1.105035,因子未变动
600392.SH,2005-07-18,0.3370,6.5900,9.9400,1.526063,1.011746,因子未变动
600392.SH,2007-10-12,0.3115,13.3500,19.3900,2.220345,1.528706,因子未变动
600392.SH,2015-09-30,0.6028,10.7600,27.0900,5.590070,2.220345,因子未变动
600392.SH,2018-07-02,0.2323,12.4600,16.2300,7.290641,5.597128,因子未变动
600395.SH,2008-07-28,0.3783,15.8900,25.5600,1.767300,1.098686,因子未变动
600395.SH,2012-07-16,0.3523,19.3800,29.9200,2.926576,1.895623,因子未变动
600396.SH,2004-05-27,0.4139,7.7600,13.2400,1.706186,1.000000,因子未变动
600396.SH,2007-09-13,0.2309,20.7500,26.9800,2.237850,1.721104,因子未变动
600396.SH,2014-05-16,0.5070,5.2600,10.6700,4.659250,2.296875,因子未变动
600397.SH,2006-08-30,0.1824,4.9300,6.0300,1.285276,1.050814,因子未变动
600397.SH,2013-05-17,0.4996,5.7600,11.5100,2.662814,1.332564,因子未变动
600397.SH,2014-06-24,0.1188,3.7100,4.2100,3.021684,2.662814,因子未变动
600398.SH,2001-09-28,0.4117,13.9600,23.7300,1.712086,1.007194,因子未变动
600398.SH,2002-04-16,0.2316,14.8000,19.2600,2.228025,1.712086,因子未变动
600398.SH,2008-06-17,0.4994,3.9700,7.9300,4.731561,2.368764,因子未变动
600398.SH,2022-06-29,0.0959,4.8100,5.3200,7.345965,6.641746,因子未变动
600399.SH,2015-06-10,0.6005,16.6000,41.5500,2.555715,1.021056,因子未变动
600400.SH,2005-05-27,0.3010,3.5300,5.0500,1.474247,1.030513,因子未变动
600400.SH,2006-05-31,0.2314,2.8900,3.7600,1.918052,1.474247,因子未变动
600400.SH,2011-06-20,0.2360,6.0200,7.8800,2.796393,2.136331,因子未变动
600400.SH,2016-03-29,0.5012,10.1900,20.4300,5.715856,2.850933,因子未变动
600400.SH,2017-05-24,0.1027,6.5500,7.3000,6.370343,5.715856,因子未变动
600400.SH,2018-05-08,0.3087,4.3900,6.3500,9.214506,6.370343,因子未变动
600403.SH,2004-09-08,0.4443,9.8800,17.7800,1.799595,1.000000,因子未变动
600403.SH,2013-06-17,0.5098,11.2000,22.8500,3.808976,1.866982,因子未变动
600405.SH,2005-07-14,0.1869,4.9600,6.1000,1.229839,1.000000,因子未变动
600405.SH,2007-06-25,0.5007,13.3200,26.6800,2.477776,1.237031,因子未变动
600405.SH,2011-07-05,0.1708,8.4500,10.1900,3.006212,2.492885,因子未变动
600405.SH,2014-07-17,0.3356,9.7200,14.6300,4.524783,3.006212,因子未变动
600405.SH,2017-06-08,0.1181,7.2400,8.2100,5.145790,4.537822,因子未变动
600406.SH,2004-04-02,0.3388,16.6300,25.1500,1.517863,1.003660,因子未变动
600406.SH,2004-10-14,0.2309,12.4900,16.2400,1.973586,1.517863,因子未变动
600406.SH,2007-03-27,0.1665,23.7300,28.4700,2.416011,2.013767,因子未变动
600406.SH,2010-03-24,0.5012,31.7300,63.6100,4.913580,2.450997,因子未变动
600406.SH,2011-03-25,0.5007,34.6400,69.3800,9.841346,4.913580,因子未变动
600406.SH,2012-04-05,0.3354,20.9800,31.5700,14.808926,9.841346,因子未变动
600406.SH,2013-06-06,0.2922,16.0600,22.6900,20.922450,14.808926,因子未变动
600406.SH,2021-06-23,0.1789,23.0800,28.1100,28.393547,23.312806,因子未变动
600406.SH,2022-06-22,0.1772,26.8900,32.6800,34.507295,28.393547,因子未变动
600406.SH,2023-06-21,0.1784,22.9800,27.9700,42.000395,34.507295,因子未变动
600408.SH,2004-07-16,0.4141,7.1600,12.2200,1.715710,1.005277,因子未变动
600408.SH,2008-03-28,0.4443,11.1200,20.0100,3.234547,1.797509,因子未变动
600409.SH,2005-07-01,0.1903,4.3400,5.3600,1.255573,1.016639,因子未变动
600409.SH,2006-05-31,0.2554,3.0900,4.1500,1.686287,1.255573,因子未变动
600409.SH,2008-06-11,0.3840,10.4100,16.9000,2.762389,1.701566,因子未变动
600409.SH,2012-09-28,0.3327,3.7300,5.5900,4.293461,2.864867,因子未变动
600410.SH,2005-05-18,0.2501,14.9300,19.9100,1.333557,1.000000,因子未变动
600410.SH,2006-04-21,0.3441,20.2400,30.8600,2.033279,1.333557,因子未变动
600410.SH,2007-04-20,0.4492,24.1400,43.8300,3.691740,2.033279,因子未变动
600410.SH,2008-05-08,0.1763,13.8300,16.7900,4.481873,3.691740,因子未变动
600410.SH,2009-05-08,0.1027,11.3600,12.6600,4.994764,4.481873,因子未变动
600410.SH,2010-06-04,0.1011,12.2700,13.6500,5.556522,4.994764,因子未变动
600410.SH,2012-06-12,0.1760,9.1300,11.0800,6.794966,5.599101,因子未变动
600410.SH,2016-05-11,0.2880,10.3100,14.4800,9.749576,6.941860,因子未变动
600415.SH,2008-09-08,0.4999,42.5400,85.0700,2.093461,1.046853,因子未变动
600415.SH,2009-05-27,0.5014,34.2800,68.7500,4.198525,2.093461,因子未变动
600415.SH,2010-04-27,0.5000,23.5300,47.0600,8.397049,4.198525,因子未变动
600415.SH,2011-06-24,0.5000,11.7200,23.4400,16.794097,8.397049,因子未变动
600415.SH,2015-05-12,0.5022,13.6800,27.4800,35.478380,17.661725,因子未变动
600415.SH,2024-01-02,0.0426,7.0081,7.3200,38.739419,38.447047,因子未变动
600416.SH,2010-08-31,0.1086,22.9000,25.6900,1.271721,1.133609,因子未变动
600416.SH,2011-06-13,0.5000,12.9100,25.8200,2.543442,1.271721,因子未变动
600418.SH,2004-10-28,0.4444,6.4000,11.5200,1.927748,1.070971,因子未变动
600418.SH,2005-12-14,0.3765,4.6200,7.4100,3.224080,2.010155,因子未变动
600418.SH,2007-07-05,0.1782,8.5800,10.4400,4.058283,3.335256,因子未变动
600419.SH,2018-05-28,0.5028,25.1200,50.5200,2.038693,1.013697,因子未变动
600419.SH,2020-01-14,0.1199,13.2900,15.1000,2.345409,2.064271,因子未变动
600420.SH,2005-06-15,0.3460,7.0300,10.7500,1.529161,1.000000,因子未变动
600420.SH,2006-05-25,0.5066,7.0600,14.3100,3.099475,1.529161,因子未变动
600420.SH,2008-04-11,0.1002,8.9800,9.9800,3.474870,3.126687,因子未变动
600420.SH,2017-05-25,0.5039,16.6600,33.5800,7.131605,3.538194,因子未变动
600420.SH,2024-01-02,0.0452,9.3474,9.7900,7.540664,7.473216,因子未变动
600421.SH,2005-07-20,0.1671,3.2900,3.9500,1.200608,1.000000,因子未变动
600421.SH,2006-06-30,0.1658,5.0800,6.0900,1.439311,1.200608,因子未变动
600422.SH,2004-07-21,0.3839,10.6100,17.2200,1.705202,1.050650,因子未变动
600422.SH,2005-04-18,0.5048,7.1500,14.4400,3.443793,1.705202,因子未变动
600422.SH,2016-05-09,0.5070,14.3600,29.1300,7.432932,3.664157,因子未变动
600422.SH,2024-01-02,0.0338,20.1555,20.8600,8.252230,8.182407,因子未变动
600423.SH,2004-06-21,0.2461,5.7600,7.6400,1.326389,1.000000,因子未变动
600423.SH,2008-04-10,0.1688,15.4100,18.5400,1.649791,1.371267,因子未变动
600423.SH,2010-05-26,0.3384,9.1100,13.7700,2.493702,1.649791,因子未变动
600425.SH,2008-07-15,0.3404,7.4400,11.2800,1.644349,1.084571,因子未变动
600425.SH,2010-08-31,0.1683,19.6700,23.6500,2.024483,1.683788,因子未变动
600425.SH,2013-06-04,0.5046,4.8800,9.8500,4.306537,2.133594,因子未变动
600425.SH,2024-01-02,0.0528,3.7416,3.9500,4.636300,4.539911,因子未变动
600426.SH,2005-03-22,0.3377,9.6900,14.6300,1.550766,1.027131,因子未变动
600426.SH,2007-11-05,0.3333,21.3200,31.9800,2.367536,1.578357,因子未变动
600426.SH,2011-08-12,0.3374,11.3100,17.0700,3.621144,2.399246,因子未变动
600426.SH,2016-06-23,0.2377,8.8500,11.6100,4.974842,3.792192,因子未变动
600426.SH,2017-06-08,0.2359,11.0100,14.4100,6.511124,4.974842,因子未变动
600426.SH,2021-05-21,0.2370,28.0700,36.7900,8.879465,6.774846,因子未变动
600426.SH,2024-01-02,0.0567,26.0268,27.5900,9.368273,9.125178,因子未变动
600428.SH,2004-07-14,0.2311,9.8500,12.8100,1.338241,1.029014,因子未变动
600428.SH,2005-05-16,0.3016,9.3800,13.4300,1.916053,1.338241,因子未变动
600428.SH,2008-09-23,0.5052,9.4500,19.1000,4.301401,2.128180,因子未变动
600428.SH,2024-01-02,0.0805,4.9286,5.3600,5.050328,4.932019,因子未变动
600429.SH,2022-05-26,0.0103,4.8100,4.8600,1.028674,1.000000,因子未变动
600429.SH,2024-01-02,0.0152,4.3921,4.4600,1.030565,1.028674,因子未变动
600433.SH,2010-04-26,0.2323,12.3900,16.1400,1.388500,1.065893,因子未变动
600433.SH,2011-04-13,0.1691,9.6800,11.6500,1.671077,1.388500,因子未变动
600433.SH,2012-05-30,0.2893,8.1300,11.4400,2.351429,1.671077,因子未变动
600433.SH,2013-04-22,0.5019,15.9300,31.9800,4.720571,2.351429,因子未变动
600433.SH,2024-01-02,0.0194,3.3928,3.4600,5.380595,5.026608,因子未变动
600435.SH,2006-06-16,0.3782,6.2300,10.0200,1.644975,1.022774,因子未变动
600435.SH,2009-02-24,0.4999,18.4200,36.8300,3.289057,1.644975,因子未变动
600435.SH,2010-03-17,0.3390,15.2900,23.1300,4.975532,3.289057,因子未变动
600435.SH,2016-06-27,0.5010,12.5000,25.0500,10.093038,5.036446,因子未变动
600436.SH,2015-06-04,0.6016,89.6000,224.8900,3.323307,1.324062,因子未变动
600436.SH,2016-05-24,0.3373,38.6900,58.3800,5.014594,3.323307,因子未变动
600436.SH,2024-01-02,0.0304,234.6250,241.9900,5.161911,5.139369,因子未变动
600438.SH,2006-05-22,0.5018,8.4800,17.0200,2.085564,1.039106,因子未变动
600438.SH,2007-05-22,0.5005,15.7500,31.5300,4.175101,2.085564,因子未变动
600438.SH,2016-05-19,0.5043,6.3300,12.7700,9.010223,4.466305,因子未变动
600438.SH,2024-01-02,0.0416,23.9885,25.0300,10.567950,9.756122,因子未变动
600439.SH,2004-05-21,0.1141,14.0600,15.8700,1.128734,1.000000,因子未变动
600439.SH,2005-05-20,0.2425,10.0600,13.2800,1.490019,1.128734,因子未变动
600439.SH,2006-06-19,0.1811,9.5400,11.6500,1.819572,1.490019,因子未变动
600439.SH,2007-04-12,0.2043,30.1900,37.9400,2.286670,1.819572,因子未变动
600439.SH,2008-04-11,0.5012,19.0800,38.2500,4.584126,2.286670,因子未变动
600439.SH,2009-05-26,0.2357,8.0100,10.4800,5.997708,4.584126,因子未变动
600439.SH,2010-04-16,0.1715,11.9300,14.4000,7.239479,5.997708,因子未变动
600439.SH,2012-06-04,0.1779,6.2400,7.5900,8.892298,7.310664,因子未变动
600439.SH,2017-06-09,0.1732,5.9200,7.1600,11.330706,9.368406,因子未变动
600444.SH,2008-06-11,0.3332,15.9700,23.9500,1.511057,1.007581,因子未变动
600444.SH,2024-01-02,0.0143,14.7848,15.0000,1.599815,1.000000,因子未变动
600446.SH,2006-08-24,0.5000,8.8500,17.7000,2.060753,1.030377,因子未变动
600446.SH,2011-09-23,0.4737,7.6000,14.4400,4.005235,2.108018,因子未变动
600446.SH,2015-09-17,0.6671,33.8100,101.5500,12.309072,4.098175,因子未变动
600448.SH,2006-06-29,0.2349,3.5500,4.6400,1.325944,1.014462,因子未变动
600448.SH,2020-06-11,0.1663,4.1600,4.9900,1.590495,1.325944,因子未变动
600449.SH,2006-08-15,0.1474,5.1500,6.0400,1.257172,1.071926,因子未变动
600449.SH,2012-05-21,0.5104,10.6300,21.7100,2.688712,1.316491,因子未变动
600452.SH,2018-07-05,0.2910,18.4400,26.0100,1.674384,1.187068,因子未变动
600452.SH,2019-06-19,0.2922,17.2700,24.4000,2.365662,1.674384,因子未变动
600452.SH,2020-06-23,0.2936,14.1200,19.9900,3.349121,2.365662,因子未变动
600452.SH,2021-05-27,0.2933,14.6000,20.6600,4.739235,3.349121,因子未变动
600452.SH,2022-06-28,0.1756,11.8300,14.3500,5.748776,4.739235,因子未变动
600452.SH,2023-07-11,0.1738,17.6900,21.4100,6.957677,5.748776,因子未变动
600452.SH,2024-01-02,0.3032,9.1975,13.2000,6.957677,5.748776,因子未变动
600456.SH,2006-09-20,0.4445,28.3900,51.1100,1.929230,1.071626,因子未变动
600456.SH,2024-01-02,0.0259,30.5781,31.3900,2.212908,2.178758,因子未变动
600458.SH,2004-03-03,0.5012,10.3800,20.8100,2.021293,1.008218,因子未变动
600458.SH,2006-06-26,0.1736,4.3800,5.3000,2.445857,2.021293,因子未变动
600458.SH,2011-04-19,0.5464,23.2700,51.3000,5.490829,2.490674,因子未变动
600458.SH,2024-01-02,0.0409,8.8332,9.2100,6.416741,6.345015,因子未变动
600459.SH,2008-05-08,0.2314,28.7600,37.4200,1.348980,1.036789,因子未变动
600459.SH,2011-05-13,0.2325,25.9800,33.8500,1.766683,1.355936,因子未变动
600459.SH,2014-06-19,0.2354,15.4300,20.1800,2.448204,1.871942,因子未变动
600459.SH,2018-06-01,0.2369,13.7900,18.0700,3.242580,2.474553,因子未变动
600459.SH,2021-06-21,0.2367,23.0900,30.2500,4.632182,3.535771,因子未变动
600459.SH,2024-01-02,0.0294,13.9374,14.3600,5.077254,5.021424,因子未变动
600460.SH,2004-04-26,0.5023,20.5200,41.2300,2.010500,1.000618,因子未变动
600460.SH,2006-04-28,0.5033,7.5600,15.2200,4.086143,2.029648,因子未变动
600460.SH,2012-06-11,0.5044,5.0700,10.2300,8.318670,4.122743,因子未变动
600460.SH,2014-05-21,0.2303,5.3800,6.9900,10.808086,8.318670,因子未变动
600461.SH,2011-06-02,0.3374,10.3700,15.6500,1.633909,1.082660,因子未变动
600461.SH,2016-09-27,0.4494,8.2200,14.9300,3.159731,1.739651,因子未变动
600461.SH,2024-01-02,0.0827,8.3844,9.1400,4.126777,3.913750,因子未变动
600463.SH,2008-05-12,0.4457,9.1300,16.4700,1.941858,1.076452,因子未变动
600467.SH,2006-09-15,0.5000,6.0000,12.0000,2.259186,1.129593,因子未变动
600467.SH,2007-09-11,0.3758,14.8500,23.7900,3.634917,2.268958,因子未变动
600467.SH,2016-06-03,0.5006,4.1500,8.3100,7.558387,3.774646,因子未变动
600468.SH,2004-08-16,0.3744,4.9800,7.9600,1.610848,1.007792,因子未变动
600468.SH,2006-05-30,0.3329,4.7500,7.1200,2.414576,1.610848,因子未变动
600468.SH,2007-05-28,0.1712,14.4300,17.4100,2.913220,2.414576,因子未变动
600468.SH,2010-04-19,0.1666,17.5600,21.0700,3.495532,2.913220,因子未变动
600468.SH,2011-09-21,0.1676,17.7300,21.3000,4.199370,3.495532,因子未变动
600468.SH,2017-06-14,0.3354,6.5000,9.7800,6.354875,4.223588,因子未变动
600468.SH,2019-06-28,0.2763,4.4800,6.1900,8.821475,6.384525,因子未变动
600469.SH,2016-06-28,0.3707,11.2400,17.8600,1.820440,1.145674,因子未变动
600469.SH,2024-01-02,0.0547,5.8327,6.1700,1.918096,1.903158,因子未变动
600470.SH,2011-06-16,0.3816,8.5400,13.8100,1.782664,1.102386,因子未变动
600475.SH,2005-07-05,0.3895,5.2500,8.6000,1.665829,1.016930,因子未变动
600475.SH,2021-06-01,0.2500,10.5000,14.0000,2.732069,2.049051,因子未变动
600475.SH,2022-05-30,0.2560,8.0200,10.7800,3.672282,2.732069,因子未变动
600475.SH,2024-01-02,0.0755,9.6148,10.4000,3.793536,3.672282,因子未变动
600476.SH,2007-06-14,0.1665,24.5800,29.4900,1.214444,1.012243,因子未变动
600476.SH,2008-05-22,0.2311,7.8200,10.1700,1.579398,1.214444,因子未变动
600477.SH,2004-04-26,0.5027,12.8500,25.8400,2.014917,1.002000,因子未变动
600477.SH,2005-04-15,0.3826,5.3900,8.7300,3.263492,2.014917,因子未变动
600477.SH,2009-07-01,0.2356,7.4300,9.7200,4.337189,3.315361,因子未变动
600477.SH,2010-07-14,0.1703,6.4300,7.7500,5.227560,4.337189,因子未变动
600477.SH,2011-07-06,0.1689,7.5300,9.0600,6.289734,5.227560,因子未变动
600477.SH,2015-06-04,0.2335,14.3800,18.7600,8.256700,6.328963,因子未变动
600477.SH,2016-06-13,0.2357,7.2300,9.4600,10.803372,8.256700,因子未变动
600477.SH,2017-07-03,0.2346,11.6800,15.2600,14.114681,10.803372,因子未变动
600477.SH,2018-05-23,0.2462,6.4000,8.4900,18.724004,14.114681,因子未变动
600477.SH,2019-06-11,0.1864,3.2300,3.9700,23.013715,18.724004,因子未变动
600477.SH,2024-01-02,0.0516,3.1202,3.2900,24.719606,24.540480,因子未变动
600478.SH,2008-08-19,0.4490,7.9900,14.5000,1.911860,1.053501,因子未变动
600478.SH,2014-07-08,0.3333,15.4200,23.1300,2.872827,1.915218,因子未变动
600478.SH,2015-05-18,0.4444,21.2700,38.2800,5.170278,2.872827,因子未变动
600478.SH,2016-05-30,0.3335,10.8700,16.3100,7.757795,5.170278,因子未变动
600479.SH,2005-04-26,0.3506,12.3900,19.0800,1.539952,1.000000,因子未变动
600479.SH,2006-04-24,0.3378,9.9000,14.9500,2.502460,1.657147,因子未变动
600479.SH,2007-05-28,0.1735,26.0600,31.5300,3.027727,2.502460,因子未变动
600479.SH,2008-04-25,0.1813,24.9300,30.4500,3.698126,3.027727,因子未变动
600479.SH,2009-05-25,0.1798,16.7900,20.4700,4.508674,3.698126,因子未变动
600479.SH,2010-06-09,0.2994,18.3200,26.1500,6.435689,4.508674,因子未变动
600479.SH,2018-06-15,0.1832,12.2200,14.9600,8.750042,7.147428,因子未变动
600479.SH,2021-06-25,0.1017,8.8300,9.8300,10.705843,9.616743,因子未变动
600479.SH,2023-06-30,0.0306,11.0800,11.4300,1.000000,11.343095,因子未变动
600479.SH,2024-01-02,0.0648,10.0724,10.7700,11.701405,1.000000,因子未变动
600480.SH,2005-06-17,0.2622,3.6300,4.9200,1.357891,1.001859,因子未变动
600480.SH,2020-07-16,0.2854,9.3900,13.1400,2.220513,1.586805,因子未变动
600480.SH,2024-01-02,0.2791,6.5675,9.1100,2.303751,2.272310,因子未变动
600481.SH,2007-08-27,0.5000,16.0300,32.0600,2.296931,1.148465,因子未变动
600481.SH,2010-04-21,0.1754,19.8800,24.1100,2.874153,2.369895,因子未变动
600481.SH,2015-09-09,0.5011,8.9600,17.9600,6.679487,3.332305,因子未变动
600482.SH,2008-03-24,0.5007,16.8300,33.7100,2.103404,1.050142,因子未变动
600482.SH,2024-01-02,0.0186,17.6746,18.0100,2.200520,2.195654,因子未变动
600483.SH,2006-06-09,0.3343,2.3500,3.5300,1.664542,1.108123,因子未变动
600483.SH,2023-07-04,0.2572,8.7200,11.7400,2.783812,2.067704,因子未变动
600483.SH,2024-01-02,0.0630,7.7490,8.2700,2.783812,2.067704,因子未变动
600486.SH,2010-05-20,0.2360,22.0400,28.8500,1.432041,1.094010,因子未变动
600486.SH,2014-04-24,0.3376,22.3300,33.7100,2.227223,1.475345,因子未变动
600486.SH,2015-07-07,0.1724,24.2000,29.2400,2.691074,2.227223,因子未变动
600486.SH,2023-07-17,0.2420,67.4500,88.9900,3.813780,2.890656,因子未变动
600486.SH,2024-01-02,0.0304,61.1988,63.1200,3.813780,2.890656,因子未变动
600487.SH,2014-05-26,0.3390,13.6500,20.6500,1.684181,1.113272,因子未变动
600487.SH,2015-09-24,0.6666,9.8200,29.4500,5.066002,1.689241,因子未变动
600487.SH,2018-06-29,0.2896,21.1200,29.7300,7.193637,5.110314,因子未变动
600487.SH,2024-01-02,0.0242,11.6506,11.9400,7.407094,7.366673,因子未变动
600488.SH,2002-04-11,0.2373,18.0600,23.6800,1.311185,1.000000,因子未变动
600488.SH,2003-04-17,0.2306,12.5800,16.3500,1.704123,1.311185,因子未变动
600488.SH,2006-05-26,0.4486,3.6500,6.6200,3.203404,1.766227,因子未变动
600488.SH,2013-03-13,0.3352,4.6800,7.0400,4.916918,3.268633,因子未变动
600488.SH,2024-01-02,0.0462,4.6736,4.9000,5.183205,5.173866,因子未变动
600489.SH,2009-06-05,0.5464,42.3200,93.3000,2.351933,1.066814,因子未变动
600489.SH,2010-07-12,0.4462,26.5700,47.9800,4.247110,2.351933,因子未变动
600489.SH,2011-06-09,0.2329,26.0800,34.0000,5.536877,4.247110,因子未变动
600489.SH,2012-08-21,0.3347,14.7500,22.1700,8.322208,5.536877,因子未变动
600489.SH,2024-01-02,0.0477,9.4851,9.9600,9.915593,9.664791,因子未变动
600490.SH,2006-06-15,0.1361,5.8400,6.7600,1.208778,1.044269,因子未变动
600490.SH,2007-05-31,0.3332,15.4700,23.2000,1.812776,1.208778,因子未变动
600490.SH,2012-09-27,0.6002,9.5800,23.9600,4.533831,1.812776,因子未变动
600490.SH,2013-06-06,0.3333,12.4000,18.6000,6.800747,4.533831,因子未变动
600490.SH,2014-06-09,0.4114,6.1100,10.3800,11.553478,6.800747,因子未变动
600491.SH,2004-10-15,0.3335,11.1100,16.6700,1.500450,1.000000,因子未变动
600491.SH,2005-05-18,0.3508,7.3100,11.2600,2.311227,1.500450,因子未变动
600491.SH,2006-06-13,0.3864,5.1600,8.4100,3.766941,2.311227,因子未变动
600491.SH,2011-05-26,0.5034,6.6000,13.2900,7.850131,3.898485,因子未变动
600493.SH,2011-05-27,0.3775,6.9600,11.1800,1.926495,1.199321,因子未变动
600493.SH,2024-01-02,0.0330,6.4985,6.7200,2.052650,1.000000,因子未变动
600495.SH,2010-07-02,0.4446,7.7700,13.9900,1.882290,1.045418,因子未变动
600495.SH,2014-08-04,0.3789,9.6400,15.5200,3.057091,1.898863,因子未变动
600495.SH,2015-07-09,0.4473,6.2400,11.2900,5.531178,3.057091,因子未变动
600496.SH,2006-06-08,0.3405,5.7900,8.7800,1.536090,1.012979,因子未变动
600496.SH,2008-06-20,0.3363,5.1700,7.7900,2.314533,1.536090,因子未变动
600496.SH,2011-04-13,0.3349,14.0200,21.0800,3.521109,2.341838,因子未变动
600496.SH,2015-05-22,0.5465,9.4200,20.7700,7.931449,3.597220,因子未变动
600496.SH,2024-01-02,0.0494,2.8994,3.0500,8.269287,8.182470,因子未变动
600497.SH,2007-04-12,0.5101,72.2300,147.4500,2.136887,1.046777,因子未变动
600497.SH,2008-04-21,0.5128,37.9600,77.9200,4.386360,2.136887,因子未变动
600497.SH,2009-12-09,0.1749,26.2700,31.8400,5.357041,4.419895,因子未变动
600497.SH,2011-06-17,0.2393,20.9500,27.5400,7.158864,5.445831,因子未变动
600497.SH,2016-09-19,0.5042,5.8900,11.8800,16.022627,7.943877,因子未变动
600497.SH,2023-06-30,0.0237,4.9400,5.0600,1.000000,17.494026,因子未变动
600497.SH,2024-01-02,0.0539,4.7779,5.0500,17.918983,1.000000,因子未变动
600498.SH,2013-05-22,0.5046,17.1800,34.6800,2.273404,1.126213,因子未变动
600498.SH,2024-01-02,0.0170,16.3577,16.6400,2.513266,2.498450,因子未变动
600499.SH,2003-06-13,0.4461,19.8800,35.8900,1.805332,1.000000,因子未变动
600499.SH,2006-06-12,0.3579,5.3100,8.2700,2.979993,1.913394,因子未变动
600499.SH,2008-08-14,0.5060,8.2900,16.7800,6.091661,3.009528,因子未变动
600499.SH,2009-06-08,0.2360,11.3600,14.8700,7.973856,6.091661,因子未变动
600499.SH,2010-03-09,0.2337,18.7200,24.4300,10.406052,7.973856,因子未变动
600499.SH,2016-07-25,0.5059,8.3500,16.9000,21.922027,10.831297,因子未变动
600500.SH,2002-09-16,0.3333,9.9000,14.8500,1.553059,1.035373,因子未变动
600500.SH,2004-04-26,0.3400,7.9200,12.0000,2.414271,1.593419,因子未变动
600500.SH,2005-05-09,0.3512,6.0400,9.3100,3.721336,2.414271,因子未变动
600500.SH,2019-07-08,0.2467,5.6500,7.5000,6.376038,4.803282,因子未变动
600501.SH,2002-08-05,0.4450,15.7800,28.4300,1.809050,1.004108,因子未变动
600501.SH,2005-06-30,0.3793,4.1900,6.7500,2.958452,1.836432,因子未变动
600501.SH,2011-07-15,0.1668,11.5900,13.9100,3.722918,3.101986,因子未变动
600502.SH,2004-04-16,0.2362,6.7900,8.8900,1.309278,1.000000,因子未变动
600502.SH,2008-05-07,0.2305,6.9100,8.9800,1.877062,1.444376,因子未变动
600502.SH,2011-06-03,0.3360,11.5600,17.4100,2.845834,1.889594,因子未变动
600502.SH,2013-05-31,0.3373,8.2900,12.5100,4.325821,2.866591,因子未变动
600502.SH,2016-06-02,0.4145,7.8400,13.3900,7.449738,4.361908,因子未变动
600502.SH,2018-06-21,0.1758,4.0800,4.9500,9.094215,7.495838,因子未变动
600502.SH,2024-01-02,0.1088,4.1442,4.6500,11.036964,10.551182,因子未变动
600503.SH,2011-04-14,0.2742,17.8400,24.5800,1.415336,1.027241,因子未变动
600503.SH,2011-08-29,0.3777,11.0900,17.8200,2.274236,1.415336,因子未变动
600505.SH,2003-07-07,0.4536,6.8900,12.6100,1.830189,1.000000,因子未变动
600505.SH,2007-03-08,0.1862,4.5900,5.6400,2.381551,1.938177,因子未变动
600507.SH,2005-05-30,0.5247,3.7600,7.9100,2.115083,1.005400,因子未变动
600507.SH,2005-09-28,0.2299,2.5800,3.3500,2.746328,2.115083,因子未变动
600507.SH,2010-10-14,0.4734,5.9400,11.2800,5.415576,2.851819,因子未变动
600507.SH,2013-03-11,0.1626,5.1500,6.1500,6.467144,5.415576,因子未变动
600507.SH,2018-04-04,0.0975,14.8100,16.4100,8.186349,7.388167,因子未变动
600507.SH,2019-05-08,0.1224,12.1900,13.8900,9.328005,8.186349,因子未变动
600507.SH,2020-04-09,0.3285,5.5400,8.2500,13.890982,9.328005,因子未变动
600507.SH,2021-06-03,0.1217,7.9400,9.0400,15.815425,13.890982,因子未变动
600507.SH,2022-06-15,0.1297,7.4500,8.5600,18.171817,15.815425,因子未变动
600507.SH,2024-01-02,0.0309,4.4677,4.6100,18.171817,15.815425,因子未变动
600508.SH,2006-04-05,0.4655,5.7300,10.7200,2.161035,1.155105,因子未变动
600508.SH,2024-01-02,0.0722,12.8591,13.8600,2.802593,2.665836,因子未变动
600509.SH,2003-06-26,0.3470,8.1300,12.4500,1.542511,1.007278,因子未变动
600509.SH,2007-12-13,0.1209,27.7100,31.5200,1.958895,1.722113,因子未变动
600509.SH,2008-05-12,0.5024,14.2300,28.6000,3.937063,1.958895,因子未变动
600509.SH,2024-01-02,0.0376,6.2652,6.5100,4.704848,4.698377,因子未变动
600510.SH,2004-04-02,0.5095,12.6600,25.8100,2.093775,1.027012,因子未变动
600510.SH,2005-05-20,0.3603,3.8700,6.0500,3.273214,2.093775,因子未变动
600511.SH,2008-06-25,0.4484,26.7600,48.5100,1.915465,1.056645,因子未变动
600511.SH,2009-06-03,0.5023,15.3400,30.8200,3.848411,1.915465,因子未变动
600511.SH,2024-01-02,0.0517,27.1413,28.6200,4.550983,4.458252,因子未变动
600512.SH,2006-07-06,0.5000,3.7300,7.4600,2.261610,1.130805,因子未变动
600512.SH,2010-06-09,0.5000,4.4900,8.9800,4.686561,2.343281,因子未变动
600512.SH,2024-01-02,0.0192,2.4324,2.4800,5.177153,5.143966,因子未变动
600513.SH,2008-05-30,0.3336,9.0700,13.6100,1.538159,1.025062,因子未变动
600513.SH,2010-06-04,0.2338,10.4200,13.6000,2.016653,1.545112,因子未变动
600513.SH,2012-06-28,0.2339,9.7300,12.7000,2.640783,2.023214,因子未变动
600513.SH,2016-07-06,0.2332,15.1600,19.7700,3.494841,2.679908,因子未变动
600513.SH,2017-05-19,0.2360,10.2300,13.3900,4.574381,3.494841,因子未变动
600513.SH,2024-01-02,0.0259,10.8510,11.1400,4.884988,4.813009,因子未变动
600515.SH,2003-06-16,0.3683,6.9300,10.9700,1.582973,1.000000,因子未变动
600515.SH,2007-04-13,0.1770,2.9300,3.5600,1.927730,1.586587,因子未变动
600515.SH,2021-12-22,0.3230,5.8700,8.6700,2.847260,1.927730,因子未变动
600516.SH,2007-01-25,0.5000,2.7200,5.4400,2.024752,1.012376,因子未变动
600516.SH,2009-07-14,0.5069,8.9200,18.0900,4.106253,2.024752,因子未变动
600516.SH,2013-03-19,0.1888,8.9800,11.0700,5.061939,4.106253,因子未变动
600516.SH,2019-06-28,0.3287,12.0700,17.9800,8.115357,5.447851,因子未变动
600516.SH,2020-06-04,0.2860,6.6400,9.3000,11.366388,8.115357,因子未变动
600516.SH,2024-01-02,0.0114,5.1801,5.2400,12.083057,11.366388,因子未变动
600517.SH,2005-06-10,0.5028,4.5200,9.0900,2.025145,1.007003,因子未变动
600517.SH,2006-04-11,0.2277,4.5800,5.9300,2.622076,2.025145,因子未变动
600517.SH,2008-04-24,0.5006,21.4700,42.9900,5.290849,2.642348,因子未变动
600517.SH,2009-06-09,0.3347,16.6800,25.0700,7.952133,5.290849,因子未变动
600517.SH,2014-06-26,0.4491,10.0200,18.1900,15.779566,8.692208,因子未变动
600517.SH,2023-06-30,0.0104,5.7300,5.7900,1.000000,17.235920,因子未变动
600517.SH,2024-01-02,0.0381,4.5883,4.7700,17.416399,1.000000,因子未变动
600518.SH,2004-05-20,0.3340,15.7900,23.7100,1.533413,1.021198,因子未变动
600518.SH,2006-05-18,0.3344,8.2200,12.3500,2.341785,1.558662,因子未变动
600518.SH,2007-05-08,0.5005,13.8700,27.7700,4.688635,2.341785,因子未变动
600518.SH,2008-03-04,0.3337,12.0400,18.0700,7.036847,4.688635,因子未变动
600518.SH,2009-04-22,0.5019,7.8800,15.8200,14.127273,7.036847,因子未变动
600518.SH,2011-01-06,0.1502,16.7500,19.7100,16.660930,14.158831,因子未变动
600518.SH,2015-06-16,0.5033,23.3500,47.0100,34.767795,17.269260,因子未变动
600519.SH,2002-07-25,0.1058,32.5500,36.4000,1.118280,1.000000,因子未变动
600519.SH,2003-07-14,0.0981,23.1800,25.7000,1.239853,1.118280,因子未变动
600519.SH,2004-07-01,0.2375,25.8100,33.8500,1.626076,1.239853,因子未变动
600519.SH,2005-08-05,0.1742,45.8400,55.5100,1.969098,1.626076,因子未变动
600519.SH,2006-05-25,0.5080,44.9700,91.4100,4.002563,1.969098,因子未变动
600519.SH,2011-07-01,0.1007,191.2100,212.6300,4.581578,4.120037,因子未变动
600519.SH,2014-06-25,0.1152,144.7200,163.5700,5.432624,4.806562,因子未变动
600519.SH,2015-07-17,0.1067,224.7400,251.5900,6.081667,5.432624,因子未变动
600519.SH,2023-06-30,0.0151,1687.8000,1713.7100,0.988591,6.785630,因子未变动
600520.SH,2003-06-16,0.4444,11.1000,19.9800,1.809132,1.005074,因子未变动
600521.SH,2004-04-30,0.4486,14.8500,26.9300,1.813468,1.000000,因子未变动
600521.SH,2005-04-22,0.2429,14.4600,19.1000,2.395383,1.813468,因子未变动
600521.SH,2008-05-13,0.2340,18.0000,23.5000,3.202426,2.452922,因子未变动
600521.SH,2010-05-04,0.3358,19.1100,28.7700,4.889718,3.247915,因子未变动
600521.SH,2011-05-10,0.1712,14.3300,17.2900,5.899737,4.889718,因子未变动
600521.SH,2013-04-17,0.2413,11.1000,14.6300,7.839802,5.948175,因子未变动
600521.SH,2016-06-06,0.2355,24.3800,31.8900,10.519868,8.042471,因子未变动
600521.SH,2018-05-25,0.1712,30.3000,36.5600,12.808557,10.615407,因子未变动
600521.SH,2020-06-08,0.0968,28.2700,31.3000,14.181388,12.808557,因子未变动
600522.SH,2006-06-19,0.2326,3.5300,4.6000,1.321855,1.014380,因子未变动
600522.SH,2012-05-10,0.4503,10.5600,19.2100,2.439457,1.341003,因子未变动
600522.SH,2016-06-30,0.6016,9.7100,24.3700,6.194475,2.468131,因子未变动
600522.SH,2024-01-02,0.0352,12.0501,12.4900,6.580145,1.000000,因子未变动
600523.SH,2018-05-16,0.2954,10.8300,15.3700,1.535953,1.082262,因子未变动
600523.SH,2024-01-02,0.0195,13.5015,13.7700,1.618224,1.604393,因子未变动
600525.SH,2006-05-11,0.0962,16.1600,17.8800,1.126327,1.017978,因子未变动
600525.SH,2008-04-01,0.2329,29.2500,38.1300,1.618821,1.241818,因子未变动
600525.SH,2009-08-27,0.1229,16.7000,19.0400,1.855105,1.627114,因子未变动
600525.SH,2010-04-29,0.5013,17.3800,34.8500,3.719817,1.855105,因子未变动
600525.SH,2011-05-10,0.5024,9.5100,19.1100,7.474837,3.719817,因子未变动
600525.SH,2016-06-20,0.1732,14.0300,16.9700,9.406041,7.776473,因子未变动
600526.SH,2004-06-16,0.2858,10.9200,15.2900,1.421724,1.015385,因子未变动
600526.SH,2014-05-27,0.5025,9.0800,18.2500,2.950895,1.468171,因子未变动
600526.SH,2024-01-02,0.0203,4.8396,4.9400,3.001244,2.986871,因子未变动
600527.SH,2005-04-11,0.4560,5.3800,9.8900,1.848107,1.005340,因子未变动
600527.SH,2006-09-07,0.3340,3.5300,5.3000,2.849103,1.897610,因子未变动
600527.SH,2008-05-19,0.3391,8.0300,12.1500,4.353676,2.877368,因子未变动
600527.SH,2012-06-13,0.5023,4.3100,8.6600,8.931463,4.445104,因子未变动
600527.SH,2018-04-16,0.3543,3.1900,4.9400,14.732318,9.513380,因子未变动
600527.SH,2020-06-01,0.1929,2.5100,3.1100,19.034074,15.361906,因子未变动
600528.SH,2006-05-17,0.3464,5.0200,7.6800,1.751082,1.144587,因子未变动
600528.SH,2008-05-26,0.3749,10.1700,16.2700,2.801386,1.751082,因子未变动
600529.SH,2003-05-22,0.3369,12.3600,18.6400,1.522067,1.009268,因子未变动
600529.SH,2004-04-05,0.3375,10.7200,16.1800,2.297299,1.522067,因子未变动
600529.SH,2005-06-07,0.1777,5.8300,7.0900,2.793800,2.297299,因子未变动
600529.SH,2018-07-10,0.2940,17.7900,25.2000,4.446257,3.138846,因子未变动
600529.SH,2019-06-20,0.2931,20.6900,29.2700,6.290089,4.446257,因子未变动
600529.SH,2022-07-08,0.0111,26.6600,26.9600,6.457508,1.009637,因子未变动
600529.SH,2024-01-02,0.0529,24.2455,25.6000,6.528888,6.457508,因子未变动
600530.SH,2004-05-13,0.1825,9.1800,11.2300,1.258091,1.028431,因子未变动
600530.SH,2008-07-30,0.2302,6.0200,7.8200,1.724275,1.327383,因子未变动
600530.SH,2016-06-28,0.6018,8.2300,20.6700,4.670543,1.859631,因子未变动
600531.SH,2003-11-05,0.4441,7.7600,13.9600,1.813571,1.008117,因子未变动
600531.SH,2010-12-22,0.1752,32.5400,39.4500,2.433189,2.006996,因子未变动
600531.SH,2016-03-17,0.6670,7.6000,22.8200,7.406525,2.466678,因子未变动
600531.SH,2024-01-02,0.0514,5.7389,6.0500,8.160941,8.001703,因子未变动
600533.SH,2005-04-26,0.3658,6.5700,10.3600,1.655229,1.049696,因子未变动
600533.SH,2006-09-13,0.3336,9.0500,13.5800,2.588913,1.725306,因子未变动
600533.SH,2008-09-23,0.5000,3.6500,7.3000,5.465368,2.732684,因子未变动
600535.SH,2003-06-03,0.3499,13.2300,20.3500,1.538171,1.000000,因子未变动
600535.SH,2007-05-30,0.3799,22.9200,36.9600,2.682424,1.663451,因子未变动
600535.SH,2013-05-22,0.5012,38.6800,77.5500,5.876207,2.930905,因子未变动
600535.SH,2018-06-05,0.2929,28.0100,39.6100,8.670931,6.131602,因子未变动
600535.SH,2024-01-02,0.0691,15.8431,17.0200,9.764407,9.551857,因子未变动
600536.SH,2003-05-30,0.1772,19.6400,23.8700,1.215377,1.000000,因子未变动
600536.SH,2005-07-04,0.3467,8.0100,12.2600,1.883199,1.230377,因子未变动
600536.SH,2014-05-21,0.5012,14.2800,28.6300,4.199925,2.094828,因子未变动
600536.SH,2022-06-14,0.2316,41.3800,53.8500,5.521224,4.242679,因子未变动
600536.SH,2023-06-02,0.2311,46.9200,61.0200,7.180415,5.521224,因子未变动
600537.SH,2004-06-09,0.3008,5.8100,8.3100,1.470057,1.027802,因子未变动
600537.SH,2016-05-30,0.5067,6.9600,14.1100,3.297919,1.626755,因子未变动
600538.SH,2005-05-27,0.4446,3.4100,6.1400,1.818153,1.009756,因子未变动
600538.SH,2006-06-07,0.2861,2.8200,3.9500,2.546704,1.818153,因子未变动
600540.SH,2004-07-08,0.1774,6.6300,8.0600,1.215686,1.000000,因子未变动
600540.SH,2008-03-07,0.1645,17.0200,20.3700,1.525999,1.275037,因子未变动
600540.SH,2011-06-23,0.2333,9.1700,11.9600,2.010832,1.541750,因子未变动
600540.SH,2015-11-13,0.2312,8.2800,10.7700,2.615539,2.010832,因子未变动
600543.SH,2009-07-10,0.4443,10.8300,19.4900,1.837152,1.020849,因子未变动
600545.SH,2008-05-22,0.4467,7.2700,13.1400,1.898665,1.050479,因子未变动
600545.SH,2009-06-16,0.3377,5.6100,8.4700,2.866612,1.898665,因子未变动
600546.SH,2006-06-29,0.3341,9.0700,13.6200,1.545372,1.029113,因子未变动
600546.SH,2006-09-21,0.4500,4.5100,8.2000,2.809767,1.545372,因子未变动
600546.SH,2013-08-05,0.5123,5.7400,11.7700,5.965297,2.909159,因子未变动
600546.SH,2023-05-05,0.1051,15.3300,17.1300,7.643680,6.840491,因子未变动
600547.SH,2008-05-21,0.5025,71.7900,144.2900,2.142849,1.066152,因子未变动
600547.SH,2009-04-27,0.5019,38.9200,78.1300,4.301664,2.142849,因子未变动
600547.SH,2010-05-17,0.5006,39.6700,79.4400,8.614172,4.301664,因子未变动
600547.SH,2019-08-20,0.2872,35.9600,50.4500,12.469325,8.887947,因子未变动
600547.SH,2020-08-19,0.2873,30.2900,42.5000,17.495752,12.469325,因子未变动
600547.SH,2024-01-02,0.0170,22.4802,22.8700,17.643826,17.595411,因子未变动
600548.SH,2024-01-02,0.0720,8.3424,8.9900,2.163041,2.060039,因子未变动
600549.SH,2004-06-24,0.5014,9.2300,18.5100,2.046851,1.020661,因子未变动
600549.SH,2006-04-20,0.5018,13.7600,27.6200,4.203794,2.094287,因子未变动
600549.SH,2008-06-02,0.2332,11.4100,14.8800,5.525828,4.237211,因子未变动
600549.SH,2015-05-11,0.2348,29.7500,38.8800,7.544552,5.772901,因子未变动
600549.SH,2018-06-19,0.2382,16.2800,21.3700,10.061008,7.664634,因子未变动
600549.SH,2024-01-02,0.0468,16.3753,17.1800,10.668523,10.471893,因子未变动
600550.SH,2002-05-17,0.3356,9.5800,14.4200,1.505219,1.000000,因子未变动
600550.SH,2007-06-25,0.5014,34.6600,69.5100,3.100195,1.545861,因子未变动
600550.SH,2008-06-03,0.3749,38.9800,62.3600,4.959676,3.100195,因子未变动
600551.SH,2009-05-19,0.5017,14.4300,28.9600,2.013842,1.003444,因子未变动
600551.SH,2011-05-13,0.1718,13.1600,15.8900,2.445011,2.024943,因子未变动
600551.SH,2024-01-02,0.3545,7.0295,10.8900,2.980112,2.918894,因子未变动
600552.SH,2004-06-04,0.2382,7.7700,10.2000,1.325208,1.009497,因子未变动
600552.SH,2013-05-23,0.3356,20.5700,30.9600,2.046928,1.359990,因子未变动
600552.SH,2014-04-28,0.3357,13.2000,19.8700,3.081246,2.046928,因子未变动
600552.SH,2017-06-16,0.5028,7.9500,15.9900,6.197375,3.081246,因子未变动
600556.SH,2003-05-22,0.2906,11.0600,15.5900,1.417984,1.005959,因子未变动
600556.SH,2006-03-14,0.4307,4.1500,7.2900,2.736680,1.557918,因子未变动
600556.SH,2013-02-08,0.2298,3.1500,4.0900,3.614394,2.783702,因子未变动
600557.SH,2004-04-30,0.4144,13.6200,23.2600,1.740964,1.019430,因子未变动
600557.SH,2008-05-07,0.3769,21.3800,34.3100,2.949317,1.837843,因子未变动
600557.SH,2009-05-11,0.1737,14.6500,17.7300,3.569378,2.949317,因子未变动
600557.SH,2010-08-20,0.2306,16.3200,21.2100,4.668027,3.591806,因子未变动
600557.SH,2014-06-27,0.1696,28.1000,33.8400,5.679736,4.716330,因子未变动
600557.SH,2016-06-24,0.1698,16.5800,19.9700,6.863310,5.698231,因子未变动
600558.SH,2013-06-06,0.3379,7.1900,10.8600,1.744734,1.155123,因子未变动
600558.SH,2014-07-31,0.2358,7.0000,9.1600,2.283109,1.744734,因子未变动
600558.SH,2015-07-24,0.3349,14.2600,21.4400,3.432669,2.283109,因子未变动
600558.SH,2016-06-20,0.3371,4.7200,7.1200,5.178095,3.432669,因子未变动
600558.SH,2024-01-02,0.0411,3.9026,4.0700,5.453543,5.411913,因子未变动
600559.SH,2016-06-24,0.6022,21.9300,55.1300,2.796119,1.112260,因子未变动
600559.SH,2018-06-05,0.2905,21.5400,30.3600,3.967275,2.814727,因子未变动
600559.SH,2019-06-06,0.2409,11.5300,15.1900,5.226618,3.967275,因子未变动
600559.SH,2024-01-02,0.0545,21.3203,22.5500,5.420556,5.361164,因子未变动
600560.SH,2004-05-31,0.2395,9.8100,12.9000,1.337410,1.017053,因子未变动
600560.SH,2011-05-16,0.3365,14.0000,21.1000,2.163022,1.435180,因子未变动
600560.SH,2012-05-16,0.3367,8.5700,12.9200,3.260938,2.163022,因子未变动
600561.SH,2004-10-21,0.5000,8.2000,16.4000,2.049097,1.024548,因子未变动
600561.SH,2006-04-26,0.1266,3.5200,4.0300,2.370384,2.070410,因子未变动
600562.SH,2014-07-16,0.5027,27.2600,54.8200,2.193806,1.090900,因子未变动
600562.SH,2016-03-17,0.4468,28.2300,51.0300,3.978622,2.200989,因子未变动
600562.SH,2018-06-28,0.2344,16.9500,22.1400,5.222618,3.998346,因子未变动
600562.SH,2024-01-02,0.0195,13.5707,13.8400,5.367802,5.323832,因子未变动
600563.SH,2005-05-26,0.3567,7.2500,11.2700,1.618419,1.041130,因子未变动
600563.SH,2024-01-02,0.0416,88.7493,92.6000,2.323614,2.295273,因子未变动
600566.SH,2010-05-18,0.2319,7.6500,9.9600,1.334185,1.024750,因子未变动
600566.SH,2024-01-02,0.1049,28.1343,31.4300,1.735927,1.683323,因子未变动
600567.SH,2006-04-20,0.2536,3.0900,4.1400,1.407218,1.050315,因子未变动
600567.SH,2012-05-07,0.5238,2.5000,5.2500,3.047947,1.451404,因子未变动
600568.SH,2004-07-08,0.3333,6.7800,10.1700,1.510563,1.007042,因子未变动
600568.SH,2006-08-10,0.1297,4.6300,5.3200,1.735680,1.510563,因子未变动
600568.SH,2012-11-12,0.5461,8.9200,19.6500,3.823555,1.735680,因子未变动
600568.SH,2017-07-13,0.6435,6.8300,19.1600,10.747742,3.831267,因子未变动
600569.SH,2004-06-15,0.3595,4.0800,6.3700,1.656294,1.060861,因子未变动
600570.SH,2005-06-01,0.3488,5.7500,8.8300,1.569206,1.021850,因子未变动
600570.SH,2006-06-01,0.2956,5.9100,8.3900,2.227688,1.569206,因子未变动
600570.SH,2007-04-23,0.2339,18.1800,23.7300,2.907757,2.227688,因子未变动
600570.SH,2008-05-28,0.3766,17.5800,28.2000,4.664321,2.907757,因子未变动
600570.SH,2009-04-23,0.3374,11.4700,17.3100,7.039180,4.664321,因子未变动
600570.SH,2010-05-10,0.2872,16.1800,22.7000,9.875735,7.039180,因子未变动
600570.SH,2019-05-15,0.2337,63.7200,83.1500,13.358247,10.236771,因子未变动
600570.SH,2020-06-05,0.2345,83.5200,109.1000,17.449531,13.358247,因子未变动
600570.SH,2021-07-16,0.2865,61.7200,86.5000,24.455355,17.449531,因子未变动
600570.SH,2022-08-18,0.2326,31.8100,41.4500,31.866538,24.455355,因子未变动
600571.SH,2004-06-08,0.3844,11.9300,19.3800,1.645083,1.012685,因子未变动
600571.SH,2005-06-09,0.3883,5.5600,9.0900,2.689532,1.645083,因子未变动
600571.SH,2006-06-16,0.2369,4.2200,5.5300,3.524435,2.689532,因子未变动
600571.SH,2016-07-01,0.5015,27.4800,55.1200,7.288559,3.633701,因子未变动
600572.SH,2008-04-15,0.4487,10.3100,18.7000,1.952873,1.076691,因子未变动
600572.SH,2011-04-25,0.5018,13.6400,27.3800,4.019931,2.002625,因子未变动
600572.SH,2015-07-07,0.4157,15.0100,25.6900,7.122778,4.161654,因子未变动
600572.SH,2016-06-15,0.3405,6.4300,9.7500,10.800480,7.122778,因子未变动
600572.SH,2024-01-02,0.0707,4.6932,5.0500,12.139318,11.877318,因子未变动
600575.SH,2007-06-22,0.3364,15.1700,22.8600,1.659311,1.101126,因子未变动
600575.SH,2008-05-22,0.4996,6.6300,13.2500,3.316120,1.659311,因子未变动
600575.SH,2011-06-16,0.5000,9.4100,18.8200,6.686676,3.343338,因子未变动
600575.SH,2013-04-19,0.5027,3.7100,7.4600,13.552837,6.740084,因子未变动
600575.SH,2024-01-02,0.0309,2.3355,2.4100,14.155185,13.552837,因子未变动
600576.SH,2007-01-25,0.1101,7.8400,8.8100,1.147482,1.021142,因子未变动
600576.SH,2015-09-28,0.5455,13.1300,28.8900,2.528026,1.148944,因子未变动
600577.SH,2003-10-20,0.4445,8.8600,15.9500,1.810656,1.005794,因子未变动
600577.SH,2006-08-31,0.1795,6.1700,7.5200,2.272446,1.864494,因子未变动
600577.SH,2008-05-14,0.4447,7.7300,13.9200,4.092167,2.272446,因子未变动
600577.SH,2012-04-11,0.5046,5.3900,10.8800,8.490804,4.206382,因子未变动
600577.SH,2015-06-11,0.5020,11.4200,22.9300,17.190371,8.561450,因子未变动
600577.SH,2024-01-02,0.0475,3.9434,4.1400,19.966600,19.422054,因子未变动
600578.SH,2011-07-14,0.1748,8.5900,10.4100,1.467441,1.210885,因子未变动
600578.SH,2013-10-23,0.5060,4.1100,8.3200,3.169467,1.565686,因子未变动
600578.SH,2024-01-02,0.0545,2.7987,2.9600,4.401930,4.253551,因子未变动
600579.SH,2002-12-03,0.1691,9.8300,11.8300,1.203459,1.000000,因子未变动
600579.SH,2006-11-02,0.1532,3.8700,4.5700,1.436639,1.216585,因子未变动
600580.SH,2003-04-04,0.3832,9.7400,15.7900,1.621150,1.000000,因子未变动
600580.SH,2006-04-12,0.1807,6.0300,7.3600,2.053238,1.682205,因子未变动
600580.SH,2007-05-29,0.0983,13.9500,15.4700,2.276960,2.053238,因子未变动
600580.SH,2010-03-02,0.2345,16.1300,21.0700,3.038377,2.326010,因子未变动
600580.SH,2011-06-22,0.3781,7.9100,12.7200,4.885987,3.038377,因子未变动
600580.SH,2024-01-02,0.1784,9.6368,11.7300,5.513751,5.452713,因子未变动
600581.SH,2003-05-27,0.1853,7.0800,8.6900,1.227401,1.000000,因子未变动
600581.SH,2004-05-31,0.1903,5.5300,6.8300,1.515940,1.227401,因子未变动
600581.SH,2008-05-15,0.2329,14.8900,19.4100,2.346529,1.800094,因子未变动
600581.SH,2018-04-20,0.4996,6.4200,12.8300,5.012546,2.508227,因子未变动
600582.SH,2003-05-27,0.2308,12.8300,16.6800,1.305308,1.004023,因子未变动
600582.SH,2004-06-01,0.3749,8.5200,13.6300,2.090540,1.306779,因子未变动
600582.SH,2005-08-23,0.2408,6.1800,8.1400,2.753559,2.090540,因子未变动
600582.SH,2007-07-05,0.3333,38.8800,58.3200,4.130338,2.753559,因子未变动
600582.SH,2008-04-14,0.5006,24.0700,48.2000,8.270973,4.130338,因子未变动
600582.SH,2010-07-12,0.3354,12.0100,18.0700,12.535482,8.331551,因子未变动
600582.SH,2012-07-16,0.1759,11.0100,13.3600,15.283656,12.595288,因子未变动
600582.SH,2015-12-14,0.4997,7.7100,15.4100,31.733812,15.877202,因子未变动
600582.SH,2024-01-02,0.0876,4.9634,5.4400,37.760258,36.382145,因子未变动
600583.SH,2003-10-15,0.0973,13.2700,14.7000,1.122186,1.013021,因子未变动
600583.SH,2004-05-17,0.1710,14.9800,18.0700,1.353665,1.122186,因子未变动
600583.SH,2005-05-12,0.1697,22.1200,26.6400,1.630273,1.353665,因子未变动
600583.SH,2006-05-15,0.5021,23.3800,46.9600,3.274491,1.630273,因子未变动
600583.SH,2007-06-04,0.1684,38.3100,46.0700,3.937766,3.274491,因子未变动
600583.SH,2008-04-14,0.5007,22.9600,45.9800,7.885822,3.937766,因子未变动
600583.SH,2009-05-26,0.3375,11.0900,16.7400,11.903396,7.885822,因子未变动
600583.SH,2010-05-07,0.1669,6.7400,8.0900,14.287606,11.903396,因子未变动
600583.SH,2024-01-02,0.0608,5.5790,5.9400,16.901427,16.626160,因子未变动
600584.SH,2004-05-24,0.3772,7.9900,12.8300,1.605757,1.000000,因子未变动
600584.SH,2008-04-29,0.5028,7.9100,15.9100,3.287688,1.634545,因子未变动
600585.SH,2010-06-21,0.5051,16.9200,34.1900,2.151781,1.064876,因子未变动
600585.SH,2011-06-16,0.3387,24.6000,37.2000,3.253912,2.151781,因子未变动
600585.SH,2024-01-02,0.0791,20.7758,22.5600,4.969376,4.689518,因子未变动
600586.SH,2003-06-19,0.2429,14.5900,19.2700,1.320768,1.000000,因子未变动
600586.SH,2005-06-29,0.3413,5.5000,8.3500,2.005165,1.320768,因子未变动
600586.SH,2006-07-12,0.1532,5.9700,7.0500,2.367909,2.005165,因子未变动
600586.SH,2008-04-29,0.5007,13.4400,26.9200,4.742865,2.367909,因子未变动
600586.SH,2011-06-03,0.4997,7.2500,14.4900,9.535334,4.770957,因子未变动
600586.SH,2024-01-02,0.0176,6.5622,6.6800,10.524576,10.484252,因子未变动
600587.SH,2003-06-30,0.2878,12.6700,17.7900,1.404104,1.000000,因子未变动
600587.SH,2008-06-24,0.2304,7.4500,9.6800,1.824393,1.404104,因子未变动
600587.SH,2012-04-23,0.1035,25.4600,28.4000,2.060890,1.847544,因子未变动
600587.SH,2014-07-21,0.5008,32.4200,64.9500,4.155669,2.074315,因子未变动
600587.SH,2024-01-02,0.2708,18.8072,25.7900,4.310603,4.292050,因子未变动
600588.SH,2003-07-04,0.1763,42.3200,51.3800,1.228417,1.011806,因子未变动
600588.SH,2004-05-20,0.1769,25.4500,30.9200,1.492442,1.228417,因子未变动
600588.SH,2005-05-23,0.1814,14.8900,18.1900,1.823205,1.492442,因子未变动
600588.SH,2006-05-18,0.2474,22.8100,30.3100,2.422681,1.823205,因子未变动
600588.SH,2008-04-11,0.5085,28.5000,57.9900,5.003417,2.459000,因子未变动
600588.SH,2009-04-29,0.2396,19.6500,25.8400,6.579557,5.003417,因子未变动
600588.SH,2010-04-30,0.2443,25.6400,33.9300,8.706879,6.579557,因子未变动
600588.SH,2012-04-19,0.1830,16.8300,20.6000,10.774727,8.802846,因子未变动
600588.SH,2014-04-23,0.1799,15.3200,18.6800,13.420083,11.006192,因子未变动
600588.SH,2015-04-30,0.1720,38.4600,46.4500,16.208083,13.420083,因子未变动
600588.SH,2018-05-02,0.2339,28.1700,36.7700,21.476639,16.453547,因子未变动
600588.SH,2019-05-07,0.2376,21.6600,28.4100,28.169498,21.476639,因子未变动
600588.SH,2020-05-19,0.2348,37.6500,49.2000,36.811139,28.169498,因子未变动
600589.SH,2004-06-10,0.1864,8.5100,10.4600,1.259584,1.024766,因子未变动
600589.SH,2007-06-06,0.3350,13.3000,20.0000,1.994736,1.326499,因子未变动
600589.SH,2008-05-14,0.3360,7.6100,11.4600,3.003899,1.994736,因子未变动
600589.SH,2023-12-29,0.2083,3.0400,3.8400,4.000123,3.166764,因子未变动
600590.SH,2004-05-24,0.3358,9.1600,13.7900,1.517599,1.008065,因子未变动
600590.SH,2008-05-06,0.3381,9.7300,14.7000,2.335889,1.546136,因子未变动
600590.SH,2009-08-07,0.1063,12.5300,14.0200,2.625246,2.346243,因子未变动
600590.SH,2010-05-20,0.1718,13.0600,15.7700,3.169994,2.625246,因子未变动
600590.SH,2018-06-27,0.2405,6.5700,8.6500,4.394956,3.338134,因子未变动
600592.SH,2008-05-23,0.5087,10.4500,21.2700,2.274516,1.117475,因子未变动
600593.SH,2018-05-31,0.2857,21.4000,29.9600,1.433291,1.023779,因子未变动
600594.SH,2005-06-09,0.1742,11.7600,14.2400,1.210884,1.000000,因子未变动
600594.SH,2006-06-05,0.3372,12.6400,19.0700,1.826864,1.210884,因子未变动
600594.SH,2007-09-17,0.3335,15.3500,23.0300,2.740891,1.826864,因子未变动
600594.SH,2008-07-03,0.2433,6.7500,8.9200,3.622037,2.740891,因子未变动
600594.SH,2010-10-15,0.3342,15.3800,23.1000,5.468192,3.640727,因子未变动
600594.SH,2015-07-16,0.5011,26.9000,53.9200,11.106978,5.541130,因子未变动
600595.SH,2003-05-28,0.2425,10.0600,13.2800,1.320080,1.000000,因子未变动
600595.SH,2004-06-21,0.2486,6.5300,8.6900,1.756737,1.320080,因子未变动
600595.SH,2007-09-11,0.5000,34.0800,68.1600,3.545172,1.772586,因子未变动
600595.SH,2010-03-18,0.4458,13.5500,24.4500,6.467156,3.584047,因子未变动
600595.SH,2011-01-19,0.1024,11.8400,13.1900,7.204543,6.467156,因子未变动
600596.SH,2004-06-01,0.4182,6.0100,10.3300,1.756957,1.022199,因子未变动
600596.SH,2006-04-11,0.2051,10.5000,13.2100,2.293832,1.823258,因子未变动
600596.SH,2010-04-30,0.5504,16.7300,37.2100,5.512679,2.478557,因子未变动
600596.SH,2022-04-27,0.3006,16.7300,23.9200,9.373446,6.555926,因子未变动
600596.SH,2024-01-02,0.0235,8.9053,9.1200,10.014877,9.373446,因子未变动
600597.SH,2004-06-11,0.3844,7.8300,12.7200,1.646317,1.013417,因子未变动
600597.SH,2024-01-02,0.0449,8.3382,8.7300,2.045210,2.030562,因子未变动
600598.SH,2005-06-23,0.1747,4.1100,4.9800,1.282743,1.058649,因子未变动
600598.SH,2024-01-02,0.0685,11.1496,11.9700,2.023666,1.961942,因子未变动
600599.SH,2002-07-12,0.4467,20.0300,36.2000,1.807289,1.000000,因子未变动
600600.SH,2024-01-02,0.0585,70.3756,74.7500,1.467424,1.442150,因子未变动
600601.SH,2001-07-06,0.5000,16.9000,33.8000,1408.748327,704.374164,因子未变动
600601.SH,2003-07-09,0.1301,11.1000,12.7600,1619.433198,1408.748327,因子未变动
600601.SH,2004-07-15,0.4994,4.5300,9.0500,3235.303633,1619.433198,因子未变动
600601.SH,2007-07-05,0.2817,8.1100,11.2900,4967.956679,3568.624652,因子未变动
600601.SH,2010-07-12,0.1196,4.0500,4.6000,5680.849855,5001.500450,因子未变动
600601.SH,2022-12-23,0.1010,2.5800,2.8700,6464.541987,5811.588307,因子未变动
600602.SH,2000-06-23,0.0962,15.5000,17.1500,293.175175,264.969449,因子未变动
600602.SH,2006-06-07,0.1340,3.6200,4.1800,383.034630,331.718968,因子未变动
600603.SH,2000-07-07,0.1669,14.4800,17.3800,76.747267,63.941317,因子未变动
600603.SH,2017-09-27,0.2854,9.1400,12.7900,107.395813,76.747267,因子未变动
600603.SH,2018-05-24,0.2855,5.1800,7.2500,150.312650,107.395813,因子未变动
600604.SH,2017-05-26,0.5004,6.7300,13.4700,38.751399,19.361320,因子未变动
600605.SH,2021-05-17,0.2920,8.7300,12.3300,17.884314,12.662618,因子未变动
600605.SH,2024-01-02,0.0264,27.0358,27.7700,18.225473,18.096944,因子未变动
600606.SH,2000-04-11,0.4737,26.3100,49.9900,20.890203,10.994623,因子未变动
600606.SH,2002-08-06,0.1294,10.7000,12.2900,24.173736,21.046296,因子未变动
600606.SH,2005-07-29,0.1122,3.6400,4.1000,28.145253,24.987494,因子未变动
600606.SH,2006-07-13,0.1062,5.0500,5.6500,31.489240,28.145253,因子未变动
600606.SH,2007-05-17,0.1305,14.5200,16.7000,36.216964,31.489240,因子未变动
600606.SH,2008-07-09,0.0968,6.7200,7.4400,40.097356,36.216964,因子未变动
600606.SH,2010-05-06,0.0967,7.6600,8.4800,44.841803,40.505673,因子未变动
600606.SH,2011-05-12,0.1354,7.0900,8.2000,51.862163,44.841803,因子未变动
600608.SH,2004-08-03,0.2856,6.8800,9.6300,37.585705,26.852508,因子未变动
600608.SH,2007-06-28,0.2319,8.6100,11.2100,48.935626,37.585705,因子未变动
600610.SH,2014-11-17,0.6665,8.6600,25.9700,51.525675,17.181841,因子未变动
600611.SH,2006-08-31,0.2599,5.4400,7.3500,147.040011,108.829560,因子未变动
600611.SH,2007-04-30,0.2308,19.8600,25.8200,191.166575,147.040011,因子未变动
600611.SH,2008-04-30,0.3335,10.7900,16.1900,286.838693,191.166575,因子未变动
600611.SH,2016-06-13,0.3394,7.6100,11.5200,470.754384,310.975249,因子未变动
600612.SH,2007-07-02,0.0963,16.0500,17.7600,48.545174,43.871059,因子未变动
600612.SH,2011-07-11,0.2308,29.0000,37.7000,65.118199,50.090915,因子未变动
600612.SH,2012-08-06,0.1702,18.7200,22.5600,78.475750,65.118199,因子未变动
600612.SH,2024-01-02,0.0716,64.0606,69.0000,104.646077,102.281072,因子未变动
600613.SH,2015-07-06,0.1695,17.3000,20.8300,22.503739,18.690097,因子未变动
600613.SH,2024-01-02,0.0397,7.3079,7.6100,23.517371,23.153320,因子未变动
600615.SH,2007-03-01,0.2000,5.7600,7.2000,42.086887,33.669512,因子未变动
600615.SH,2024-01-02,0.1674,10.0827,12.1100,42.086887,42.086887,因子未变动
600616.SH,2000-07-12,0.1227,14.0800,16.0500,52.712368,46.242368,因子未变动
600616.SH,2002-10-23,0.3335,11.4500,17.1800,80.508686,53.656848,因子未变动
600616.SH,2004-04-12,0.3747,9.4300,15.0800,130.223085,81.432562,因子未变动
600616.SH,2006-05-24,0.1725,11.9000,14.3800,160.426349,132.758930,因子未变动
600616.SH,2010-06-10,0.1666,12.6100,15.1300,195.866818,163.243984,因子未变动
600616.SH,2020-07-10,0.2345,5.0600,6.6100,274.449317,210.092861,因子未变动
600616.SH,2024-01-02,0.0187,6.1427,6.2600,277.675963,276.588447,因子未变动
600617.SH,2015-04-20,0.4116,20.4100,34.6900,32.245333,18.971671,因子未变动
600617.SH,2024-01-02,0.3125,2.6538,3.8600,33.101490,32.960636,因子未变动
600619.SH,2004-06-16,0.1664,9.5700,11.4800,25.513862,21.268957,因子未变动
600619.SH,2008-07-14,0.1664,6.2600,7.5100,32.545451,27.128429,因子未变动
600619.SH,2010-07-12,0.1028,7.1600,7.9800,36.272717,32.545451,因子未变动
600620.SH,2003-06-24,0.1698,8.3600,10.0700,139.517493,115.825867,因子未变动
600620.SH,2011-06-09,0.2303,5.8500,7.6000,203.297485,156.485707,因子未变动
600620.SH,2016-06-29,0.3351,10.2200,15.3700,313.812127,208.663718,因子未变动
600621.SH,2001-05-14,0.2309,13.8600,18.0200,158.315272,121.767529,因子未变动
600622.SH,2008-07-01,0.2372,5.0500,6.6200,65.677261,50.101230,因子未变动
600622.SH,2017-06-30,0.2387,15.8500,20.8200,101.579562,77.331267,因子未变动
600622.SH,2018-06-15,0.2457,8.2900,10.9900,134.663449,101.579562,因子未变动
600622.SH,2019-06-18,0.2500,4.8600,6.4800,179.551265,134.663449,因子未变动
600623.SH,2022-07-06,0.0495,8.0700,8.4900,17.881641,1.007273,因子未变动
600623.SH,2024-01-02,0.0432,6.1618,6.4400,18.440444,17.881641,因子未变动
600624.SH,2000-07-12,0.2308,13.4000,17.4200,6.649675,5.115135,因子未变动
600624.SH,2006-05-17,0.2361,3.8500,5.0400,8.731797,6.670123,因子未变动
600624.SH,2015-07-23,0.2322,13.6600,17.7900,11.663447,8.955743,因子未变动
600624.SH,2016-07-19,0.2324,10.0400,13.0800,15.195007,11.663447,因子未变动
600626.SH,2000-07-21,0.0982,11.3000,12.5300,2.559493,2.308242,因子未变动
600626.SH,2005-06-14,0.3027,3.1100,4.4600,4.226733,2.947341,因子未变动
600626.SH,2011-06-03,0.3417,5.2200,7.9300,7.161312,4.714004,因子未变动
600628.SH,2000-05-10,0.1114,11.8000,13.2800,13.215850,11.742999,因子未变动
600628.SH,2001-08-10,0.1731,10.9400,13.2300,15.982241,13.215850,因子未变动
600628.SH,2002-08-21,0.1707,9.3300,11.2500,19.271191,15.982241,因子未变动
600628.SH,2005-08-09,0.2312,6.1500,8.0000,26.560093,20.418072,因子未变动
600628.SH,2006-08-29,0.1300,6.9600,8.0000,30.528842,26.560093,因子未变动
600629.SH,2011-07-26,0.1668,10.4400,12.5300,4.486089,3.737811,因子未变动
600629.SH,2019-06-26,0.1789,9.9600,12.1300,5.533049,4.543213,因子未变动
600629.SH,2021-07-13,0.1726,6.0400,7.3000,6.776064,5.606496,因子未变动
600629.SH,2022-07-25,0.1812,5.8300,7.1200,8.275399,6.776064,因子未变动
600629.SH,2024-01-02,0.0438,4.9341,5.1600,8.295173,8.275399,因子未变动
600633.SH,2000-01-07,0.0494,7.1200,7.4900,2.302322,2.302322,因子未变动
600633.SH,2000-01-10,0.0254,7.3000,7.4900,2.302322,2.302322,因子未变动
600633.SH,2000-01-17,0.0493,6.9400,7.3000,2.302322,2.302322,因子未变动
600633.SH,2000-01-24,0.0418,6.6500,6.9400,2.302322,2.302322,因子未变动
600633.SH,2000-02-14,0.0496,6.3200,6.6500,2.302322,2.302322,因子未变动
600633.SH,2000-02-21,0.0506,6.0000,6.3200,2.302322,2.302322,因子未变动
600633.SH,2000-02-28,0.0500,5.7000,6.0000,2.302322,2.302322,因子未变动
600633.SH,2000-03-06,0.0509,5.9900,5.7000,2.302322,2.302322,因子未变动
600633.SH,2000-03-13,0.0501,6.2900,5.9900,2.302322,2.302322,因子未变动
600633.SH,2000-03-20,0.0461,6.5800,6.2900,2.302322,2.302322,因子未变动
600633.SH,2000-03-27,0.0502,6.9100,6.5800,2.302322,2.302322,因子未变动
600633.SH,2000-04-03,0.0507,7.2600,6.9100,2.302322,2.302322,因子未变动
600633.SH,2000-04-10,0.0496,7.6200,7.2600,2.302322,2.302322,因子未变动
600633.SH,2000-04-17,0.0499,8.0000,7.6200,2.302322,2.302322,因子未变动
600633.SH,2000-04-24,0.0500,8.4000,8.0000,2.302322,2.302322,因子未变动
600633.SH,2000-05-08,0.0500,7.9800,8.4000,2.302322,2.302322,因子未变动
600633.SH,2000-05-15,0.0501,7.5800,7.9800,2.302322,2.302322,因子未变动
600633.SH,2000-05-22,0.0501,7.2000,7.5800,2.302322,2.302322,因子未变动
600633.SH,2000-05-29,0.0500,6.8400,7.2000,2.302322,2.302322,因子未变动
600633.SH,2000-06-05,0.0497,6.5000,6.8400,2.302322,2.302322,因子未变动
600633.SH,2000-06-12,0.0308,6.3000,6.5000,2.302322,2.302322,因子未变动
600633.SH,2000-06-19,0.0508,6.6200,6.3000,2.302322,2.302322,因子未变动
600633.SH,2000-06-26,0.1692,5.5000,6.6200,2.302322,2.302322,因子未变动
600633.SH,2000-07-03,0.0255,5.3600,5.5000,2.302322,2.302322,因子未变动
600633.SH,2000-07-10,0.0504,5.6300,5.3600,2.302322,2.302322,因子未变动
600633.SH,2000-07-17,0.0497,5.9100,5.6300,2.302322,2.302322,因子未变动
600633.SH,2000-07-24,0.0491,6.2000,5.9100,2.302322,2.302322,因子未变动
600633.SH,2000-07-31,0.0500,6.5100,6.2000,2.302322,2.302322,因子未变动
600633.SH,2000-08-07,0.0415,6.7800,6.5100,2.302322,2.302322,因子未变动
600633.SH,2000-08-14,0.0413,6.5000,6.7800,2.302322,2.302322,因子未变动
600633.SH,2000-08-21,0.0123,6.5800,6.5000,2.302322,2.302322,因子未变动
600633.SH,2000-09-04,0.0122,6.5000,6.5800,2.302322,2.302322,因子未变动
600633.SH,2000-09-25,0.0185,6.3800,6.5000,2.302322,2.302322,因子未变动
600633.SH,2000-10-16,0.0502,6.7000,6.3800,2.302322,2.302322,因子未变动
600633.SH,2000-10-23,0.0493,7.0300,6.7000,2.302322,2.302322,因子未变动
600633.SH,2000-10-30,0.0455,7.3500,7.0300,2.302322,2.302322,因子未变动
600633.SH,2000-11-06,0.0476,7.0000,7.3500,2.302322,2.302322,因子未变动
600633.SH,2000-11-20,0.0500,7.3500,7.0000,2.302322,2.302322,因子未变动
600633.SH,2000-11-27,0.0503,7.7200,7.3500,2.302322,2.302322,因子未变动
600633.SH,2000-12-04,0.0479,8.0900,7.7200,2.302322,2.302322,因子未变动
600633.SH,2000-12-11,0.0124,7.9900,8.0900,2.302322,2.302322,因子未变动
600633.SH,2000-12-18,0.0113,7.9000,7.9900,2.302322,2.302322,因子未变动
600633.SH,2000-12-25,0.0354,8.1800,7.9000,2.302322,2.302322,因子未变动
600633.SH,2001-01-08,0.0244,8.0000,8.2000,2.302322,2.302322,因子未变动
600633.SH,2001-01-15,0.0262,7.7900,8.0000,2.302322,2.302322,因子未变动
600633.SH,2001-02-05,0.0372,7.5000,7.7900,2.302322,2.302322,因子未变动
600633.SH,2001-02-12,0.0800,6.9000,7.5000,2.302322,2.302322,因子未变动
600633.SH,2001-02-19,0.1449,5.9000,6.9000,2.302322,2.302322,因子未变动
600633.SH,2001-02-26,0.2051,4.6900,5.9000,2.302322,2.302322,因子未变动
600633.SH,2001-03-05,0.0490,4.9200,4.6900,2.302322,2.302322,因子未变动
600633.SH,2001-03-12,0.0508,5.1700,4.9200,2.302322,2.302322,因子未变动
600633.SH,2001-03-19,0.0503,5.4300,5.1700,2.302322,2.302322,因子未变动
600633.SH,2001-03-26,0.0773,5.0100,5.4300,2.302322,2.302322,因子未变动
600633.SH,2001-04-02,0.0479,5.2500,5.0100,2.302322,2.302322,因子未变动
600633.SH,2001-04-16,0.0212,5.3100,5.2000,2.302322,2.302322,因子未变动
600633.SH,2001-07-02,0.0508,5.5800,5.3100,2.302322,2.302322,因子未变动
600633.SH,2007-04-23,0.0361,12.9000,12.4500,2.330574,2.330574,因子未变动
600633.SH,2007-04-26,0.0255,13.3900,13.7400,2.330574,2.330574,因子未变动
600633.SH,2007-04-30,0.0374,14.4400,13.9200,2.330574,2.330574,因子未变动
600633.SH,2007-05-10,0.0375,14.6100,15.1800,2.330574,2.330574,因子未变动
600633.SH,2014-05-20,0.5068,12.7400,25.8300,4.775167,2.355232,因子未变动
600633.SH,2024-01-02,0.0408,10.6093,11.0600,6.036299,6.000844,因子未变动
600635.SH,2005-08-26,0.2306,2.9700,3.8600,31.330451,24.106592,因子未变动
600635.SH,2006-04-17,0.2299,2.6800,3.4800,40.682820,31.330451,因子未变动
600635.SH,2007-06-25,0.2594,13.9600,18.8500,55.405683,41.032543,因子未变动
600635.SH,2008-05-14,0.1665,13.8700,16.6400,66.470844,55.405683,因子未变动
600635.SH,2015-05-27,0.3344,14.8500,22.3100,116.347932,77.443617,因子未变动
600636.SH,2002-01-16,0.1306,16.0400,18.4500,3.211344,2.791868,因子未变动
600636.SH,2002-05-10,0.1581,14.1100,16.7600,3.814467,3.211344,因子未变动
600636.SH,2002-11-11,0.1667,11.5500,13.8600,4.577361,3.814467,因子未变动
600636.SH,2004-04-29,0.2391,6.8100,8.9500,6.078302,4.624942,因子未变动
600636.SH,2006-06-12,0.2385,7.7600,10.1900,8.035618,6.119371,因子未变动
600637.SH,2002-07-02,0.0968,13.5300,14.9800,2.235866,2.019444,因子未变动
600637.SH,2018-08-13,0.2505,10.3500,13.8100,3.786479,2.837803,因子未变动
600637.SH,2024-01-02,0.0589,7.0768,7.5200,4.363876,4.293140,因子未变动
600638.SH,2018-07-12,0.1925,9.0600,11.2200,11.264278,9.095754,因子未变动
600639.SH,2005-07-11,0.1007,4.0200,4.4700,3.471650,3.122155,因子未变动
600639.SH,2010-08-13,0.0995,10.1400,11.2600,3.991432,3.594416,因子未变动
600639.SH,2024-01-02,0.0834,9.2672,10.1100,5.054500,4.853286,因子未变动
600641.SH,2000-05-17,0.2858,20.0700,28.1000,6.019155,4.299091,因子未变动
600641.SH,2009-06-08,0.4577,10.3800,19.1400,12.871931,6.980702,因子未变动
600641.SH,2020-07-27,0.1584,20.9800,24.9300,17.931318,15.090215,因子未变动
600642.SH,2004-06-14,0.3495,8.1900,12.5900,2.989831,1.944934,因子未变动
600642.SH,2011-06-24,0.3425,5.0100,7.6200,5.266930,3.462903,因子未变动
600642.SH,2024-01-02,0.0924,5.8270,6.4200,7.870102,7.678440,因子未变动
600643.SH,2000-07-04,0.0984,11.3600,12.6000,2.754449,2.483376,因子未变动
600643.SH,2008-01-29,0.2702,20.7200,28.3900,3.881045,2.832520,因子未变动
600643.SH,2008-07-22,0.2306,11.2800,14.6600,5.043982,3.881045,因子未变动
600643.SH,2015-06-18,0.2309,20.7800,27.0200,6.598343,5.074521,因子未变动
600644.SH,2000-10-26,0.3762,15.0200,24.0800,6.225594,3.883240,因子未变动
600644.SH,2007-01-05,0.2364,4.2000,5.5000,8.635415,6.594317,因子未变动
600645.SH,2001-08-10,0.3752,14.9900,23.9900,10.680731,6.673788,因子未变动
600645.SH,2007-01-25,0.2311,3.3600,4.3700,13.891308,10.680731,因子未变动
600648.SH,2024-01-02,0.0760,9.1104,9.8600,5.417995,5.263061,因子未变动
600649.SH,2000-08-28,0.0995,9.9600,11.0600,6.950983,6.259656,因子未变动
600649.SH,2012-07-23,0.2362,5.4000,7.0700,10.442394,7.975803,因子未变动
600650.SH,2024-01-02,0.0124,9.4510,9.5700,3.444294,3.345203,因子未变动
600651.SH,2001-02-12,0.1853,33.8900,41.6000,1502.471566,1224.005190,因子未变动
600651.SH,2001-06-11,0.2309,27.5200,35.7800,1953.430223,1502.471566,因子未变动
600651.SH,2001-09-05,0.4116,16.2800,27.6700,3320.053121,1953.430223,因子未变动
600651.SH,2005-07-18,0.1789,5.4600,6.6500,4090.146836,3358.183894,因子未变动
600651.SH,2012-07-02,0.1700,5.8600,7.0600,5981.218972,4964.750273,因子未变动
600653.SH,2000-03-08,0.3331,11.0100,16.5100,4012.841091,2676.014879,因子未变动
600653.SH,2001-05-17,0.1885,9.4700,11.6700,4989.770970,4049.074786,因子未变动
600653.SH,2002-07-01,0.4444,4.4000,7.9200,8981.498114,4989.770970,因子未变动
600653.SH,2009-07-22,0.1657,4.2800,5.1300,10765.421466,8981.498114,因子未变动
600654.SH,2004-07-23,0.2311,3.8600,5.0200,1059.243488,814.478164,因子未变动
600654.SH,2005-08-16,0.1649,2.4300,2.9100,1268.472125,1059.243488,因子未变动
600655.SH,2007-06-18,0.2318,34.3600,44.7300,72.084333,50.325505,因子未变动
600655.SH,2008-08-08,0.1711,15.2100,18.3500,86.965596,72.084333,因子未变动
600655.SH,2010-07-27,0.4464,13.7400,24.8200,173.466857,96.028824,因子未变动
600655.SH,2024-01-02,0.0665,5.7969,6.2100,212.799462,202.596887,因子未变动
600657.SH,2000-08-22,0.1036,35.8100,39.9500,2.937535,2.633120,因子未变动
600657.SH,2001-10-22,0.2306,13.3100,17.3000,3.832910,2.948904,因子未变动
600657.SH,2003-07-04,0.4122,6.3600,10.8200,6.547658,3.848716,因子未变动
600657.SH,2006-08-04,0.3866,2.6500,4.3200,10.691246,6.558287,因子未变动
600658.SH,2018-05-25,0.3002,6.4800,9.2600,4.720744,3.303501,因子未变动
600660.SH,2001-03-27,0.3823,14.6400,23.7000,8.934517,5.519043,因子未变动
600660.SH,2002-03-27,0.1093,10.5100,11.8000,10.031142,8.934517,因子未变动
600660.SH,2004-06-09,0.5089,8.3000,16.9000,20.726699,10.179385,因子未变动
600660.SH,2008-05-13,0.5089,13.7500,28.0000,42.651380,20.944874,因子未变动
600660.SH,2024-01-02,0.0681,34.8456,37.3900,73.117000,70.473951,因子未变动
600661.SH,2004-08-12,0.1661,7.4800,8.9700,3.657084,3.049609,因子未变动
600662.SH,2001-07-19,0.0966,14.7700,16.3500,14.103201,12.740322,因子未变动
600662.SH,2004-06-01,0.2589,6.0100,8.1100,19.766846,14.648426,因子未变动
600662.SH,2005-07-05,0.3339,4.1100,6.1700,29.674313,19.766846,因子未变动
600662.SH,2008-07-16,0.2311,5.4900,7.1400,40.121762,30.849925,因子未变动
600662.SH,2023-08-17,0.0201,5.8500,5.9700,1.000000,48.489856,因子未变动
600662.SH,2024-01-02,0.0707,4.4606,4.8000,49.484520,1.000000,因子未变动
600663.SH,2016-06-15,0.4506,24.8500,45.2300,6.961220,3.824593,因子未变动
600663.SH,2019-05-30,0.1900,14.4500,17.8400,9.014861,7.301835,因子未变动
600663.SH,2024-01-02,0.0331,8.4604,8.7500,10.468341,10.333065,因子未变动
600664.SH,2002-07-12,0.1722,12.9300,15.6200,2.103890,1.741568,因子未变动
600664.SH,2003-07-17,0.3367,15.3300,23.1100,3.171618,2.103890,因子未变动
600664.SH,2004-08-13,0.2414,5.7500,7.5800,4.181019,3.171618,因子未变动
600664.SH,2011-08-01,0.2570,12.5200,16.8500,6.016677,4.470551,因子未变动
600664.SH,2016-04-06,0.2310,7.9900,10.3900,8.527774,6.557932,因子未变动
600665.SH,2012-05-17,0.1667,3.8500,4.6200,2.708036,2.256697,因子未变动
600665.SH,2023-08-04,0.0236,4.9700,5.0900,1.000000,3.602103,因子未变动
600666.SH,2008-05-20,0.2309,11.3900,14.8100,3.611108,2.777213,因子未变动
600666.SH,2011-05-16,0.3381,9.6300,14.5500,5.456036,3.611108,因子未变动
600666.SH,2017-05-26,0.3750,17.4000,27.8400,8.756347,5.472717,因子未变动
600666.SH,2023-02-20,0.3697,1.7900,2.8400,13.892750,8.756347,因子未变动
600667.SH,2012-10-11,0.5016,3.1400,6.3000,3.534045,1.761413,因子未变动
600668.SH,2024-01-02,0.1825,9.0334,11.0500,5.355139,5.285652,因子未变动
600673.SH,2006-01-04,0.1253,4.2600,4.8700,2.113549,1.848813,因子未变动
600673.SH,2008-05-15,0.5000,11.6400,23.2800,4.238281,2.119140,因子未变动
600673.SH,2015-05-07,0.6165,8.3600,21.8000,11.451796,4.391606,因子未变动
600673.SH,2024-01-02,0.0409,7.0303,7.3300,11.888709,11.601702,因子未变动
600674.SH,2001-03-30,0.3774,12.8500,20.6400,2.575899,1.603697,因子未变动
600674.SH,2008-05-08,0.2310,26.4700,34.4200,3.386691,2.604466,因子未变动
600674.SH,2012-05-22,0.4459,7.1700,12.9400,6.154862,3.410383,因子未变动
600674.SH,2015-06-26,0.5049,14.5700,29.4300,12.570900,6.223514,因子未变动
600674.SH,2024-01-02,0.0446,14.4456,15.1200,16.166771,15.731594,因子未变动
600675.SH,2000-07-03,0.3333,8.4200,12.6300,6.279231,4.186154,因子未变动
600675.SH,2002-05-22,0.1670,8.7800,10.5400,7.609864,6.339147,因子未变动
600675.SH,2007-04-09,0.2305,11.3500,14.7500,11.117479,8.554805,因子未变动
600675.SH,2008-03-17,0.1665,13.4700,16.1600,13.337673,11.117479,因子未变动
600675.SH,2010-04-15,0.2309,10.3900,13.5100,17.550369,13.497286,因子未变动
600675.SH,2014-06-17,0.1813,4.6500,5.6800,24.477030,20.038414,因子未变动
600675.SH,2019-06-21,0.1887,5.3300,6.5700,30.171501,24.477030,因子未变动
600675.SH,2024-01-02,0.0115,3.1139,3.1500,1.000000,33.305401,因子未变动
600676.SH,2004-10-18,0.4995,5.2400,10.4700,5.208307,2.606641,因子未变动
600676.SH,2006-05-30,0.1515,2.8000,3.3000,6.324372,5.366134,因子未变动
600676.SH,2009-05-14,0.2302,6.3200,8.2100,8.510364,6.551218,因子未变动
600678.SH,2007-09-21,0.3350,10.3800,15.6100,3.248040,2.159811,因子未变动
600679.SH,2002-05-21,0.2307,17.2700,22.4500,1.801071,1.385501,因子未变动
600681.SH,2000-06-06,0.3333,16.0600,24.0900,3.215614,2.143743,因子未变动
600681.SH,2011-09-08,0.1719,3.6600,4.4200,3.745362,3.101363,因子未变动
600681.SH,2019-04-25,0.3062,9.5600,13.7800,5.576237,3.868565,因子未变动
600681.SH,2024-01-02,0.1192,3.4614,3.9300,7.416007,7.162034,因子未变动
600682.SH,2008-05-06,0.3575,15.4000,23.9700,4.916256,3.158546,因子未变动
600682.SH,2015-06-12,0.5006,39.7600,79.6200,10.577975,5.282345,因子未变动
600683.SH,2006-07-04,0.1524,4.8400,5.7100,2.607776,2.210444,因子未变动
600683.SH,2007-07-12,0.1690,7.7200,9.2900,3.138114,2.607776,因子未变动
600683.SH,2010-03-22,0.3357,9.3200,14.0300,4.724006,3.138114,因子未变动
600684.SH,2011-07-28,0.2304,10.8200,14.0600,2.884688,2.219938,因子未变动
600684.SH,2012-06-26,0.2305,6.6100,8.5900,3.748785,2.884688,因子未变动
600684.SH,2013-07-05,0.3455,7.5200,11.4900,5.727864,3.748785,因子未变动
600684.SH,2014-07-04,0.3397,4.5300,6.8600,8.673985,5.727864,因子未变动
600684.SH,2017-07-27,0.1719,7.0800,8.5500,10.633635,8.805396,因子未变动
600685.SH,2011-07-20,0.2332,23.6800,30.8800,1.566552,1.201294,因子未变动
600686.SH,2006-05-22,0.2409,8.5100,11.2100,4.580364,3.477154,因子未变动
600686.SH,2007-05-23,0.2345,23.0100,30.0600,5.983735,4.580364,因子未变动
600686.SH,2008-06-10,0.3387,12.3400,18.6600,9.048338,5.983735,因子未变动
600686.SH,2024-01-02,0.0121,7.4783,7.5700,1.000000,10.069259,因子未变动
600688.SH,2013-12-04,0.3404,2.8100,4.2600,2.160317,1.424998,因子未变动
600689.SH,2000-07-25,0.1072,12.4900,13.9900,1.622906,1.448899,因子未变动
600689.SH,2001-07-31,0.1698,13.5900,16.3700,1.954891,1.622906,因子未变动
600690.SH,2000-06-20,0.1738,18.8700,22.8400,3.157530,2.608695,因子未变动
600690.SH,2001-06-21,0.1747,16.5300,20.0300,3.898177,3.217018,因子未变动
600690.SH,2004-07-12,0.3371,5.8200,8.7800,6.228729,4.128839,因子未变动
600690.SH,2011-07-18,0.5017,14.2400,28.5800,14.457074,7.203245,因子未变动
600690.SH,2015-07-16,0.5085,14.2300,28.9500,31.707520,15.585423,因子未变动
600690.SH,2024-01-02,0.0750,19.4256,21.0000,37.057020,36.154754,因子未变动
600691.SH,2007-05-25,0.3246,3.3700,4.9900,2.575898,1.739635,因子未变动
600691.SH,2013-05-16,0.6000,11.1600,27.9000,6.439746,2.575898,因子未变动
600691.SH,2015-07-09,0.1639,4.0800,4.8800,7.702441,6.439746,因子未变动
600692.SH,2003-06-09,0.1669,10.4300,12.5200,2.973276,2.476939,因子未变动
600692.SH,2004-06-15,0.1662,5.7700,6.9200,3.565871,2.973276,因子未变动
600692.SH,2005-06-21,0.1658,3.2200,3.8600,4.274615,3.565871,因子未变动
600693.SH,2008-03-19,0.5000,12.7500,25.5000,3.454617,1.727309,因子未变动
600693.SH,2009-06-08,0.2412,8.6500,11.4000,4.552906,3.454617,因子未变动
600693.SH,2016-05-26,0.4996,6.1800,12.3500,9.405292,4.706454,因子未变动
600693.SH,2024-01-02,0.0395,3.8515,4.0100,9.675337,9.553174,因子未变动
600694.SH,2005-07-06,0.0981,11.2200,12.4400,3.219921,2.904141,因子未变动
600694.SH,2024-01-02,0.2454,12.7450,16.8900,4.605608,4.491948,因子未变动
600696.SH,2003-10-22,0.2302,6.4200,8.3400,2.601499,2.002593,因子未变动
600697.SH,2006-10-27,0.1060,8.3500,9.3400,2.021379,1.807122,因子未变动
600697.SH,2024-01-02,0.0189,12.4889,12.7300,2.744346,2.657224,因子未变动
600699.SH,2000-09-21,0.1669,10.8300,13.0000,1.895063,1.578733,因子未变动
600699.SH,2019-07-29,0.2698,15.9400,21.8300,2.943086,2.149006,因子未变动
600699.SH,2024-01-02,0.0306,17.4109,17.9600,2.995748,2.976371,因子未变动
600702.SH,2024-01-02,0.0343,93.3829,96.7000,2.537809,2.511408,因子未变动
600703.SH,2010-03-16,0.4999,32.0000,63.9900,3.011814,1.506142,因子未变动
600703.SH,2011-05-23,0.5476,18.7800,41.5100,6.657103,3.011814,因子未变动
600703.SH,2014-07-04,0.3391,15.2200,23.0300,10.422798,6.888189,因子未变动
600703.SH,2016-07-15,0.3825,12.8200,20.7600,16.988453,10.490943,因子未变动
600704.SH,2005-07-11,0.2297,2.8500,3.7000,3.013377,2.321114,因子未变动
600704.SH,2011-07-11,0.3342,12.7700,19.1800,4.815746,3.206312,因子未变动
600704.SH,2012-07-04,0.1719,7.1300,8.6100,5.815367,4.815746,因子未变动
600704.SH,2016-06-20,0.2462,9.3400,12.3900,8.073612,6.086161,因子未变动
600704.SH,2017-06-08,0.3630,7.1600,11.2400,12.674218,8.073612,因子未变动
600704.SH,2024-01-02,0.0822,4.0658,4.4300,15.825527,15.347894,因子未变动
600706.SH,2019-07-08,0.1699,9.9200,11.9500,1.827549,1.517095,因子未变动
600707.SH,2005-07-19,0.1071,2.5000,2.8000,1.600440,1.428964,因子未变动
600708.SH,2004-06-10,0.3337,5.9300,8.9000,2.908981,1.938231,因子未变动
600708.SH,2007-05-18,0.2306,11.0800,14.4000,3.907780,3.006820,因子未变动
600708.SH,2017-06-30,0.2435,6.6800,8.8300,6.373121,4.821342,因子未变动
600708.SH,2018-06-06,0.2534,4.9500,6.6300,8.536120,6.373121,因子未变动
600710.SH,2003-04-15,0.5025,6.9600,13.9900,2.733791,1.360056,因子未变动
600710.SH,2008-05-15,0.2350,7.5200,9.8300,3.617317,2.767266,因子未变动
600710.SH,2012-10-15,0.1700,4.1000,4.9400,4.377020,3.632750,因子未变动
600711.SH,2007-01-22,0.1113,5.4300,6.1100,1.384607,1.230510,因子未变动
600711.SH,2007-08-21,0.1452,12.6600,14.8100,1.619750,1.384607,因子未变动
600711.SH,2012-08-24,0.4443,10.3300,18.5900,2.914922,1.619750,因子未变动
600711.SH,2014-09-26,0.6009,7.3600,18.4400,7.303148,2.914922,因子未变动
600712.SH,2003-10-23,0.3750,7.4500,11.9200,1.632912,1.020570,因子未变动
600712.SH,2009-07-08,0.1813,7.8100,9.5400,2.017375,1.651540,因子未变动
600712.SH,2010-11-10,0.3355,11.2500,16.9300,3.035925,2.017375,因子未变动
600712.SH,2012-04-23,0.3797,5.0800,8.1900,4.894532,3.035925,因子未变动
600713.SH,2006-07-17,0.2260,5.1700,6.6800,3.144032,2.433330,因子未变动
600713.SH,2009-06-10,0.1678,7.2900,8.7600,3.824889,3.183041,因子未变动
600713.SH,2011-07-08,0.5010,7.5800,15.1900,7.664916,3.824889,因子未变动
600714.SH,2001-05-28,0.1326,19.4300,22.4000,1.441701,1.250547,因子未变动
600714.SH,2003-06-16,0.2856,16.4600,23.0400,2.018031,1.441701,因子未变动
600715.SH,2001-03-06,0.3750,11.6000,18.5600,1.920471,1.200295,因子未变动
600715.SH,2016-05-03,0.4999,20.2900,40.5700,3.849454,1.925201,因子未变动
600715.SH,2024-12-16,0.1347,2.1200,2.4500,4.504072,3.897401,因子未变动
600716.SH,2004-12-03,0.3788,3.6900,5.9400,3.064933,1.903974,因子未变动
600717.SH,2001-04-12,0.4469,11.6100,20.9900,4.824472,2.668514,因子未变动
600717.SH,2004-10-12,0.5056,6.6600,13.4700,10.657059,5.269191,因子未变动
600717.SH,2019-06-25,0.1780,6.5100,7.9200,15.759786,12.954068,因子未变动
600717.SH,2020-06-19,0.1803,4.5000,5.4900,19.226939,15.759786,因子未变动
600717.SH,2021-06-23,0.1811,3.8900,4.7500,23.477623,19.226939,因子未变动
600718.SH,2000-05-09,0.2308,35.2200,45.7900,4.483149,3.448275,因子未变动
600718.SH,2008-10-23,0.4452,10.8900,19.6300,9.468893,5.252992,因子未变动
600718.SH,2010-07-08,0.2403,12.5500,16.5200,12.464231,9.468893,因子未变动
600719.SH,2015-11-30,0.5000,7.6100,15.2200,4.187640,2.093820,因子未变动
600720.SH,2000-09-25,0.3503,12.1100,18.6400,2.845002,1.848336,因子未变动
600720.SH,2001-04-06,0.3752,9.3100,14.9000,4.553226,2.845002,因子未变动
600720.SH,2013-07-15,0.2350,6.6400,8.6800,7.502453,5.739204,因子未变动
600720.SH,2025-08-18,0.0283,7.9100,8.1400,1.029077,10.079292,因子未变动
600724.SH,2000-03-21,0.4998,11.6700,23.3300,3.667860,1.834716,因子未变动
600724.SH,2001-10-30,0.3814,12.4900,20.1900,6.344201,3.924669,因子未变动
600724.SH,2006-12-22,0.1810,4.8400,5.9100,8.095450,6.629776,因子未变动
600725.SH,2005-03-28,0.3380,4.6800,7.0700,1.576059,1.043275,因子未变动
600725.SH,2010-05-13,0.4454,8.5300,15.3800,2.992837,1.659876,因子未变动
600725.SH,2016-12-28,0.5000,2.8500,5.7000,6.099988,3.049994,因子未变动
600726.SH,2001-03-29,0.3790,10.7800,17.3600,2.500431,1.552687,因子未变动
600727.SH,2007-04-26,0.0162,8.7900,8.6500,3.770696,3.770696,因子未变动
600727.SH,2007-04-30,0.0516,8.4600,8.9200,3.770696,3.770696,因子未变动
600728.SH,2010-06-09,0.3592,14.8600,23.1900,4.007772,2.568154,因子未变动
600728.SH,2016-04-25,0.6156,10.1300,26.3500,10.424956,4.007772,因子未变动
600729.SH,2021-06-01,0.1064,30.4900,34.1200,2.772929,2.477920,因子未变动
600729.SH,2022-05-13,0.1284,25.0500,28.7400,3.181397,2.772929,因子未变动
600730.SH,2004-07-19,0.2854,5.7600,8.0600,1.712878,1.224092,因子未变动
600730.SH,2007-06-26,0.1683,9.9300,11.9400,2.059594,1.712878,因子未变动
600730.SH,2015-11-19,0.5016,17.2900,34.6900,4.176158,2.081458,因子未变动
600731.SH,2000-06-22,0.1382,20.3900,23.6600,3.023241,2.605405,因子未变动
600731.SH,2000-10-24,0.3377,17.2600,26.0600,4.564638,3.023241,因子未变动
600731.SH,2021-05-25,0.2340,7.4300,9.7000,6.291243,4.818963,因子未变动
600732.SH,2000-09-05,0.2307,17.2100,22.3700,2.105853,1.620104,因子未变动
600732.SH,2013-03-04,0.4487,6.8200,12.3700,3.828968,2.111039,因子未变动
600732.SH,2023-06-16,0.2944,28.5000,40.3900,5.460392,3.852963,因子未变动
600733.SH,2018-09-19,0.7144,15.0500,52.6900,9.444752,2.697732,因子未变动
600734.SH,2022-02-15,0.5699,1.2300,2.8600,6.600166,2.838533,因子未变动
600735.SH,2000-09-05,0.1292,13.8800,15.9400,1.721610,1.499118,因子未变动
600735.SH,2000-10-30,0.1496,13.7600,16.1800,2.024393,1.721610,因子未变动
600735.SH,2001-05-16,0.2308,19.4300,25.2600,2.631815,2.024393,因子未变动
600735.SH,2010-07-14,0.2595,9.1300,12.3300,3.576958,2.648632,因子未变动
600735.SH,2015-05-07,0.3335,18.9300,28.4000,5.366382,3.576958,因子未变动
600736.SH,2008-05-05,0.4450,7.8200,14.0900,15.073964,8.366104,因子未变动
600736.SH,2011-05-06,0.1680,7.1300,8.5700,18.691425,15.550743,因子未变动
600737.SH,2000-09-28,0.5013,22.8900,45.9000,5.018838,2.502858,因子未变动
600737.SH,2002-07-18,0.3338,17.3600,26.0600,7.534039,5.018838,因子未变动
600737.SH,2003-07-14,0.2875,13.8300,19.4100,10.573803,7.534039,因子未变动
600737.SH,2025-08-13,0.0361,10.9400,11.3500,1.000000,13.579626,因子未变动
600738.SH,2001-04-24,0.5019,11.7800,23.6500,4.180310,2.082201,因子未变动
600738.SH,2006-06-08,0.1086,2.7900,3.1300,4.704579,4.193539,因子未变动
600738.SH,2019-03-08,0.1421,9.6600,11.2600,6.176141,5.298537,因子未变动
600739.SH,2000-06-08,0.4444,20.5500,36.9900,4.077850,2.265472,因子未变动
600739.SH,2004-07-13,0.4533,3.6300,6.6400,8.307387,4.541539,因子未变动
600739.SH,2007-05-22,0.4450,38.3600,69.1200,15.292830,8.487167,因子未变动
600739.SH,2011-07-01,0.3356,18.4700,27.8000,23.017905,15.292830,因子未变动
600740.SH,2008-03-14,0.5000,12.5600,25.1200,5.743520,2.871760,因子未变动
600740.SH,2020-06-23,0.2429,4.5500,6.0100,7.761906,5.876318,因子未变动
600740.SH,2021-05-28,0.2533,5.0400,6.7500,10.395409,7.761906,因子未变动
600741.SH,2000-05-11,0.3333,10.0200,15.0300,6.515240,4.343493,因子未变动
600741.SH,2000-08-18,0.1200,9.8300,11.1700,7.403381,6.515240,因子未变动
600741.SH,2002-06-17,0.2946,6.0100,8.5200,10.705436,7.551604,因子未变动
600741.SH,2006-06-01,0.2310,2.8300,3.6800,14.839765,11.412103,因子未变动
600741.SH,2007-05-21,0.2310,11.7200,15.2400,19.296760,14.839765,因子未变动
600741.SH,2008-05-05,0.1667,7.7500,9.3000,23.156113,19.296760,因子未变动
600741.SH,2024-07-12,0.0472,15.1300,15.8800,1.000000,40.583016,因子未变动
600741.SH,2025-07-25,0.0425,18.0100,18.8100,1.044420,42.594735,因子未变动
600742.SH,2016-06-21,0.5092,13.3600,27.2200,7.630270,3.745055,因子未变动
600742.SH,2018-06-08,0.1938,12.4400,15.4300,9.723244,7.839090,因子未变动
600742.SH,2020-06-24,0.2448,8.4200,11.1500,13.568659,10.246467,因子未变动
600742.SH,2023-06-30,0.0297,8.1700,8.4200,1.000000,14.455864,因子未变动
600743.SH,2010-03-08,0.2085,7.8600,9.9300,4.842137,3.832749,因子未变动
600743.SH,2011-04-08,0.2413,5.4700,7.2100,6.382415,4.842137,因子未变动
600743.SH,2012-07-05,0.2200,3.1900,4.0900,8.183096,6.382415,因子未变动
600743.SH,2013-04-25,0.1441,3.0300,3.5400,9.560449,8.183096,因子未变动
600746.SH,2001-04-04,0.4454,18.6800,33.6800,5.416994,3.004437,因子未变动
600748.SH,2008-05-15,0.3255,18.3200,27.1600,3.457364,2.332066,因子未变动
600748.SH,2016-10-20,0.2312,8.4800,11.0300,4.684372,3.601403,因子未变动
600749.SH,2008-07-16,0.3333,6.6600,9.9900,2.402919,1.601946,因子未变动
600750.SH,2007-05-24,0.3345,25.8100,38.7800,3.521933,2.344020,因子未变动
600750.SH,2007-08-27,0.2593,19.6000,26.4600,4.754610,3.521933,因子未变动
600750.SH,2018-06-20,0.2984,17.7500,25.3000,7.769393,5.450858,因子未变动
600750.SH,2019-06-12,0.2172,12.7200,16.2500,9.925521,7.769393,因子未变动
600750.SH,2020-06-12,0.1843,11.4200,14.0000,12.167890,9.925521,因子未变动
600750.SH,2021-12-30,0.0158,13.7000,13.9200,1.016058,12.446779,因子未变动
600750.SH,2022-06-20,0.0442,14.0500,14.7000,13.231731,1.016058,因子未变动
600751.SH,2013-06-03,0.4476,4.1100,7.4400,3.650355,2.016527,因子未变动
600753.SH,2020-06-01,0.2856,11.5300,16.1400,2.247351,1.605449,因子未变动
600753.SH,2021-06-11,0.1667,35.6800,42.8200,2.697073,2.247351,因子未变动
600754.SH,2024-07-12,0.0216,22.6200,23.1200,1.000000,2.356349,因子未变动
600754.SH,2025-08-01,0.0168,22.2100,22.5900,1.017109,2.419223,因子未变动
600755.SH,2004-05-17,0.4537,5.1900,9.5000,4.358121,2.380911,因子未变动
600755.SH,2006-07-10,0.2338,6.1600,8.0400,5.887783,4.511038,因子未变动
600755.SH,2009-12-18,0.1289,14.4000,16.5300,6.932701,6.039377,因子未变动
600755.SH,2010-07-13,0.3824,8.1400,13.1800,11.225184,6.932701,因子未变动
600755.SH,2011-07-01,0.2398,6.1200,8.0500,14.765154,11.225184,因子未变动
600756.SH,2001-04-20,0.3350,25.4700,38.3000,2.450819,1.629827,因子未变动
600756.SH,2004-12-03,0.0972,13.0000,14.4000,2.735430,2.469485,因子未变动
600756.SH,2012-05-10,0.3358,8.8600,13.3400,4.118582,2.735430,因子未变动
600757.SH,2000-06-13,0.2345,15.0800,19.7000,2.564118,1.962787,因子未变动
600757.SH,2001-05-18,0.3372,13.2700,20.0200,3.894360,2.581327,因子未变动
600757.SH,2007-04-25,0.1459,2.8100,3.2900,4.638830,3.962040,因子未变动
600758.SH,2010-05-10,0.2304,9.1500,11.8900,2.598907,2.000000,因子未变动
600759.SH,2001-06-04,0.0490,6.4200,6.1200,2.127409,2.127409,因子未变动
600759.SH,2001-06-11,0.0436,6.7000,6.4200,2.127409,2.127409,因子未变动
600759.SH,2001-06-18,0.0149,6.8000,6.7000,2.127409,2.127409,因子未变动
600759.SH,2010-07-20,0.2313,5.5500,7.2200,2.767548,2.127409,因子未变动
600759.SH,2015-07-06,0.2310,9.2200,11.9900,3.710477,2.853261,因子未变动
600760.SH,2021-06-24,0.2878,60.0700,84.3400,5.254126,3.742179,因子未变动
600760.SH,2023-06-27,0.2905,41.9900,59.1800,7.460908,5.293740,因子未变动
600761.SH,2003-06-25,0.3444,7.6900,11.7300,3.294552,2.159856,因子未变动
600761.SH,2011-06-14,0.1810,13.9800,17.0700,4.440863,3.636981,因子未变动
600761.SH,2012-06-19,0.1805,9.6700,11.8000,5.419047,4.440863,因子未变动
600761.SH,2014-06-24,0.1870,9.8700,12.1400,6.820554,5.545212,因子未变动
600761.SH,2017-07-21,0.1842,11.3800,13.9500,8.668184,7.071249,因子未变动
600763.SH,2015-12-04,0.5000,55.1800,110.3600,2.402762,1.201381,因子未变动
600763.SH,2024-07-05,0.2918,38.0100,53.6700,3.414021,2.417868,因子未变动
600764.SH,2003-08-14,0.4483,6.6200,12.0000,6.004311,3.312379,因子未变动
600764.SH,2023-08-17,0.0106,23.2700,23.5200,1.000000,6.431052,因子未变动
600765.SH,2008-09-19,0.4997,8.9600,17.9100,4.486334,2.244419,因子未变动
600765.SH,2010-05-13,0.3351,13.7500,20.6800,6.768488,4.500324,因子未变动
600765.SH,2022-05-19,0.2888,28.4700,40.0300,9.828834,6.990429,因子未变动
600768.SH,2003-09-29,0.1666,15.4100,18.4900,2.169713,1.808290,因子未变动
600768.SH,2005-08-18,0.1695,7.7900,9.3800,2.614324,2.171171,因子未变动
600770.SH,2007-05-24,0.3348,19.9500,29.9900,6.842952,4.552080,因子未变动
600770.SH,2010-07-16,0.3333,11.8200,17.7300,10.264427,6.842952,因子未变动
600770.SH,2012-07-16,0.3366,7.3700,11.1100,15.473241,10.264427,因子未变动
600771.SH,2000-03-09,0.4999,18.2500,36.4900,2.996596,1.498709,因子未变动
600771.SH,2007-06-22,0.2856,17.3100,24.2300,4.601810,3.287549,因子未变动
600771.SH,2019-05-30,0.2850,18.2400,25.5100,6.435974,4.601810,因子未变动
600773.SH,2001-06-04,0.1701,20.4000,24.5800,2.347953,1.948667,因子未变动
600773.SH,2002-10-24,0.2855,10.9100,15.2700,3.615140,2.582920,因子未变动
600773.SH,2007-03-07,0.2122,4.1200,5.2300,4.593815,3.618837,因子未变动
600774.SH,2006-09-07,0.3750,4.4500,7.1200,3.574561,2.234100,因子未变动
600774.SH,2018-06-05,0.2319,12.9500,16.8600,4.691273,3.603320,因子未变动
600776.SH,2006-09-08,0.4992,3.1200,6.2300,3.242947,1.624076,因子未变动
600777.SH,2004-07-29,0.2343,4.5100,5.8900,3.810275,2.917545,因子未变动
600777.SH,2006-05-17,0.2286,3.3400,4.3300,4.939668,3.810275,因子未变动
600777.SH,2007-07-09,0.2862,6.4100,8.9800,6.920159,4.939668,因子未变动
600777.SH,2016-12-13,0.7369,4.1100,15.6200,26.373638,6.939543,因子未变动
600778.SH,2001-01-03,0.1512,13.5300,15.9400,2.523216,2.141726,因子未变动
600779.SH,2000-07-14,0.3335,18.0500,27.0800,3.699202,2.465679,因子未变动
600779.SH,2002-06-21,0.0967,7.7500,8.5800,4.125202,3.726144,因子未变动
600780.SH,2003-06-02,0.5013,7.7200,15.4800,4.697004,2.342434,因子未变动
600780.SH,2004-04-19,0.3366,6.8600,10.3400,7.079741,4.697004,因子未变动
600782.SH,2001-05-11,0.3772,15.5700,25.0000,3.322256,2.069101,因子未变动
600782.SH,2016-10-13,0.4992,2.9900,5.9700,7.707553,3.860232,因子未变动
600783.SH,2011-06-29,0.5009,24.3000,48.6900,4.422025,2.206926,因子未变动
600784.SH,2012-04-16,0.5039,7.0300,14.1700,6.629655,3.289095,因子未变动
600784.SH,2024-07-12,0.0131,4.5300,4.5900,1.000000,6.892521,因子未变动
600785.SH,2006-09-01,0.1665,10.5600,12.6700,2.353819,1.961826,因子未变动
600785.SH,2008-09-19,0.2945,11.5700,16.4000,3.454962,2.437434,因子未变动
600785.SH,2010-05-19,0.1740,28.4900,34.4900,4.207759,3.475763,因子未变动
600787.SH,2000-05-30,0.3333,15.1800,22.7700,5.051153,3.367436,因子未变动
600787.SH,2004-10-18,0.4994,4.3600,8.7100,10.337940,5.174904,因子未变动
600787.SH,2014-08-21,0.5012,8.0800,16.2000,21.851982,10.899013,因子未变动
600789.SH,2006-10-31,0.2915,3.1600,4.4600,1.747474,1.238120,因子未变动
600789.SH,2019-06-19,0.2349,6.4500,8.4300,2.305779,1.764208,因子未变动
600790.SH,2001-04-18,0.3788,10.7100,17.2400,2.881392,1.790006,因子未变动
600790.SH,2006-12-25,0.2189,5.0300,6.4400,3.689098,2.881392,因子未变动
600790.SH,2008-05-21,0.2306,7.0400,9.1500,4.794780,3.689098,因子未变动
600790.SH,2015-05-21,0.2308,12.9300,16.8100,6.837846,5.259569,因子未变动
600790.SH,2018-06-07,0.2990,4.1500,5.9200,10.072009,7.060614,因子未变动
600791.SH,2003-03-31,0.2337,10.9200,14.2500,2.175854,1.667391,因子未变动
600791.SH,2007-05-29,0.3351,13.6700,20.5600,3.309971,2.200744,因子未变动
600791.SH,2008-05-16,0.3750,7.2500,11.6000,5.295954,3.309971,因子未变动
600792.SH,2003-04-15,0.3335,16.0500,24.0800,1.500312,1.000000,因子未变动
600792.SH,2004-05-21,0.3336,9.6300,14.4500,2.258857,1.505384,因子未变动
600792.SH,2005-07-25,0.1203,5.5600,6.3200,2.567622,2.258857,因子未变动
600792.SH,2014-10-29,0.5000,6.2900,12.5800,5.135243,2.567622,因子未变动
600793.SH,2020-06-15,0.2855,10.5100,14.7100,1.823982,1.303199,因子未变动
600794.SH,2006-11-23,0.2300,3.7500,4.8700,2.505001,1.928902,因子未变动
600794.SH,2008-10-07,0.1303,4.3400,4.9900,2.880173,2.505001,因子未变动
600794.SH,2011-04-07,0.1668,13.8400,16.6100,3.456624,2.880173,因子未变动
600794.SH,2013-03-14,0.5066,7.8000,15.8100,7.048409,3.477394,因子未变动
600794.SH,2015-03-18,0.5479,8.5900,19.0000,15.766447,7.128093,因子未变动
600795.SH,2000-11-13,0.2959,33.7000,47.8600,7.087312,4.990439,因子未变动
600795.SH,2001-03-16,0.4475,20.7200,37.5000,12.826941,7.087312,因子未变动
600795.SH,2002-09-10,0.4119,9.7500,16.5800,22.144274,13.022117,因子未变动
600795.SH,2004-04-08,0.3767,8.8700,14.2300,35.730862,22.272156,因子未变动
600795.SH,2008-03-17,0.5035,8.6100,17.3400,74.123050,36.805043,因子未变动
600795.SH,2010-05-04,0.5050,3.9500,7.9800,150.387247,74.439822,因子未变动
600795.SH,2023-10-24,0.0141,3.4900,3.5400,1.000000,222.443182,因子未变动
600796.SH,2004-05-20,0.4444,7.6000,13.6800,4.147938,2.304410,因子未变动
600796.SH,2006-06-01,0.2303,4.8800,6.3400,5.462740,4.204759,因子未变动
600797.SH,2001-02-13,0.0982,18.8300,20.8800,3.086198,2.783195,因子未变动
600797.SH,2001-06-05,0.2122,20.7100,26.2900,3.917728,3.086198,因子未变动
600797.SH,2002-09-26,0.2855,10.7600,15.0600,5.514147,3.939722,因子未变动
600797.SH,2004-06-15,0.4144,5.9200,10.1100,9.468355,5.544279,因子未变动
600798.SH,2009-05-27,0.3490,5.5400,8.5100,5.867650,3.819833,因子未变动
600800.SH,2000-05-31,0.3333,26.6900,40.0300,4.883326,3.255957,因子未变动
600800.SH,2001-08-01,0.3344,12.6400,18.9900,7.336580,4.883326,因子未变动
600800.SH,2009-03-04,0.0977,3.5100,3.8900,8.130853,7.336580,因子未变动
600801.SH,2011-05-26,0.5022,22.8600,45.9200,2.776025,1.381967,因子未变动
600801.SH,2014-06-17,0.3861,7.1400,11.6300,4.627048,2.840681,因子未变动
600801.SH,2019-06-03,0.3162,18.4700,27.0100,7.112476,4.863659,因子未变动
600802.SH,2000-08-21,0.0974,8.6200,9.5500,1.655957,1.494696,因子未变动
600802.SH,2006-08-23,0.2108,2.7700,3.5100,2.140694,1.689379,因子未变动
600802.SH,2020-07-09,0.1774,10.2000,12.4000,2.685557,2.209087,因子未变动
600802.SH,2021-07-08,0.0112,7.0500,7.1300,1.011347,2.685557,因子未变动
600802.SH,2022-07-15,0.0141,6.2900,6.3800,2.754893,1.011347,因子未变动
600803.SH,2006-06-12,0.4993,3.5200,7.0300,4.425074,2.215684,因子未变动
600805.SH,2011-05-20,0.2390,13.7200,18.0300,9.263545,7.049131,因子未变动
600805.SH,2013-06-14,0.1763,10.4200,12.6500,11.392230,9.383955,因子未变动
600807.SH,2011-05-25,0.4997,8.2000,16.3900,4.771055,2.386983,因子未变动
600807.SH,2015-05-07,0.2307,17.7400,23.0600,6.224725,4.788665,因子未变动
600809.SH,2012-06-12,0.5034,37.0300,74.5600,2.965731,1.472921,因子未变动
600809.SH,2021-07-05,0.2860,309.7700,433.8800,4.659760,3.326850,因子未变动
600810.SH,2019-07-18,0.2581,9.4300,12.7100,2.833301,2.102127,因子未变动
600812.SH,2006-08-16,0.2579,2.3600,3.1800,3.349401,2.485719,因子未变动
600814.SH,2000-05-17,0.3336,7.8500,11.7800,3.075056,2.049168,因子未变动
600814.SH,2006-06-12,0.2349,6.5800,8.6000,4.078189,3.120289,因子未变动
600815.SH,2002-06-04,0.3360,9.0900,13.6900,2.963103,1.967466,因子未变动
600815.SH,2006-08-21,0.1728,3.3500,4.0500,3.709289,3.068177,因子未变动
600815.SH,2008-07-02,0.1691,6.9300,8.3400,4.463993,3.709289,因子未变动
600816.SH,2001-06-25,0.2349,9.9000,12.9400,4.156398,3.179934,因子未变动
600816.SH,2015-09-23,0.5999,16.3400,40.8400,10.758853,4.304595,因子未变动
600816.SH,2017-03-06,0.5552,12.3700,27.8100,24.696303,10.985015,因子未变动
600816.SH,2018-05-04,0.2024,9.2600,11.6100,30.963721,24.696303,因子未变动
600817.SH,2004-07-26,0.1668,11.6900,14.0300,1.826068,1.521507,因子未变动
600817.SH,2006-06-16,0.2304,10.2200,13.2800,2.384279,1.834890,因子未变动
600817.SH,2013-02-08,0.1997,5.6500,7.0600,3.071908,2.458396,因子未变动
600818.SH,2001-06-04,0.0502,11.7100,11.1500,1.196123,1.196123,因子未变动
600818.SH,2001-06-11,0.0504,12.3000,11.7100,1.196123,1.196123,因子未变动
600818.SH,2001-06-18,0.0504,12.9200,12.3000,1.196123,1.196123,因子未变动
600818.SH,2001-06-25,0.0503,13.5700,12.9200,1.196123,1.196123,因子未变动
600819.SH,2004-07-12,0.3482,6.8700,10.5400,2.184397,1.423796,因子未变动
600820.SH,2001-05-18,0.2334,11.6900,15.2500,4.383322,3.360067,因子未变动
600820.SH,2002-07-26,0.0958,8.8700,9.8100,5.132216,4.640444,因子未变动
600820.SH,2014-06-16,0.5140,5.0200,10.3300,12.598817,6.122562,因子未变动
600820.SH,2021-07-08,0.0410,5.1400,5.3600,1.042801,14.548462,因子未变动
600820.SH,2022-07-28,0.0401,5.5000,5.7300,15.805589,1.042801,因子未变动
600820.SH,2025-08-15,0.0329,6.4700,6.6900,1.034003,17.676823,因子未变动
600820.SH,2025-10-24,0.0112,7.0600,7.1400,18.485006,1.034003,因子未变动
600821.SH,2006-08-25,0.2980,4.5000,6.4100,3.435235,2.411631,因子未变动
600822.SH,2010-06-08,0.3388,8.4900,12.8400,2.057761,1.360622,因子未变动
600824.SH,2001-02-14,0.1020,11.2700,12.5500,3.280376,2.945804,因子未变动
600824.SH,2005-12-08,0.5000,3.4500,6.9000,7.123907,3.561954,因子未变动
600824.SH,2007-05-08,0.1301,10.5000,12.0700,8.671045,7.543163,因子未变动
600824.SH,2008-04-29,0.1663,7.0700,8.4800,10.400348,8.671045,因子未变动
600824.SH,2009-04-13,0.1740,5.8400,7.0700,12.590832,10.400348,因子未变动
600824.SH,2013-07-26,0.1775,3.8000,4.6200,15.707780,12.919820,因子未变动
600824.SH,2015-05-29,0.1706,10.7900,13.0100,19.136540,15.871121,因子未变动
600825.SH,2001-05-29,0.3343,20.1700,30.3000,3.170157,2.110299,因子未变动
600825.SH,2005-07-18,0.1914,3.9700,4.9100,3.936627,3.182976,因子未变动
600825.SH,2008-07-02,0.3332,16.6700,25.0000,6.024500,4.017137,因子未变动
600825.SH,2009-07-14,0.3375,12.3300,18.6100,9.092940,6.024500,因子未变动
600825.SH,2010-07-02,0.1712,7.9400,9.5800,10.971079,9.092940,因子未变动
600826.SH,2011-05-31,0.3346,10.4800,15.7500,3.199153,2.128706,因子未变动
600826.SH,2024-06-28,0.3057,5.5200,7.9500,5.361699,3.722840,因子未变动
600827.SH,2002-07-29,0.1480,15.7700,18.5100,3.624901,3.088314,因子未变动
600827.SH,2004-07-02,0.2394,6.6100,8.6900,4.837120,3.679329,因子未变动
600827.SH,2025-08-07,0.0254,9.9700,10.2300,1.026078,7.157843,因子未变动
600828.SH,2002-06-03,0.1670,8.9300,10.7200,2.507160,2.088520,因子未变动
600828.SH,2010-04-09,0.4472,17.7900,32.1800,4.583744,2.534021,因子未变动
600828.SH,2011-05-16,0.1680,13.4700,16.1900,5.509341,4.583744,因子未变动
600828.SH,2012-05-07,0.2347,6.7500,8.8200,7.198872,5.509341,因子未变动
600829.SH,2002-07-02,0.2315,14.8400,19.3100,1.801687,1.384621,因子未变动
600829.SH,2002-10-23,0.3331,10.7700,16.1500,2.701694,1.801687,因子未变动
600829.SH,2004-08-25,0.3337,6.1300,9.2000,4.054744,2.701694,因子未变动
600829.SH,2011-06-14,0.3499,12.8200,19.7200,6.869385,4.465797,因子未变动
600830.SH,2003-10-21,0.3333,5.5000,8.2500,5.326313,3.550875,因子未变动
600830.SH,2006-10-24,0.2798,3.8100,5.2900,7.691123,5.539353,因子未变动
600831.SH,2008-06-05,0.3751,11.1600,17.8600,3.040536,1.899909,因子未变动
600831.SH,2009-05-14,0.2352,7.3800,9.6500,3.975768,3.040536,因子未变动
600831.SH,2010-06-07,0.2340,8.6100,11.2400,5.190202,3.975768,因子未变动
600833.SH,2000-06-26,0.2585,3.5000,4.7200,7.184392,5.327409,因子未变动
600833.SH,2000-07-03,0.1429,3.0000,3.5000,8.381791,7.184392,因子未变动
600833.SH,2000-07-10,0.0500,3.1500,3.0000,8.381791,8.381791,因子未变动
600833.SH,2000-07-17,0.0508,3.3100,3.1500,8.381791,8.381791,因子未变动
600833.SH,2000-07-24,0.0514,3.4800,3.3100,8.381791,8.381791,因子未变动
600833.SH,2000-07-31,0.0489,3.6500,3.4800,8.381791,8.381791,因子未变动
600833.SH,2000-08-07,0.0493,3.8300,3.6500,8.381791,8.381791,因子未变动
600833.SH,2000-08-14,0.0496,4.0200,3.8300,8.381791,8.381791,因子未变动
600833.SH,2000-08-21,0.0498,4.2200,4.0200,8.381791,8.381791,因子未变动
600833.SH,2000-08-28,0.0498,4.4300,4.2200,8.381791,8.381791,因子未变动
600833.SH,2000-09-04,0.0497,4.6500,4.4300,8.381791,8.381791,因子未变动
600833.SH,2000-09-11,0.0495,4.8800,4.6500,8.381791,8.381791,因子未变动
600833.SH,2000-09-18,0.0492,5.1200,4.8800,8.381791,8.381791,因子未变动
600833.SH,2000-09-25,0.0508,5.3800,5.1200,8.381791,8.381791,因子未变动
600833.SH,2000-10-09,0.0502,5.6500,5.3800,8.381791,8.381791,因子未变动
600833.SH,2000-10-16,0.0496,5.9300,5.6500,8.381791,8.381791,因子未变动
600833.SH,2000-10-23,0.0506,6.2300,5.9300,8.381791,8.381791,因子未变动
600833.SH,2000-10-30,0.0498,6.5400,6.2300,8.381791,8.381791,因子未变动
600833.SH,2000-11-06,0.0489,6.8600,6.5400,8.381791,8.381791,因子未变动
600833.SH,2000-11-13,0.0481,7.1900,6.8600,8.381791,8.381791,因子未变动
600833.SH,2000-11-20,0.0264,7.3800,7.1900,8.381791,8.381791,因子未变动
600833.SH,2000-12-25,0.0441,7.1000,6.8000,9.110105,9.110105,因子未变动
600833.SH,2001-01-02,0.0507,7.4600,7.1000,9.110105,9.110105,因子未变动
600833.SH,2001-01-08,0.0496,7.8300,7.4600,9.110105,9.110105,因子未变动
600833.SH,2001-01-15,0.0192,7.9800,7.8300,9.110105,9.110105,因子未变动
600833.SH,2001-02-05,0.1253,6.9800,7.9800,10.415278,9.110105,因子未变动
600833.SH,2001-02-12,0.1576,5.8800,6.9800,12.363713,10.415278,因子未变动
600833.SH,2001-02-19,0.1003,5.2900,5.8800,13.742654,12.363713,因子未变动
600833.SH,2001-02-26,0.2439,4.0000,5.2900,18.174661,13.742654,因子未变动
600833.SH,2001-03-05,0.0500,4.2000,4.0000,18.174661,18.174661,因子未变动
600833.SH,2001-03-12,0.0500,4.4100,4.2000,18.174661,18.174661,因子未变动
600833.SH,2001-03-19,0.0499,4.6300,4.4100,18.174661,18.174661,因子未变动
600833.SH,2001-03-26,0.0497,4.8600,4.6300,18.174661,18.174661,因子未变动
600833.SH,2001-04-02,0.0494,5.1000,4.8600,18.174661,18.174661,因子未变动
600833.SH,2001-04-09,0.0510,5.3600,5.1000,18.174661,18.174661,因子未变动
600833.SH,2011-07-15,0.2885,9.8900,13.9000,26.450009,18.819470,因子未变动
600834.SH,2000-07-18,0.3102,19.5900,28.4000,1.863093,1.285141,因子未变动
600834.SH,2001-07-12,0.1305,15.3900,17.7000,2.142738,1.863093,因子未变动
600834.SH,2003-07-28,0.1006,8.3100,9.2400,2.401168,2.159492,因子未变动
600834.SH,2005-07-22,0.1000,4.4100,4.9000,2.721466,2.449320,因子未变动
600835.SH,2001-07-20,0.1810,14.0700,17.1800,1.830076,1.498787,因子未变动
600835.SH,2002-08-13,0.1011,11.8200,13.1500,2.035998,1.830076,因子未变动
600835.SH,2003-06-23,0.1732,10.5000,12.7000,2.462588,2.035998,因子未变动
600835.SH,2004-07-06,0.1751,8.2000,9.9400,2.985138,2.462588,因子未变动
600835.SH,2008-07-09,0.1721,13.2300,15.9800,3.824177,3.166074,因子未变动
600838.SH,2001-05-18,0.3336,10.0100,15.0200,6.517568,4.343599,因子未变动
600839.SH,2010-06-28,0.3339,4.0700,6.1100,16.118789,10.737066,因子未变动
600839.SH,2011-06-24,0.1990,3.2600,4.0700,20.123765,16.118789,因子未变动
600841.SH,2012-06-04,0.3767,12.0800,19.3800,2.204091,1.373860,因子未变动
600843.SH,2003-06-03,0.1307,10.4400,12.0100,1.524805,1.325476,因子未变动
600843.SH,2004-07-19,0.1303,6.8100,7.8300,1.753190,1.524805,因子未变动
600844.SH,2010-03-19,0.4999,19.4300,38.8500,5.334976,2.668174,因子未变动
600845.SH,2001-05-21,0.0492,22.1600,21.1200,1.105985,1.105985,因子未变动
600845.SH,2001-05-28,0.0451,23.1600,22.1600,1.105985,1.105985,因子未变动
600845.SH,2001-06-04,0.0354,23.9800,23.1600,1.105985,1.105985,因子未变动
600845.SH,2001-07-02,0.0407,23.5000,22.5800,1.174558,1.174558,因子未变动
600845.SH,2011-06-01,0.2406,17.8300,23.4800,1.625577,1.234414,因子未变动
600845.SH,2016-05-09,0.5031,20.2800,40.8100,3.392674,1.685945,因子未变动
600845.SH,2019-06-28,0.2387,28.6100,37.5800,4.515699,3.437844,因子未变动
600845.SH,2021-06-09,0.2417,48.3800,63.8000,5.998496,4.548703,因子未变动
600845.SH,2022-07-15,0.2451,40.2800,53.3600,7.946369,5.998496,因子未变动
600845.SH,2023-06-09,0.1789,44.6600,54.3900,9.677631,7.946369,因子未变动
600845.SH,2024-06-12,0.1865,34.0200,41.8200,11.896488,9.677631,因子未变动
600846.SH,2000-06-20,0.3748,13.1800,21.0800,5.533124,3.459515,因子未变动
600846.SH,2010-06-07,0.3357,6.6500,10.0100,8.976566,5.963453,因子未变动
600846.SH,2010-11-29,0.1684,7.2600,8.7300,10.794134,8.976566,因子未变动
600846.SH,2025-08-15,0.0197,9.9300,10.1300,1.020141,13.733170,因子未变动
600848.SH,2021-06-22,0.1779,18.3000,22.2600,1.920142,1.578553,因子未变动
600848.SH,2025-07-30,0.0203,9.6600,9.8600,1.020704,2.039891,因子未变动
600850.SH,2000-05-16,0.3334,25.6300,38.4500,2.220651,1.480242,因子未变动
600850.SH,2000-12-18,0.0985,26.4600,29.3500,2.463194,2.220651,因子未变动
600850.SH,2001-05-11,0.3345,16.8700,25.3500,3.701361,2.463194,因子未变动
600850.SH,2016-06-29,0.2379,28.5800,37.5000,4.985063,3.799283,因子未变动
600850.SH,2022-06-23,0.2428,18.4600,24.3800,6.969024,5.276791,因子未变动
600851.SH,2001-07-09,0.3387,16.4000,24.8000,3.502448,2.316135,因子未变动
600851.SH,2002-07-17,0.1711,14.9700,18.0600,4.225398,3.502448,因子未变动
600851.SH,2005-06-08,0.5054,4.5900,9.2800,8.684596,4.295506,因子未变动
600853.SH,2006-10-13,0.1569,3.0100,3.5700,1.446115,1.219274,因子未变动
600853.SH,2019-07-29,0.2334,3.5800,4.6700,1.937299,1.485125,因子未变动
600853.SH,2020-12-03,0.1701,2.8300,3.4100,2.355437,1.954805,因子未变动
600854.SH,2001-08-24,0.3011,13.3700,19.1300,4.231374,2.957317,因子未变动
600855.SH,2006-05-18,0.2303,6.7500,8.7700,1.460525,1.124121,因子未变动
600857.SH,2000-04-25,0.3753,28.7300,45.9900,4.009344,2.504641,因子未变动
600857.SH,2006-08-11,0.1429,3.4800,4.0600,4.771851,4.090158,因子未变动
600858.SH,2007-10-25,0.1015,36.5600,40.6900,2.091314,1.879047,因子未变动
600858.SH,2008-07-11,0.3339,23.0000,34.5300,3.139699,2.091314,因子未变动
600858.SH,2012-04-12,0.4454,11.2800,20.3400,5.710442,3.166853,因子未变动
600859.SH,2016-06-08,0.2619,15.9800,21.6500,3.500549,2.583777,因子未变动
600861.SH,2024-07-12,0.0292,15.9600,16.4400,1.000000,2.424728,因子未变动
600862.SH,2001-05-15,0.1724,14.9800,18.1000,3.223249,2.667639,因子未变动
600862.SH,2012-01-05,0.4994,4.4300,8.8500,6.439221,3.223249,因子未变动
600863.SH,2003-04-28,0.5054,5.4500,11.0200,4.080085,2.017828,因子未变动
600863.SH,2013-07-08,0.3602,3.5700,5.5800,7.270309,4.651435,因子未变动
600863.SH,2014-07-25,0.3833,2.5100,4.0700,11.788908,7.270309,因子未变动
600863.SH,2023-07-27,0.0437,3.5000,3.6600,1.000000,14.815126,因子未变动
600864.SH,2007-05-22,0.4999,35.9600,71.9100,3.343600,1.672032,因子未变动
600864.SH,2008-07-21,0.5030,8.2000,16.5000,6.727975,3.343600,因子未变动
600865.SH,2008-05-14,0.2834,13.3500,18.6300,3.930672,2.816665,因子未变动
600866.SH,2000-07-21,0.2394,13.1200,17.2500,4.828690,3.672604,因子未变动
600866.SH,2001-04-25,0.2354,13.4800,17.6300,6.315268,4.828690,因子未变动
600866.SH,2004-05-21,0.3866,4.8400,7.8900,10.443414,6.406353,因子未变动
600867.SH,2006-06-07,0.1634,3.7900,4.5300,4.561599,3.816437,因子未变动
600867.SH,2009-06-17,0.2305,12.0500,15.6600,5.928186,4.561599,因子未变动
600867.SH,2010-06-11,0.1665,11.3100,13.5700,7.112775,5.928186,因子未变动
600867.SH,2011-06-08,0.2592,8.6300,11.6500,9.601834,7.112775,因子未变动
600867.SH,2013-05-24,0.1768,13.4100,16.2900,11.977101,9.859602,因子未变动
600867.SH,2014-04-22,0.1052,11.5700,12.9300,13.384953,11.977101,因子未变动
600867.SH,2015-05-18,0.0969,28.2500,31.2800,14.820578,13.384953,因子未变动
600867.SH,2016-06-02,0.1732,20.6700,25.0000,17.925227,14.820578,因子未变动
600867.SH,2017-06-06,0.1749,16.5100,20.0100,21.725245,17.925227,因子未变动
600867.SH,2018-05-25,0.1719,25.4300,30.7100,26.236032,21.725245,因子未变动
600868.SH,2001-06-01,0.1722,6.0100,7.2600,16.270711,13.469280,因子未变动
600868.SH,2002-05-20,0.1100,4.2900,4.8200,18.280844,16.270711,因子未变动
600868.SH,2004-05-20,0.0960,4.0500,4.4800,21.573107,19.502476,因子未变动
600868.SH,2006-08-22,0.3274,1.8900,2.8100,32.074299,21.573107,因子未变动
600869.SH,2012-07-02,0.5211,11.2300,23.4500,4.255410,2.037879,因子未变动
600869.SH,2015-10-16,0.5000,9.0000,18.0000,8.839443,4.419721,因子未变动
600871.SH,2013-11-21,0.3333,3.0800,4.6200,1.642749,1.095166,因子未变动
600872.SH,2006-05-17,0.3785,3.5800,5.7600,7.303472,4.539311,因子未变动
600873.SH,2011-04-11,0.6316,17.5600,47.6700,3.930300,1.447788,因子未变动
600875.SH,2010-07-02,0.5018,21.0300,42.2100,2.231177,1.111624,因子未变动
600877.SH,2006-08-11,0.3111,2.7900,4.0500,3.942734,2.716106,因子未变动
600879.SH,2000-06-09,0.3333,26.1000,39.1500,2.698489,1.798993,因子未变动
600879.SH,2001-05-08,0.3120,17.4400,25.3500,4.057098,2.791156,因子未变动
600879.SH,2003-06-19,0.3354,9.6900,14.5800,6.155402,4.090936,因子未变动
600879.SH,2006-02-13,0.2843,8.9600,12.5200,8.717937,6.239035,因子未变动
600879.SH,2009-07-01,0.3336,9.1500,13.7300,13.247089,8.828177,因子未变动
600879.SH,2013-06-04,0.0957,9.2600,10.2400,14.965693,13.533430,因子未变动
600879.SH,2017-06-23,0.4997,8.0500,16.0900,30.138038,15.078387,因子未变动
600880.SH,2004-04-08,0.2883,13.8500,19.4600,4.051600,2.883590,因子未变动
600880.SH,2008-05-16,0.4481,17.3200,31.3800,8.021283,4.427298,因子未变动
600880.SH,2010-05-07,0.3781,19.3300,31.0800,13.032792,8.105658,因子未变动
600880.SH,2014-03-31,0.3820,10.7600,17.4100,21.915339,13.544461,因子未变动
600881.SH,2000-08-16,0.1005,10.3800,11.5400,9.969586,8.967444,因子未变动
600881.SH,2005-07-20,0.3344,2.1100,3.1700,15.915586,10.593656,因子未变动
600881.SH,2006-08-10,0.2789,3.6200,5.0200,22.070787,15.915586,因子未变动
600881.SH,2009-05-26,0.3395,7.4500,11.2800,33.417244,22.070787,因子未变动
600882.SH,2006-07-13,0.1311,3.3800,3.8900,1.658122,1.440733,因子未变动
600883.SH,2000-03-23,0.3332,17.6500,26.4700,1.549958,1.033501,因子未变动
600883.SH,2002-05-27,0.4454,8.6800,15.6500,2.798582,1.552185,因子未变动
600883.SH,2006-07-07,0.1609,6.3600,7.5800,3.345524,2.807063,因子未变动
600884.SH,2002-04-30,0.3448,7.8300,11.9500,7.222071,4.732119,因子未变动
600884.SH,2016-06-20,0.5023,18.5400,37.2500,16.717225,8.320466,因子未变动
600884.SH,2020-06-19,0.3159,10.4800,15.3200,24.805660,16.968885,因子未变动
600885.SH,2006-08-03,0.1556,5.9700,7.0700,2.175209,1.836775,因子未变动
600885.SH,2018-06-14,0.2922,30.7600,43.4600,3.137431,2.220603,因子未变动
600885.SH,2022-06-30,0.2911,39.7400,56.0600,4.544718,3.221675,因子未变动
600885.SH,2025-06-19,0.2974,22.3300,31.7800,6.649735,4.672391,因子未变动
600886.SH,2004-09-30,0.5000,9.1200,18.2400,8.840834,4.420417,因子未变动
600886.SH,2007-09-17,0.1656,18.1900,21.8000,12.099572,10.095927,因子未变动
600886.SH,2012-06-25,0.3349,4.3500,6.5400,19.634793,13.059839,因子未变动
600886.SH,2013-05-22,0.3831,4.0900,6.6300,31.828523,19.634793,因子未变动
600886.SH,2023-08-04,0.0205,12.9000,13.1700,1.000000,40.500784,因子未变动
600886.SH,2025-08-08,0.0296,15.1000,15.5600,1.030464,42.576400,因子未变动
600887.SH,2003-07-10,0.5041,12.1800,24.5600,5.538144,2.746522,因子未变动
600887.SH,2006-04-24,0.2532,13.3300,17.8500,7.802344,5.826624,因子未变动
600887.SH,2008-05-22,0.1664,16.7800,20.1300,9.390225,7.827520,因子未变动
600887.SH,2011-06-13,0.4999,18.0900,36.1700,18.775260,9.390225,因子未变动
600887.SH,2014-07-16,0.3492,22.0700,33.9100,29.452938,19.169162,因子未变动
600887.SH,2015-05-28,0.5092,21.3900,43.5800,60.007441,29.452938,因子未变动
600888.SH,2006-05-24,0.1258,16.4700,18.8400,1.514009,1.323552,因子未变动
600888.SH,2006-10-19,0.2865,18.4300,25.8300,2.125779,1.516768,因子未变动
600888.SH,2007-09-10,0.4451,29.2700,52.7500,3.833856,2.127336,因子未变动
600888.SH,2012-05-25,0.2341,11.5500,15.0800,5.076901,3.888475,因子未变动
600888.SH,2013-06-13,0.1768,6.8000,8.2600,6.166942,5.076901,因子未变动
600888.SH,2017-06-29,0.2333,6.2100,8.1000,8.138390,6.239432,因子未变动
600889.SH,2000-05-25,0.2311,9.9500,12.9400,1.728539,1.329132,因子未变动
600889.SH,2004-07-08,0.1694,6.1800,7.4400,2.112607,1.754827,因子未变动
600889.SH,2008-07-15,0.1695,5.3900,6.4900,2.836470,2.355712,因子未变动
600889.SH,2010-06-21,0.1712,6.7300,8.1200,3.422309,2.836470,因子未变动
600892.SH,2009-02-27,0.1997,5.4500,6.8100,1.252177,1.002109,因子未变动
600892.SH,2017-06-09,0.7500,16.0200,64.0800,5.008709,1.252177,因子未变动
600893.SH,2011-06-13,0.5018,15.0800,30.2700,3.013337,1.501194,因子未变动
600894.SH,2004-05-21,0.3559,5.0500,7.8400,2.757443,1.776159,因子未变动
600894.SH,2023-06-30,0.0232,7.5900,7.7700,1.000000,3.731847,因子未变动
600895.SH,2001-02-14,0.2283,23.8000,30.8400,2.813588,2.171316,因子未变动
600895.SH,2001-04-25,0.3509,19.0700,29.3800,4.334725,2.813588,因子未变动
600895.SH,2002-05-17,0.5000,8.1200,16.2400,8.669449,4.334725,因子未变动
600895.SH,2003-05-22,0.2304,6.6800,8.6800,11.265094,8.669449,因子未变动
600897.SH,2023-07-14,0.2888,14.2600,20.0500,5.681665,4.040924,因子未变动
600900.SH,2010-07-20,0.3528,8.1100,12.5300,1.848849,1.196661,因子未变动
600901.SH,2023-06-29,0.3263,4.1300,6.1300,1.835522,1.236657,因子未变动
600903.SH,2019-05-29,0.2883,13.1300,18.4500,1.406278,1.000782,因子未变动
600906.SH,2025-08-15,0.0132,7.4600,7.5600,1.013405,1.041872,因子未变动
600926.SH,2017-06-06,0.2954,15.5500,22.0700,1.419293,1.000000,因子未变动
600926.SH,2018-07-04,0.3050,7.6800,11.0500,2.042081,1.419293,因子未变动
600938.SH,2024-07-12,0.0178,33.2000,33.8000,1.000000,1.176589,因子未变动
600956.SH,2025-08-18,0.0262,7.7900,8.0000,1.026958,1.089137,因子未变动
600958.SH,2021-07-08,0.0254,9.6100,9.8600,1.026014,1.091141,因子未变动
600958.SH,2022-04-29,0.0184,9.0500,9.2200,1.140556,1.026014,因子未变动
600959.SH,2016-07-07,0.2309,11.3600,14.7700,1.309966,1.007529,因子未变动
600960.SH,2008-07-07,0.3379,5.8000,8.7600,1.542849,1.021521,因子未变动
600960.SH,2013-07-22,0.2330,6.7500,8.8000,2.048062,1.570956,因子未变动
600960.SH,2015-04-14,0.3761,11.2800,18.0800,3.289491,2.052293,因子未变动
600962.SH,2012-07-11,0.2344,8.0000,10.4500,1.392145,1.065757,因子未变动
600963.SH,2005-07-20,0.3438,4.3900,6.6900,1.523918,1.000000,因子未变动
600963.SH,2008-06-16,0.3343,11.2700,16.9300,2.353818,1.566895,因子未变动
600963.SH,2020-05-13,0.2319,3.8100,4.9600,3.431264,2.635709,因子未变动
600965.SH,2005-06-03,0.1071,2.7500,3.0800,1.120000,1.000000,因子未变动
600965.SH,2014-07-11,0.2382,5.4700,7.1800,1.519675,1.157747,因子未变动
600966.SH,2005-07-11,0.1775,6.2100,7.5500,1.215781,1.000000,因子未变动
600966.SH,2006-05-16,0.2304,5.5100,7.1600,1.579853,1.215781,因子未变动
600966.SH,2008-04-29,0.3774,14.6300,23.5000,2.551690,1.588563,因子未变动
600966.SH,2015-05-14,0.5000,5.7800,11.5600,5.194250,2.597125,因子未变动
600967.SH,2013-06-27,0.5020,11.0300,22.1500,2.118783,1.055087,因子未变动
600967.SH,2014-05-20,0.4474,10.3400,18.7100,3.833891,2.118783,因子未变动
600969.SH,2018-05-29,0.2886,7.4700,10.5000,1.539385,1.095163,因子未变动
600970.SH,2009-06-02,0.5003,29.0600,58.1600,2.149903,1.074212,因子未变动
600970.SH,2010-05-13,0.4451,18.6900,33.6800,3.893496,2.160613,因子未变动
600970.SH,2011-05-16,0.1673,31.3100,37.6000,4.711099,3.922992,因子未变动
600970.SH,2012-06-11,0.1909,14.0300,17.3400,5.925307,4.794236,因子未变动
600970.SH,2016-05-30,0.3457,6.1900,9.4600,9.282931,6.074137,因子未变动
600971.SH,2005-06-13,0.3373,10.5100,15.8600,1.509039,1.000000,因子未变动
600971.SH,2009-04-21,0.1767,20.3100,24.6700,2.084821,1.716365,因子未变动
600971.SH,2011-09-30,0.5614,19.2100,43.8000,4.842854,2.124000,因子未变动
600971.SH,2019-05-28,0.2116,5.9600,7.5600,6.781692,5.346413,因子未变动
600971.SH,2023-06-08,0.1100,8.0900,9.0900,9.210769,8.197483,因子未变动
600973.SH,2006-05-22,0.2350,6.7700,8.8500,1.353348,1.035273,因子未变动
600973.SH,2012-05-10,0.3331,8.5700,12.8500,2.077742,1.385701,因子未变动
600973.SH,2013-07-04,0.2673,6.9900,9.5400,2.835717,2.077742,因子未变动
600973.SH,2016-06-22,0.3792,7.8100,12.5800,4.641916,2.881825,因子未变动
600973.SH,2017-05-16,0.2676,5.7200,7.8100,6.338000,4.641916,因子未变动
600975.SH,2007-10-11,0.4444,12.2900,22.1200,1.893329,1.051944,因子未变动
600975.SH,2012-07-06,0.2308,6.6000,8.5800,2.550824,1.962172,因子未变动
600975.SH,2016-06-20,0.5016,7.6500,15.3500,5.165624,2.574399,因子未变动
600976.SH,2006-07-12,0.4996,7.0600,14.1100,2.016753,1.009091,因子未变动
600976.SH,2026-04-28,0.0271,32.2700,33.1700,3.188000,3.188000,因子未变动
600979.SH,2007-06-18,0.1821,10.7800,13.1800,1.265584,1.035129,因子未变动
600979.SH,2008-08-28,0.1660,4.0200,4.8200,1.517442,1.265584,因子未变动
600979.SH,2011-04-27,0.5003,7.5100,15.0300,3.036904,1.517442,因子未变动
600979.SH,2020-06-16,0.2357,3.0800,4.0300,4.230460,3.233205,因子未变动
600980.SH,2005-07-01,0.2402,5.8200,7.6600,1.316151,1.000000,因子未变动
600981.SH,2006-10-17,0.3333,3.2400,4.8600,1.634454,1.089636,因子未变动
600981.SH,2007-07-04,0.4763,11.2500,21.4800,3.120717,1.634454,因子未变动
600982.SH,2014-05-19,0.6034,5.7500,14.5000,2.881088,1.142500,因子未变动
600983.SH,2010-10-22,0.3763,14.7700,23.6800,1.779687,1.110049,因子未变动
600984.SH,2018-06-22,0.2303,5.1800,6.7300,1.378449,1.060976,因子未变动
600984.SH,2022-06-23,0.2357,5.7400,7.5100,1.824313,1.394348,因子未变动
600985.SH,2010-06-24,0.1727,13.2200,15.9800,1.283900,1.062150,因子未变动
600985.SH,2011-07-11,0.1728,13.7400,16.6100,1.552080,1.283900,因子未变动
600985.SH,2015-07-10,0.3408,9.7300,14.7600,2.417986,1.593971,因子未变动
600986.SH,2004-07-01,0.2428,9.4800,12.5200,1.320675,1.000000,因子未变动
600986.SH,2007-07-13,0.1678,10.2200,12.2800,1.586878,1.320675,因子未变动
600986.SH,2009-06-22,0.5022,6.8500,13.7600,3.187655,1.586878,因子未变动
600986.SH,2018-07-18,0.2904,6.1100,8.6100,4.566550,3.240606,因子未变动
600987.SH,2006-05-25,0.1475,3.4100,4.0000,1.209450,1.031056,因子未变动
600987.SH,2008-05-14,0.2454,6.9200,9.1700,1.621278,1.223472,因子未变动
600987.SH,2013-06-17,0.3472,6.4500,9.8800,2.758964,1.801146,因子未变动
600987.SH,2019-05-17,0.3286,7.0500,10.5000,4.617198,3.100119,因子未变动
600988.SH,2014-06-25,0.5000,6.7100,13.4200,2.204397,1.102199,因子未变动
600988.SH,2017-10-25,0.4996,6.5700,13.1300,4.405439,2.204397,因子未变动
600989.SH,2026-04-28,0.0140,29.6600,30.0800,1.196100,1.196100,因子未变动
600990.SH,2010-03-23,0.5007,31.3500,62.7900,2.094019,1.045509,因子未变动
600990.SH,2022-07-25,0.2372,31.8000,41.6900,2.819214,2.150420,因子未变动
600990.SH,2023-07-10,0.2330,23.7000,30.9000,3.675684,2.819214,因子未变动
600993.SH,2007-05-31,0.1701,60.5000,72.9000,1.248603,1.036221,因子未变动
600993.SH,2008-06-04,0.3378,29.4100,44.4100,1.885429,1.248603,因子未变动
600993.SH,2009-06-12,0.4458,22.8400,41.2100,3.401862,1.885429,因子未变动
600993.SH,2011-05-20,0.5005,19.3200,38.6800,6.882712,3.437797,因子未变动
600993.SH,2015-07-21,0.2316,24.2800,31.6000,9.204993,7.072698,因子未变动
600993.SH,2025-08-08,0.0215,28.1900,28.8100,1.021994,10.252750,因子未变动
600995.SH,2005-04-08,0.5176,6.7100,13.9100,2.073025,1.000000,因子未变动
600995.SH,2006-09-22,0.2089,7.6100,9.6200,2.716207,2.148683,因子未变动
600995.SH,2007-04-13,0.1737,9.8500,11.9200,3.287024,2.716207,因子未变动
600995.SH,2008-04-22,0.3359,10.2000,15.3600,4.949871,3.287024,因子未变动
600995.SH,2009-05-22,0.1689,7.5800,9.1200,5.955518,4.949871,因子未变动
600997.SH,2006-05-16,0.1614,8.2600,9.8500,1.236336,1.036765,因子未变动
600997.SH,2009-05-21,0.5026,19.3300,38.8600,2.552189,1.269527,因子未变动
600998.SH,2023-06-29,0.3514,9.7100,14.9700,1.691424,1.097109,因子未变动
600998.SH,2023-10-12,0.2861,7.5600,10.5900,2.369335,1.691424,因子未变动
600998.SH,2024-06-07,0.2517,5.5000,7.3500,3.166294,2.369335,因子未变动
600999.SH,2011-07-14,0.2434,14.0200,18.5300,1.352840,1.023574,因子未变动
600999.SH,2020-07-20,0.1707,23.7100,28.5900,1.902821,1.578030,因子未变动
601000.SH,2012-09-10,0.4441,3.7300,6.7100,1.848392,1.027497,因子未变动
601000.SH,2016-05-19,0.4544,4.3100,7.9000,3.528388,1.924982,因子未变动
601000.SH,2018-05-17,0.2445,3.4300,4.5400,4.755452,3.592775,因子未变动
601001.SH,2010-07-26,0.5078,16.4600,33.4400,2.072550,1.020161,因子未变动
601001.SH,2025-07-31,0.0520,13.6600,14.4100,1.054905,2.471407,因子未变动
601003.SH,2007-06-25,0.5025,19.2900,38.7700,2.009850,1.000000,因子未变动
601003.SH,2008-05-21,0.4512,8.7100,15.8700,3.662034,2.009850,因子未变动
601006.SH,2021-07-08,0.0724,6.1500,6.6300,1.078049,1.908607,因子未变动
601006.SH,2022-07-07,0.0724,6.1500,6.6300,2.218162,1.078049,因子未变动
601007.SH,2021-07-19,0.2349,6.2200,8.1300,1.456474,1.114301,因子未变动
601008.SH,2008-05-09,0.1687,8.0800,9.7200,1.202970,1.000000,因子未变动
601008.SH,2012-05-02,0.2361,3.8500,5.0400,1.592395,1.216413,因子未变动
601008.SH,2025-05-09,0.0111,5.3500,5.4100,1.000000,1.718429,因子未变动
601009.SH,2010-06-09,0.2366,9.6800,12.6800,1.371308,1.046866,因子未变动
601009.SH,2016-06-07,0.4569,9.7100,17.8800,3.254642,1.767482,因子未变动
601009.SH,2017-07-18,0.3014,8.3900,12.0100,4.658910,3.254642,因子未变动
601010.SH,2013-05-08,0.3602,7.8500,12.2700,1.605411,1.027097,因子未变动
601010.SH,2015-04-10,0.6029,19.5300,49.1800,4.250620,1.687975,因子未变动
601011.SH,2015-09-28,0.6000,5.5200,13.8000,2.583810,1.033524,因子未变动
601012.SH,2012-06-26,0.4494,9.3600,17.0000,1.816239,1.000000,因子未变动
601012.SH,2015-05-05,0.6675,17.9500,53.9800,5.479423,1.822076,因子未变动
601012.SH,2018-05-29,0.2894,25.0500,35.2500,7.783981,5.531595,因子未变动
601012.SH,2019-04-17,0.1912,21.9100,27.0900,9.624283,7.783981,因子未变动
601012.SH,2021-06-23,0.2873,78.1800,109.7000,13.687946,9.755002,因子未变动
601012.SH,2022-06-06,0.2881,56.9400,79.9800,19.226587,13.687946,因子未变动
601015.SH,2016-07-22,0.3333,7.6000,11.4000,1.506772,1.004515,因子未变动
601015.SH,2019-05-09,0.2371,4.2800,5.6100,1.980004,1.510591,因子未变动
601015.SH,2021-07-08,0.1397,7.7000,8.9500,2.406264,2.070194,因子未变动
601016.SH,2017-04-19,0.5029,4.2200,8.4900,2.023307,1.005695,因子未变动
601016.SH,2022-11-28,0.1129,3.9300,4.4300,2.458156,2.180712,因子未变动
601020.SH,2023-06-16,0.2854,9.3900,13.1400,1.439393,1.028607,因子未变动
601021.SH,2015-10-21,0.5000,65.2900,130.5800,2.003500,1.001750,因子未变动
601058.SH,2015-05-08,0.5052,9.9400,20.0900,2.114214,1.046057,因子未变动
601058.SH,2016-05-06,0.5506,4.0400,8.9900,4.704649,2.114214,因子未变动
601086.SH,2021-10-14,0.1147,3.8600,4.3600,1.249904,1.106566,因子未变动
601088.SH,2017-07-10,0.1332,19.3200,22.2900,1.529732,1.325905,因子未变动
601098.SH,2023-06-30,0.0488,11.7000,12.3000,1.000000,1.484598,因子未变动
601098.SH,2024-07-12,0.0453,11.5800,12.1300,1.000000,1.560732,因子未变动
601099.SH,2012-07-10,0.0952,6.0800,6.7200,1.107042,1.001609,因子未变动
601099.SH,2014-10-09,0.3330,6.5900,9.8800,1.665727,1.111046,因子未变动
601099.SH,2016-01-25,0.1017,6.8000,7.5700,1.860753,1.671482,因子未变动
601099.SH,2016-09-27,0.3333,4.6600,6.9900,2.823538,1.882359,因子未变动
601100.SH,2012-06-21,0.3427,11.6400,17.7100,1.521478,1.000000,因子未变动
601100.SH,2018-06-22,0.2911,20.3100,28.6500,2.235472,1.584727,因子未变动
601100.SH,2020-07-01,0.3294,53.7800,80.2000,3.365541,2.256843,因子未变动
601101.SH,2011-07-04,0.5507,30.1700,67.1500,2.279114,1.023989,因子未变动
601101.SH,2012-07-12,0.1837,13.9100,17.0400,2.791955,2.279114,因子未变动
601101.SH,2022-07-01,0.2107,8.1300,10.3000,4.080786,3.221047,因子未变动
601108.SH,2025-07-25,0.0131,8.2700,8.3800,1.013301,1.179059,因子未变动
601113.SH,2012-06-05,0.5060,5.7200,11.5800,2.024476,1.000000,因子未变动
601126.SH,2015-10-12,0.5000,14.2500,28.5000,2.137152,1.068576,因子未变动
601126.SH,2021-04-29,0.1075,8.1400,9.1200,2.690841,2.401693,因子未变动
601128.SH,2024-05-29,0.1172,7.7600,8.7900,1.361467,1.201932,因子未变动
601128.SH,2025-06-05,0.1188,7.0500,8.0000,1.544927,1.361467,因子未变动
601137.SH,2016-04-22,0.5023,11.7800,23.6700,2.101055,1.045645,因子未变动
601138.SH,2025-07-31,0.0192,32.6400,33.2800,1.019608,1.161775,因子未变动
601139.SH,2012-06-14,0.3403,8.2400,12.4900,1.549079,1.021971,因子未变动
601139.SH,2018-06-22,0.2465,5.4100,7.1800,2.207452,1.663275,因子未变动
601155.SH,2016-04-21,0.2362,11.0600,14.4800,1.309222,1.000000,因子未变动
601162.SH,2020-03-19,0.1147,6.3300,7.1500,1.130689,1.001015,因子未变动
601163.SH,2025-07-24,0.0361,14.1400,14.6700,1.037483,1.202974,因子未变动
601166.SH,2011-05-06,0.4534,15.3700,28.1200,2.039570,1.114801,因子未变动
601166.SH,2013-07-03,0.3599,9.1400,14.2800,3.269172,2.092453,因子未变动
601168.SH,2023-05-18,0.1086,11.4900,12.8900,1.309859,1.167594,因子未变动
601169.SH,2012-07-11,0.1848,7.6300,9.3600,1.295290,1.055883,因子未变动
601169.SH,2014-07-17,0.1851,6.6900,8.2100,1.674251,1.364280,因子未变动
601169.SH,2015-07-17,0.1832,10.3900,12.7200,2.049708,1.674251,因子未变动
601169.SH,2016-07-11,0.1864,8.6000,10.5700,2.519235,2.049708,因子未变动
601169.SH,2017-07-12,0.1891,7.5900,9.3600,3.106724,2.519235,因子未变动
601186.SH,2023-08-02,0.0260,10.5000,10.7800,1.000000,1.329086,因子未变动
601188.SH,2025-07-24,0.0191,3.6000,3.6700,1.019444,1.296666,因子未变动
601199.SH,2015-12-18,0.4999,20.2500,40.4900,2.084150,1.042332,因子未变动
601199.SH,2016-06-15,0.5056,8.0000,16.1800,4.215193,2.084150,因子未变动
601200.SH,2019-05-06,0.2349,11.3000,14.7700,1.313731,1.005089,因子未变动
601200.SH,2024-07-26,0.1761,7.3000,8.8600,1.647415,1.357351,因子未变动
601208.SH,2012-05-07,0.5122,9.8000,20.0900,2.074473,1.011938,因子未变动
601208.SH,2021-07-08,0.2329,12.8100,16.7000,1.303669,2.263902,因子未变动
601216.SH,2012-05-24,0.5027,8.2900,16.6700,2.010856,1.000000,因子未变动
601216.SH,2014-07-07,0.3784,6.7200,10.8100,3.251129,2.021053,因子未变动
601216.SH,2015-07-15,0.4457,11.5300,20.8000,5.865003,3.251129,因子未变动
601216.SH,2016-08-10,0.5006,3.9800,7.9700,11.744743,5.865003,因子未变动
601216.SH,2020-05-26,0.1171,2.6400,2.9900,14.281689,12.609919,因子未变动
601218.SH,2013-06-03,0.5454,4.4600,9.8100,2.199552,1.000000,因子未变动
601222.SH,2012-05-31,0.1792,10.6700,13.0000,1.218369,1.000000,因子未变动
601222.SH,2016-09-28,0.7160,10.1100,35.6000,4.521212,1.283973,因子未变动
601225.SH,2023-07-12,0.1145,16.8600,19.0400,1.545637,1.368668,因子未变动
601226.SH,2015-06-11,0.3362,22.4500,33.8200,1.506459,1.000000,因子未变动
601228.SH,2024-07-12,0.0129,3.0600,3.1000,1.000000,1.073289,因子未变动
601228.SH,2025-08-08,0.0118,3.3500,3.3900,1.011940,1.087319,因子未变动
601229.SH,2017-07-20,0.2448,20.5500,27.2100,1.324088,1.000000,因子未变动
601229.SH,2018-07-17,0.3085,10.6900,15.4600,1.914911,1.324088,因子未变动
601229.SH,2019-07-03,0.2594,9.0800,12.2600,2.585551,1.914911,因子未变动
601231.SH,2015-06-23,0.5023,20.5800,41.3500,2.050188,1.020384,因子未变动
601233.SH,2011-09-06,0.5119,16.2400,33.2700,2.048645,1.000000,因子未变动
601233.SH,2018-05-15,0.2896,17.6100,24.7900,3.020973,2.146000,因子未变动
601236.SH,2021-08-04,0.1040,11.9700,13.3600,1.135222,1.017111,因子未变动
601238.SH,2018-06-12,0.3019,13.3200,19.0800,1.586444,1.107518,因子未变动
601311.SH,2012-05-21,0.5091,10.8300,22.0600,2.036934,1.000000,因子未变动
601311.SH,2020-07-13,0.2473,7.5500,10.0300,2.892126,2.177024,因子未变动
601318.SH,2015-07-27,0.5031,40.0600,80.6200,2.189507,1.087964,因子未变动
601319.SH,2025-08-08,0.0143,8.2500,8.3700,1.014546,1.162812,因子未变动
601330.SH,2023-07-26,0.0159,7.4100,7.5300,1.000000,1.053767,因子未变动
601330.SH,2025-07-30,0.0271,7.1700,7.3700,1.027893,1.115431,因子未变动
601330.SH,2025-11-11,0.0132,7.4900,7.5900,1.161852,1.027893,因子未变动
601333.SH,2025-08-15,0.0236,2.8900,2.9600,1.024222,1.370676,因子未变动
601336.SH,2025-08-08,0.0299,64.5000,66.4900,1.030853,1.275653,因子未变动
601339.SH,2015-06-29,0.5051,10.7500,21.7200,2.096610,1.037687,因子未变动
601360.SH,2013-04-08,0.4572,6.9100,12.7300,1.868205,1.014085,因子未变动
601369.SH,2011-04-22,0.3471,15.7800,24.1700,1.531686,1.000000,因子未变动
601377.SH,2014-09-19,0.5000,5.9100,11.8200,2.081148,1.040574,因子未变动
601388.SH,2014-07-03,0.2350,8.1700,10.6800,1.331928,1.018900,因子未变动
601388.SH,2016-07-26,0.7370,5.3000,20.1500,5.069700,1.333470,因子未变动
601500.SH,2022-07-13,0.1816,3.7400,4.5700,1.298524,1.062687,因子未变动
601515.SH,2014-06-23,0.5000,12.2400,24.4800,2.187700,1.093850,因子未变动
601515.SH,2019-04-23,0.1975,10.7700,13.4200,3.077768,2.470012,因子未变动
601515.SH,2022-05-23,0.2305,4.5400,5.9000,4.289018,3.300363,因子未变动
601518.SH,2023-06-29,0.2865,2.4400,3.4200,1.612170,1.150204,因子未变动
601519.SH,2012-05-17,0.5040,6.1900,12.4800,2.033789,1.008746,因子未变动
601519.SH,2013-06-20,0.2309,4.0300,5.2400,2.644430,2.033789,因子未变动
601528.SH,2023-05-10,0.2445,6.1500,8.1400,1.353099,1.022305,因子未变动
601528.SH,2025-05-09,0.0380,5.0600,5.2600,1.000000,1.402403,因子未变动
601567.SH,2012-06-29,0.3574,8.9000,13.8500,1.556180,1.000000,因子未变动
601567.SH,2015-06-17,0.6007,22.0600,55.2500,4.342650,1.733916,因子未变动
601568.SH,2022-06-01,0.1322,6.7600,7.7900,1.185142,1.028441,因子未变动
601568.SH,2023-11-03,0.0565,5.0100,5.3100,1.000000,1.243391,因子未变动
601595.SH,2020-07-24,0.1722,14.4700,17.4800,1.259175,1.042349,因子未变动
601599.SH,2012-04-12,0.3451,7.4200,11.3300,1.526954,1.000000,因子未变动
601599.SH,2016-06-08,0.5022,11.3400,22.7800,3.118005,1.552159,因子未变动
601600.SH,2025-08-08,0.0172,7.4100,7.5400,1.017544,1.056844,因子未变动
601600.SH,2025-10-17,0.0138,8.6000,8.7200,1.090391,1.017544,因子未变动
601601.SH,2024-07-12,0.0361,27.2300,28.2500,1.000000,1.513352,因子未变动
601607.SH,2001-05-15,0.1486,17.7100,20.8000,3.476142,2.959735,因子未变动
601607.SH,2003-06-19,0.3430,9.3100,14.1700,5.325871,3.499214,因子未变动
601607.SH,2007-08-16,0.1668,14.1900,17.0300,7.259960,6.049256,因子未变动
601607.SH,2010-03-05,0.6945,4.5000,14.7300,7.341383,7.341383,因子未变动
601608.SH,2015-08-25,0.3368,7.5600,11.4000,1.566252,1.038672,因子未变动
601611.SH,2023-07-26,0.0101,7.8800,7.9600,1.000000,1.046438,因子未变动
601616.SH,2012-05-15,0.4500,5.5500,10.0900,1.854598,1.020121,因子未变动
601633.SH,2015-10-13,0.6689,12.3400,37.2700,3.269646,1.082571,因子未变动
601636.SH,2015-09-23,0.6034,4.8300,12.1800,2.671678,1.059459,因子未变动
601666.SH,2009-06-24,0.2546,26.7600,35.9000,1.371864,1.022593,因子未变动
601666.SH,2010-06-18,0.2380,16.2300,21.3000,1.800414,1.371864,因子未变动
601666.SH,2011-06-20,0.2394,13.3100,17.5000,2.367185,1.800414,因子未变动
601668.SH,2018-06-29,0.3053,5.3700,7.7300,1.768151,1.228327,因子未变动
601668.SH,2023-06-30,0.0418,5.7300,5.9800,1.000000,2.066571,因子未变动
601677.SH,2022-05-11,0.2916,24.4400,34.5000,1.564959,1.108626,因子未变动
601678.SH,2011-03-10,0.3355,20.4200,30.7300,1.504897,1.000000,因子未变动
601678.SH,2015-04-15,0.3407,10.2000,15.4700,2.403672,1.584839,因子未变动
601678.SH,2016-04-25,0.1852,5.5000,6.7500,2.949961,2.403672,因子未变动
601678.SH,2018-04-17,0.2494,6.7700,9.0200,3.988432,2.993535,因子未变动
601686.SH,2022-01-26,0.0149,9.9200,10.0700,1.035573,1.000000,因子未变动
601688.SH,2025-08-15,0.0169,21.4700,21.8400,1.017233,1.359188,因子未变动
601689.SH,2019-07-10,0.3279,10.7600,16.0100,1.531101,1.029022,因子未变动
601689.SH,2024-07-19,0.3170,39.4000,57.6900,2.290570,1.564369,因子未变动
601699.SH,2008-06-03,0.4495,43.0400,78.1900,1.833049,1.009009,因子未变动
601699.SH,2011-06-28,0.5076,32.4900,65.9800,3.934952,1.937657,因子未变动
601699.SH,2015-06-11,0.2326,12.1100,15.7800,5.389483,4.136035,因子未变动
601699.SH,2023-06-08,0.1462,16.6400,19.4900,7.549113,6.445215,因子未变动
601700.SH,2013-04-02,0.5135,8.8200,18.1300,2.111771,1.027348,因子未变动
601700.SH,2015-05-13,0.6047,14.4900,36.6600,5.450083,2.154165,因子未变动
601717.SH,2012-03-13,0.5018,15.5400,31.1900,2.044231,1.018511,因子未变动
601717.SH,2025-07-25,0.0629,16.7000,17.8200,1.067066,2.760944,因子未变动
601789.SH,2016-06-24,0.5055,5.4300,10.9800,2.125965,1.051365,因子未变动
601789.SH,2023-06-30,0.0209,4.6900,4.7900,1.000000,2.392373,因子未变动
601801.SH,2016-06-13,0.5052,11.8300,23.9100,2.149150,1.063340,因子未变动
601818.SH,2025-07-24,0.0189,4.1600,4.2400,1.019231,1.973511,因子未变动
601818.SH,2026-02-05,0.0297,3.2700,3.3700,2.072976,1.019231,因子未变动
601827.SH,2025-08-11,0.0275,8.4900,8.7300,1.028268,1.109364,因子未变动
601828.SH,2020-07-06,0.1115,9.8000,11.0300,1.174510,1.043536,因子未变动
601838.SH,2023-07-26,0.0567,12.8100,13.5800,1.000000,1.202787,因子未变动
601857.SH,2023-09-20,0.0252,8.1100,8.3200,1.000000,1.577538,因子未变动
601868.SH,2025-08-15,0.0120,2.4700,2.5000,1.012146,1.040354,因子未变动
601872.SH,2021-06-24,0.1843,4.6900,5.7500,1.533419,1.250737,因子未变动
601877.SH,2015-05-21,0.2366,30.6200,40.1100,1.579319,1.205653,因子未变动
601880.SH,2016-08-01,0.5714,2.5500,5.9500,2.531937,1.085116,因子未变动
601882.SH,2026-04-30,0.0150,19.7200,20.0200,1.107700,1.107700,因子未变动
601886.SH,2013-05-14,0.5052,11.8200,23.8900,2.043924,1.011268,因子未变动
601886.SH,2026-04-30,0.0362,9.3200,9.6700,2.977000,2.977000,因子未变动
601888.SH,2017-06-16,0.5086,28.1400,57.2700,2.139582,1.051298,因子未变动
601890.SH,2011-06-08,0.2378,12.7900,16.7800,1.311962,1.000000,因子未变动
601890.SH,2015-06-09,0.5130,15.4200,31.6600,2.753379,1.341033,因子未变动
601898.SH,2023-07-26,0.0463,8.4400,8.8500,1.000000,1.270941,因子未变动
601899.SH,2011-07-04,0.3425,4.8000,7.3000,1.575694,1.036073,因子未变动
601900.SH,2023-07-27,0.0218,20.6000,21.0600,1.000000,1.191374,因子未变动
601908.SH,2012-06-11,0.5076,9.3500,18.9900,2.031016,1.000000,因子未变动
601908.SH,2015-09-28,0.4996,6.3800,12.7500,4.095396,2.049304,因子未变动
601918.SH,2013-08-15,0.2954,5.3200,7.5500,1.510303,1.064213,因子未变动
601919.SH,2021-07-14,0.2309,23.7500,30.8800,1.355966,1.042882,因子未变动
601919.SH,2022-12-14,0.1550,10.9600,12.9700,1.703512,1.439513,因子未变动
601919.SH,2023-06-28,0.1279,9.4800,10.8700,1.953288,1.703512,因子未变动
601928.SH,2024-07-12,0.0465,10.2500,10.7500,1.000000,1.468268,因子未变动
601929.SH,2015-10-09,0.5000,5.6900,11.3800,2.133139,1.066570,因子未变动
601933.SH,2013-05-10,0.5055,13.5200,27.3400,2.045261,1.011409,因子未变动
601933.SH,2014-04-14,0.5074,6.3400,12.8700,4.151815,2.045261,因子未变动
601933.SH,2016-06-03,0.5086,4.2700,8.6900,8.555429,4.203876,因子未变动
601939.SH,2024-07-12,0.0520,7.2900,7.6900,1.000000,2.209785,因子未变动
601939.SH,2025-05-09,0.0226,9.1000,9.3100,1.000000,2.385499,因子未变动
601939.SH,2025-12-11,0.0207,9.0000,9.1900,2.492071,1.000000,因子未变动
601952.SH,2018-05-28,0.2447,8.4900,11.2400,1.323910,1.000000,因子未变动
601958.SH,2009-05-19,0.1870,13.3500,16.4200,1.229963,1.000000,因子未变动
601958.SH,2025-08-08,0.0308,12.6000,13.0000,1.031746,1.586702,因子未变动
601965.SH,2015-05-29,0.3363,14.8800,22.4200,1.547303,1.026935,因子未变动
601965.SH,2023-07-26,0.0130,22.8200,23.1200,1.000000,1.795577,因子未变动
601990.SH,2019-07-30,0.1749,8.1600,9.8900,1.212010,1.000000,因子未变动
601991.SH,2007-07-30,0.5030,18.8400,37.9100,2.012208,1.000000,因子未变动
601992.SH,2016-07-06,0.5013,3.9600,7.9400,2.103967,1.049333,因子未变动
601996.SH,2012-05-16,0.5045,5.5100,11.1200,2.018149,1.000000,因子未变动
601996.SH,2017-05-04,0.5042,5.3500,10.7900,4.185072,2.075082,因子未变动
601997.SH,2019-06-17,0.3078,8.9500,12.9300,1.508976,1.044496,因子未变动
603000.SH,2014-06-27,0.5032,38.0200,76.5300,2.034414,1.010694,因子未变动
603000.SH,2015-07-14,0.5018,24.8400,49.8600,4.083570,2.034414,因子未变动
603002.SH,2015-12-23,0.3331,8.1100,12.1600,1.534016,1.023098,因子未变动
603004.SH,2024-07-12,0.0130,16.7100,16.9300,1.000000,1.000000,因子未变动
603005.SH,2020-05-19,0.2864,72.8600,102.1000,1.428097,1.019110,因子未变动
603005.SH,2021-06-15,0.1699,50.3300,60.6300,1.720356,1.428097,因子未变动
603005.SH,2022-05-20,0.3806,19.9500,32.2100,2.777578,1.720356,因子未变动
603006.SH,2016-05-26,0.5034,23.1500,46.6200,2.021964,1.004043,因子未变动
603007.SH,2017-05-25,0.6012,19.1600,48.0500,2.507829,1.000000,因子未变动
603007.SH,2024-12-26,0.4620,8.2800,15.3900,4.781018,2.572244,因子未变动
603008.SH,2013-06-14,0.3445,7.2300,11.0300,1.525588,1.000000,因子未变动
603009.SH,2017-07-28,0.5999,14.6100,36.5200,2.537567,1.015166,因子未变动
603010.SH,2016-04-26,0.5476,21.2300,46.9300,2.216177,1.002545,因子未变动
603010.SH,2019-05-28,0.2922,12.2100,17.2500,3.161734,2.237958,因子未变动
603010.SH,2021-04-27,0.2963,18.9800,26.9700,4.544487,3.198160,因子未变动
603011.SH,2016-05-10,0.5023,10.5900,21.2800,2.016850,1.003686,因子未变动
603012.SH,2016-06-15,0.5012,12.7600,25.5800,2.011491,1.003386,因子未变动
603015.SH,2016-06-22,0.5018,13.5500,27.2000,2.012348,1.002475,因子未变动
603017.SH,2015-04-24,0.5032,47.2900,95.1800,2.012688,1.000000,因子未变动
603017.SH,2016-06-03,0.5019,19.7700,39.6900,4.040646,2.012688,因子未变动
603018.SH,2016-05-11,0.5039,31.7000,63.9000,2.024640,1.004399,因子未变动
603018.SH,2018-04-26,0.3347,18.2100,27.3700,3.070159,2.042660,因子未变动
603018.SH,2019-05-17,0.3373,12.9300,19.5100,4.632544,3.070159,因子未变动
603018.SH,2020-06-02,0.1825,10.5300,12.8800,5.666398,4.632544,因子未变动
603018.SH,2021-06-10,0.1867,8.3200,10.2300,6.967218,5.666398,因子未变动
603019.SH,2016-04-25,0.5010,34.0700,68.2800,2.005420,1.000654,因子未变动
603019.SH,2019-04-23,0.2874,42.8600,60.1500,2.828852,2.015704,因子未变动
603019.SH,2020-05-08,0.2877,37.1200,52.1100,3.971214,2.828852,因子未变动
603020.SH,2016-05-13,0.5092,21.3100,43.4200,2.046404,1.004350,因子未变动
603021.SH,2017-05-25,0.6176,13.8900,36.3200,2.630765,1.006094,因子未变动
603022.SH,2016-05-31,0.6009,19.9300,49.9400,2.505770,1.000000,因子未变动
603023.SH,2015-09-24,0.3332,24.9300,37.3900,1.499799,1.000000,因子未变动
603023.SH,2016-06-15,0.6675,19.5000,58.6500,4.510935,1.499799,因子未变动
603023.SH,2019-06-13,0.1828,4.3800,5.3600,5.652181,4.618760,因子未变动
603023.SH,2020-06-09,0.1739,4.7500,5.7500,6.842114,5.652181,因子未变动
603025.SH,2018-05-22,0.3071,23.0800,33.3100,1.488536,1.031384,因子未变动
603025.SH,2018-08-30,0.3101,14.2600,20.6700,2.157647,1.488536,因子未变动
603025.SH,2023-06-20,0.1779,12.2900,14.9500,2.849356,2.342381,因子未变动
603027.SH,2017-06-07,0.5029,16.5100,33.2100,2.017810,1.003133,因子未变动
603027.SH,2019-05-23,0.2921,17.6700,24.9600,2.867780,2.030195,因子未变动
603027.SH,2020-06-11,0.2880,27.7400,38.9600,4.027711,2.867780,因子未变动
603027.SH,2021-06-18,0.1693,23.1600,27.8800,4.848557,4.027711,因子未变动
603027.SH,2022-06-22,0.1705,15.4700,18.6500,5.845222,4.848557,因子未变动
603027.SH,2025-07-30,0.0400,11.9900,12.4900,1.041701,6.071172,因子未变动
603027.SH,2025-10-23,0.2376,8.7900,11.5300,8.295760,1.041701,因子未变动
603028.SH,2021-06-24,0.2352,9.6900,12.6700,1.320237,1.009716,因子未变动
603029.SH,2022-05-27,0.2366,11.6500,15.2600,1.345009,1.026826,因子未变动
603030.SH,2017-06-23,0.6674,9.7100,29.1900,3.015419,1.003073,因子未变动
603030.SH,2023-12-26,0.1444,2.3100,2.7000,3.589476,3.070996,因子未变动
603031.SH,2018-06-07,0.2904,16.3200,23.0000,1.416101,1.004816,因子未变动
603031.SH,2024-04-19,0.3175,29.5200,43.2500,2.074741,1.416101,因子未变动
603031.SH,2026-04-29,0.3117,39.5200,57.4200,2.098900,2.098900,因子未变动
603032.SH,2018-06-22,0.1699,14.1200,17.0100,1.207313,1.002191,因子未变动
603032.SH,2023-06-12,0.2857,32.7700,45.8800,1.694398,1.210232,因子未变动
603033.SH,2017-06-23,0.2920,24.6400,34.8000,1.412338,1.000000,因子未变动
603033.SH,2019-05-29,0.2892,17.9400,25.2400,2.002973,1.423667,因子未变动
603033.SH,2020-06-04,0.2914,20.3000,28.6500,2.826857,2.002973,因子未变动
603033.SH,2021-06-08,0.2907,15.6900,22.1200,3.985345,2.826857,因子未变动
603033.SH,2022-06-24,0.2306,21.6500,28.1400,5.180029,3.985345,因子未变动
603033.SH,2023-07-17,0.2310,16.0800,20.9100,6.735970,5.180029,因子未变动
603037.SH,2017-06-23,0.2412,39.3000,51.7900,1.317812,1.000000,因子未变动
603037.SH,2023-06-30,0.2552,13.6000,18.2600,1.000000,1.571295,因子未变动
603037.SH,2024-06-28,0.3048,12.9300,18.6000,3.034828,2.109695,因子未变动
603037.SH,2025-06-23,0.3008,11.6700,16.6900,4.340298,3.034828,因子未变动
603038.SH,2018-05-14,0.2907,27.7400,39.1100,1.424339,1.010258,因子未变动
603038.SH,2019-05-17,0.2973,14.0400,19.9800,2.026944,1.424339,因子未变动
603038.SH,2020-07-08,0.2955,11.9700,16.9900,2.877008,2.026944,因子未变动
603038.SH,2024-06-06,0.2346,7.4700,9.7600,3.839487,2.938624,因子未变动
603039.SH,2018-05-15,0.3252,73.7000,109.2200,1.485152,1.002158,因子未变动
603039.SH,2019-05-17,0.3253,66.5300,98.6100,2.201276,1.485152,因子未变动
603039.SH,2020-05-11,0.2869,64.0000,89.7500,3.086945,2.201276,因子未变动
603039.SH,2021-05-24,0.1682,67.4900,81.1400,3.711287,3.086945,因子未变动
603040.SH,2018-06-01,0.2377,45.0200,59.0600,1.317221,1.004085,因子未变动
603040.SH,2020-06-09,0.2431,23.8500,31.5100,1.764797,1.335780,因子未变动
603040.SH,2021-06-11,0.2423,21.6700,28.6000,2.329174,1.764797,因子未变动
603041.SH,2020-05-11,0.2939,13.3600,18.9200,1.439813,1.016697,因子未变动
603043.SH,2021-06-02,0.2930,27.3100,38.6300,1.468362,1.038079,因子未变动
603045.SH,2019-06-05,0.2888,19.0100,26.7300,1.406102,1.000000,因子未变动
603048.SH,2025-07-31,0.0146,18.9100,19.1900,1.014806,1.053332,因子未变动
603050.SH,2017-09-26,0.1721,31.3200,37.8300,1.207854,1.000000,因子未变动
603050.SH,2023-06-06,0.3014,15.9500,22.8300,1.850787,1.293038,因子未变动
603050.SH,2024-06-07,0.1771,25.9800,31.5700,2.249012,1.850787,因子未变动
603050.SH,2025-03-31,0.3303,15.4700,23.1000,3.358253,2.249012,因子未变动
603051.SH,2025-08-08,0.2956,20.2100,28.6900,1.419594,1.015252,因子未变动
603052.SH,2023-05-16,0.2948,27.6300,39.1800,1.418024,1.000000,因子未变动
603052.SH,2024-06-03,0.2941,30.2700,42.8800,2.008750,1.418024,因子未变动
603052.SH,2025-06-23,0.2871,26.2200,36.7800,2.817766,2.008750,因子未变动
603055.SH,2019-06-11,0.2981,7.9100,11.2700,1.446351,1.015141,因子未变动
603059.SH,2019-06-18,0.2029,23.9200,30.0100,1.254599,1.000000,因子未变动
603060.SH,2019-06-14,0.2925,19.6900,27.8300,1.437861,1.017301,因子未变动
603060.SH,2020-06-17,0.2912,18.4500,26.0300,2.028593,1.437861,因子未变动
603060.SH,2021-06-28,0.2902,17.7800,25.0500,2.858056,2.028593,因子未变动
603060.SH,2022-06-09,0.1743,11.5600,14.0000,3.461314,2.858056,因子未变动
603060.SH,2023-06-21,0.1002,10.3300,11.4800,3.846649,3.461314,因子未变动
603061.SH,2026-04-16,0.3111,229.8500,333.6600,1.462505,1.007483,因子未变动
603062.SH,2023-12-19,0.0194,60.7300,61.9300,1.000000,1.000000,因子未变动
603066.SH,2017-06-09,0.6678,15.5700,46.8700,3.027471,1.005712,因子未变动
603067.SH,2018-05-08,0.2919,11.3300,16.0000,1.419901,1.005467,因子未变动
603067.SH,2019-05-21,0.2953,6.4200,9.1100,2.014844,1.419901,因子未变动
603067.SH,2023-06-30,0.0172,12.0300,12.2400,1.000000,2.097333,因子未变动
603067.SH,2025-06-24,0.2904,14.3200,20.1800,3.058501,2.170354,因子未变动
603076.SH,2021-06-17,0.2873,46.7500,65.6000,1.424181,1.014946,因子未变动
603077.SH,2014-07-11,0.5015,6.7500,13.5400,2.069911,1.031898,因子未变动
603077.SH,2015-09-02,0.6668,6.2800,18.8500,6.239531,2.078740,因子未变动
603077.SH,2017-07-05,0.5465,2.3400,5.1600,13.786594,6.252060,因子未变动
603078.SH,2018-05-04,0.2896,40.3600,56.8100,1.407582,1.000000,因子未变动
603078.SH,2019-05-15,0.2349,22.0200,28.7800,1.839700,1.407582,因子未变动
603078.SH,2020-05-06,0.2327,31.8800,41.5500,2.397728,1.839700,因子未变动
603078.SH,2021-05-12,0.2343,20.5600,26.8500,3.131274,2.397728,因子未变动
603078.SH,2022-05-12,0.2330,24.3000,31.6800,4.082253,3.131274,因子未变动
603078.SH,2023-05-24,0.2330,17.4100,22.7000,5.322639,4.082253,因子未变动
603079.SH,2018-06-08,0.2898,33.8400,47.6500,1.408097,1.000000,因子未变动
603079.SH,2020-06-08,0.2878,29.1300,40.9000,1.985996,1.414476,因子未变动
603083.SH,2018-08-23,0.2354,24.1600,31.6000,1.307947,1.000000,因子未变动
603083.SH,2019-08-22,0.2351,24.7900,32.4100,1.709986,1.307947,因子未变动
603083.SH,2020-08-13,0.2314,26.7000,34.7400,2.224904,1.709986,因子未变动
603085.SH,2017-06-15,0.5011,22.4400,44.9800,2.009865,1.002698,因子未变动
603085.SH,2018-09-27,0.2309,10.8900,14.1600,2.623015,2.017276,因子未变动
603086.SH,2018-06-15,0.2891,22.5700,31.7500,1.406735,1.000000,因子未变动
603086.SH,2020-06-17,0.2960,14.7000,20.8800,1.998137,1.406735,因子未变动
603086.SH,2021-06-09,0.3032,9.8600,14.1500,2.867509,1.998137,因子未变动
603086.SH,2022-06-06,0.2980,10.3200,14.7000,4.084534,2.867509,因子未变动
603086.SH,2023-06-09,0.3035,7.0900,10.1800,5.864676,4.084534,因子未变动
603087.SH,2020-08-20,0.2874,149.0500,209.1700,1.403355,1.000000,因子未变动
603088.SH,2018-06-22,0.2915,12.7600,18.0100,1.424429,1.009201,因子未变动
603088.SH,2019-06-13,0.3010,10.5200,15.0500,2.037800,1.424429,因子未变动
603088.SH,2020-06-22,0.3082,8.4400,12.2000,2.945635,2.037800,因子未变动
603088.SH,2021-06-02,0.3204,6.3200,9.3000,4.334558,2.945635,因子未变动
603088.SH,2022-05-31,0.2996,6.3600,9.0800,6.188331,4.334558,因子未变动
603089.SH,2019-05-24,0.3199,14.8400,21.8200,1.501073,1.020895,因子未变动
603089.SH,2020-05-29,0.2838,8.6800,12.1200,2.095968,1.501073,因子未变动
603095.SH,2023-06-07,0.3014,15.6900,22.4600,1.519114,1.061215,因子未变动
603095.SH,2023-09-20,0.0203,14.4600,14.7600,1.000000,1.519114,因子未变动
603095.SH,2025-06-06,0.3089,16.0000,23.1500,2.326681,1.608073,因子未变动
603096.SH,2021-06-10,0.1802,36.8100,44.9000,1.267717,1.039302,因子未变动
603098.SH,2018-06-21,0.1752,13.0400,15.8100,1.227693,1.012594,因子未变动
603100.SH,2024-07-15,0.2560,17.0000,22.8500,1.574468,1.171377,因子未变动
603101.SH,2019-05-28,0.2856,8.9800,12.5700,1.419162,1.013848,因子未变动
603101.SH,2020-06-10,0.2863,5.4600,7.6500,1.988386,1.419162,因子未变动
603102.SH,2025-08-05,0.0168,42.7400,43.4700,1.017080,1.049764,因子未变动
603103.SH,2019-06-14,0.2932,17.1900,24.3200,1.423916,1.006461,因子未变动
603106.SH,2019-06-20,0.2346,9.2000,12.0200,1.438894,1.101317,因子未变动
603106.SH,2021-06-09,0.2362,5.8200,7.6200,1.883913,1.438894,因子未变动
603108.SH,2016-05-19,0.6675,26.4900,79.6600,3.007172,1.000000,因子未变动
603108.SH,2017-06-01,0.4456,17.9000,32.2900,5.424670,3.007172,因子未变动
603109.SH,2022-05-24,0.2995,14.3600,20.5000,1.453107,1.017884,因子未变动
603110.SH,2018-06-01,0.2907,18.5400,26.1400,1.409924,1.000000,因子未变动
603110.SH,2021-06-04,0.2858,32.0100,44.8200,2.077628,1.483821,因子未变动
603111.SH,2016-05-23,0.6025,11.9600,30.0900,2.525668,1.003888,因子未变动
603111.SH,2025-07-24,0.0350,6.6100,6.8500,1.036309,2.671817,因子未变动
603116.SH,2018-07-17,0.3066,9.3400,13.4700,1.466950,1.017173,因子未变动
603117.SH,2018-07-13,0.2958,5.0000,7.1000,1.441725,1.015299,因子未变动
603118.SH,2017-06-06,0.5500,14.0100,31.1300,2.243903,1.009865,因子未变动
603119.SH,2024-06-18,0.2348,18.2500,23.8500,1.309666,1.002155,因子未变动
603121.SH,2019-06-25,0.1712,19.7000,23.7700,1.206599,1.000000,因子未变动
603121.SH,2020-06-17,0.1777,13.5600,16.4900,1.467317,1.206599,因子未变动
603121.SH,2022-06-07,0.2476,6.9600,9.2500,1.979785,1.489655,因子未变动
603125.SH,2024-05-21,0.3154,21.8400,31.9000,1.465033,1.003019,因子未变动
603125.SH,2025-05-22,0.3150,14.8300,21.6500,2.138770,1.465033,因子未变动
603126.SH,2015-05-21,0.3354,17.5200,26.3600,1.504566,1.000000,因子未变动
603127.SH,2018-05-31,0.2883,58.3500,81.9900,1.405141,1.000000,因子未变动
603127.SH,2019-04-10,0.2889,48.7100,68.5000,1.976025,1.405141,因子未变动
603127.SH,2020-06-08,0.2876,92.6100,130.0000,2.773818,1.976025,因子未变动
603127.SH,2021-08-05,0.2868,163.8100,229.6800,3.889204,2.773818,因子未变动
603127.SH,2022-08-08,0.2878,85.2600,119.7200,5.461125,3.889204,因子未变动
603127.SH,2023-07-25,0.2933,26.3100,37.2300,7.727772,5.461125,因子未变动
603128.SH,2015-06-12,0.5016,18.4400,37.0000,2.051189,1.022268,因子未变动
603128.SH,2020-08-06,0.2319,6.4600,8.4100,2.784325,2.138733,因子未变动
603131.SH,2017-05-24,0.5034,24.5300,49.4000,2.013861,1.000000,因子未变动
603131.SH,2019-06-13,0.2892,14.4000,20.2600,2.854210,2.028658,因子未变动
603132.SH,2025-05-09,0.0191,11.2700,11.4900,1.000000,1.102221,因子未变动
603132.SH,2025-09-16,0.0135,14.5700,14.7700,1.139162,1.000000,因子未变动
603135.SH,2023-08-04,0.0104,18.9600,19.1600,1.000000,1.000000,因子未变动
603135.SH,2024-07-17,0.2965,8.7300,12.4100,1.436530,1.010549,因子未变动
603136.SH,2019-04-12,0.3237,26.0500,38.5200,1.494256,1.010524,因子未变动
603136.SH,2021-06-16,0.3189,16.5700,24.3300,2.247423,1.530613,因子未变动
603136.SH,2024-05-31,0.3303,12.4900,18.6500,3.355840,2.247423,因子未变动
603137.SH,2024-06-18,0.2957,10.4100,14.7800,1.419789,1.000000,因子未变动
603138.SH,2017-06-28,0.2323,45.5000,59.2700,1.302637,1.000000,因子未变动
603138.SH,2018-07-04,0.2888,25.3400,35.6300,1.831609,1.302637,因子未变动
603138.SH,2019-07-11,0.2894,14.9300,21.0100,2.577502,1.831609,因子未变动
603138.SH,2020-06-30,0.1681,19.0500,22.9000,3.098414,2.577502,因子未变动
603155.SH,2022-05-26,0.3244,33.1500,49.0700,1.499695,1.013142,因子未变动
603155.SH,2024-06-18,0.2854,10.9400,15.3100,2.179721,1.557554,因子未变动
603156.SH,2018-05-08,0.3051,66.6300,95.8800,1.438991,1.000000,因子未变动
603156.SH,2019-05-09,0.3250,36.7900,54.5000,2.131694,1.438991,因子未变动
603156.SH,2020-05-22,0.2243,22.4100,28.8900,2.748088,2.131694,因子未变动
603158.SH,2016-06-01,0.5028,21.8100,43.8700,2.011463,1.000000,因子未变动
603158.SH,2021-06-22,0.2878,11.7300,16.4700,2.950808,2.101577,因子未变动
603158.SH,2022-06-21,0.2916,8.4300,11.9000,4.165435,2.950808,因子未变动
603159.SH,2019-06-21,0.2908,15.0200,21.1800,1.433031,1.016248,因子未变动
603161.SH,2024-07-10,0.3078,9.9400,14.3600,1.505896,1.042382,因子未变动
603162.SH,2023-05-25,0.3291,18.5700,27.6800,1.490576,1.000000,因子未变动
603162.SH,2024-05-06,0.3314,9.4200,14.0900,2.229535,1.490576,因子未变动
603163.SH,2023-06-15,0.2106,48.1700,61.0200,1.266764,1.000000,因子未变动
603165.SH,2018-06-15,0.2973,25.7100,36.5900,1.427629,1.003125,因子未变动
603165.SH,2020-05-19,0.3040,11.8600,17.0400,2.105537,1.465474,因子未变动
603166.SH,2016-04-14,0.1694,18.0900,21.7800,1.213138,1.007606,因子未变动
603166.SH,2024-01-23,0.0133,5.9500,6.0300,1.000000,1.513530,因子未变动
603167.SH,2025-07-25,0.0358,10.7600,11.1600,1.037175,1.502395,因子未变动
603167.SH,2025-09-25,0.0396,9.7100,10.1100,1.622438,1.037175,因子未变动
603168.SH,2015-06-09,0.6013,87.1100,218.5100,2.508438,1.000000,因子未变动
603168.SH,2017-06-08,0.2952,24.8600,35.2700,3.588962,2.529674,因子未变动
603168.SH,2018-06-08,0.2418,10.8200,14.2700,4.733317,3.588962,因子未变动
603169.SH,2015-04-24,0.3778,20.5200,32.9800,1.607212,1.000000,因子未变动
603179.SH,2018-05-02,0.2958,24.7800,35.1900,1.420097,1.000000,因子未变动
603179.SH,2020-05-19,0.2437,18.2200,24.0900,1.924293,1.455401,因子未变动
603179.SH,2022-04-26,0.2393,20.7900,27.3300,2.557112,1.945201,因子未变动
603180.SH,2020-05-28,0.2938,56.4400,79.9200,1.449652,1.023754,因子未变动
603180.SH,2021-05-21,0.2953,47.2300,67.0200,2.057076,1.449652,因子未变动
603181.SH,2019-05-30,0.2972,13.3400,18.9800,1.435842,1.009174,因子未变动
603181.SH,2020-09-21,0.3102,18.6600,27.0500,2.117948,1.461032,因子未变动
603181.SH,2021-09-15,0.3103,13.8500,20.0800,3.070643,2.117948,因子未变动
603183.SH,2018-06-05,0.2899,26.6000,37.4600,1.408271,1.000000,因子未变动
603183.SH,2019-06-05,0.2906,10.7400,15.1400,1.985216,1.408271,因子未变动
603183.SH,2020-05-26,0.2943,7.6000,10.7700,2.813260,1.985216,因子未变动
603183.SH,2021-05-19,0.2942,5.5900,7.9200,3.985871,2.813260,因子未变动
603183.SH,2022-06-07,0.1750,5.1400,6.2300,4.831123,3.985871,因子未变动
603185.SH,2019-07-10,0.2886,28.3200,39.8100,1.405720,1.000000,因子未变动
603185.SH,2020-05-20,0.2366,31.6800,41.5000,1.841458,1.405720,因子未变动
603185.SH,2022-06-02,0.2947,112.1400,159.0000,2.619635,1.847584,因子未变动
603185.SH,2023-07-07,0.3081,50.9200,73.5900,3.785918,2.619635,因子未变动
603187.SH,2019-05-20,0.2950,32.6900,46.3700,1.418477,1.000000,因子未变动
603187.SH,2020-04-16,0.2979,24.7000,35.1800,2.020324,1.418477,因子未变动
603187.SH,2021-06-07,0.2925,45.4600,64.2500,2.855386,2.020324,因子未变动
603187.SH,2023-06-05,0.2949,19.3900,27.5000,4.087553,2.882096,因子未变动
603188.SH,2015-05-08,0.5076,32.4500,65.9000,2.030817,1.000000,因子未变动
603192.SH,2022-06-08,0.2397,22.1700,29.1600,1.372016,1.043127,因子未变动
603195.SH,2023-06-08,0.3390,100.2800,151.7100,1.587182,1.049124,因子未变动
603195.SH,2024-06-06,0.3278,82.3200,122.4700,2.361299,1.587182,因子未变动
603195.SH,2025-06-09,0.3089,51.1900,74.0700,3.416711,2.361299,因子未变动
603197.SH,2018-06-22,0.2946,28.2300,40.0200,1.430215,1.008870,因子未变动
603200.SH,2019-05-22,0.2665,24.6100,33.5500,1.397617,1.025197,因子未变动
603200.SH,2021-06-17,0.2036,18.4600,23.1800,1.754971,1.397617,因子未变动
603200.SH,2022-06-09,0.2790,14.9900,20.7900,2.434012,1.754971,因子未变动
603201.SH,2023-06-12,0.2953,21.6900,30.7800,1.419087,1.000000,因子未变动
603201.SH,2024-07-01,0.3050,16.8200,24.2000,2.041731,1.419087,因子未变动
603201.SH,2025-07-11,0.1851,15.1400,18.5800,2.514438,2.048902,因子未变动
603203.SH,2017-06-19,0.2375,39.0400,51.2000,1.311475,1.000000,因子未变动
603203.SH,2018-06-22,0.2396,21.8700,28.7600,1.724647,1.311475,因子未变动
603203.SH,2021-06-23,0.1849,29.6200,36.3400,2.160289,1.760808,因子未变动
603203.SH,2022-06-13,0.2613,24.2600,32.8400,2.924315,2.160289,因子未变动
603208.SH,2020-06-04,0.2360,111.3000,145.6900,1.370288,1.046832,因子未变动
603208.SH,2022-07-06,0.2395,49.2800,64.8000,1.835544,1.395920,因子未变动
603208.SH,2023-06-21,0.2600,38.4500,51.9600,2.480491,1.835544,因子未变动
603209.SH,2023-06-12,0.2895,20.8600,29.3600,1.416586,1.006471,因子未变动
603209.SH,2025-05-09,0.0137,14.3700,14.5700,1.000000,1.430340,因子未变动
603214.SH,2020-04-30,0.2949,27.5000,39.0000,1.436024,1.012581,因子未变动
603217.SH,2020-05-28,0.2962,29.0400,41.2600,1.420799,1.000000,因子未变动
603217.SH,2022-05-26,0.3859,28.2500,46.0000,2.343787,1.439391,因子未变动
603218.SH,2019-05-27,0.2411,17.2500,22.7300,1.337856,1.015311,因子未变动
603218.SH,2020-06-03,0.2949,16.4000,23.2600,1.897472,1.337856,因子未变动
603219.SH,2023-05-05,0.2992,14.5900,20.8200,1.460191,1.023256,因子未变动
603220.SH,2024-07-24,0.2354,19.5900,25.6200,1.362847,1.042084,因子未变动
603222.SH,2016-06-21,0.5012,14.4600,28.9900,2.011140,1.003142,因子未变动
603222.SH,2022-06-20,0.2901,10.7200,15.1000,2.859848,2.030303,因子未变动
603223.SH,2018-06-20,0.2913,11.8500,16.7200,1.419800,1.006258,因子未变动
603223.SH,2019-06-13,0.2890,7.3800,10.3800,1.996955,1.419800,因子未变动
603223.SH,2022-05-30,0.2880,22.6900,31.8700,2.819393,2.007281,因子未变动
603223.SH,2023-06-16,0.2880,14.3400,20.1400,3.959734,2.819393,因子未变动
603225.SH,2018-03-21,0.2908,26.6100,37.5200,1.409996,1.000000,因子未变动
603225.SH,2019-03-28,0.2920,14.7200,20.7900,1.991428,1.409996,因子未变动
603226.SH,2018-07-09,0.2403,18.1500,23.8900,1.323864,1.005782,因子未变动
603226.SH,2019-05-09,0.2400,19.0000,25.0000,1.741927,1.323864,因子未变动
603226.SH,2020-06-09,0.2805,11.8000,16.4000,2.420983,1.741927,因子未变动
603226.SH,2021-06-03,0.2395,6.8900,9.0600,3.183469,2.420983,因子未变动
603226.SH,2022-06-08,0.2344,4.9000,6.4000,4.158001,3.183469,因子未变动
603227.SH,2016-07-28,0.5048,9.3000,18.7800,2.019355,1.000000,因子未变动
603227.SH,2023-06-30,0.0181,8.1400,8.2900,1.000000,2.102631,因子未变动
603228.SH,2019-05-16,0.2953,39.3000,55.7700,1.452346,1.023439,因子未变动
603228.SH,2020-05-26,0.2905,32.5100,45.8200,2.046955,1.452346,因子未变动
603229.SH,2020-06-23,0.2866,46.2300,64.8000,1.412926,1.008018,因子未变动
603229.SH,2021-07-06,0.1682,34.2700,41.2000,1.698645,1.412926,因子未变动
603229.SH,2022-05-26,0.2869,45.4700,63.7600,2.381913,1.698645,因子未变动
603229.SH,2023-07-12,0.2894,15.1000,21.2500,3.352030,2.381913,因子未变动
603229.SH,2024-07-12,0.2943,7.2900,10.3300,1.000000,3.352030,因子未变动
603232.SH,2018-06-15,0.2925,29.5800,41.8100,1.413455,1.000000,因子未变动
603232.SH,2019-05-30,0.3014,24.5000,35.0700,2.023260,1.413455,因子未变动
603232.SH,2020-06-01,0.2993,26.2000,37.3900,2.887393,2.023260,因子未变动
603232.SH,2021-06-01,0.1720,15.9300,19.2400,3.487347,2.887393,因子未变动
603233.SH,2019-05-30,0.2387,43.8200,57.5600,1.326012,1.009483,因子未变动
603233.SH,2020-06-17,0.1723,73.7500,89.1000,1.602002,1.326012,因子未变动
603233.SH,2021-06-10,0.1765,55.7900,67.7500,1.945432,1.602002,因子未变动
603233.SH,2022-06-13,0.1789,27.5800,33.5900,2.369364,1.945432,因子未变动
603233.SH,2023-06-09,0.1824,25.8600,31.6300,2.898028,2.369364,因子未变动
603236.SH,2020-06-10,0.1684,204.5800,246.0000,1.202464,1.000000,因子未变动
603236.SH,2021-06-11,0.2327,158.8400,207.0000,1.567048,1.202464,因子未变动
603236.SH,2022-06-30,0.2340,133.7400,174.6000,2.045810,1.567048,因子未变动
603236.SH,2023-06-15,0.2938,62.1400,87.9900,2.896859,2.045810,因子未变动
603237.SH,2023-06-15,0.2913,36.5600,51.5900,1.436150,1.017748,因子未变动
603237.SH,2024-07-08,0.3098,16.4900,23.8900,2.080632,1.436150,因子未变动
603238.SH,2021-07-02,0.3234,16.0700,23.7500,1.514466,1.024736,因子未变动
603239.SH,2017-05-09,0.6688,31.5500,95.2600,3.019334,1.000000,因子未变动
603259.SH,2019-07-02,0.2902,64.6600,91.1000,1.408908,1.000000,因子未变动
603259.SH,2020-06-04,0.2878,80.2500,112.6800,1.978265,1.408908,因子未变动
603259.SH,2021-06-08,0.1684,146.2300,175.8400,2.378842,1.978265,因子未变动
603260.SH,2019-07-11,0.2981,33.3700,47.5400,1.433710,1.006371,因子未变动
603266.SH,2018-06-04,0.2932,16.8300,23.8100,1.424946,1.007217,因子未变动
603266.SH,2019-05-29,0.2905,11.3100,15.9400,2.008279,1.424946,因子未变动
603267.SH,2020-06-02,0.2859,38.6900,54.1800,1.411690,1.008089,因子未变动
603268.SH,2018-05-21,0.2899,19.2500,27.1100,1.417914,1.006819,因子未变动
603269.SH,2023-06-02,0.2977,10.5900,15.0800,1.673516,1.175235,因子未变动
603269.SH,2024-06-03,0.3007,10.1400,14.5000,2.393095,1.673516,因子未变动
603269.SH,2025-06-04,0.3029,8.6300,12.3800,3.432968,2.393095,因子未变动
603276.SH,2024-06-25,0.2380,13.6700,17.9400,1.312363,1.000000,因子未变动
603277.SH,2025-06-06,0.3249,16.0600,23.7900,1.857113,1.253688,因子未变动
603278.SH,2019-04-16,0.2851,12.8900,18.0300,1.412677,1.009950,因子未变动
603279.SH,2022-06-15,0.2994,29.4100,41.9800,1.554060,1.088730,因子未变动
603281.SH,2023-05-30,0.3034,33.8200,48.5500,1.435541,1.000000,因子未变动
603282.SH,2023-09-27,0.0113,26.1600,26.4600,1.000000,1.000000,因子未变动
603283.SH,2025-06-12,0.2912,31.7400,44.7800,1.536981,1.089410,因子未变动
603288.SH,2014-05-19,0.5035,35.8300,72.1600,2.013955,1.000000,因子未变动
603288.SH,2015-04-15,0.4512,37.8100,68.9000,3.669968,2.013955,因子未变动
603288.SH,2020-05-07,0.1738,105.0900,127.1900,4.730637,3.908661,因子未变动
603288.SH,2021-05-17,0.2354,132.7200,173.5700,6.186684,4.730637,因子未变动
603288.SH,2022-04-29,0.0985,81.9300,90.8800,6.862515,6.186684,因子未变动
603288.SH,2023-06-01,0.1764,49.8300,60.5000,8.331971,6.862515,因子未变动
603289.SH,2018-05-16,0.2360,14.2800,18.6900,1.308824,1.000000,因子未变动
603290.SH,2024-05-23,0.2944,93.3700,132.3200,1.433441,1.011490,因子未变动
603296.SH,2024-06-11,0.2957,57.7500,82.0000,1.419913,1.000000,因子未变动
603297.SH,2019-06-05,0.2391,34.6200,45.5000,1.314269,1.000000,因子未变动
603298.SH,2020-05-29,0.3042,9.2400,13.2800,1.522378,1.059245,因子未变动
603298.SH,2024-05-31,0.2981,20.1800,28.7500,2.322867,1.630450,因子未变动
603300.SH,2016-06-13,0.5006,15.6700,31.3800,2.002553,1.000000,因子未变动
603300.SH,2019-10-15,0.2854,7.0600,9.8800,2.809725,2.007759,因子未变动
603300.SH,2022-06-20,0.2942,7.4600,10.5700,3.981071,2.809725,因子未变动
603300.SH,2023-05-18,0.2855,5.5300,7.7400,5.572059,3.981071,因子未变动
603301.SH,2019-05-24,0.2937,22.2900,31.5600,1.415882,1.000000,因子未变动
603301.SH,2020-06-08,0.2913,39.1200,55.2000,1.997870,1.415882,因子未变动
603301.SH,2023-10-31,0.0282,25.8200,26.5700,1.000000,2.191818,因子未变动
603303.SH,2017-10-19,0.4183,19.1800,32.9700,1.718978,1.000000,因子未变动
603303.SH,2019-05-28,0.1785,9.3900,11.4300,2.115799,1.738176,因子未变动
603305.SH,2022-04-28,0.2890,17.6600,24.8400,1.441416,1.024775,因子未变动
603305.SH,2023-04-14,0.2882,24.1000,33.8600,2.025159,1.441416,因子未变动
603306.SH,2016-06-02,0.3402,32.2300,48.8500,1.519679,1.002646,因子未变动
603306.SH,2018-05-18,0.2459,18.9800,25.1700,2.061670,1.554649,因子未变动
603308.SH,2021-06-18,0.2888,21.0600,29.6100,1.442804,1.026189,因子未变动
603309.SH,2015-09-25,0.5021,35.0500,70.4000,2.008559,1.000000,因子未变动
603309.SH,2020-05-25,0.2400,12.3200,16.2100,2.705154,2.055984,因子未变动
603313.SH,2019-06-03,0.2443,16.9800,22.4700,1.373384,1.037831,因子未变动
603313.SH,2021-07-14,0.2399,22.0800,29.0500,1.806921,1.373384,因子未变动
603315.SH,2016-06-07,0.5024,20.8500,41.9000,2.009592,1.000000,因子未变动
603316.SH,2021-06-24,0.2405,5.8100,7.6500,1.338247,1.016368,因子未变动
603317.SH,2020-05-08,0.3136,40.0800,58.3900,1.464754,1.005435,因子未变动
603317.SH,2021-05-24,0.1713,37.1900,44.8800,1.767630,1.464754,因子未变动
603317.SH,2023-04-11,0.2935,17.2800,24.4600,2.508214,1.771952,因子未变动
603318.SH,2016-06-29,0.6681,18.3800,55.3800,3.013058,1.000000,因子未变动
603319.SH,2019-04-16,0.2402,18.7600,24.6900,1.342622,1.020153,因子未变动
603319.SH,2021-06-08,0.2925,24.6000,34.7700,1.922960,1.360506,因子未变动
603319.SH,2022-06-02,0.2456,14.1900,18.8100,2.549040,1.922960,因子未变动
603319.SH,2024-07-12,0.0239,16.3600,16.7600,1.000000,2.591837,因子未变动
603319.SH,2025-07-09,0.2903,23.2000,32.6900,3.741325,2.655207,因子未变动
603320.SH,2020-05-26,0.2373,11.6700,15.3000,1.328181,1.013063,因子未变动
603322.SH,2018-05-04,0.2877,29.0400,40.7700,1.406745,1.002008,因子未变动
603322.SH,2019-05-13,0.2870,20.2500,28.4000,1.972916,1.406745,因子未变动
603323.SH,2017-07-04,0.2334,11.9200,15.5500,1.304530,1.000000,因子未变动
603323.SH,2019-06-12,0.1052,5.5300,6.1800,1.487945,1.331446,因子未变动
603323.SH,2025-06-12,0.1172,5.5000,6.2300,2.007568,1.772331,因子未变动
603324.SH,2024-07-04,0.1742,21.7100,26.2900,1.239123,1.023254,因子未变动
603326.SH,2018-05-29,0.2920,12.6800,17.9100,1.412461,1.000000,因子未变动
603326.SH,2020-07-03,0.2958,14.0000,19.8800,2.030294,1.429784,因子未变动
603327.SH,2022-06-06,0.2494,12.8500,17.1200,1.376525,1.033197,因子未变动
603327.SH,2023-05-30,0.2511,11.4500,15.2900,1.838171,1.376525,因子未变动
603327.SH,2024-06-26,0.1120,11.5800,13.0400,2.069927,1.838171,因子未变动
603327.SH,2025-06-20,0.2462,8.8800,11.7800,2.745916,2.069927,因子未变动
603328.SH,2017-06-19,0.5157,15.2900,31.5700,2.110525,1.022171,因子未变动
603329.SH,2025-06-06,0.2320,11.4200,14.8700,1.416098,1.087548,因子未变动
603330.SH,2018-06-26,0.2377,21.4200,28.1000,1.318829,1.005314,因子未变动
603330.SH,2019-06-10,0.2937,14.3300,20.2900,1.867344,1.318829,因子未变动
603330.SH,2020-08-06,0.2872,26.1400,36.6700,2.619568,1.867344,因子未变动
603330.SH,2021-07-16,0.2893,16.7300,23.5400,3.685872,2.619568,因子未变动
603330.SH,2022-06-02,0.2935,9.0500,12.8100,5.217240,3.685872,因子未变动
603331.SH,2020-07-20,0.2957,11.7900,16.7400,1.456761,1.025998,因子未变动
603332.SH,2022-06-23,0.2935,19.5000,27.6000,1.500619,1.060220,因子未变动
603332.SH,2023-07-04,0.2374,8.3500,10.9500,1.967877,1.500619,因子未变动
603333.SH,2012-10-17,0.3333,5.6200,8.4300,1.500000,1.000000,因子未变动
603335.SH,2018-06-06,0.2339,9.3000,12.1400,1.305376,1.000000,因子未变动
603335.SH,2019-04-22,0.2324,5.5500,7.2300,1.700517,1.305376,因子未变动
603336.SH,2018-05-10,0.2361,21.6400,28.3300,1.319354,1.007794,因子未变动
603336.SH,2019-05-16,0.2345,18.2500,23.8400,1.723473,1.319354,因子未变动
603336.SH,2020-05-22,0.3140,13.7400,20.0300,2.512458,1.723473,因子未变动
603336.SH,2021-05-17,0.2355,7.4000,9.6800,3.286566,2.512458,因子未变动
603336.SH,2023-06-20,0.2355,5.1300,6.7100,4.298803,3.286566,因子未变动
603337.SH,2018-06-14,0.3296,40.5100,60.4300,1.504557,1.008598,因子未变动
603337.SH,2019-06-05,0.3219,20.9800,30.9400,2.218827,1.504557,因子未变动
603338.SH,2015-09-02,0.6005,30.9300,77.4200,2.503071,1.000000,因子未变动
603338.SH,2018-05-18,0.2899,47.5400,66.9500,3.540070,2.513741,因子未变动
603338.SH,2019-05-22,0.2897,44.8900,63.2000,4.984015,3.540070,因子未变动
603338.SH,2020-06-05,0.2882,69.3900,97.4900,7.002329,4.984015,因子未变动
603339.SH,2020-07-06,0.3331,9.2900,13.9300,1.543275,1.029220,因子未变动
603351.SH,2019-05-28,0.2941,36.4600,51.6500,1.416621,1.000000,因子未变动
603351.SH,2020-05-27,0.2955,22.7900,32.3500,2.010868,1.416621,因子未变动
603353.SH,2021-05-31,0.2394,33.6800,44.2800,1.325433,1.008143,因子未变动
603353.SH,2023-10-13,0.0144,19.8200,20.1100,1.000000,1.353649,因子未变动
603355.SH,2021-07-08,0.3106,39.6600,57.5300,1.450580,1.122889,因子未变动
603355.SH,2022-07-18,0.0366,26.3100,27.3100,1.690749,1.450580,因子未变动
603357.SH,2019-05-20,0.3011,13.2800,19.0000,1.446825,1.011255,因子未变动
603357.SH,2023-06-27,0.2006,10.4000,13.0100,1.977694,1.580939,因子未变动
603358.SH,2018-06-15,0.2998,24.1700,34.5200,1.447467,1.013479,因子未变动
603358.SH,2018-09-26,0.2934,12.7400,18.0300,2.048496,1.447467,因子未变动
603358.SH,2021-06-09,0.2991,16.1900,23.1000,3.047104,2.135611,因子未变动
603359.SH,2018-06-12,0.2963,23.8700,33.9200,1.421031,1.000000,因子未变动
603359.SH,2021-07-05,0.2945,11.2100,15.8900,2.056178,1.450583,因子未变动
603360.SH,2018-07-12,0.2953,13.2700,18.8300,1.465514,1.032787,因子未变动
603360.SH,2020-04-28,0.3008,19.8500,28.3900,2.122455,1.483999,因子未变动
603360.SH,2023-06-12,0.3167,10.6600,15.6000,3.225899,2.204365,因子未变动
603360.SH,2024-05-31,0.3116,11.4900,16.6900,4.685837,3.225899,因子未变动
603360.SH,2025-05-29,0.3011,19.4300,27.8000,6.704388,4.685837,因子未变动
603363.SH,2020-10-21,0.2349,14.9200,19.5000,1.310633,1.002803,因子未变动
603366.SH,2015-05-28,0.5036,17.6800,35.6200,2.231989,1.107848,因子未变动
603368.SH,2017-05-10,0.2381,56.0400,73.5500,1.328850,1.012491,因子未变动
603368.SH,2018-05-09,0.2946,37.3500,52.9500,1.883871,1.328850,因子未变动
603368.SH,2020-06-24,0.3001,23.3900,33.4200,2.739588,1.917384,因子未变动
603369.SH,2016-05-06,0.6039,16.2600,41.0500,2.552635,1.011105,因子未变动
603377.SH,2018-05-16,0.2921,23.8000,33.6200,1.436973,1.017250,因子未变动
603377.SH,2021-06-16,0.1668,9.7400,11.6900,1.766425,1.471769,因子未变动
603378.SH,2021-07-16,0.3162,36.2800,53.0600,1.498407,1.024542,因子未变动
603378.SH,2022-06-08,0.3100,9.5700,13.8700,2.171672,1.498407,因子未变动
603379.SH,2020-06-02,0.2962,21.9600,31.2000,1.420765,1.000000,因子未变动
603383.SH,2018-06-05,0.2931,34.0600,48.1800,1.414563,1.000000,因子未变动
603383.SH,2020-06-08,0.2918,41.4600,58.5400,2.009687,1.423328,因子未变动
603383.SH,2024-05-30,0.1898,31.9200,39.4000,2.616674,2.119904,因子未变动
603385.SH,2018-05-15,0.2442,13.0600,17.2800,1.323124,1.000000,因子未变动
603386.SH,2022-07-07,0.3034,11.3400,16.2800,1.481317,1.031826,因子未变动
603387.SH,2018-06-01,0.2896,58.3300,82.1100,1.407680,1.000000,因子未变动
603387.SH,2019-05-21,0.2938,25.6900,36.3800,1.993438,1.407680,因子未变动
603387.SH,2021-06-23,0.2925,22.3300,31.5600,2.854426,2.019624,因子未变动
603387.SH,2022-06-08,0.2983,13.7600,19.6100,4.067972,2.854426,因子未变动
603389.SH,2019-06-04,0.1661,7.9800,9.5700,1.215746,1.013757,因子未变动
603392.SH,2021-05-18,0.2863,233.1800,326.7000,1.401064,1.000000,因子未变动
603392.SH,2022-04-21,0.3109,177.1000,257.0000,2.033164,1.401064,因子未变动
603392.SH,2023-06-05,0.2932,66.6600,94.3100,2.876503,2.033164,因子未变动
603393.SH,2019-05-31,0.3046,26.4600,38.0500,1.503973,1.045864,因子未变动
603393.SH,2020-05-20,0.2974,34.3100,48.8300,2.140455,1.503973,因子未变动
603393.SH,2021-05-27,0.1877,18.9500,23.3300,2.635188,2.140455,因子未变动
603396.SH,2019-06-28,0.2935,21.9800,31.1100,1.427932,1.008870,因子未变动
603398.SH,2016-06-07,0.5465,40.6900,89.7200,2.204964,1.000000,因子未变动
603398.SH,2019-07-15,0.2856,10.9300,15.3000,3.115434,2.225601,因子未变动
603399.SH,2014-05-27,0.2876,8.4700,11.8900,1.408977,1.003704,因子未变动
603406.SH,2025-08-12,0.0119,52.5791,53.2100,1.000000,None,缺失因子记录
603416.SH,2017-06-26,0.2884,33.9100,47.6500,1.405190,1.000000,因子未变动
603421.SH,2020-07-06,0.2903,10.7800,15.1900,1.446565,1.026594,因子未变动
603429.SH,2017-09-20,0.4999,43.7400,87.4700,1.999771,1.000000,因子未变动
603429.SH,2018-06-05,0.2893,28.1100,39.5500,2.813624,1.999771,因子未变动
603429.SH,2019-04-17,0.2353,25.8400,33.7900,3.679270,2.813624,因子未变动
603429.SH,2020-06-02,0.2902,29.2500,41.2100,5.183683,3.679270,因子未变动
603429.SH,2022-05-25,0.2918,16.3600,23.1000,7.339669,5.198138,因子未变动
603429.SH,2024-07-12,0.0351,3.8500,3.9900,1.000000,7.339669,因子未变动
603444.SH,2023-09-27,0.0188,365.7300,372.7300,1.000000,1.234662,因子未变动
603456.SH,2016-05-26,0.5028,26.5800,53.4600,2.016162,1.002424,因子未变动
603456.SH,2018-04-12,0.4508,9.7700,17.7900,3.695028,2.029254,因子未变动
603458.SH,2019-06-21,0.3267,23.7800,35.3200,1.509888,1.016567,因子未变动
603458.SH,2020-07-07,0.2549,16.6900,22.4000,2.026452,1.509888,因子未变动
603458.SH,2021-07-08,0.2611,11.9700,16.2000,1.353384,2.026452,因子未变动
603458.SH,2022-06-17,0.0312,10.2600,10.5900,2.830778,1.353384,因子未变动
603466.SH,2018-05-28,0.5059,33.2700,67.3300,2.023745,1.000000,因子未变动
603466.SH,2021-06-01,0.3213,19.3100,28.4500,2.995814,2.033362,因子未变动
603466.SH,2022-07-14,0.3145,11.9200,17.3900,4.370570,2.995814,因子未变动
603486.SH,2019-06-12,0.2926,29.2500,41.3500,1.413675,1.000000,因子未变动
603488.SH,2020-06-05,0.3074,6.4200,9.2700,1.500665,1.039296,因子未变动
603489.SH,2023-06-21,0.3011,62.0800,88.8300,1.469633,1.027072,因子未变动
603489.SH,2024-07-08,0.3126,17.9000,26.0400,2.137946,1.469633,因子未变动
603496.SH,2018-06-28,0.2870,21.6100,30.3100,1.402591,1.000000,因子未变动
603496.SH,2019-07-11,0.3014,19.2800,27.6000,2.007859,1.402591,因子未变动
603496.SH,2023-06-08,0.2885,13.8600,19.4800,2.843816,2.023372,因子未变动
603499.SH,2019-06-19,0.2909,19.6200,27.6700,1.420601,1.007307,因子未变动
603499.SH,2020-07-01,0.2888,12.3600,17.3800,1.997577,1.420601,因子未变动
603499.SH,2025-06-11,0.2921,16.1200,22.7700,2.837065,2.008498,因子未变动
603500.SH,2018-06-25,0.2921,15.6300,22.0800,1.412668,1.000000,因子未变动
603500.SH,2021-05-06,0.2932,8.7500,12.3800,2.075202,1.466722,因子未变动
603500.SH,2024-05-08,0.2936,8.4200,11.9200,2.993958,2.114860,因子未变动
603501.SH,2022-07-28,0.2620,105.0100,142.2900,1.362861,1.005792,因子未变动
603505.SH,2021-06-28,0.2383,20.4300,26.8200,1.351134,1.029220,因子未变动
603505.SH,2022-07-07,0.2872,31.8700,44.7100,1.895488,1.351134,因子未变动
603505.SH,2023-06-13,0.2874,22.8800,32.1100,2.660145,1.895488,因子未变动
603505.SH,2025-07-15,0.2874,15.6700,21.9900,3.789528,2.700405,因子未变动
603506.SH,2018-06-29,0.2365,30.5400,40.0000,1.309758,1.000000,因子未变动
603506.SH,2019-07-01,0.2401,18.5100,24.3600,1.723701,1.309758,因子未变动
603506.SH,2021-06-15,0.2957,15.5500,22.0800,2.467359,1.737655,因子未变动
603507.SH,2024-07-08,0.2394,22.7500,29.9100,1.361284,1.035413,因子未变动
603508.SH,2020-06-09,0.2926,35.4400,50.1000,1.443159,1.020870,因子未变动
603508.SH,2022-06-10,0.3163,13.5300,19.7900,2.145116,1.466570,因子未变动
603515.SH,2018-08-23,0.2387,29.9200,39.3000,1.324388,1.008287,因子未变动
603516.SH,2018-05-17,0.2905,43.2100,60.9000,1.409396,1.000000,因子未变动
603516.SH,2021-04-16,0.2932,26.5900,37.6200,2.036209,1.439203,因子未变动
603517.SH,2019-06-03,0.2947,34.2700,48.5900,1.446209,1.019996,因子未变动
603518.SH,2019-05-30,0.2974,9.7100,13.8200,1.451336,1.019716,因子未变动
603519.SH,2016-05-23,0.5055,21.9000,44.2900,2.028738,1.003147,因子未变动
603519.SH,2018-06-08,0.3041,12.1300,17.4300,2.953502,2.055421,因子未变动
603519.SH,2021-06-03,0.1772,12.6300,15.3500,3.780537,3.110631,因子未变动
603520.SH,2019-06-25,0.2919,24.1100,34.0500,1.469315,1.040387,因子未变动
603520.SH,2020-06-01,0.2885,62.5900,87.9700,2.065117,1.469315,因子未变动
603520.SH,2022-06-17,0.2941,30.1200,42.6700,2.945270,2.079014,因子未变动
603520.SH,2023-06-30,0.0123,16.1000,16.3000,1.000000,2.945270,因子未变动
603527.SH,2018-05-24,0.2921,19.9200,28.1400,1.412651,1.000000,因子未变动
603527.SH,2020-06-08,0.2970,9.8000,13.9400,2.046843,1.438957,因子未变动
603527.SH,2023-10-20,0.0195,10.0400,10.2400,1.000000,2.118678,因子未变动
603528.SH,2017-06-07,0.6706,13.6500,41.4400,3.035897,1.000000,因子未变动
603529.SH,2022-06-28,0.2906,52.7100,74.3000,1.409600,1.000000,因子未变动
603529.SH,2023-05-19,0.3488,36.5200,56.0800,2.164577,1.409600,因子未变动
603529.SH,2024-07-12,0.0187,27.7600,28.2900,1.000000,2.191557,因子未变动
603535.SH,2022-07-14,0.3129,20.6600,30.0700,1.486403,1.021253,因子未变动
603535.SH,2024-08-29,0.3293,8.9200,13.3000,2.227124,1.493680,因子未变动
603535.SH,2025-04-03,0.3292,8.6200,12.8500,3.320017,2.227124,因子未变动
603536.SH,2018-04-26,0.2954,13.0700,18.5500,1.419281,1.000000,因子未变动
603536.SH,2022-06-15,0.2859,6.9200,9.6900,2.024273,1.445611,因子未变动
603538.SH,2018-07-09,0.1751,14.4200,17.4800,1.212205,1.000000,因子未变动
603538.SH,2022-06-08,0.2875,30.6600,43.0300,1.722032,1.226993,因子未变动
603556.SH,2018-06-19,0.2398,19.0800,25.1000,1.322852,1.005578,因子未变动
603558.SH,2015-06-08,0.3370,55.2700,83.3600,1.508232,1.000000,因子未变动
603558.SH,2015-09-16,0.6001,13.9200,34.8100,3.771664,1.508232,因子未变动
603558.SH,2025-05-09,0.0333,8.7000,9.0000,1.000000,4.627342,因子未变动
603558.SH,2025-09-01,0.0252,9.6800,9.9300,4.910534,1.000000,因子未变动
603558.SH,2026-04-30,0.0255,12.9800,13.3200,4.911000,4.911000,因子未变动
603559.SH,2017-06-21,0.3347,32.0400,48.1600,1.503121,1.000000,因子未变动
603559.SH,2024-12-26,0.3093,7.4800,10.8300,2.181251,1.506533,因子未变动
603565.SH,2021-05-21,0.2500,26.8800,35.8400,1.333333,1.000000,因子未变动
603565.SH,2022-05-06,0.3606,17.9300,28.0400,2.085146,1.333333,因子未变动
603565.SH,2023-05-18,0.3344,10.0500,15.1000,3.347122,2.227720,因子未变动
603566.SH,2016-05-31,0.5034,21.9300,44.1600,2.013680,1.000000,因子未变动
603566.SH,2023-10-20,0.0148,19.3600,19.6500,1.000000,2.206429,因子未变动
603567.SH,2016-06-13,0.5050,24.7500,50.0000,2.020202,1.000000,因子未变动
603567.SH,2024-07-12,0.0181,10.8300,11.0300,1.000000,2.156860,因子未变动
603568.SH,2016-06-15,0.3372,23.2500,35.0800,1.508817,1.000000,因子未变动
603568.SH,2019-05-17,0.2686,18.9500,25.9100,2.105126,1.539642,因子未变动
603568.SH,2020-06-23,0.2390,21.9400,28.8300,2.766216,2.105126,因子未变动
603568.SH,2022-07-06,0.2332,30.9800,40.4000,3.655557,2.803197,因子未变动
603569.SH,2018-05-31,0.2913,17.3200,24.4400,1.418005,1.004903,因子未变动
603577.SH,2017-07-11,0.3369,21.1000,31.8200,1.508057,1.000000,因子未变动
603577.SH,2020-04-29,0.2894,11.7100,16.4800,2.146575,1.525267,因子未变动
603578.SH,2021-05-28,0.2951,15.3100,21.7200,1.459006,1.028424,因子未变动
603578.SH,2022-05-19,0.2390,12.2900,16.1500,1.917245,1.459006,因子未变动
603579.SH,2017-09-25,0.5000,60.5300,121.0500,2.008206,1.004186,因子未变动
603579.SH,2024-06-05,0.2572,17.5300,23.6000,3.108116,2.308698,因子未变动
603580.SH,2018-05-24,0.2890,22.2400,31.2800,1.406475,1.000000,因子未变动
603580.SH,2019-07-24,0.2906,12.9600,18.2700,1.982739,1.406475,因子未变动
603583.SH,2019-05-28,0.3231,36.7300,54.2600,1.477267,1.000000,因子未变动
603583.SH,2020-07-10,0.2905,52.2900,73.7000,2.082129,1.477267,因子未变动
603583.SH,2021-06-07,0.2898,49.0800,69.1100,2.931866,2.082129,因子未变动
603585.SH,2017-06-14,0.3407,35.9800,54.5700,1.516676,1.000000,因子未变动
603585.SH,2018-06-07,0.1803,24.8200,30.2800,1.850320,1.516676,因子未变动
603585.SH,2023-06-30,0.0361,14.6800,15.2300,1.000000,2.042084,因子未变动
603587.SH,2020-05-22,0.2041,17.6700,22.2000,1.350686,1.075073,因子未变动
603588.SH,2016-05-20,0.5009,26.0100,52.1100,2.006222,1.001379,因子未变动
603588.SH,2017-04-28,0.5005,18.7000,37.4400,4.016736,2.006222,因子未变动
603588.SH,2021-06-07,0.2340,13.7500,17.9500,5.311432,4.068645,因子未变动
603588.SH,2022-06-17,0.1712,11.3800,13.7300,6.408256,5.311432,因子未变动
603595.SH,2018-09-28,0.2856,35.5900,49.8200,1.402240,1.001720,因子未变动
603595.SH,2019-05-07,0.2876,23.1100,32.4400,1.968354,1.402240,因子未变动
603596.SH,2024-05-20,0.2902,38.0800,53.6500,1.432362,1.016670,因子未变动
603598.SH,2016-06-21,0.4999,24.0000,47.9900,1.999583,1.000000,因子未变动
603599.SH,2016-06-23,0.5015,20.3400,40.8000,2.005900,1.000000,因子未变动
603599.SH,2022-06-21,0.3031,28.8100,41.3400,3.004212,2.093646,因子未变动
603599.SH,2023-07-10,0.3118,18.9400,27.5200,4.406920,3.032960,因子未变动
603600.SH,2017-04-20,0.6047,19.7600,49.9900,2.565456,1.014071,因子未变动
603601.SH,2015-05-26,0.5464,41.5300,91.5600,2.204671,1.000000,因子未变动
603601.SH,2016-09-29,0.5510,18.5500,41.3100,4.909702,2.204671,因子未变动
603601.SH,2018-05-28,0.2937,9.9800,14.1300,6.951312,4.909702,因子未变动
603601.SH,2019-05-23,0.2435,6.9900,9.2400,9.188858,6.951312,因子未变动
603601.SH,2022-04-26,0.2957,5.5500,7.8800,13.355332,9.406357,因子未变动
603602.SH,2018-06-06,0.2879,35.5500,49.9200,1.404219,1.000000,因子未变动
603602.SH,2019-05-16,0.2873,21.4600,30.1100,1.970226,1.404219,因子未变动
603602.SH,2020-06-08,0.2321,16.7700,21.8400,2.565876,1.970226,因子未变动
603605.SH,2022-05-30,0.2887,148.8900,209.3100,1.439588,1.024032,因子未变动
603605.SH,2023-05-29,0.2894,120.8100,170.0000,2.025742,1.439588,因子未变动
603606.SH,2015-05-28,0.5461,32.0200,70.5500,2.203310,1.000000,因子未变动
603606.SH,2018-05-29,0.2630,8.1000,10.9900,3.004797,2.214637,因子未变动
603606.SH,2019-05-29,0.2378,8.7800,11.5200,3.942513,3.004797,因子未变动
603607.SH,2018-05-25,0.2927,29.1400,41.2000,1.413864,1.000000,因子未变动
603607.SH,2020-06-18,0.2953,15.4400,21.9100,2.034524,1.433731,因子未变动
603608.SH,2017-06-02,0.2982,13.9100,19.8200,1.440964,1.011292,因子未变动
603609.SH,2015-09-18,0.3336,9.6700,14.5100,1.503656,1.002092,因子未变动
603610.SH,2020-06-05,0.2921,30.6600,43.3100,1.412590,1.000000,因子未变动
603610.SH,2021-06-07,0.2730,19.7300,27.1400,1.943116,1.412590,因子未变动
603610.SH,2022-05-31,0.2374,12.6900,16.6400,2.547948,1.943116,因子未变动
603611.SH,2015-05-29,0.5025,50.4300,101.3600,2.009915,1.000000,因子未变动
603611.SH,2018-06-01,0.3013,16.1400,23.1000,2.970517,2.075504,因子未变动
603612.SH,2018-07-11,0.3022,20.4800,29.3500,1.433105,1.000000,因子未变动
603613.SH,2020-05-21,0.3111,74.6800,108.4000,1.451527,1.000000,因子未变动
603613.SH,2021-05-20,0.3111,86.4600,125.5000,2.106946,1.451527,因子未变动
603613.SH,2022-05-20,0.3114,73.4400,106.6500,3.059720,2.106946,因子未变动
603613.SH,2023-06-20,0.3123,39.9800,58.1400,4.449528,3.059720,因子未变动
603616.SH,2016-07-22,0.5006,15.7700,31.5800,2.002536,1.000000,因子未变动
603617.SH,2019-05-30,0.2923,16.1000,22.7500,1.422921,1.006991,因子未变动
603617.SH,2020-05-15,0.2929,11.1300,15.7400,2.012290,1.422921,因子未变动
603617.SH,2022-06-02,0.2947,8.6400,12.2500,2.940950,2.074270,因子未变动
603618.SH,2016-04-06,0.6677,15.8700,47.7600,3.031662,1.007380,因子未变动
603619.SH,2025-07-30,0.0152,19.4400,19.7400,1.015433,1.084126,因子未变动
603626.SH,2017-09-15,0.2857,43.3100,60.6300,1.404113,1.003004,因子未变动
603626.SH,2018-04-24,0.2947,14.2900,20.2600,1.990716,1.404113,因子未变动
603629.SH,2022-06-09,0.2910,15.9800,22.5400,1.433460,1.016268,因子未变动
603629.SH,2023-06-08,0.2908,24.5400,34.6000,2.021096,1.433460,因子未变动
603630.SH,2018-06-07,0.2337,23.5800,30.7700,1.310894,1.004579,因子未变动
603633.SH,2018-08-07,0.2370,11.4600,15.0200,1.315138,1.003428,因子未变动
603633.SH,2019-08-20,0.2368,8.6700,11.3600,1.723180,1.315138,因子未变动
603633.SH,2020-07-21,0.1880,17.0200,20.9600,2.122083,1.723180,因子未变动
603633.SH,2023-08-30,0.2351,8.7500,11.4400,2.797401,2.139621,因子未变动
603636.SH,2017-04-07,0.7504,24.1900,96.9200,4.031265,1.006153,因子未变动
603636.SH,2018-03-21,0.1131,9.5700,10.7900,4.545178,4.031265,因子未变动
603637.SH,2017-05-25,0.2346,31.3900,41.0100,1.306467,1.000000,因子未变动
603637.SH,2018-05-18,0.2358,16.8200,22.0100,1.709592,1.306467,因子未变动
603637.SH,2020-07-02,0.2959,9.9000,14.0600,2.467900,1.737710,因子未变动
603638.SH,2018-06-08,0.3283,28.9100,43.0400,1.501504,1.008562,因子未变动
603638.SH,2019-04-22,0.3283,22.8300,33.9900,2.235486,1.501504,因子未变动
603638.SH,2020-06-01,0.3129,32.0400,46.6300,3.253455,2.235486,因子未变动
603638.SH,2021-06-08,0.2879,42.3600,59.4900,4.569122,3.253455,因子未变动
603639.SH,2018-06-14,0.2908,30.0900,42.4300,1.415298,1.003684,因子未变动
603639.SH,2020-06-15,0.2932,20.2000,28.5800,2.025234,1.431411,因子未变动
603639.SH,2021-06-08,0.2933,19.4900,27.5800,2.865878,2.025234,因子未变动
603648.SH,2025-08-18,0.0254,11.5300,11.8300,1.026020,1.189947,因子未变动
603656.SH,2017-06-14,0.2885,35.7900,50.3000,1.405420,1.000000,因子未变动
603656.SH,2018-05-16,0.2914,22.3500,31.5400,1.983309,1.405420,因子未变动
603657.SH,2020-06-03,0.2997,17.9900,25.6900,1.469184,1.028829,因子未变动
603658.SH,2021-05-27,0.2363,91.0800,119.2600,1.377533,1.052035,因子未变动
603659.SH,2021-04-26,0.2883,79.6700,111.9500,1.432356,1.019346,因子未变动
603659.SH,2022-06-01,0.5019,64.0500,128.6000,2.875895,1.432356,因子未变动
603659.SH,2023-05-09,0.3149,35.1100,51.2500,4.197938,2.875895,因子未变动
603660.SH,2018-06-29,0.2883,21.6700,30.4500,1.407766,1.001848,因子未变动
603660.SH,2019-06-06,0.2892,14.1800,19.9500,1.980601,1.407766,因子未变动
603661.SH,2022-07-14,0.2983,28.3500,40.4000,1.471971,1.032930,因子未变动
603662.SH,2020-07-03,0.2935,32.6900,46.2700,1.415418,1.000000,因子未变动
603662.SH,2021-07-05,0.2958,19.8300,28.1600,2.009993,1.415418,因子未变动
603662.SH,2022-07-13,0.1812,15.2700,18.6500,2.454903,2.009993,因子未变动
603663.SH,2019-05-27,0.2920,12.4900,17.6400,1.427340,1.010628,因子未变动
603663.SH,2022-07-12,0.2888,16.0100,22.5100,2.035514,1.447738,因子未变动
603663.SH,2023-07-14,0.2904,11.2400,15.8400,2.868554,2.035514,因子未变动
603665.SH,2020-06-16,0.3634,16.4700,25.8700,1.590875,1.012822,因子未变动
603666.SH,2018-11-02,0.2872,51.3100,71.9800,1.402845,1.000000,因子未变动
603666.SH,2020-06-24,0.2875,75.7900,106.3700,1.985224,1.414498,因子未变动
603666.SH,2021-07-16,0.2885,66.0900,92.8900,2.790248,1.985224,因子未变动
603667.SH,2018-06-08,0.2406,14.5800,19.2000,1.325211,1.006332,因子未变动
603668.SH,2017-05-18,0.2882,16.6700,23.4200,1.404919,1.000000,因子未变动
603669.SH,2018-05-10,0.2993,14.7000,20.9800,1.454956,1.019440,因子未变动
603669.SH,2019-06-06,0.3140,7.8000,11.3700,2.120878,1.454956,因子未变动
603669.SH,2020-05-26,0.2996,7.4100,10.5800,3.102229,2.172733,因子未变动
603677.SH,2017-05-25,0.4161,27.8800,47.7500,1.712697,1.000000,因子未变动
603677.SH,2018-04-18,0.2913,18.3400,25.8800,2.435372,1.725840,因子未变动
603677.SH,2026-04-30,0.0126,15.6600,15.8600,2.807400,2.807400,因子未变动
603678.SH,2017-04-27,0.6013,28.6800,71.9400,2.522460,1.005618,因子未变动
603679.SH,2020-07-08,0.2879,30.9400,43.4500,1.412705,1.005963,因子未变动
603680.SH,2018-07-31,0.2922,23.2300,32.8200,1.412828,1.000000,因子未变动
603680.SH,2019-07-11,0.2404,12.0100,15.8100,1.859851,1.412828,因子未变动
603683.SH,2021-05-31,0.2881,10.1300,14.2300,1.426302,1.015350,因子未变动
603683.SH,2022-05-17,0.1715,7.1000,8.5700,1.721606,1.426302,因子未变动
603685.SH,2018-05-31,0.2403,21.2500,27.9700,1.316235,1.000000,因子未变动
603685.SH,2019-05-30,0.2417,13.2700,17.5000,1.735804,1.316235,因子未变动
603686.SH,2015-09-22,0.5000,39.5900,79.1800,2.007019,1.003509,因子未变动
603686.SH,2019-09-27,0.2855,11.7600,16.4600,2.906588,2.076639,因子未变动
603688.SH,2017-05-24,0.3371,11.2300,16.9400,1.538079,1.019635,因子未变动
603688.SH,2024-05-22,0.3862,43.8100,71.3800,2.656440,1.630409,因子未变动
603689.SH,2022-06-29,0.2989,7.2700,10.3700,1.523947,1.068379,因子未变动
603690.SH,2023-06-05,0.1688,33.6800,40.5200,1.220525,1.014494,因子未变动
603693.SH,2022-07-28,0.2347,14.8400,19.3900,1.378509,1.055032,因子未变动
603696.SH,2018-05-29,0.2883,24.0400,33.7800,1.415382,1.007276,因子未变动
603696.SH,2019-05-17,0.3103,11.7800,17.0800,2.168345,1.495498,因子未变动
603697.SH,2023-05-12,0.3108,9.1600,13.2900,1.576215,1.086390,因子未变动
603698.SH,2019-06-13,0.2308,12.4300,16.1600,1.330396,1.023318,因子未变动
603700.SH,2020-05-29,0.2369,28.3100,37.1000,1.337312,1.020467,因子未变动
603701.SH,2017-05-19,0.2061,31.5400,39.7300,1.265005,1.004235,因子未变动
603701.SH,2017-09-21,0.1709,25.0800,30.2500,1.525773,1.265005,因子未变动
603701.SH,2018-06-12,0.1762,14.7300,17.8800,1.852059,1.525773,因子未变动
603701.SH,2019-06-05,0.3061,12.0400,17.3500,2.668872,1.852059,因子未变动
603701.SH,2020-06-04,0.2438,9.1200,12.0600,3.529232,2.668872,因子未变动
603703.SH,2016-05-23,0.6023,26.7600,67.2800,2.514200,1.000000,因子未变动
603703.SH,2023-06-19,0.2803,10.7600,14.9500,3.509014,2.525551,因子未变动
603707.SH,2018-04-03,0.2341,26.6300,34.7700,1.305670,1.000000,因子未变动
603707.SH,2019-07-10,0.2340,27.1100,35.3900,1.704451,1.305670,因子未变动
603707.SH,2020-07-23,0.2345,47.3100,61.8000,2.226487,1.704451,因子未变动
603707.SH,2021-07-15,0.2338,29.2700,38.2000,2.905767,2.226487,因子未变动
603707.SH,2022-07-11,0.2348,21.7700,28.4500,3.797384,2.905767,因子未变动
603708.SH,2017-06-15,0.2456,17.4500,23.1300,1.325501,1.000000,因子未变动
603708.SH,2019-06-13,0.2462,21.2500,28.1900,1.788595,1.348267,因子未变动
603709.SH,2023-07-14,0.1667,15.2500,18.3000,1.232283,1.026903,因子未变动
603709.SH,2024-07-19,0.2429,8.4800,11.2000,1.627544,1.232283,因子未变动
603716.SH,2017-10-23,0.2857,57.6500,80.7100,1.400961,1.000687,因子未变动
603716.SH,2018-04-25,0.6006,26.8800,67.3000,3.507615,1.400961,因子未变动
603717.SH,2018-06-08,0.2932,13.5500,19.1700,1.414760,1.000000,因子未变动
603718.SH,2016-05-05,0.5661,19.0000,43.7900,2.304737,1.000000,因子未变动
603721.SH,2019-06-06,0.2356,15.4400,20.2000,1.320923,1.009656,因子未变动
603725.SH,2019-05-30,0.2932,7.8600,11.1200,1.423179,1.005952,因子未变动
603725.SH,2024-06-07,0.2943,7.9600,11.2800,2.074060,1.463610,因子未变动
603726.SH,2018-05-24,0.2978,21.0100,29.9200,1.440666,1.011644,因子未变动
603726.SH,2019-06-20,0.3063,13.1100,18.9000,2.076932,1.440666,因子未变动
603728.SH,2018-05-23,0.2328,16.3500,21.3100,1.303364,1.000000,因子未变动
603729.SH,2018-07-13,0.2877,26.8600,37.7100,1.408222,1.003046,因子未变动
603730.SH,2020-08-10,0.3202,23.8400,35.0700,1.528575,1.039100,因子未变动
603730.SH,2021-06-03,0.2161,19.5500,24.9400,1.950008,1.528575,因子未变动
603730.SH,2022-06-02,0.2578,10.5100,14.1600,2.627223,1.950008,因子未变动
603730.SH,2023-06-02,0.2796,13.0900,18.1700,3.646803,2.627223,因子未变动
603730.SH,2024-06-03,0.2545,9.5500,12.8100,4.891680,3.646803,因子未变动
603730.SH,2025-06-04,0.2643,5.9300,8.0600,6.648725,4.891680,因子未变动
603737.SH,2018-05-29,0.2364,57.0200,74.6700,1.325260,1.012004,因子未变动
603737.SH,2019-06-18,0.2928,36.6900,51.8800,1.873930,1.325260,因子未变动
603737.SH,2020-06-29,0.2895,87.3900,123.0000,2.637526,1.873930,因子未变动
603737.SH,2021-06-10,0.2875,162.3900,227.9100,3.701697,2.637526,因子未变动
603737.SH,2023-06-16,0.2857,70.2400,98.3400,5.182587,3.701697,因子未变动
603737.SH,2025-05-30,0.2907,32.4800,45.7900,7.334451,5.202511,因子未变动
603738.SH,2017-05-22,0.4147,36.7600,62.8100,1.708651,1.000000,因子未变动
603738.SH,2018-05-21,0.2912,20.7600,29.2900,2.410712,1.708651,因子未变动
603738.SH,2022-06-08,0.2931,25.7300,36.4000,3.476573,2.457478,因子未变动
603738.SH,2023-06-07,0.2925,15.4800,21.8800,4.913915,3.476573,因子未变动
603739.SH,2021-05-25,0.2913,17.8800,25.2300,1.432600,1.015255,因子未变动
603757.SH,2018-05-17,0.2946,37.1200,52.6200,1.417565,1.000000,因子未变动
603757.SH,2019-05-17,0.3008,14.7400,21.0800,2.027291,1.417565,因子未变动
603759.SH,2022-05-20,0.3338,9.6400,14.4700,1.511323,1.006852,因子未变动
603766.SH,2017-05-18,0.6100,7.8700,20.1800,2.730501,1.064868,因子未变动
603767.SH,2018-05-23,0.2995,10.7100,15.2900,1.427638,1.000000,因子未变动
603773.SH,2021-07-23,0.2282,22.9700,29.7600,1.329290,1.026001,因子未变动
603773.SH,2022-05-23,0.2347,14.2800,18.6600,1.737014,1.329290,因子未变动
603773.SH,2024-05-24,0.2321,25.7100,33.4800,2.261969,1.737014,因子未变动
603776.SH,2018-05-16,0.2944,40.9200,57.9900,1.417155,1.000000,因子未变动
603776.SH,2019-06-26,0.2909,18.3300,25.8500,1.998553,1.417155,因子未变动
603776.SH,2021-06-11,0.1848,20.5100,25.1600,2.474527,2.017192,因子未变动
603777.SH,2018-06-06,0.2964,18.9900,26.9900,1.434888,1.009579,因子未变动
603778.SH,2016-05-17,0.6005,26.1100,65.3600,2.503255,1.000000,因子未变动
603778.SH,2017-06-08,0.6010,13.1200,32.8800,6.273403,2.503255,因子未变动
603779.SH,2019-10-14,0.3101,8.7200,12.6400,1.472364,1.015745,因子未变动
603786.SH,2025-06-06,0.0120,53.7100,54.3600,1.051739,1.008751,因子未变动
603788.SH,2018-06-08,0.3041,27.1400,39.0000,1.507434,1.049019,因子未变动
603789.SH,2017-09-25,0.2306,16.1500,20.9900,1.321826,1.017032,因子未变动
603790.SH,2019-05-29,0.2400,18.5200,24.3700,1.315875,1.000000,因子未变动
603797.SH,2019-05-30,0.2912,9.6400,13.6000,1.427855,1.012097,因子未变动
603797.SH,2020-07-09,0.2945,9.1500,12.9700,2.023965,1.427855,因子未变动
603798.SH,2017-06-16,0.5042,29.7100,59.9200,2.016829,1.000000,因子未变动
603798.SH,2023-06-21,0.2329,9.0900,11.8500,2.788423,2.138967,因子未变动
603799.SH,2018-07-10,0.2895,66.8400,94.0800,1.416557,1.006406,因子未变动
603799.SH,2019-06-12,0.2337,21.4800,28.0300,1.848515,1.416557,因子未变动
603799.SH,2022-06-08,0.2329,81.6000,106.3800,2.415145,1.852565,因子未变动
603801.SH,2019-05-21,0.3069,19.8700,28.6700,1.457205,1.009929,因子未变动
603801.SH,2021-05-19,0.2968,34.6100,49.2200,2.116374,1.488169,因子未变动
603801.SH,2023-07-05,0.3013,22.1900,31.7600,3.099199,2.165341,因子未变动
603806.SH,2018-05-30,0.2423,30.4500,40.1900,1.388061,1.051666,因子未变动
603806.SH,2020-05-18,0.2939,34.1100,48.3100,1.990082,1.405127,因子未变动
603806.SH,2021-05-24,0.1706,78.2100,94.3000,2.399498,1.990082,因子未变动
603806.SH,2022-05-25,0.2880,78.1100,109.7100,3.370233,2.399498,因子未变动
603806.SH,2023-05-26,0.2879,34.8200,48.9000,4.733038,3.370233,因子未变动
603806.SH,2024-06-24,0.2940,15.7500,22.3100,6.704386,4.733038,因子未变动
603808.SH,2016-06-23,0.3374,29.1300,43.9600,1.516767,1.005082,因子未变动
603808.SH,2017-07-07,0.2376,22.4900,29.5000,1.989534,1.516767,因子未变动
603809.SH,2018-05-30,0.3051,25.6700,36.9400,1.439034,1.000000,因子未变动
603809.SH,2019-05-27,0.3082,11.0000,15.9000,2.080058,1.439034,因子未变动
603809.SH,2021-06-17,0.2971,13.3700,19.0200,3.008631,2.114900,因子未变动
603809.SH,2022-05-25,0.2404,12.2600,16.1400,3.960791,3.008631,因子未变动
603809.SH,2024-06-05,0.3349,8.3800,12.6000,6.072012,4.038370,因子未变动
603809.SH,2025-04-25,0.2396,13.0100,17.1100,7.985559,6.072012,因子未变动
603810.SH,2020-07-10,0.2875,37.8700,53.1500,1.422122,1.013279,因子未变动
603810.SH,2021-06-18,0.3016,15.8600,22.7100,2.036343,1.422122,因子未变动
603811.SH,2018-11-26,0.2858,19.1400,26.8000,1.434897,1.024773,因子未变动
603811.SH,2020-06-03,0.2955,20.2600,28.7600,2.071406,1.459203,因子未变动
603811.SH,2021-06-04,0.2955,17.8600,25.3500,2.940097,2.071406,因子未变动
603811.SH,2023-06-08,0.2956,12.7000,18.0300,4.253669,2.996206,因子未变动
603816.SH,2019-06-03,0.3019,30.9900,44.3900,1.469726,1.026060,因子未变动
603816.SH,2022-06-29,0.2449,54.3700,72.0000,2.017667,1.523619,因子未变动
603816.SH,2023-08-04,0.0251,43.1000,44.2100,1.000000,2.017667,因子未变动
603818.SH,2015-09-21,0.5000,12.3500,24.7000,2.000000,1.000000,因子未变动
603819.SH,2019-06-13,0.2979,13.2200,18.8300,1.442048,1.012421,因子未变动
603819.SH,2020-06-24,0.2429,10.6600,14.0800,1.904694,1.442048,因子未变动
603823.SH,2020-05-26,0.2945,17.9200,25.4000,1.459780,1.029892,因子未变动
603823.SH,2023-06-26,0.2412,11.8000,15.5500,2.000842,1.518324,因子未变动
603825.SH,2018-06-21,0.2907,25.0800,35.3600,1.409888,1.000000,因子未变动
603826.SH,2018-04-27,0.2336,11.3200,14.7700,1.308873,1.003145,因子未变动
603826.SH,2024-06-27,0.2873,30.5100,42.8100,1.850393,1.318745,因子未变动
603828.SH,2016-07-25,0.3360,22.3100,33.6000,1.510406,1.002891,因子未变动
603828.SH,2017-08-17,0.4474,10.8800,19.6900,2.733445,1.510406,因子未变动
603828.SH,2018-06-28,0.2330,6.6500,8.6700,3.563755,2.733445,因子未变动
603828.SH,2019-08-21,0.2326,6.6300,8.6400,4.644169,3.563755,因子未变动
603833.SH,2020-07-21,0.2915,94.0900,132.8100,1.433186,1.015349,因子未变动
603833.SH,2023-07-26,0.0180,96.6500,98.4200,1.000000,1.464564,因子未变动
603833.SH,2025-07-25,0.0412,57.5300,60.0000,1.042934,1.579568,因子未变动
603833.SH,2026-01-09,0.0229,52.4500,53.6800,1.686018,1.042934,因子未变动
603838.SH,2016-06-24,0.5018,16.2000,32.5200,2.007407,1.000000,因子未变动
603839.SH,2018-05-18,0.2992,18.5000,26.4000,1.446629,1.013736,因子未变动
603843.SH,2019-07-12,0.2890,5.5600,7.8200,1.414691,1.005842,因子未变动
603856.SH,2018-06-22,0.2389,13.3500,17.5400,1.313858,1.000000,因子未变动
603858.SH,2018-08-17,0.2623,29.1400,39.5000,1.387881,1.023870,因子未变动
603858.SH,2019-08-19,0.2690,19.7800,27.0600,1.898688,1.387881,因子未变动
603859.SH,2024-06-17,0.3262,23.1100,34.3000,1.508860,1.016611,因子未变动
603866.SH,2019-04-25,0.2989,38.2100,54.5000,1.479961,1.037602,因子未变动
603866.SH,2021-05-11,0.3003,34.0400,48.6500,2.158127,1.510023,因子未变动
603866.SH,2022-04-22,0.3059,14.8200,21.3500,3.109042,2.158127,因子未变动
603866.SH,2023-04-27,0.1902,11.2800,13.9300,3.839446,3.109042,因子未变动
603867.SH,2022-07-08,0.2407,29.3700,38.6800,1.368229,1.038906,因子未变动
603869.SH,2019-07-11,0.3202,13.0800,19.2400,1.513588,1.028988,因子未变动
603871.SH,2018-06-08,0.2903,55.3500,77.9900,1.409033,1.000000,因子未变动
603871.SH,2019-06-05,0.2943,29.2000,41.3800,1.996774,1.409033,因子未变动
603871.SH,2020-06-15,0.3084,21.7800,31.4900,2.886980,1.996774,因子未变动
603871.SH,2021-06-15,0.2618,18.2400,24.7100,3.911034,2.886980,因子未变动
603871.SH,2022-06-09,0.3003,16.9400,24.2100,5.589501,3.911034,因子未变动
603871.SH,2023-06-21,0.3011,15.0400,21.5200,7.997743,5.589501,因子未变动
603871.SH,2024-06-18,0.2988,17.9300,25.5700,11.405593,7.997743,因子未变动
603871.SH,2025-06-19,0.3055,10.0500,14.4700,16.673781,11.580615,因子未变动
603876.SH,2023-06-06,0.4584,18.3600,33.9000,1.882335,1.019459,因子未变动
603878.SH,2019-06-19,0.3122,11.0600,16.0800,1.494481,1.027921,因子未变动
603878.SH,2020-06-22,0.3280,7.9300,11.8000,2.223819,1.494481,因子未变动
603878.SH,2023-05-15,0.3090,8.0500,11.6500,3.483477,2.407038,因子未变动
603879.SH,2019-06-06,0.2848,8.1600,11.4100,1.411192,1.009231,因子未变动
603879.SH,2020-07-10,0.2830,10.5900,14.7700,1.968206,1.411192,因子未变动
603879.SH,2021-06-29,0.2299,7.1700,9.3100,2.555648,1.968206,因子未变动
603880.SH,2018-06-21,0.2353,18.8500,24.6500,1.307692,1.000000,因子未变动
603880.SH,2019-05-14,0.2402,9.7100,12.7800,1.721144,1.307692,因子未变动
603880.SH,2020-06-12,0.2334,11.7900,15.3800,2.245224,1.721144,因子未变动
603880.SH,2021-05-21,0.2416,7.9100,10.4300,2.960517,2.245224,因子未变动
603881.SH,2021-04-26,0.2867,31.5300,44.2000,1.412296,1.007459,因子未变动
603881.SH,2023-06-01,0.2867,24.2800,34.0400,1.982643,1.414177,因子未变动
603881.SH,2024-06-21,0.2345,12.8600,16.8000,2.590078,1.982643,因子未变动
603881.SH,2025-06-13,0.1680,24.9100,29.9400,3.117043,2.593371,因子未变动
603883.SH,2020-08-21,0.2887,72.7700,102.3000,1.453427,1.033880,因子未变动
603883.SH,2022-06-30,0.2396,32.9800,43.3700,1.923811,1.462930,因子未变动
603883.SH,2024-06-27,0.2500,19.9200,26.5600,2.610529,1.957897,因子未变动
603885.SH,2015-12-28,0.5040,37.2000,75.0000,2.016129,1.000000,因子未变动
603885.SH,2017-06-13,0.2939,15.6900,22.2200,2.882994,2.035741,因子未变动
603887.SH,2018-06-06,0.2909,20.1100,28.3600,1.415004,1.003375,因子未变动
603887.SH,2020-06-08,0.2869,21.1800,29.7000,1.990742,1.419661,因子未变动
603887.SH,2021-06-24,0.1733,10.4500,12.6400,2.407941,1.990742,因子未变动
603888.SH,2017-06-22,0.6000,33.9600,84.8900,2.547728,1.019211,因子未变动
603888.SH,2025-07-25,0.2352,18.8600,24.6600,1.307529,2.717337,因子未变动
603889.SH,2015-05-29,0.3387,41.4300,62.6500,1.512189,1.000000,因子未变动
603889.SH,2016-04-19,0.5055,15.6000,31.5500,3.058306,1.512189,因子未变动
603889.SH,2019-06-12,0.2552,7.1500,9.6000,4.237909,3.156360,因子未变动
603889.SH,2023-05-29,0.3184,5.9300,8.7000,7.002678,4.773089,因子未变动
603890.SH,2018-05-29,0.2905,21.3700,30.1200,1.409453,1.000000,因子未变动
603890.SH,2019-05-08,0.2990,9.4000,13.4100,2.010719,1.409453,因子未变动
603890.SH,2020-05-28,0.2931,13.1900,18.6600,2.844580,2.010719,因子未变动
603895.SH,2018-06-14,0.2892,36.4900,51.3400,1.406961,1.000000,因子未变动
603896.SH,2022-05-26,0.2327,37.8200,49.2900,1.345653,1.032514,因子未变动
603898.SH,2015-09-07,0.6667,45.8300,137.4900,3.006271,1.002090,因子未变动
603899.SH,2016-05-04,0.5063,19.3500,39.1900,2.051756,1.013051,因子未变动
603900.SH,2017-10-09,0.2856,23.9900,33.5800,1.408980,1.006594,因子未变动
603901.SH,2015-10-09,0.5000,23.1100,46.2200,2.000000,1.000000,因子未变动
603901.SH,2016-05-16,0.5011,15.6900,31.4500,4.008923,2.000000,因子未变动
603903.SH,2019-06-28,0.2887,14.7100,20.6800,1.410899,1.003594,因子未变动
603903.SH,2020-07-13,0.2885,14.4000,20.2400,1.983097,1.410899,因子未变动
603906.SH,2018-06-14,0.1712,12.7300,15.3600,1.206599,1.000000,因子未变动
603906.SH,2019-06-20,0.1738,12.3600,14.9600,1.460414,1.206599,因子未变动
603906.SH,2021-05-10,0.2902,20.5200,28.9100,2.084688,1.479688,因子未变动
603908.SH,2024-06-07,0.3124,21.9900,31.9800,1.692507,1.163797,因子未变动
603909.SH,2019-09-30,0.2857,13.3500,18.6900,1.416176,1.011554,因子未变动
603909.SH,2021-06-07,0.2884,12.9300,18.1700,1.990094,1.416176,因子未变动
603909.SH,2023-05-12,0.2336,12.1700,15.8800,2.604142,1.995744,因子未变动
603912.SH,2018-05-29,0.2918,20.2400,28.5800,1.412055,1.000000,因子未变动
603912.SH,2022-06-16,0.2970,11.3400,16.1300,2.097158,1.474382,因子未变动
603912.SH,2023-06-09,0.2903,10.7800,15.1900,2.955087,2.097158,因子未变动
603915.SH,2022-06-08,0.2941,18.2900,25.9100,1.448028,1.022170,因子未变动
603916.SH,2021-05-18,0.1773,23.5300,28.6000,1.267818,1.043068,因子未变动
603917.SH,2018-06-08,0.2898,18.5800,26.1600,1.407966,1.000000,因子未变动
603918.SH,2016-06-17,0.5009,34.1000,68.3200,2.003519,1.000000,因子未变动
603918.SH,2019-06-12,0.2358,10.7300,14.0400,2.637171,2.015445,因子未变动
603918.SH,2021-06-15,0.2408,9.3300,12.2900,3.497849,2.655405,因子未变动
603919.SH,2017-06-06,0.2385,18.3000,24.0300,1.313115,1.000000,因子未变动
603919.SH,2020-05-20,0.2427,11.4800,15.1600,1.782185,1.349570,因子未变动
603920.SH,2021-06-17,0.2588,12.2000,16.4600,1.472772,1.091605,因子未变动
603922.SH,2024-07-09,0.2863,16.9800,23.7900,1.434377,1.023780,因子未变动
603926.SH,2019-06-18,0.2428,12.0400,15.9000,1.383745,1.047817,因子未变动
603926.SH,2022-05-31,0.2414,9.5200,12.5500,1.938999,1.470858,因子未变动
603927.SH,2021-07-05,0.2951,29.2400,41.4800,1.429489,1.007673,因子未变动
603927.SH,2024-05-21,0.2995,19.7900,28.2500,2.126038,1.489356,因子未变动
603928.SH,2024-06-21,0.2388,8.0000,10.5100,1.527643,1.162811,因子未变动
603931.SH,2021-06-03,0.2904,31.8600,44.9000,1.409291,1.000000,因子未变动
603931.SH,2022-06-06,0.2932,20.3700,28.8200,1.993901,1.409291,因子未变动
603933.SH,2018-05-10,0.2936,28.5600,40.4300,1.415616,1.000000,因子未变动
603933.SH,2019-06-05,0.2979,12.4700,17.7600,2.016146,1.415616,因子未变动
603936.SH,2019-06-05,0.2898,12.4500,17.5300,1.416939,1.006326,因子未变动
603936.SH,2020-06-04,0.2883,13.5800,19.0800,1.990810,1.416939,因子未变动
603938.SH,2021-04-23,0.2327,23.5700,30.7200,1.331957,1.021947,因子未变动
603938.SH,2022-05-12,0.2881,35.9500,50.5000,1.871038,1.331957,因子未变动
603938.SH,2023-05-11,0.2917,22.5300,31.8100,2.641710,1.871038,因子未变动
603939.SH,2015-11-06,0.5031,39.6600,79.8100,2.012355,1.000000,因子未变动
603939.SH,2020-05-18,0.2880,67.1000,94.2400,2.882999,2.052730,因子未变动
603939.SH,2021-06-07,0.2335,63.8500,83.3000,3.761219,2.882999,因子未变动
603939.SH,2023-06-07,0.2917,34.1200,48.1700,5.341685,3.783647,因子未变动
603939.SH,2024-06-07,0.1761,36.2500,44.0000,6.483701,5.341685,因子未变动
603949.SH,2020-09-21,0.2858,20.0200,28.0300,1.421228,1.015091,因子未变动
603950.SH,2023-05-10,0.2856,14.6300,20.4800,1.509278,1.078161,因子未变动
603955.SH,2018-06-14,0.2332,23.4100,30.5300,1.309055,1.003766,因子未变动
603959.SH,2018-06-25,0.2862,18.8300,26.3800,1.410026,1.006474,因子未变动
603959.SH,2019-05-31,0.2892,13.7900,19.4000,1.983648,1.410026,因子未变动
603960.SH,2017-08-16,0.2336,28.7400,37.5000,1.304802,1.000000,因子未变动
603960.SH,2018-05-31,0.2338,26.5100,34.6000,1.702985,1.304802,因子未变动
603960.SH,2019-04-25,0.2330,27.0000,35.2000,2.220188,1.702985,因子未变动
603960.SH,2020-05-26,0.2896,21.9500,30.9000,3.125458,2.220188,因子未变动
603966.SH,2018-06-22,0.2358,9.3000,12.1700,1.314302,1.004355,因子未变动
603966.SH,2021-08-03,0.3049,7.9100,11.3800,1.925512,1.338383,因子未变动
603966.SH,2023-07-04,0.1835,10.5000,12.8600,2.408277,1.966323,因子未变动
603967.SH,2022-05-18,0.2588,10.2800,13.8700,1.456653,1.079625,因子未变动
603968.SH,2015-09-21,0.5000,23.6500,47.3000,2.000000,1.000000,因子未变动
603968.SH,2024-07-12,0.0290,9.3600,9.6400,1.000000,2.478164,因子未变动
603969.SH,2015-05-29,0.5011,31.7400,63.6200,2.004411,1.000000,因子未变动
603969.SH,2018-05-10,0.3182,8.7000,12.7600,3.005533,2.049227,因子未变动
603969.SH,2018-09-27,0.3099,5.0100,7.2600,4.355324,3.005533,因子未变动
603970.SH,2018-06-12,0.1743,22.7800,27.5900,1.211150,1.000000,因子未变动
603970.SH,2019-06-18,0.1771,15.9800,19.4200,1.471873,1.211150,因子未变动
603970.SH,2023-06-13,0.2997,19.6300,28.0300,2.192322,1.535329,因子未变动
603976.SH,2018-05-28,0.2967,20.9100,29.7300,1.421808,1.000000,因子未变动
603977.SH,2018-05-16,0.2909,10.2400,14.4400,1.449969,1.028233,因子未变动
603977.SH,2020-05-21,0.2946,6.8000,9.6400,2.082555,1.469022,因子未变动
603978.SH,2018-05-04,0.5025,38.5100,77.4100,2.010127,1.000000,因子未变动
603979.SH,2016-07-18,0.1695,20.5300,24.7200,1.204092,1.000000,因子未变动
603979.SH,2017-07-14,0.2332,13.5800,17.7100,1.570284,1.204092,因子未变动
603980.SH,2019-06-13,0.3089,9.7100,14.0500,1.469785,1.015773,因子未变动
603985.SH,2018-05-29,0.2387,25.3500,33.3000,1.313609,1.000000,因子未变动
603985.SH,2019-05-20,0.2987,15.4700,22.0600,1.873188,1.313609,因子未变动
603985.SH,2020-06-16,0.2958,15.3100,21.7400,2.659903,1.873188,因子未变动
603985.SH,2021-06-22,0.2442,17.5800,23.2600,3.546905,2.680765,因子未变动
603985.SH,2022-06-10,0.2337,21.1800,27.6400,4.628728,3.546905,因子未变动
603986.SH,2017-05-22,0.5013,97.2400,195.0000,2.005348,1.000000,因子未变动
603986.SH,2018-05-21,0.2874,119.4100,167.5600,2.813969,2.005348,因子未变动
603986.SH,2020-05-07,0.2866,218.0100,305.6000,3.958933,2.824238,因子未变动
603986.SH,2021-05-21,0.2880,123.8600,173.9600,5.560278,3.958933,因子未变动
603987.SH,2017-06-08,0.3374,16.3200,24.6300,1.509191,1.000000,因子未变动
603987.SH,2018-07-18,0.2955,7.6300,10.8300,2.142142,1.509191,因子未变动
603988.SH,2017-11-16,0.3334,55.2700,82.9100,1.513541,1.008967,因子未变动
603988.SH,2018-05-22,0.2916,20.9400,29.5600,2.136594,1.513541,因子未变动
603988.SH,2018-08-31,0.2886,12.9400,18.1900,3.003450,2.136594,因子未变动
603989.SH,2015-10-13,0.3476,30.6700,47.0100,1.532768,1.000000,因子未变动
603989.SH,2018-06-28,0.2515,22.3200,29.8200,2.148531,1.608156,因子未变动
603989.SH,2023-06-30,0.0144,20.5500,20.8500,1.000000,2.254056,因子未变动
603990.SH,2019-05-21,0.2894,28.0900,39.5300,1.420708,1.009554,因子未变动
603990.SH,2020-07-03,0.2327,39.3300,51.2600,1.851652,1.420708,因子未变动
603990.SH,2022-06-30,0.2281,19.1900,24.8600,2.405430,1.856806,因子未变动
603990.SH,2023-07-07,0.2301,18.2400,23.6900,3.124158,2.405430,因子未变动
603993.SH,2015-11-13,0.6669,4.7700,14.3200,3.192371,1.063380,因子未变动
603995.SH,2022-05-20,0.3216,33.3100,49.1000,1.548723,1.050671,因子未变动
603997.SH,2017-05-25,0.3400,15.4100,23.3500,1.531580,1.010777,因子未变动
603998.SH,2015-04-17,0.2326,37.2200,48.5000,1.303063,1.000000,因子未变动
603998.SH,2016-05-05,0.6681,16.1400,48.6300,3.926143,1.303063,因子未变动
603999.SH,2016-06-02,0.1695,31.3100,37.7000,1.204088,1.000000,因子未变动
603999.SH,2017-07-03,0.5022,11.1100,22.3200,2.419014,1.204088,因子未变动
688004.SH,2024-05-30,0.2911,11.9100,16.8000,1.426145,1.011035,因子未变动
688005.SH,2025-03-06,0.3243,25.0700,37.1000,1.516137,1.024516,因子未变动
688006.SH,2023-06-07,0.2917,29.8000,42.0700,1.428261,1.011699,因子未变动
688009.SH,2025-07-25,0.0301,5.4800,5.6500,1.031022,1.177263,因子未变动
688016.SH,2024-05-14,0.3398,121.8100,184.5000,1.560218,1.030082,因子未变动
688017.SH,2022-06-30,0.2886,114.2800,160.6400,1.408173,1.001781,因子未变动
688018.SH,2024-05-16,0.2858,75.7000,106.0000,1.435250,1.024985,因子未变动
688018.SH,2025-06-04,0.2862,137.7600,192.9900,2.010663,1.435250,因子未变动
688019.SH,2022-05-25,0.2865,207.6300,291.0000,1.404570,1.002168,因子未变动
688019.SH,2023-06-15,0.2321,180.7000,235.3300,1.829206,1.404570,因子未变动
688019.SH,2024-06-11,0.2322,125.3700,163.2900,2.382476,1.829206,因子未变动
688019.SH,2025-06-16,0.2325,141.1800,183.9400,3.104071,2.382476,因子未变动
688022.SH,2023-06-08,0.2877,31.8100,44.6600,1.419250,1.010890,因子未变动
688023.SH,2024-07-05,0.2295,28.7700,37.3400,1.300648,1.002133,因子未变动
688026.SH,2022-06-08,0.2923,45.2900,64.0000,1.422956,1.006963,因子未变动
688028.SH,2023-05-26,0.2926,22.3100,31.5400,1.470004,1.039816,因子未变动
688029.SH,2022-06-10,0.2903,82.9700,116.9100,1.419794,1.007615,因子未变动
688032.SH,2022-06-07,0.2881,650.7100,914.0000,1.404620,1.000000,因子未变动
688032.SH,2023-06-13,0.3345,358.0600,538.0000,2.110499,1.404620,因子未变动
688032.SH,2023-10-31,0.0103,228.6300,231.0200,1.000000,2.110499,因子未变动
688032.SH,2024-06-19,0.3392,128.1100,193.8600,3.227058,2.132561,因子未变动
688036.SH,2024-06-07,0.3028,87.3600,125.3000,1.543706,1.076282,因子未变动
688037.SH,2023-06-15,0.3252,196.8000,291.6600,1.490890,1.005990,因子未变动
688037.SH,2024-07-17,0.3117,63.4300,92.1500,2.165939,1.490890,因子未变动
688039.SH,2023-06-28,0.2823,36.9100,51.4300,1.420685,1.019590,因子未变动
688048.SH,2023-06-07,0.2336,73.8800,96.4000,1.310776,1.004565,因子未变动
688049.SH,2024-06-21,0.1725,23.1300,27.9500,1.214493,1.005053,因子未变动
688049.SH,2025-08-07,0.1690,49.3700,59.4100,1.203363,1.214493,因子未变动
688050.SH,2024-06-05,0.4460,80.8200,145.8800,1.813869,1.004914,因子未变动
688052.SH,2023-05-30,0.2878,194.4000,272.9600,1.407180,1.002183,因子未变动
688058.SH,2022-06-02,0.2919,49.8100,70.3400,1.439567,1.019403,因子未变动
688058.SH,2024-06-21,0.2848,22.1700,31.0000,2.012926,1.439567,因子未变动
688059.SH,2023-05-22,0.2934,78.4300,111.0000,1.440998,1.018175,因子未变动
688059.SH,2025-06-25,0.2922,46.1600,65.2200,2.070762,1.465599,因子未变动
688061.SH,2023-06-20,0.3337,50.3400,75.5500,1.500795,1.000000,因子未变动
688063.SH,2024-06-21,0.2984,40.7000,58.0100,1.446505,1.014873,因子未变动
688065.SH,2022-07-20,0.2886,75.2500,105.7700,1.416401,1.007697,因子未变动
688066.SH,2023-05-29,0.2868,60.2700,84.5100,1.407865,1.004047,因子未变动
688068.SH,2022-06-16,0.3504,84.1400,129.5200,1.559306,1.012971,因子未变动
688069.SH,2022-06-20,0.2944,30.5300,43.2700,1.437858,1.014509,因子未变动
688069.SH,2023-06-19,0.2864,19.9800,28.0000,2.015016,1.437858,因子未变动
688072.SH,2023-09-28,0.3243,214.6600,317.7000,1.481235,1.000825,因子未变动
688072.SH,2024-06-11,0.3250,137.7700,204.1000,2.194383,1.481235,因子未变动
688073.SH,2023-05-25,0.2942,90.9300,128.8400,1.416914,1.000000,因子未变动
688075.SH,2022-07-05,0.3386,120.9500,182.8800,1.512030,1.000000,因子未变动
688075.SH,2023-06-29,0.3363,46.8300,70.5600,2.278215,1.512030,因子未变动
688076.SH,2025-06-12,0.2958,40.0700,56.9000,1.447889,1.019630,因子未变动
688077.SH,2023-05-19,0.2973,26.3100,37.4400,1.447640,1.017292,因子未变动
688080.SH,2023-06-28,0.2873,47.2600,66.3100,1.415704,1.008991,因子未变动
688081.SH,2023-06-12,0.2857,19.2500,26.9500,1.420359,1.014542,因子未变动
688083.SH,2022-06-02,0.2881,185.0900,259.9800,1.406244,1.001160,因子未变动
688083.SH,2023-06-19,0.2872,147.2000,206.5000,1.972753,1.406244,因子未变动
688083.SH,2025-06-06,0.2883,69.4300,97.5600,2.788374,1.984387,因子未变动
688085.SH,2022-06-07,0.0987,19.5400,21.6800,1.114549,1.004533,因子未变动
688085.SH,2025-07-17,0.1671,17.5500,21.0700,1.482043,1.234449,因子未变动
688087.SH,2023-06-16,0.2903,22.2500,31.3500,1.413580,1.003258,因子未变动
688089.SH,2023-07-18,0.2932,20.5100,29.0200,1.452530,1.026581,因子未变动
688090.SH,2024-06-24,0.2891,26.1100,36.7300,1.433971,1.019357,因子未变动
688090.SH,2025-06-26,0.2321,32.6300,42.4900,1.867282,1.433971,因子未变动
688091.SH,2022-10-20,0.2647,78.5900,106.8800,1.359969,1.000000,因子未变动
688091.SH,2024-05-17,0.2371,28.7300,37.6600,1.967014,1.500592,因子未变动
688092.SH,2024-06-14,0.2942,22.5500,31.9500,1.455610,1.027355,因子未变动
688093.SH,2022-06-02,0.2891,18.5900,26.1500,1.414771,1.005759,因子未变动
688095.SH,2022-06-28,0.2782,72.6100,100.6000,1.390036,1.003285,因子未变动
688095.SH,2023-06-21,0.2779,168.4700,233.3000,1.924944,1.390036,因子未变动
688096.SH,2023-06-09,0.2938,9.5900,13.5800,1.482512,1.046928,因子未变动
688096.SH,2025-07-15,0.2895,10.9700,15.4400,2.086598,1.482512,因子未变动
688102.SH,2023-06-15,0.2888,12.0900,17.0000,1.414895,1.006240,因子未变动
688102.SH,2024-07-03,0.2357,8.4300,11.0300,1.851281,1.414895,因子未变动
688193.SH,2022-04-06,0.0185,58.8591,59.9700,1.000000,None,缺失因子记录
688223.SH,2022-01-27,0.0338,10.1935,10.5500,1.000000,None,缺失因子记录
688227.SH,2021-12-31,0.0116,32.4396,32.8200,1.000000,None,缺失因子记录
688232.SH,2021-11-18,0.0542,43.8014,46.3100,1.000000,None,缺失因子记录
688236.SH,2021-12-31,0.0539,27.0767,28.6200,1.000000,None,缺失因子记录
688259.SH,2022-01-13,0.2988,61.8116,88.1500,1.000000,None,缺失因子记录
688485.SH,2023-01-19,0.0169,21.1962,21.5600,1.000000,None,缺失因子记录
688511.SH,2026-04-07,0.2394,19.9800,26.2700,1.784549,1.357263,因子未变动
688535.SH,2026-04-30,0.3242,88.5300,131.0000,1.010900,1.010900,因子未变动
688573.SH,2023-08-18,0.0102,41.2756,41.7000,1.000000,None,缺失因子记录
688582.SH,2023-07-03,0.0111,46.3296,46.8500,1.000000,None,缺失因子记录
688612.SH,2023-07-28,0.0437,51.3029,53.6500,1.000000,None,缺失因子记录
688615.SH,2026-04-27,0.2923,127.4900,180.1400,1.412100,1.412100,因子未变动
688678.SH,2026-04-22,0.2882,21.7100,30.5000,2.099200,1.493820,因子未变动
688716.SH,2023-09-21,0.0139,31.3371,31.7800,1.000000,None,缺失因子记录
