ts_code,trade_date,jump_pct,factor_change_pct,type
000001.SZ,2000-11-06,0.1107,0.12452364275422366,因子数值不匹配
000001.SZ,2008-10-31,0.2334,0.3044983428634159,因子数值不匹配
000001.SZ,2013-06-20,0.3805,0.6140939529473417,因子数值不匹配
000001.SZ,2014-06-12,0.1783,0.21694243529216894,因子数值不匹配
000001.SZ,2015-04-13,0.1737,0.2102690053874663,因子数值不匹配
000001.SZ,2016-06-16,0.1791,0.21820259763097957,因子数值不匹配
000065.SZ,2005-11-11,0.2947,0.013698468524769454,因子数值不匹配
000430.SZ,2025-12-29,0.1304,0.14992700682776844,因子数值不匹配
000518.SZ,2000-02-28,0.0938,0.04095530131502,因子数值不匹配
000615.SZ,2025-12-29,0.1555,0.18413602675527993,因子数值不匹配
000691.SZ,2026-01-05,0.2253,0.29078001298368417,因子数值不匹配
000889.SZ,2001-08-30,0.2338,0.3051743091715422,因子数值不匹配
000889.SZ,2007-05-30,0.1304,0.14989714819052452,因子数值不匹配
000889.SZ,2020-07-10,0.2856,0.39974148784105956,因子数值不匹配
000890.SZ,2000-09-07,0.2856,0.3997696461835899,因子数值不匹配
000890.SZ,2001-06-22,0.2345,0.3063006845299733,因子数值不匹配
000890.SZ,2006-07-19,0.2412,0.3178810669846202,因子数值不匹配
000892.SZ,2001-10-16,0.3359,0.5057567338553127,因子数值不匹配
000893.SZ,2014-05-22,0.3395,0.5140987354996402,因子数值不匹配
000895.SZ,2000-06-06,0.2307,0.2998699879988923,因子数值不匹配
000895.SZ,2004-04-07,0.356,0.5526916170442698,因子数值不匹配
000895.SZ,2007-06-29,0.1742,0.21095590621743765,因子数值不匹配
000895.SZ,2013-05-03,0.5082,1.033309045330474,因子数值不匹配
000895.SZ,2015-05-20,0.3568,0.5546545255472104,因子数值不匹配
000897.SZ,2001-06-06,0.3615,0.5660727074826741,因子数值不匹配
000897.SZ,2004-04-30,0.3371,0.5085994713980818,因子数值不匹配
000897.SZ,2005-11-11,0.1746,0.21153801550771986,因子数值不匹配
000897.SZ,2008-05-21,0.2868,0.40204879928245413,因子数值不匹配
000898.SZ,2007-10-18,0.103,0.11488552328210198,因子数值不匹配
000898.SZ,2019-06-28,0.263,0.3567710940997868,因子数值不匹配
000899.SZ,2010-05-19,0.1554,0.1839286260113449,因子数值不匹配
000900.SZ,2012-07-06,0.3336,0.5005396812534626,因子数值不匹配
000900.SZ,2013-07-11,0.2457,0.3256577338906253,因子数值不匹配
000900.SZ,2014-06-12,0.2433,0.321503320116478,因子数值不匹配
000900.SZ,2017-07-06,0.3373,0.5089721186348218,因子数值不匹配
000901.SZ,2002-05-27,0.3764,0.6037107695349182,因子数值不匹配
000901.SZ,2003-06-09,0.2855,0.3996076168920744,因子数值不匹配
000901.SZ,2014-10-24,0.1829,0.2238281478838943,因子数值不匹配
000901.SZ,2018-06-05,0.3331,0.4995872572458492,因子数值不匹配
000902.SZ,2008-06-06,0.1664,0.1995891504566077,因子数值不匹配
000902.SZ,2016-05-31,0.5067,1.0270755251406896,因子数值不匹配
000903.SZ,2007-04-12,0.3398,0.5146448808371092,因子数值不匹配
000903.SZ,2011-05-19,0.4518,0.8242425928298891,因子数值不匹配
000903.SZ,2017-06-12,0.5045,1.0183487089059304,因子数值不匹配
000905.SZ,2006-10-17,0.4443,0.7993929693957598,因子数值不匹配
000906.SZ,2002-04-25,0.474,0.9012155234174348,因子数值不匹配
000906.SZ,2017-06-02,0.234,0.30545427320412755,因子数值不匹配
000906.SZ,2018-06-13,0.2367,0.31016958674642214,因子数值不匹配
000908.SZ,2000-04-19,0.5,1.0,因子数值不匹配
000908.SZ,2016-06-23,0.0979,0.108585733651287,因子数值不匹配
000908.SZ,2026-03-11,0.3155,0.46100933767334534,因子数值不匹配
000909.SZ,2013-06-18,0.3333,0.5000000000000002,因子数值不匹配
000910.SZ,2006-07-17,0.4996,0.9984898845245241,因子数值不匹配
000912.SZ,2003-05-27,0.2481,0.32988139691315543,因子数值不匹配
000913.SZ,2002-06-21,0.3805,0.6142278261023771,因子数值不匹配
000915.SZ,2002-09-27,0.4124,0.7019142771884547,因子数值不匹配
000915.SZ,2017-06-16,0.2331,0.3040318053012305,因子数值不匹配
000917.SZ,2004-05-12,0.2369,0.31048422926462477,因子数值不匹配
000917.SZ,2006-07-07,0.2306,0.29978097215543004,因子数值不匹配
000917.SZ,2008-05-20,0.1676,0.20134563588923482,因子数值不匹配
000917.SZ,2012-07-13,0.5479,1.2120441239658106,因子数值不匹配
000919.SZ,2004-08-17,0.182,0.22256623020850497,因子数值不匹配
000919.SZ,2006-07-10,0.3532,0.5459658361122784,因子数值不匹配
000920.SZ,2004-11-09,0.5,0.9999991095399436,因子数值不匹配
000922.SZ,2003-08-25,0.4115,0.6992336845571611,因子数值不匹配
000922.SZ,2020-05-25,0.1757,0.21311486674129576,因子数值不匹配
000925.SZ,2009-09-11,0.4999,0.9995574416191737,因子数值不匹配
000925.SZ,2018-06-21,0.2854,0.3993901179433202,因子数值不匹配
000926.SZ,2000-11-10,0.2307,0.2999418385171697,因子数值不匹配
000926.SZ,2007-05-22,0.4953,0.9815390917963016,因子数值不匹配
000926.SZ,2024-07-08,0.2888,0.4059827727347972,因子数值不匹配
000927.SZ,2002-07-29,0.1069,0.11968500000000004,因子数值不匹配
000928.SZ,2017-05-19,0.4461,0.8052468529664328,因子数值不匹配
000929.SZ,2000-06-09,0.1669,0.20028200000000007,因子数值不匹配
000929.SZ,2003-05-22,0.2854,0.3994711242857927,因子数值不匹配
000930.SZ,2002-07-12,0.4458,0.8044249801268925,因子数值不匹配
000930.SZ,2004-11-19,0.1716,0.20716483353313284,因子数值不匹配
000930.SZ,2005-12-07,0.4991,0.9965519602580838,因子数值不匹配
000932.SZ,2000-07-24,0.2046,0.25726099999999996,因子数值不匹配
000932.SZ,2019-06-13,0.2859,0.40042789214682273,因子数值不匹配
000933.SZ,2005-09-09,0.547,1.207521567108044,因子数值不匹配
000933.SZ,2009-06-19,0.3379,0.510443224886964,因子数值不匹配
000933.SZ,2010-05-26,0.2949,0.4181635162503618,因子数值不匹配
000933.SZ,2011-05-27,0.3802,0.613543211818026,因子数值不匹配
000935.SZ,2001-05-30,0.447,0.8084799609961829,因子数值不匹配
000936.SZ,2001-04-19,0.1697,0.20432000000000006,因子数值不匹配
000936.SZ,2004-06-16,0.4475,0.8100352057926704,因子数值不匹配
000936.SZ,2010-10-11,0.4117,0.6998576144473435,因子数值不匹配
000937.SZ,2005-05-16,0.3964,0.6567171152255344,因子数值不匹配
000937.SZ,2011-05-19,0.5052,1.021057164614659,因子数值不匹配
000937.SZ,2015-06-10,0.2368,0.3102377471057421,因子数值不匹配
000937.SZ,2022-06-29,0.1125,0.12674268174230308,因子数值不匹配
000937.SZ,2023-06-30,0.1359,0.8687496103504058,因子数值不匹配
000938.SZ,2000-05-11,0.375,0.6000350000000001,因子数值不匹配
000938.SZ,2018-07-05,0.2881,0.40467583837563625,因子数值不匹配
000938.SZ,2019-05-27,0.2887,0.405862273834767,因子数值不匹配
000938.SZ,2020-08-25,0.2881,0.4046367242119335,因子数值不匹配
000948.SZ,2012-04-25,0.0984,0.10911248909131777,因子数值不匹配
000948.SZ,2019-04-15,0.2331,0.3040001321291753,因子数值不匹配
000949.SZ,2001-06-07,0.5026,1.0105360578727571,因子数值不匹配
000949.SZ,2008-04-25,0.1697,0.20440256463984968,因子数值不匹配
000949.SZ,2011-07-12,0.2366,0.3099687976496812,因子数值不匹配
000950.SZ,2008-04-23,0.2093,0.26466392016736423,因子数值不匹配
000950.SZ,2010-04-16,0.3332,0.49959930006458925,因子数值不匹配
000951.SZ,2008-06-27,0.2306,0.2997860000000001,因子数值不匹配
000951.SZ,2016-05-13,0.3831,0.6210643551817556,因子数值不匹配
000951.SZ,2021-09-29,0.2858,0.40013304213422907,因子数值不匹配
000952.SZ,2020-05-29,0.1704,0.20533620504491476,因子数值不匹配
000953.SZ,2000-04-27,0.1667,0.2001059999999999,因子数值不匹配
000953.SZ,2003-05-27,0.3384,0.5115044954683601,因子数值不匹配
000955.SZ,2006-07-17,0.2315,0.30115775512812715,因子数值不匹配
000955.SZ,2013-05-20,0.23,0.2987012806516598,因子数值不匹配
000957.SZ,2000-06-02,0.4444,0.8,因子数值不匹配
000957.SZ,2016-07-27,0.5063,1.0256410256410255,因子数值不匹配
000958.SZ,2003-06-19,0.3389,0.5126902799729618,因子数值不匹配
000958.SZ,2017-05-17,0.5023,1.0091555891382544,因子数值不匹配
000959.SZ,2005-06-23,0.1013,0.11267654339730858,因子数值不匹配
000959.SZ,2006-04-05,0.0952,0.10526331748036309,因子数值不匹配
000960.SZ,2004-10-18,0.3333,0.5000004820415422,因子数值不匹配
000960.SZ,2008-04-29,0.1689,0.20321658455895575,因子数值不匹配
000960.SZ,2010-01-27,0.1367,0.15841265370369367,因子数值不匹配
000962.SZ,2000-08-28,0.4445,0.800117,因子数值不匹配
000962.SZ,2001-09-11,0.168,0.20188587619486903,因子数值不匹配
000963.SZ,2002-07-11,0.5007,1.0026737148623952,因子数值不匹配
000963.SZ,2006-11-01,0.3,0.016752297750267233,因子数值不匹配
000963.SZ,2017-05-24,0.5072,1.029398795659221,因子数值不匹配
000963.SZ,2018-06-13,0.3398,0.5147149486462003,因子数值不匹配
000963.SZ,2019-06-21,0.1759,0.21338224746612353,因子数值不匹配
000965.SZ,2009-05-15,0.3331,0.4994981556653005,因子数值不匹配
000965.SZ,2012-05-21,0.3333,0.500000605746352,因子数值不匹配
000966.SZ,2001-06-15,0.1767,0.21465567800708726,因子数值不匹配
000966.SZ,2016-06-23,0.5093,1.037956248194516,因子数值不匹配
000967.SZ,2008-06-06,0.3333,0.5000004869359942,因子数值不匹配
000967.SZ,2013-06-28,0.1692,0.20364176065610384,因子数值不匹配
000967.SZ,2016-07-05,0.3347,0.5030590273428005,因子数值不匹配
000967.SZ,2017-06-23,0.3344,0.50238300888486,因子数值不匹配
000968.SZ,2008-05-16,0.2327,0.3032387694023887,因子数值不匹配
000969.SZ,2001-04-11,0.378,0.6077699999999999,因子数值不匹配
000969.SZ,2005-04-22,0.2466,0.32733267265895927,因子数值不匹配
000969.SZ,2006-05-30,0.0987,0.10947107144754895,因子数值不匹配
000969.SZ,2010-04-28,0.446,0.8049293469275887,因子数值不匹配
000970.SZ,2001-04-19,0.4465,0.8065990000000001,因子数值不匹配
000970.SZ,2002-04-30,0.3362,0.5064516254022059,因子数值不匹配
000970.SZ,2004-09-22,0.5045,1.0180924334772024,因子数值不匹配
000970.SZ,2013-06-03,0.503,1.0122400356790764,因子数值不匹配
000972.SZ,2007-05-28,0.4452,0.8023254369273498,因子数值不匹配
000972.SZ,2008-06-10,0.232,0.30202874358312193,因子数值不匹配
000973.SZ,2006-06-06,0.3352,0.5041326570675654,因子数值不匹配
000973.SZ,2012-06-08,0.3359,0.5058591063845315,因子数值不匹配
000975.SZ,2001-09-26,0.3749,0.5998489928718675,因子数值不匹配
000975.SZ,2004-07-08,0.4454,0.803068493548516,因子数值不匹配
000975.SZ,2008-01-24,0.3273,0.48659592822351727,因子数值不匹配
000975.SZ,2018-06-01,0.2946,0.4175532096883592,因子数值不匹配
000975.SZ,2020-09-24,0.2859,0.4003814594917403,因子数值不匹配
000977.SZ,2014-05-13,0.5007,1.0028559965266743,因子数值不匹配
000977.SZ,2015-04-27,0.5005,1.0019625727315618,因子数值不匹配
000978.SZ,2001-04-26,0.3395,0.5141150000000001,因子数值不匹配
000978.SZ,2010-05-28,0.2402,0.3161096241243676,因子数值不匹配
000980.SZ,2007-04-20,0.3336,0.5005729524761964,因子数值不匹配
000981.SZ,2011-08-26,0.1441,0.16842085899430617,因子数值不匹配
000981.SZ,2015-11-13,0.6665,1.9986791437273699,因子数值不匹配
000981.SZ,2022-02-25,0.4,0.07972685672337051,因子数值不匹配
000983.SZ,2005-05-19,0.3496,0.5374061602793788,因子数值不匹配
000983.SZ,2008-09-12,0.5014,1.0056493833172913,因子数值不匹配
000983.SZ,2010-06-02,0.2362,0.30920480784776333,因子数值不匹配
000983.SZ,2020-06-24,0.2465,0.32712749227046123,因子数值不匹配
000983.SZ,2023-06-21,0.1147,0.12958949620062782,因子数值不匹配
000983.SZ,2024-07-12,0.0801,0.8790456654623243,因子数值不匹配
000985.SZ,2006-10-16,0.1125,0.12672802391524315,因子数值不匹配
000987.SZ,2008-07-29,0.3422,0.5201307504374465,因子数值不匹配
000987.SZ,2016-06-14,0.3406,0.5164658888731755,因子数值不匹配
000987.SZ,2021-08-25,0.2748,0.3789106714782267,因子数值不匹配
000987.SZ,2022-06-23,0.2748,0.3788545014771695,因子数值不匹配
000988.SZ,2003-04-07,0.5019,1.0078018952395904,因子数值不匹配
000988.SZ,2004-04-06,0.2355,0.308068409166785,因子数值不匹配
000988.SZ,2009-09-29,0.1079,0.12091826557349333,因子数值不匹配
000988.SZ,2012-07-13,0.5052,1.021156627182378,因子数值不匹配
000989.SZ,2002-10-18,0.231,0.3004011006045575,因子数值不匹配
000989.SZ,2004-05-12,0.1846,0.22641510801220013,因子数值不匹配
000989.SZ,2008-05-29,0.1854,0.22764986707624937,因子数值不匹配
000989.SZ,2016-05-27,0.1446,0.1690752759725139,因子数值不匹配
000990.SZ,2001-04-03,0.3352,0.5042770000000001,因子数值不匹配
000990.SZ,2006-04-20,0.2785,0.38592184872001584,因子数值不匹配
000997.SZ,2004-05-26,0.5,1.0,因子数值不匹配
000997.SZ,2005-05-26,0.2396,0.3151204959607801,因子数值不匹配
000997.SZ,2006-06-06,0.2035,0.25549762950263294,因子数值不匹配
000997.SZ,2007-05-18,0.1724,0.20826279108113704,因子数值不匹配
000997.SZ,2015-06-08,0.4444,0.7999011767844262,因子数值不匹配
000998.SZ,2006-03-14,0.333,0.49930145946763466,因子数值不匹配
000998.SZ,2008-07-01,0.3769,0.6049019148605705,因子数值不匹配
000998.SZ,2012-06-12,0.3361,0.506344177880668,因子数值不匹配
000998.SZ,2014-07-30,0.5018,1.007299396633403,因子数值不匹配
000999.SZ,2003-06-11,0.2389,0.3139200263107409,因子数值不匹配
000999.SZ,2024-06-14,0.2496,0.3326064350139007,因子数值不匹配
000999.SZ,2025-06-06,0.2364,0.30950972059822884,因子数值不匹配
001201.SZ,2021-06-25,0.2975,0.4234849999999999,因子数值不匹配
001201.SZ,2022-06-02,0.171,0.2063295363140463,因子数值不匹配
001202.SZ,2025-06-18,0.2274,0.2943928394386817,因子数值不匹配
001205.SZ,2022-04-18,0.2891,0.4066209999999999,因子数值不匹配
001206.SZ,2022-09-15,0.2856,0.3997863061030555,因子数值不匹配
001206.SZ,2023-04-28,0.3022,0.433003504219822,因子数值不匹配
001207.SZ,2026-04-08,0.2976,0.4237610065951761,因子数值不匹配
001209.SZ,2022-06-23,0.2856,0.39986795125986674,因子数值不匹配
001210.SZ,2023-06-21,0.1837,0.2250450376277372,因子数值不匹配
001210.SZ,2024-06-18,0.169,0.20332564715144555,因子数值不匹配
001210.SZ,2025-06-09,0.172,0.20771561255498538,因子数值不匹配
001212.SZ,2022-06-15,0.2343,0.30595319751645733,因子数值不匹配
001212.SZ,2025-05-29,0.2844,0.3974014696409435,因子数值不匹配
001218.SZ,2022-06-06,0.3044,0.4375260000000001,因子数值不匹配
001219.SZ,2022-06-23,0.2388,0.3137160000000001,因子数值不匹配
001219.SZ,2023-06-16,0.2403,0.3162768817613547,因子数值不匹配
001219.SZ,2024-06-27,0.2456,0.32552304110422425,因子数值不匹配
001222.SZ,2023-06-27,0.2996,0.4276690000000001,因子数值不匹配
001223.SZ,2025-05-26,0.2878,0.404198123662526,因子数值不匹配
001230.SZ,2024-06-06,0.1824,0.2230878868338861,因子数值不匹配
001266.SZ,2022-07-14,0.2952,0.41888900000000007,因子数值不匹配
001269.SZ,2023-06-12,0.29,0.40841799999999995,因子数值不匹配
001270.SZ,2023-05-12,0.2878,0.40408,因子数值不匹配
001270.SZ,2024-05-07,0.2336,0.3047917497578486,因子数值不匹配
001282.SZ,2024-07-09,0.2947,0.4178710000000001,因子数值不匹配
001282.SZ,2025-06-26,0.2883,0.4051329146007366,因子数值不匹配
001288.SZ,2025-05-16,0.2918,0.4120701642007907,因子数值不匹配
001296.SZ,2022-06-24,0.241,0.31759099999999996,因子数值不匹配
001296.SZ,2024-05-30,0.2983,0.42501501036564876,因子数值不匹配
001298.SZ,2023-05-23,0.3163,0.462623,因子数值不匹配
001298.SZ,2024-05-29,0.3162,0.462365216463846,因子数值不匹配
001298.SZ,2025-05-28,0.3118,0.4530763400999306,因子数值不匹配
001298.SZ,2026-04-17,0.3118,0.45302800639259894,因子数值不匹配
001299.SZ,2025-04-29,0.2676,0.36531351963916076,因子数值不匹配
001299.SZ,2026-04-29,0.2524,0.0,缺失大额因子
001308.SZ,2022-06-01,0.2458,0.325847,因子数值不匹配
001308.SZ,2023-04-28,0.2496,0.3325768357887449,因子数值不匹配
001309.SZ,2023-07-13,0.2869,0.40240699999999996,因子数值不匹配
001309.SZ,2024-04-26,0.2316,0.30142890045471815,因子数值不匹配
001309.SZ,2025-07-10,0.2874,0.40338704083483234,因子数值不匹配
001311.SZ,2023-06-07,0.238,0.312295,因子数值不匹配
001311.SZ,2024-06-11,0.2483,0.33036093256470545,因子数值不匹配
001311.SZ,2025-06-10,0.2496,0.33268263847599927,因子数值不匹配
001316.SZ,2025-07-07,0.2915,0.41145165291401714,因子数值不匹配
001331.SZ,2023-06-07,0.2947,0.4177679999999999,因子数值不匹配
001331.SZ,2024-07-17,0.1732,0.20949760468567505,因子数值不匹配
001331.SZ,2025-06-05,0.2857,0.40000011663256124,因子数值不匹配
001332.SZ,2023-05-19,0.2714,0.37252296320189765,因子数值不匹配
001358.SZ,2024-04-24,0.3089,0.4469080000000001,因子数值不匹配
001367.SZ,2024-06-18,0.3332,0.499803,因子数值不匹配
001367.SZ,2025-05-20,0.3282,0.48859150168388793,因子数值不匹配
001380.SZ,2024-05-13,0.3029,0.43442905887954303,因子数值不匹配
001380.SZ,2025-05-20,0.3305,0.49364858304970366,因子数值不匹配
001696.SZ,2005-05-27,0.2391,0.31422001189536575,因子数值不匹配
001696.SZ,2006-04-21,0.1715,0.2070706675385871,因子数值不匹配
001696.SZ,2007-08-27,0.501,1.0041015799300026,因子数值不匹配
001696.SZ,2009-04-30,0.2431,0.32109125164597435,因子数值不匹配
001696.SZ,2010-04-27,0.4133,0.7043248674902572,因子数值不匹配
001872.SZ,2004-06-22,0.2464,无因子记录,Major Missing
001872.SZ,2005-07-06,0.249,无因子记录,Major Missing
001872.SZ,2006-06-19,0.0505,无因子记录,Major Missing
001872.SZ,2018-05-23,0.0547,无因子记录,Major Missing
001914.SZ,2011-06-16,0.3415,无因子记录,Major Missing
001914.SZ,2012-05-17,0.5085,无因子记录,Major Missing
002001.SZ,2005-10-19,0.3333,0.5000004870801978,因子数值不匹配
002001.SZ,2006-06-23,0.5057,1.0229128945023602,因子数值不匹配
002001.SZ,2010-05-14,0.2471,0.32819079666832257,因子数值不匹配
002001.SZ,2010-10-18,0.3333,0.5000002290304317,因子数值不匹配
002001.SZ,2014-05-16,0.3503,0.5391171112749046,因子数值不匹配
002001.SZ,2018-05-30,0.4232,0.7336852854405667,因子数值不匹配
002001.SZ,2021-05-19,0.1812,0.22124166682584853,因子数值不匹配
002001.SZ,2022-05-25,0.1887,0.2325693812790369,因子数值不匹配
002003.SZ,2007-06-21,0.1744,0.21120356947869792,因子数值不匹配
002003.SZ,2007-09-25,0.2307,0.2998274669505949,因子数值不匹配
002003.SZ,2008-06-13,0.2348,0.3068105788875463,因子数值不匹配
002003.SZ,2011-02-25,0.145,0.16956507392470532,因子数值不匹配
002003.SZ,2014-05-07,0.2815,0.39170496518253284,因子数值不匹配
002003.SZ,2015-05-15,0.199,0.24838184480342723,因子数值不匹配
002003.SZ,2017-05-25,0.2579,0.34749746550061245,因子数值不匹配
002003.SZ,2018-06-08,0.2615,0.3540305886209185,因子数值不匹配
002003.SZ,2022-05-27,0.2586,0.34879245161325806,因子数值不匹配
002004.SZ,2004-10-18,0.3427,0.521466,因子数值不匹配
002004.SZ,2012-05-15,0.5058,1.0234445743364475,因子数值不匹配
002004.SZ,2012-09-04,0.3332,0.49969577192077724,因子数值不匹配
002004.SZ,2015-05-27,0.6024,1.5149635344758856,因子数值不匹配
002005.SZ,2005-05-25,0.1247,0.14244999999999997,因子数值不匹配
002005.SZ,2006-07-13,0.3754,0.6009777233139306,因子数值不匹配
002005.SZ,2008-04-21,0.4996,0.9984024380042613,因子数值不匹配
002005.SZ,2012-05-24,0.5029,1.0115070453978383,因子数值不匹配
002006.SZ,2006-06-22,0.1778,0.21621577249167284,因子数值不匹配
002006.SZ,2008-05-15,0.3335,0.5003700339224232,因子数值不匹配
002006.SZ,2011-09-13,0.5,1.0,因子数值不匹配
002006.SZ,2012-05-16,0.3365,0.5071284087384795,因子数值不匹配
002007.SZ,2005-05-23,0.3518,0.5427949999999999,因子数值不匹配
002007.SZ,2006-10-20,0.3332,0.4997072617921357,因子数值不匹配
002007.SZ,2007-06-12,0.1666,0.19994361909293765,因子数值不匹配
002007.SZ,2007-10-24,0.1697,0.2044511312841118,因子数值不匹配
002007.SZ,2009-05-06,0.3778,0.6071559717582192,因子数值不匹配
002007.SZ,2010-05-27,0.3776,0.6066576992304583,因子数值不匹配
002007.SZ,2016-06-07,0.38,0.612975549510859,因子数值不匹配
002007.SZ,2019-06-17,0.3397,0.5144926939979072,因子数值不匹配
002007.SZ,2020-04-27,0.2371,0.3107208919004948,因子数值不匹配
002008.SZ,2005-06-01,0.3435,0.5232159999999999,因子数值不匹配
002008.SZ,2006-05-25,0.3425,0.520798757365994,因子数值不匹配
002008.SZ,2007-05-14,0.3354,0.504747885284081,因子数值不匹配
002008.SZ,2008-04-25,0.3781,0.6078885039572479,因子数值不匹配
002008.SZ,2011-06-15,0.3421,0.520098530191854,因子数值不匹配
002009.SZ,2006-06-23,0.3753,0.6007028259212,因子数值不匹配
002009.SZ,2007-06-08,0.1674,0.201030921473993,因子数值不匹配
002009.SZ,2008-03-21,0.5001,1.0005671735951922,因子数值不匹配
002010.SZ,2005-09-28,0.3336,0.5006635813137836,因子数值不匹配
002010.SZ,2007-06-06,0.2328,0.30347588777752665,因子数值不匹配
002010.SZ,2008-06-06,0.2309,0.3001987317800478,因子数值不匹配
002010.SZ,2011-05-19,0.5007,1.0030007967014396,因子数值不匹配
002011.SZ,2008-06-10,0.5057,1.0229014990880918,因子数值不匹配
002011.SZ,2011-05-19,0.5052,1.020819038278702,因子数值不匹配
002012.SZ,2005-06-09,0.4584,0.846273,因子数值不匹配
002012.SZ,2012-10-23,0.5,0.9999994769434036,因子数值不匹配
002014.SZ,2007-04-04,0.1152,0.13023948405615557,因子数值不匹配
002014.SZ,2007-08-30,0.1667,0.19999983844467473,因子数值不匹配
002014.SZ,2011-03-17,0.2435,0.32190290481606004,因子数值不匹配
002014.SZ,2012-08-23,0.3333,0.5000000000000002,因子数值不匹配
002014.SZ,2018-04-18,0.3586,0.55909691727278,因子数值不匹配
002014.SZ,2022-04-14,0.2119,0.26884773766289843,因子数值不匹配
002015.SZ,2006-07-04,0.5031,1.0124989617981264,因子数值不匹配
002015.SZ,2008-05-27,0.4142,0.707152855329918,因子数值不匹配
002015.SZ,2015-06-26,0.1451,0.1696800199749577,因子数值不匹配
002016.SZ,2005-10-28,0.1302,0.14968592002451356,因子数值不匹配
002016.SZ,2008-09-02,0.5,0.9999991793228756,因子数值不匹配
002016.SZ,2009-05-14,0.1669,0.2002670183400727,因子数值不匹配
002016.SZ,2013-05-10,0.2955,0.41939557685281936,因子数值不匹配
002017.SZ,2006-05-15,0.2304,0.2993371719401161,因子数值不匹配
002017.SZ,2008-04-16,0.2308,0.30009713095754936,因子数值不匹配
002017.SZ,2009-12-15,0.1787,0.21758765329102772,因子数值不匹配
002017.SZ,2011-05-20,0.1038,0.11576237957095199,因子数值不匹配
002017.SZ,2014-05-15,0.235,0.30714286005812713,因子数值不匹配
002017.SZ,2015-06-01,0.1679,0.20178068504699148,因子数值不匹配
002017.SZ,2019-02-28,0.159,0.1890034514699328,因子数值不匹配
002017.SZ,2023-06-21,0.2355,0.30810809653265775,因子数值不匹配
002019.SZ,2005-04-07,0.2389,0.31390399999999996,因子数值不匹配
002019.SZ,2007-05-18,0.2884,0.4052492868427161,因子数值不匹配
002019.SZ,2007-08-28,0.5,0.9999994671966284,因子数值不匹配
002019.SZ,2016-05-16,0.601,1.5065017110313648,因子数值不匹配
002020.SZ,2006-05-18,0.3337,0.500840332855698,因子数值不匹配
002020.SZ,2013-05-27,0.5027,1.010827362965487,因子数值不匹配
002020.SZ,2016-05-23,0.503,1.0121215746524281,因子数值不匹配
002020.SZ,2021-05-28,0.1825,0.2232044437032423,因子数值不匹配
002021.SZ,2005-06-14,0.3915,0.643275,因子数值不匹配
002021.SZ,2006-06-13,0.2478,0.3294798496904048,因子数值不匹配
002021.SZ,2007-06-04,0.1721,0.20791311946119861,因子数值不匹配
002021.SZ,2009-06-17,0.4446,0.8004199762281823,因子数值不匹配
002021.SZ,2012-06-08,0.235,0.30721639368493364,因子数值不匹配
002021.SZ,2023-12-29,0.2068,0.26071431160179626,因子数值不匹配
002022.SZ,2005-04-06,0.203,0.25473199999999996,因子数值不匹配
002022.SZ,2006-04-20,0.4268,0.7446044254868768,因子数值不匹配
002022.SZ,2007-04-16,0.3388,0.5124569954193927,因子数值不匹配
002022.SZ,2008-04-28,0.3344,0.502417704562513,因子数值不匹配
002022.SZ,2009-04-27,0.2379,0.31209051056032927,因子数值不匹配
002022.SZ,2010-05-27,0.1744,0.21118711998648004,因子数值不匹配
002023.SZ,2005-06-01,0.3431,0.5222578274290752,因子数值不匹配
002023.SZ,2008-04-16,0.3753,0.6006594979885501,因子数值不匹配
002023.SZ,2010-05-11,0.2855,0.3996765242423249,因子数值不匹配
002023.SZ,2015-05-08,0.5015,1.0059914459525923,因子数值不匹配
002024.SZ,2005-06-03,0.501,1.003971,因子数值不匹配
002024.SZ,2005-10-17,0.4445,0.800099402636066,因子数值不匹配
002024.SZ,2006-09-21,0.5,1.0,因子数值不匹配
002024.SZ,2007-04-06,0.5,1.0,因子数值不匹配
002024.SZ,2008-09-26,0.5013,1.0053539250873096,因子数值不匹配
002024.SZ,2009-04-10,0.3344,0.5023114377559155,因子数值不匹配
002024.SZ,2010-04-16,0.3353,0.5044606445402037,因子数值不匹配
002025.SZ,2005-04-13,0.1714,0.20678400000000008,因子数值不匹配
002025.SZ,2006-04-07,0.3372,0.5086552357339839,因子数值不匹配
002025.SZ,2008-05-28,0.502,1.0078396327406967,因子数值不匹配
002025.SZ,2015-06-25,0.2344,0.30608551075796947,因子数值不匹配
002026.SZ,2006-06-22,0.3414,0.518389997383677,因子数值不匹配
002026.SZ,2011-04-11,0.2362,0.30930664576465466,因子数值不匹配
002026.SZ,2013-05-13,0.2358,0.30858118308222876,因子数值不匹配
002027.SZ,2005-05-11,0.5076,1.0309949999999999,因子数值不匹配
002027.SZ,2006-04-11,0.2596,0.3505749644878497,因子数值不匹配
002027.SZ,2016-06-30,0.5035,1.0140593676073484,因子数值不匹配
002027.SZ,2017-07-06,0.3071,0.4431457048282522,因子数值不匹配
002027.SZ,2018-06-29,0.1742,0.21093748432166234,因子数值不匹配
002028.SZ,2005-04-28,0.5072,1.0293230000000002,因子数值不匹配
002028.SZ,2007-09-18,0.3361,0.5062755627026903,因子数值不匹配
002028.SZ,2008-04-15,0.3777,0.6068899305798486,因子数值不匹配
002028.SZ,2009-04-20,0.379,0.6103429758763071,因子数值不匹配
002028.SZ,2014-05-16,0.2957,0.4197780928007593,因子数值不匹配
002028.SZ,2016-04-25,0.1789,0.21794871900400267,因子数值不匹配
002029.SZ,2005-05-26,0.245,0.32458999999999993,因子数值不匹配
002029.SZ,2007-05-23,0.3351,0.5039875977998219,因子数值不匹配
002029.SZ,2008-05-08,0.3332,0.49974143487468675,因子数值不匹配
002029.SZ,2012-05-08,0.3367,0.5077270480362731,因子数值不匹配
002029.SZ,2013-06-07,0.3379,0.5103305450664296,因子数值不匹配
002030.SZ,2006-05-17,0.3478,0.533333464539035,因子数值不匹配
002030.SZ,2008-05-14,0.3786,0.6092041181616995,因子数值不匹配
002030.SZ,2009-06-10,0.1682,0.20216323023374624,因子数值不匹配
002030.SZ,2010-06-18,0.1684,0.20254215263785627,因子数值不匹配
002030.SZ,2011-06-17,0.1676,0.20135530638881255,因子数值不匹配
002030.SZ,2012-06-15,0.1686,0.2027884494807281,因子数值不匹配
002030.SZ,2014-07-15,0.1673,0.20092249032796683,因子数值不匹配
002030.SZ,2015-06-17,0.1673,0.20091911561818565,因子数值不匹配
002030.SZ,2021-05-19,0.3848,0.625458078655123,因子数值不匹配
002030.SZ,2023-06-13,0.139,0.16143898979305454,因子数值不匹配
002031.SZ,2005-06-16,0.2427,0.320427,因子数值不匹配
002031.SZ,2007-09-18,0.231,0.3003724265076381,因子数值不匹配
002031.SZ,2011-05-31,0.3371,0.5084527601288146,因子数值不匹配
002031.SZ,2015-06-15,0.2322,0.30249776465406353,因子数值不匹配
002031.SZ,2016-06-30,0.6688,2.0191487541063995,因子数值不匹配
002032.SZ,2005-07-01,0.2441,0.32298800000000005,因子数值不匹配
002032.SZ,2008-03-28,0.4999,0.9996075614266139,因子数值不匹配
002032.SZ,2010-05-27,0.2372,0.31101264738422063,因子数值不匹配
002032.SZ,2012-05-17,0.108,0.1211048625737036,因子数值不匹配
002032.SZ,2017-05-25,0.2429,0.3209074766742243,因子数值不匹配
002033.SZ,2011-04-28,0.2307,0.29983791218531286,因子数值不匹配
002033.SZ,2013-05-09,0.2374,0.3112317170045051,因子数值不匹配
002033.SZ,2015-05-22,0.3365,0.5071310117826295,因子数值不匹配
002033.SZ,2017-04-11,0.2361,0.3091537979757664,因子数值不匹配
002034.SZ,2005-06-09,0.1856,0.2279009999999999,因子数值不匹配
002034.SZ,2018-06-04,0.4149,0.7090978337295343,因子数值不匹配
002035.SZ,2005-06-06,0.3288,0.4897959999999999,因子数值不匹配
002035.SZ,2006-06-19,0.1928,0.23892063074407513,因子数值不匹配
002035.SZ,2007-05-17,0.2335,0.3046562921409799,因子数值不匹配
002035.SZ,2010-05-13,0.2381,0.31257949702210835,因子数值不匹配
002035.SZ,2012-04-24,0.111,0.12484082563373596,因子数值不匹配
002035.SZ,2014-05-05,0.1795,0.21883939016897042,因子数值不匹配
002035.SZ,2017-06-09,0.3799,0.6126277952039932,因子数值不匹配
002035.SZ,2018-07-05,0.343,0.5219657398687211,因子数值不匹配
002036.SZ,2006-05-23,0.2705,0.3707864731820982,因子数值不匹配
002036.SZ,2007-04-18,0.1721,0.2078943115249605,因子数值不匹配
002036.SZ,2009-05-08,0.3392,0.5134045653794577,因子数值不匹配
002036.SZ,2014-10-30,0.1215,0.13836488756652404,因子数值不匹配
002036.SZ,2019-06-28,0.2329,0.30353201885144204,因子数值不匹配
002036.SZ,2020-05-29,0.2304,0.2993687755987926,因子数值不匹配
002037.SZ,2009-05-27,0.0983,0.1089800439883643,因子数值不匹配
002037.SZ,2010-05-13,0.2332,0.3040540196684985,因子数值不匹配
002037.SZ,2013-06-07,0.3808,0.6149165839191421,因子数值不匹配
002038.SZ,2005-04-19,0.1793,0.2184330000000001,因子数值不匹配
002038.SZ,2007-04-18,0.3353,0.5044246273011486,因子数值不匹配
002038.SZ,2008-05-09,0.5008,1.0030857191768021,因子数值不匹配
002038.SZ,2011-04-27,0.3364,0.5069819962718782,因子数值不匹配
002038.SZ,2013-05-28,0.1696,0.20421084111251991,因子数值不匹配
002038.SZ,2015-07-15,0.337,0.5083102788168807,因子数值不匹配
002038.SZ,2019-07-04,0.3417,0.5189633186352665,因子数值不匹配
002039.SZ,2014-05-16,0.3333,0.49999954798541635,因子数值不匹配
002039.SZ,2022-06-16,0.2926,0.4136516377693174,因子数值不匹配
002040.SZ,2006-06-19,0.3815,0.6168719392716944,因子数值不匹配
002040.SZ,2019-07-05,0.2336,0.30480678090925833,因子数值不匹配
002041.SZ,2006-06-07,0.5031,1.0124612669502193,因子数值不匹配
002041.SZ,2011-05-19,0.5019,1.0078253038860847,因子数值不匹配
002041.SZ,2015-06-10,0.6024,1.5148846844211101,因子数值不匹配
002042.SZ,2011-09-01,0.5,1.0,因子数值不匹配
002042.SZ,2012-05-11,0.3407,0.516835143397987,因子数值不匹配
002042.SZ,2018-06-06,0.3576,0.5566778119981693,因子数值不匹配
002043.SZ,2008-05-27,0.333,0.4991928084124527,因子数值不匹配
002043.SZ,2012-05-22,0.5049,1.0197526933211654,因子数值不匹配
002043.SZ,2016-04-28,0.3394,0.5137210145225741,因子数值不匹配
002044.SZ,2008-05-15,0.2313,0.3008475479497125,因子数值不匹配
002044.SZ,2011-05-18,0.2773,0.38366299239033125,因子数值不匹配
002044.SZ,2015-06-03,0.1945,0.2415106763013208,因子数值不匹配
002044.SZ,2016-06-13,0.4998,0.9993110830340727,因子数值不匹配
002044.SZ,2018-06-11,0.1682,0.20223755236512386,因子数值不匹配
002044.SZ,2019-07-10,0.1694,0.20398000488047513,因子数值不匹配
002045.SZ,2006-05-15,0.3845,0.6246828357486236,因子数值不匹配
002045.SZ,2007-06-08,0.2057,0.258947156342169,因子数值不匹配
002045.SZ,2009-07-17,0.1703,0.20526290702901648,因子数值不匹配
002045.SZ,2011-05-27,0.3397,0.5145388981482193,因子数值不匹配
002046.SZ,2006-05-29,0.1723,0.20811500000000005,因子数值不匹配
002046.SZ,2007-05-28,0.2037,0.2557744916667701,因子数值不匹配
002046.SZ,2012-06-27,0.5027,1.010726834810921,因子数值不匹配
002046.SZ,2014-08-20,0.099,0.10986268155738939,因子数值不匹配
002047.SZ,2005-11-30,0.1023,0.11399000000000004,因子数值不匹配
002047.SZ,2008-05-26,0.1371,0.15894038199128707,因子数值不匹配
002047.SZ,2010-04-26,0.3747,0.5991495407258038,因子数值不匹配
002048.SZ,2005-11-11,0.258,无因子记录,Major Missing
002048.SZ,2006-04-21,0.2347,0.7608490000000001,因子数值不匹配
002048.SZ,2006-09-13,0.4445,0.800320754363378,因子数值不匹配
002048.SZ,2008-04-14,0.4473,0.8091483272785402,因子数值不匹配
002048.SZ,2021-11-23,0.1304,0.14995310365513315,因子数值不匹配
002049.SZ,2008-11-03,0.3339,0.501326630224449,因子数值不匹配
002049.SZ,2014-06-16,0.5009,1.0037231619244724,因子数值不匹配
002049.SZ,2022-08-24,0.2867,0.4018420452607404,因子数值不匹配
002050.SZ,2012-04-09,0.5095,1.0385821699794218,因子数值不匹配
002050.SZ,2014-06-04,0.243,0.3210632877639821,因子数值不匹配
002050.SZ,2015-04-21,0.5022,1.0088731109514848,因子数值不匹配
002050.SZ,2019-05-10,0.2433,0.32152853060094355,因子数值不匹配
002050.SZ,2020-06-03,0.235,0.3072496240482978,因子数值不匹配
002051.SZ,2010-12-07,0.3368,0.507823449429976,因子数值不匹配
002051.SZ,2011-05-27,0.2385,0.3131701300232753,因子数值不匹配
002051.SZ,2012-06-19,0.2383,0.3128721638711959,因子数值不匹配
002051.SZ,2014-05-08,0.1796,0.21884884290350717,因子数值不匹配
002051.SZ,2016-06-17,0.1776,0.21597005842330722,因子数值不匹配
002051.SZ,2017-06-08,0.1784,0.21707311164781595,因子数值不匹配
002052.SZ,2006-10-23,0.2333,0.3042499999999999,因子数值不匹配
002052.SZ,2007-05-25,0.4999,0.9996013034310908,因子数值不匹配
002052.SZ,2008-04-11,0.2308,0.30008895773740596,因子数值不匹配
002052.SZ,2013-06-27,0.5027,1.0109756191076167,因子数值不匹配
002053.SZ,2016-09-20,0.4998,0.9993034377731383,因子数值不匹配
002054.SZ,2009-09-18,0.375,0.5998957260293657,因子数值不匹配
002054.SZ,2010-09-28,0.2856,0.39986416590768803,因子数值不匹配
002054.SZ,2015-06-11,0.2351,0.3074433932160948,因子数值不匹配
002055.SZ,2007-05-25,0.2372,0.311013,因子数值不匹配
002055.SZ,2008-06-19,0.2339,0.3053135247324017,因子数值不匹配
002055.SZ,2009-06-30,0.2324,0.30283535803254036,因子数值不匹配
002055.SZ,2010-05-26,0.2332,0.30414394129678135,因子数值不匹配
002055.SZ,2012-05-07,0.5028,1.0112743655339476,因子数值不匹配
002056.SZ,2008-05-06,0.4998,0.9993455484442444,因子数值不匹配
002056.SZ,2016-05-06,0.5035,1.0140347438718376,因子数值不匹配
002056.SZ,2017-04-26,0.5017,1.0069061524991028,因子数值不匹配
002057.SZ,2007-05-30,0.1678,0.20156400000000008,因子数值不匹配
002057.SZ,2014-05-27,0.501,1.0038604270125309,因子数值不匹配
002057.SZ,2018-06-07,0.3419,0.5195458657955297,因子数值不匹配
002057.SZ,2019-06-17,0.3371,0.5085354532874905,因子数值不匹配
002058.SZ,2011-04-01,0.5013,1.0053727049665793,因子数值不匹配
002058.SZ,2013-06-07,0.1357,0.1569579217031192,因子数值不匹配
002059.SZ,2015-05-14,0.5,1.0,因子数值不匹配
002060.SZ,2009-06-04,0.1717,0.2072538203154564,因子数值不匹配
002060.SZ,2012-06-18,0.1692,0.20362016076382256,因子数值不匹配
002060.SZ,2013-06-19,0.17,0.20476216838947278,因子数值不匹配
002060.SZ,2017-06-05,0.503,1.0120775155439856,因子数值不匹配
002061.SZ,2013-05-16,0.34,0.5151984960660293,因子数值不匹配
002061.SZ,2014-05-12,0.2382,0.3126680639038279,因子数值不匹配
002061.SZ,2023-05-29,0.3065,0.44202906918311613,因子数值不匹配
002062.SZ,2007-05-25,0.3357,0.505395,因子数值不匹配
002062.SZ,2009-04-29,0.3389,0.5125379053338159,因子数值不匹配
002062.SZ,2010-05-18,0.341,0.5173952894354639,因子数值不匹配
002062.SZ,2012-05-16,0.2108,0.2671479559926173,因子数值不匹配
002062.SZ,2014-04-30,0.2934,0.41530063523206223,因子数值不匹配
002062.SZ,2016-04-29,0.2951,0.41856392698029665,因子数值不匹配
002063.SZ,2009-05-04,0.4446,0.8005350306991252,因子数值不匹配
002063.SZ,2010-06-01,0.2335,0.30454980433844747,因子数值不匹配
002063.SZ,2011-05-19,0.233,0.30375579199165276,因子数值不匹配
002063.SZ,2012-05-11,0.2397,0.31528455627824026,因子数值不匹配
002063.SZ,2015-07-02,0.234,0.30554295661531317,因子数值不匹配
002063.SZ,2018-07-26,0.29,0.4084505301214106,因子数值不匹配
002063.SZ,2020-07-10,0.2334,0.3043860952268058,因子数值不匹配
002063.SZ,2021-06-29,0.1711,0.2064515532575295,因子数值不匹配
002063.SZ,2022-07-05,0.1721,0.20790634660063204,因子数值不匹配
002063.SZ,2023-07-03,0.1717,0.20723214022382527,因子数值不匹配
002064.SZ,2007-04-18,0.2319,0.301933,因子数值不匹配
002064.SZ,2008-04-17,0.5013,1.0053005799837627,因子数值不匹配
002064.SZ,2010-05-20,0.5026,1.0104600757789708,因子数值不匹配
002064.SZ,2015-06-01,0.5009,1.0037844239393507,因子数值不匹配
002065.SZ,2007-05-31,0.3359,0.5059089999999999,因子数值不匹配
002065.SZ,2008-05-29,0.5028,1.0111115611899526,因子数值不匹配
002065.SZ,2009-05-22,0.3363,0.5066921441970105,因子数值不匹配
002065.SZ,2011-07-13,0.17,0.20475956388955974,因子数值不匹配
002065.SZ,2012-07-18,0.2378,0.3120143726586249,因子数值不匹配
002065.SZ,2014-06-03,0.5025,1.0100298211577956,因子数值不匹配
002065.SZ,2017-07-18,0.5036,1.0143292736033889,因子数值不匹配
002066.SZ,2008-04-15,0.3331,0.4995665495555145,因子数值不匹配
002066.SZ,2012-05-24,0.505,1.0203195366750493,因子数值不匹配
002067.SZ,2007-05-28,0.2354,0.3078700000000001,因子数值不匹配
002067.SZ,2012-07-09,0.4991,0.9963095431882173,因子数值不匹配
002068.SZ,2008-04-11,0.4454,0.8030513189895431,因子数值不匹配
002068.SZ,2009-05-14,0.1686,0.20281417214850486,因子数值不匹配
002068.SZ,2010-04-01,0.2326,0.3030504042442792,因子数值不匹配
002068.SZ,2011-09-28,0.3752,0.6004647912228553,因子数值不匹配
002068.SZ,2015-01-09,0.0987,0.10955428929100246,因子数值不匹配
002069.SZ,2008-05-23,0.502,1.0079103480672074,因子数值不匹配
002069.SZ,2010-04-16,0.504,1.0162094024439865,因子数值不匹配
002069.SZ,2011-04-22,0.3421,0.5199033000612203,因子数值不匹配
002072.SZ,2008-05-14,0.0965,0.10678199999999993,因子数值不匹配
002073.SZ,2007-05-31,0.5013,1.005208,因子数值不匹配
002073.SZ,2008-04-14,0.5012,1.0046977670146935,因子数值不匹配
002073.SZ,2009-09-16,0.3335,0.5002818522944718,因子数值不匹配
002073.SZ,2010-05-13,0.3365,0.507148285152748,因子数值不匹配
002074.SZ,2007-05-25,0.1708,0.2059359999999999,因子数值不匹配
002074.SZ,2008-06-17,0.4156,0.7110634395191785,因子数值不匹配
002074.SZ,2011-06-17,0.4471,0.808510362314698,因子数值不匹配
002074.SZ,2017-11-27,0.1232,0.14049274482211538,因子数值不匹配
002075.SZ,2007-06-06,0.5006,1.002246,因子数值不匹配
002075.SZ,2015-10-16,0.2858,0.4000847048764237,因子数值不匹配
002076.SZ,2007-04-23,0.4459,0.8047310000000001,因子数值不匹配
002076.SZ,2015-05-13,0.336,0.5059789340312526,因子数值不匹配
002076.SZ,2017-06-01,0.5011,1.0042433173749643,因子数值不匹配
002076.SZ,2022-12-21,0.1423,0.1659193922102211,因子数值不匹配
002077.SZ,2007-06-07,0.2906,0.40956900000000007,因子数值不匹配
002078.SZ,2007-06-08,0.231,0.30033200000000004,因子数值不匹配
002078.SZ,2008-06-19,0.2882,0.4049173595666337,因子数值不匹配
002078.SZ,2010-06-11,0.5045,1.0179694427300487,因子数值不匹配
002078.SZ,2014-05-22,0.5068,1.0276923832155385,因子数值不匹配
002079.SZ,2008-03-25,0.5008,1.0030394352328313,因子数值不匹配
002079.SZ,2011-05-10,0.2309,0.30026807807282535,因子数值不匹配
002079.SZ,2012-04-27,0.4486,0.8134557060274143,因子数值不匹配
002080.SZ,2011-05-17,0.5047,1.0189657679975423,因子数值不匹配
002080.SZ,2018-05-15,0.3847,0.6253232869549216,因子数值不匹配
002080.SZ,2019-05-23,0.2463,0.3267106918097989,因子数值不匹配
002081.SZ,2008-05-08,0.3365,0.5071853435891622,因子数值不匹配
002081.SZ,2009-04-22,0.3373,0.5089160622363176,因子数值不匹配
002081.SZ,2010-04-28,0.3391,0.5131146344203582,因子数值不匹配
002081.SZ,2011-03-31,0.3354,0.5046148325835753,因子数值不匹配
002081.SZ,2012-05-22,0.3363,0.5067724888450074,因子数值不匹配
002081.SZ,2013-05-29,0.3361,0.5062160677047891,因子数值不匹配
002081.SZ,2014-06-16,0.3404,0.5160757366232236,因子数值不匹配
002081.SZ,2016-06-03,0.3418,0.5192306889899283,因子数值不匹配
002082.SZ,2007-05-28,0.377,0.605011,因子数值不匹配
002082.SZ,2008-06-10,0.3799,0.6126581063930404,因子数值不匹配
002083.SZ,2007-04-30,0.2345,0.3063469999999999,因子数值不匹配
002083.SZ,2008-05-13,0.3416,0.5188682639451847,因子数值不匹配
002084.SZ,2008-05-19,0.1667,0.2000001987421608,因子数值不匹配
002084.SZ,2010-05-07,0.1726,0.20855586775240872,因子数值不匹配
002084.SZ,2011-04-15,0.1665,0.19976688669072595,因子数值不匹配
002084.SZ,2012-04-25,0.1068,0.11958729680445958,因子数值不匹配
002084.SZ,2013-05-24,0.1033,0.11524829935129416,因子数值不匹配
002085.SZ,2015-08-31,0.5455,1.200219952725907,因子数值不匹配
002085.SZ,2016-05-04,0.5006,1.0023417982884735,因子数值不匹配
002085.SZ,2017-05-22,0.1708,0.20591857261898255,因子数值不匹配
002086.SZ,2009-06-08,0.5016,1.0062638706373246,因子数值不匹配
002086.SZ,2016-06-01,0.5017,1.0069607384976882,因子数值不匹配
002088.SZ,2007-05-15,0.2307,0.2999259999999999,因子数值不匹配
002088.SZ,2008-04-09,0.376,0.6025642998139895,因子数值不匹配
002088.SZ,2017-06-21,0.3374,0.5091745023142102,因子数值不匹配
002088.SZ,2021-10-20,0.2858,0.40017497365690763,因子数值不匹配
002090.SZ,2007-03-16,0.3422,0.5203249999999999,因子数值不匹配
002090.SZ,2010-05-26,0.5042,1.0171424674419953,因子数值不匹配
002090.SZ,2019-05-31,0.4143,0.7072757556377054,因子数值不匹配
002091.SZ,2007-04-30,0.2103,0.26628000000000007,因子数值不匹配
002091.SZ,2008-04-10,0.3426,0.5210687999494582,因子数值不匹配
002091.SZ,2010-04-20,0.2038,0.2559239828225468,因子数值不匹配
002091.SZ,2011-04-29,0.1708,0.20600450386959107,因子数值不匹配
002091.SZ,2016-04-22,0.35,0.5384615384615382,因子数值不匹配
002091.SZ,2017-05-26,0.2432,0.3213908547930776,因子数值不匹配
002092.SZ,2008-03-18,0.5011,1.0042495571519345,因子数值不匹配
002092.SZ,2010-09-20,0.3374,0.50928615895414,因子数值不匹配
002093.SZ,2007-08-09,0.5,1.0,因子数值不匹配
002093.SZ,2008-04-14,0.5012,1.0049234999999999,因子数值不匹配
002093.SZ,2010-03-31,0.3351,0.5039474074696616,因子数值不匹配
002093.SZ,2011-09-09,0.4996,0.9985893606920307,因子数值不匹配
002094.SZ,2008-06-18,0.5016,1.0062989999999998,因子数值不匹配
002094.SZ,2010-10-08,0.3341,0.5016610128641286,因子数值不匹配
002094.SZ,2018-05-31,0.415,0.7094595051863873,因子数值不匹配
002095.SZ,2008-06-10,0.3347,0.5030839506049841,因子数值不匹配
002095.SZ,2010-04-29,0.3365,0.5072679850770906,因子数值不匹配
002095.SZ,2011-05-16,0.1705,0.20552665680107884,因子数值不匹配
002095.SZ,2014-05-07,0.2367,0.3100585895460064,因子数值不匹配
002095.SZ,2015-06-19,0.1671,0.2006098320702662,因子数值不匹配
002096.SZ,2008-05-21,0.3428,0.5215856440371608,因子数值不匹配
002096.SZ,2009-05-15,0.341,0.5173934018677286,因子数值不匹配
002096.SZ,2012-06-15,0.5025,1.0100670717286224,因子数值不匹配
002097.SZ,2007-08-22,0.5001,1.0003700000000002,因子数值不匹配
002097.SZ,2010-07-12,0.3368,0.507865044966681,因子数值不匹配
002097.SZ,2015-07-08,0.3343,0.5022759932727074,因子数值不匹配
002098.SZ,2015-06-04,0.501,1.0039777337649307,因子数值不匹配
002099.SZ,2007-05-29,0.3368,0.507868,因子数值不匹配
002099.SZ,2012-05-22,0.5067,1.027256042972247,因子数值不匹配
002099.SZ,2016-03-01,0.505,1.0200214185672205,因子数值不匹配
002100.SZ,2007-04-19,0.3344,0.5023150000000001,因子数值不匹配
002100.SZ,2008-04-28,0.1683,0.2022951245244839,因子数值不匹配
002100.SZ,2009-05-20,0.2336,0.30478799441487386,因子数值不匹配
002100.SZ,2010-07-13,0.233,0.30378929895593143,因子数值不匹配
002100.SZ,2011-05-20,0.2326,0.30315765150787827,因子数值不匹配
002100.SZ,2013-05-22,0.2342,0.30577567571775505,因子数值不匹配
002100.SZ,2015-05-20,0.5019,1.0075439516941775,因子数值不匹配
002101.SZ,2011-04-28,0.5027,1.0106678157983509,因子数值不匹配
002101.SZ,2016-04-21,0.1404,0.16333167225781264,因子数值不匹配
002101.SZ,2018-06-14,0.3429,0.5218316575917029,因子数值不匹配
002102.SZ,2008-07-07,0.3329,0.49912524605564607,因子数值不匹配
002102.SZ,2011-05-31,0.4997,0.9986245494839094,因子数值不匹配
002102.SZ,2016-10-12,0.6669,2.001732703155486,因子数值不匹配
002103.SZ,2007-05-11,0.1357,0.15701300000000007,因子数值不匹配
002103.SZ,2016-05-18,0.3375,0.5094804757907211,因子数值不匹配
002103.SZ,2017-06-08,0.1722,0.20798125065492365,因子数值不匹配
002104.SZ,2007-06-21,0.413,0.703606,因子数值不匹配
002104.SZ,2008-07-11,0.3424,0.520618617215483,因子数值不匹配
002104.SZ,2010-06-09,0.3348,0.5032212660164468,因子数值不匹配
002104.SZ,2014-07-11,0.38,0.6129308862128874,因子数值不匹配
002105.SZ,2014-06-12,0.203,0.2547771728604936,因子数值不匹配
002106.SZ,2007-05-15,0.2418,0.31884099999999993,因子数值不匹配
002106.SZ,2008-05-13,0.2436,0.3220790072495472,因子数值不匹配
002106.SZ,2010-05-14,0.2355,0.3079742050404636,因子数值不匹配
002106.SZ,2011-05-23,0.2889,0.4062595862126636,因子数值不匹配
002107.SZ,2009-07-10,0.4999,0.9995953023718417,因子数值不匹配
002107.SZ,2015-03-19,0.5471,1.2081038661788075,因子数值不匹配
002107.SZ,2020-05-29,0.3802,0.6134550962889171,因子数值不匹配
002108.SZ,2009-06-23,0.1786,0.21741734581471547,因子数值不匹配
002108.SZ,2010-05-17,0.4142,0.7069338856960208,因子数值不匹配
002108.SZ,2011-05-25,0.4454,0.803191259880321,因子数值不匹配
002108.SZ,2015-06-09,0.4127,0.7025641336943191,因子数值不匹配
002108.SZ,2017-06-09,0.4158,0.7117118596651781,因子数值不匹配
002108.SZ,2018-05-18,0.2491,0.33171527218794145,因子数值不匹配
002109.SZ,2008-04-18,0.2945,0.41752558022229613,因子数值不匹配
002109.SZ,2008-08-27,0.3749,0.5997214438217242,因子数值不匹配
002109.SZ,2018-05-07,0.3329,0.4989385222551954,因子数值不匹配
002110.SZ,2019-05-22,0.4078,0.6887422145151196,因子数值不匹配
002110.SZ,2022-06-10,0.1098,0.12328756450206173,因子数值不匹配
002111.SZ,2008-04-18,0.4153,0.7103924190349703,因子数值不匹配
002111.SZ,2011-09-28,0.4444,0.8000003442502744,因子数值不匹配
002111.SZ,2021-07-08,0.3009,0.5864890415354859,因子数值不匹配
002112.SZ,2009-05-12,0.2874,0.40333740979103017,因子数值不匹配
002112.SZ,2013-06-18,0.4457,0.8039601029898912,因子数值不匹配
002112.SZ,2022-09-23,0.2311,0.30053897508052907,因子数值不匹配
002114.SZ,2008-04-30,0.4504,0.81959,因子数值不匹配
002115.SZ,2008-04-29,0.3397,0.5144301359494166,因子数值不匹配
002115.SZ,2010-06-07,0.3788,0.6097392728608344,因子数值不匹配
002115.SZ,2012-05-18,0.3412,0.517814826473723,因子数值不匹配
002115.SZ,2013-06-03,0.177,0.21503771707286773,因子数值不匹配
002115.SZ,2019-07-01,0.2374,0.3112583732704255,因子数值不匹配
002116.SZ,2012-06-21,0.4527,0.8272370771787795,因子数值不匹配
002116.SZ,2014-06-27,0.3433,0.5228424625106525,因子数值不匹配
002116.SZ,2015-06-11,0.2368,0.3102552942215997,因子数值不匹配
002117.SZ,2012-04-25,0.5101,1.0413569771289877,因子数值不匹配
002117.SZ,2013-04-03,0.1859,0.22829103129313874,因子数值不匹配
002117.SZ,2014-04-04,0.1759,0.2135137261476202,因子数值不匹配
002117.SZ,2019-05-30,0.359,0.5601373180002744,因子数值不匹配
002119.SZ,2008-06-10,0.5005,1.002179,因子数值不匹配
002119.SZ,2018-06-22,0.2907,0.4098976092518577,因子数值不匹配
002119.SZ,2019-05-21,0.2322,0.30240241719852856,因子数值不匹配
002120.SZ,2007-05-21,0.4159,0.712,因子数值不匹配
002120.SZ,2008-05-27,0.2307,0.2998849299065421,因子数值不匹配
002120.SZ,2017-07-06,0.1684,0.20253497006986712,因子数值不匹配
002120.SZ,2018-08-16,0.235,0.30715767341924266,因子数值不匹配
002120.SZ,2019-06-12,0.2403,0.31625394493646675,因子数值不匹配
002120.SZ,2020-06-12,0.2357,0.3083072240009325,因子数值不匹配
002121.SZ,2007-08-29,0.4999,0.9997130000000001,因子数值不匹配
002121.SZ,2009-05-26,0.5015,1.0060362432725174,因子数值不匹配
002121.SZ,2011-05-13,0.3348,0.503203363321601,因子数值不匹配
002121.SZ,2016-06-17,0.6008,1.5051640925543162,因子数值不匹配
002122.SZ,2008-05-09,0.5007,1.0029849999999998,因子数值不匹配
002122.SZ,2009-04-02,0.5007,1.0029860433303297,因子数值不匹配
002122.SZ,2010-04-26,0.5007,1.0028287982580049,因子数值不匹配
002123.SZ,2008-05-16,0.5003,1.0013290000000001,因子数值不匹配
002123.SZ,2009-04-10,0.3778,0.6072729671133531,因子数值不匹配
002123.SZ,2010-04-19,0.3334,0.5001482894485684,因子数值不匹配
002123.SZ,2011-04-29,0.3334,0.5002279556522641,因子数值不匹配
002124.SZ,2008-05-15,0.5037,1.0147599999999999,因子数值不匹配
002124.SZ,2010-04-30,0.3423,0.5203983973108082,因子数值不匹配
002124.SZ,2016-05-17,0.5487,1.2158622146478173,因子数值不匹配
002124.SZ,2018-06-01,0.3403,0.5159234633131291,因子数值不匹配
002124.SZ,2021-05-20,0.3214,0.47361960031598893,因子数值不匹配
002125.SZ,2012-06-18,0.3763,0.6034299999999999,因子数值不匹配
002125.SZ,2016-11-01,0.3748,0.599437455953799,因子数值不匹配
002125.SZ,2019-04-16,0.3787,0.6095381476776371,因子数值不匹配
002126.SZ,2011-05-12,0.233,0.3037029693835384,因子数值不匹配
002126.SZ,2012-06-12,0.5015,1.0059883169847914,因子数值不匹配
002126.SZ,2016-06-17,0.5018,1.0071345348192644,因子数值不匹配
002127.SZ,2008-05-19,0.2881,0.40464199999999995,因子数值不匹配
002127.SZ,2009-06-22,0.1746,0.21158344973309925,因子数值不匹配
002127.SZ,2010-05-05,0.3774,0.6062804927134791,因子数值不匹配
002127.SZ,2011-08-10,0.1718,0.20738657772035318,因子数值不匹配
002127.SZ,2016-05-20,0.4997,0.9989614719356185,因子数值不匹配
002127.SZ,2018-05-25,0.3357,0.5052532651885195,因子数值不匹配
002128.SZ,2008-04-25,0.238,0.312354,因子数值不匹配
002128.SZ,2009-05-18,0.2357,0.3084640252210852,因子数值不匹配
002128.SZ,2010-05-20,0.1771,0.2152741619504936,因子数值不匹配
002129.SZ,2008-06-26,0.2044,0.2568459999999999,因子数值不匹配
002129.SZ,2011-06-02,0.3342,0.5019609274107825,因子数值不匹配
002129.SZ,2015-04-29,0.5455,1.2003517934287562,因子数值不匹配
002129.SZ,2023-06-16,0.2021,0.2532778133725314,因子数值不匹配
002130.SZ,2008-05-06,0.5021,1.008543,因子数值不匹配
002130.SZ,2009-06-02,0.3364,0.5069699777400832,因子数值不匹配
002130.SZ,2010-06-08,0.3367,0.5076585478988799,因子数值不匹配
002130.SZ,2011-06-03,0.0971,0.10748796758538111,因子数值不匹配
002130.SZ,2012-06-01,0.3351,0.5039506921408938,因子数值不匹配
002130.SZ,2013-05-24,0.235,0.3071217923757336,因子数值不匹配
002130.SZ,2017-05-15,0.5008,1.0031058808809155,因子数值不匹配
002131.SZ,2008-04-25,0.5008,1.0032839999999998,因子数值不匹配
002131.SZ,2010-05-24,0.5,1.0,因子数值不匹配
002131.SZ,2015-08-21,0.6666,1.9995041924015,因子数值不匹配
002131.SZ,2017-06-13,0.7152,2.511235864292033,因子数值不匹配
002132.SZ,2008-05-20,0.3344,0.5023169999999999,因子数值不匹配
002132.SZ,2011-04-07,0.5016,1.0065395241438733,因子数值不匹配
002132.SZ,2015-04-17,0.1434,0.16743094971250438,因子数值不匹配
002132.SZ,2016-05-19,0.3443,0.5250597675962633,因子数值不匹配
002133.SZ,2008-05-26,0.5055,1.022119,因子数值不匹配
002133.SZ,2012-06-06,0.1801,0.21960777097388176,因子数值不匹配
002134.SZ,2008-05-30,0.2007,0.25112599999999996,因子数值不匹配
002135.SZ,2011-04-08,0.3353,0.5044719591561719,因子数值不匹配
002135.SZ,2012-05-09,0.5009,1.0036102827119033,因子数值不匹配
002136.SZ,2011-09-26,0.5,1.0,因子数值不匹配
002137.SZ,2008-05-13,0.3416,0.518802,因子数值不匹配
002137.SZ,2009-04-22,0.2375,0.31145600282327773,因子数值不匹配
002137.SZ,2011-04-14,0.1667,0.19999980095957404,因子数值不匹配
002137.SZ,2013-05-06,0.2621,0.3552633253772306,因子数值不匹配
002138.SZ,2009-04-14,0.2433,0.3214807772297818,因子数值不匹配
002138.SZ,2010-08-26,0.3332,0.4997321871139091,因子数值不匹配
002138.SZ,2012-05-11,0.3398,0.5147641567838561,因子数值不匹配
002138.SZ,2015-04-08,0.4999,0.999499453224382,因子数值不匹配
002139.SZ,2008-08-29,0.4998,0.9990365982834475,因子数值不匹配
002139.SZ,2009-08-31,0.2855,0.3995234776535554,因子数值不匹配
002139.SZ,2010-06-25,0.173,0.2091342517653544,因子数值不匹配
002139.SZ,2012-05-14,0.245,0.32442300165702254,因子数值不匹配
002139.SZ,2016-06-27,0.3379,0.5103734174816726,因子数值不匹配
002139.SZ,2017-04-24,0.3406,0.5164213127634304,因子数值不匹配
002139.SZ,2018-05-24,0.3396,0.5142858391089999,因子数值不匹配
002140.SZ,2008-05-29,0.3767,0.6044780000000001,因子数值不匹配
002140.SZ,2009-05-25,0.2482,0.3301279294574311,因子数值不匹配
002140.SZ,2010-05-18,0.5016,1.0062919339262593,因子数值不匹配
002140.SZ,2011-05-10,0.3774,0.6062602907689614,因子数值不匹配
002140.SZ,2019-05-29,0.174,0.21069865838294471,因子数值不匹配
002141.SZ,2009-06-12,0.2855,0.3994972719610829,因子数值不匹配
002141.SZ,2011-06-10,0.3768,0.604711704458771,因子数值不匹配
002141.SZ,2016-10-24,0.7142,2.4988820174570257,因子数值不匹配
002142.SZ,2015-07-15,0.1848,0.22676163541064728,因子数值不匹配
002142.SZ,2017-07-11,0.2448,0.3241756876794775,因子数值不匹配
002145.SZ,2016-05-06,0.6667,2.0,因子数值不匹配
002145.SZ,2022-05-27,0.3151,0.46008084162373125,因子数值不匹配
002146.SZ,2008-04-18,0.5021,1.0082369999999998,因子数值不匹配
002146.SZ,2010-05-26,0.3788,0.6097561940322122,因子数值不匹配
002146.SZ,2011-05-31,0.2375,0.3115339017408503,因子数值不匹配
002146.SZ,2015-06-10,0.5036,1.0145261600377453,因子数值不匹配
002148.SZ,2008-05-16,0.3367,0.5075320000000001,因子数值不匹配
002148.SZ,2011-05-04,0.3368,0.5079143602177593,因子数值不匹配
002148.SZ,2014-04-04,0.5016,1.0064797021456422,因子数值不匹配
002148.SZ,2017-05-12,0.5478,1.211538362483034,因子数值不匹配
002149.SZ,2009-08-20,0.3362,0.5064500000000001,因子数值不匹配
002149.SZ,2017-06-05,0.4998,0.9991175958837714,因子数值不匹配
002150.SZ,2008-06-11,0.3434,0.5230410000000001,因子数值不匹配
002150.SZ,2010-06-22,0.3389,0.5126903979986591,因子数值不匹配
002150.SZ,2011-06-02,0.3814,0.6166475241625136,因子数值不匹配
002150.SZ,2019-06-05,0.2462,0.32660567095010584,因子数值不匹配
002151.SZ,2008-05-08,0.4148,0.70892,因子数值不匹配
002151.SZ,2011-04-28,0.3385,0.5116725268147189,因子数值不匹配
002151.SZ,2012-06-21,0.1706,0.20573619645944496,因子数值不匹配
002151.SZ,2014-01-14,0.1681,0.20208497867635442,因子数值不匹配
002151.SZ,2016-04-28,0.3359,0.5057167125537589,因子数值不匹配
002152.SZ,2008-05-07,0.5013,1.005026,因子数值不匹配
002152.SZ,2009-05-15,0.1715,0.2070312305177091,因子数值不匹配
002152.SZ,2011-05-11,0.2348,0.3067958379120432,因子数值不匹配
002152.SZ,2012-04-27,0.2889,0.40634708141301884,因子数值不匹配
002152.SZ,2013-05-20,0.1823,0.22298324406445114,因子数值不匹配
002152.SZ,2014-05-30,0.175,0.2120845852417229,因子数值不匹配
002152.SZ,2016-05-30,0.3391,0.5131925571703089,因子数值不匹配
002152.SZ,2017-06-30,0.3386,0.5118483028241348,因子数值不匹配
002153.SZ,2008-03-28,0.5016,1.0062829999999998,因子数值不匹配
002153.SZ,2009-05-05,0.5021,1.0083961235777803,因子数值不匹配
002153.SZ,2011-04-22,0.2768,0.3827019835855794,因子数值不匹配
002153.SZ,2016-05-11,0.6671,2.003903536524363,因子数值不匹配
002153.SZ,2021-06-16,0.2864,0.40143767300067806,因子数值不匹配
002153.SZ,2022-06-08,0.2868,0.402151782102289,因子数值不匹配
002153.SZ,2023-06-19,0.2306,0.2997467399698711,因子数值不匹配
002154.SZ,2008-04-24,0.5013,1.0053960000000002,因子数值不匹配
002154.SZ,2009-05-27,0.2404,0.31652850609056754,因子数值不匹配
002154.SZ,2011-05-27,0.5039,1.015760642853677,因子数值不匹配
002154.SZ,2015-04-30,0.5014,1.005643353525154,因子数值不匹配
002155.SZ,2008-06-17,0.291,0.410474,因子数值不匹配
002155.SZ,2012-06-05,0.2895,0.4075525193122457,因子数值不匹配
002155.SZ,2013-05-21,0.2356,0.30815439602979927,因子数值不匹配
002155.SZ,2025-06-13,0.2378,0.3120643213066331,因子数值不匹配
002156.SZ,2009-05-22,0.2304,0.299328529039409,因子数值不匹配
002156.SZ,2011-04-29,0.3751,0.6002265726529079,因子数值不匹配
002156.SZ,2016-05-31,0.2321,0.30230502138127174,因子数值不匹配
002157.SZ,2008-05-22,0.5,1.0,因子数值不匹配
002157.SZ,2008-09-17,0.3329,0.4990509999999999,因子数值不匹配
002157.SZ,2011-05-23,0.375,0.6,因子数值不匹配
002157.SZ,2016-09-08,0.6667,1.9999995978157372,因子数值不匹配
002158.SZ,2010-06-09,0.1381,0.16024895321485053,因子数值不匹配
002158.SZ,2011-06-09,0.1766,0.21442092678282826,因子数值不匹配
002158.SZ,2013-05-31,0.1074,0.1203549995221064,因子数值不匹配
002158.SZ,2014-05-30,0.1082,0.12132362433027973,因子数值不匹配
002158.SZ,2016-05-09,0.4503,0.8190127628736457,因子数值不匹配
002159.SZ,2008-05-16,0.3342,0.5020039999999999,因子数值不匹配
002160.SZ,2011-04-18,0.5005,1.0018879370963392,因子数值不匹配
002161.SZ,2008-04-21,0.5043,1.017159,因子数值不匹配
002161.SZ,2009-06-25,0.5015,1.0061046253666666,因子数值不匹配
002161.SZ,2011-03-21,0.2317,0.30156195737944225,因子数值不匹配
002161.SZ,2012-04-23,0.5023,1.0094043524523433,因子数值不匹配
002162.SZ,2015-04-10,0.3331,0.49953244595287327,因子数值不匹配
002162.SZ,2016-05-25,0.231,0.30046251298920607,因子数值不匹配
002163.SZ,2008-04-17,0.3382,0.5109170000000001,因子数值不匹配
002163.SZ,2010-05-20,0.3373,0.5090432589361953,因子数值不匹配
002163.SZ,2011-05-12,0.5023,1.0092502235078946,因子数值不匹配
002164.SZ,2008-05-29,0.3379,0.5103679999999999,因子数值不匹配
002164.SZ,2011-05-17,0.5035,1.014263523302168,因子数值不匹配
002165.SZ,2008-04-03,0.3392,0.513393,因子数值不匹配
002165.SZ,2009-04-09,0.2954,0.4191502141215137,因子数值不匹配
002165.SZ,2010-04-08,0.3766,0.6042308816928741,因子数值不匹配
002165.SZ,2012-06-20,0.504,1.0159290869312585,因子数值不匹配
002166.SZ,2010-05-13,0.5005,1.001823,因子数值不匹配
002166.SZ,2015-10-20,0.6674,2.006725869370069,因子数值不匹配
002166.SZ,2019-04-17,0.142,0.005488439334570875,因子数值不匹配
002167.SZ,2009-09-17,0.233,0.3037336406863552,因子数值不匹配
002167.SZ,2010-03-10,0.5,1.0,因子数值不匹配
002167.SZ,2012-06-05,0.5013,1.0051948827305168,因子数值不匹配
002167.SZ,2015-06-24,0.3333,0.49999980914158365,因子数值不匹配
002168.SZ,2008-05-14,0.5062,1.025115,因子数值不匹配
002168.SZ,2009-03-30,0.5055,1.0224461326887608,因子数值不匹配
002168.SZ,2010-03-30,0.3389,0.5125998428590475,因子数值不匹配
002168.SZ,2011-03-28,0.4999,0.9995398001076327,因子数值不匹配
002168.SZ,2012-05-31,0.1667,0.20000012916332774,因子数值不匹配
002169.SZ,2008-05-23,0.1677,0.20150200000000007,因子数值不匹配
002169.SZ,2009-04-29,0.5013,1.0052084807183008,因子数值不匹配
002169.SZ,2011-04-21,0.3346,0.5028290821006599,因子数值不匹配
002169.SZ,2017-05-25,0.5057,1.0232258850065479,因子数值不匹配
002170.SZ,2008-05-08,0.4463,0.806039,因子数值不匹配
002170.SZ,2009-05-08,0.4467,0.8074000616819461,因子数值不匹配
002170.SZ,2011-04-11,0.2327,0.30335346566653426,因子数值不匹配
002170.SZ,2013-05-13,0.4495,0.8164662568186274,因子数值不匹配
002171.SZ,2008-06-11,0.1675,0.20113099999999995,因子数值不匹配
002171.SZ,2011-03-01,0.5031,1.0123921188448188,因子数值不匹配
002171.SZ,2017-09-26,0.4997,0.9988360119254027,因子数值不匹配
002172.SZ,2008-04-17,0.5019,1.0076170000000002,因子数值不匹配
002172.SZ,2010-04-21,0.3336,0.5004933709965594,因子数值不匹配
002173.SZ,2009-06-02,0.3335,0.5003569999999999,因子数值不匹配
002173.SZ,2011-05-06,0.4998,0.9992608425861311,因子数值不匹配
002174.SZ,2016-04-08,0.6671,2.00348611024311,因子数值不匹配
002175.SZ,2008-05-29,0.3397,0.514349,因子数值不匹配
002175.SZ,2015-06-24,0.375,0.6,因子数值不匹配
002175.SZ,2016-07-29,0.6162,1.605426507134776,因子数值不匹配
002176.SZ,2008-09-19,0.3753,0.600727577755039,因子数值不匹配
002176.SZ,2011-02-25,0.4449,0.8014354715994639,因子数值不匹配
002176.SZ,2012-05-28,0.5005,1.0020306260714864,因子数值不匹配
002176.SZ,2015-09-25,0.5458,1.2015572594115664,因子数值不匹配
002177.SZ,2008-04-15,0.5052,1.0210439999999998,因子数值不匹配
002177.SZ,2009-06-03,0.3333,0.5000000000000002,因子数值不匹配
002177.SZ,2011-04-07,0.2307,0.2999251871804868,因子数值不匹配
002177.SZ,2012-04-09,0.4139,0.7061994123541638,因子数值不匹配
002177.SZ,2013-05-28,0.2322,0.30243897578246604,因子数值不匹配
002178.SZ,2010-06-04,0.1723,0.20809675345739986,因子数值不匹配
002178.SZ,2011-05-19,0.2857,0.40000016473487554,因子数值不匹配
002178.SZ,2014-05-16,0.5255,1.1076575924642262,因子数值不匹配
002178.SZ,2015-04-08,0.4452,0.8025876022171821,因子数值不匹配
002179.SZ,2008-05-09,0.3356,0.505031,因子数值不匹配
002179.SZ,2009-05-08,0.3346,0.5028966180763055,因子数值不匹配
002179.SZ,2010-06-10,0.3349,0.5035797243563612,因子数值不匹配
002179.SZ,2015-06-03,0.232,0.302031636403824,因子数值不匹配
002179.SZ,2017-05-12,0.2328,0.3034067096325908,因子数值不匹配
002179.SZ,2019-05-17,0.2329,0.303603561779598,因子数值不匹配
002179.SZ,2022-06-13,0.2901,0.4087464677323509,因子数值不匹配
002179.SZ,2023-05-16,0.2383,0.3128919848618748,因子数值不匹配
002180.SZ,2008-05-15,0.3448,0.526316,因子数值不匹配
002180.SZ,2011-05-12,0.3348,0.5032982277242648,因子数值不匹配
002180.SZ,2014-05-14,0.1306,0.15018302408574016,因子数值不匹配
002180.SZ,2016-06-07,0.4286,0.750093155488131,因子数值不匹配
002181.SZ,2008-09-12,0.2302,0.29900278044065426,因子数值不匹配
002181.SZ,2015-06-04,0.3756,0.601605397323198,因子数值不匹配
002182.SZ,2011-05-11,0.3332,0.4996597455213016,因子数值不匹配
002182.SZ,2017-05-26,0.5029,1.011778523254829,因子数值不匹配
002182.SZ,2024-06-14,0.291,0.4104183535119486,因子数值不匹配
002183.SZ,2008-05-22,0.5035,1.014119,因子数值不匹配
002183.SZ,2009-06-03,0.3426,0.5211454735296177,因子数值不匹配
002183.SZ,2010-05-18,0.3378,0.5101446976402912,因子数值不匹配
002183.SZ,2011-05-25,0.3398,0.5146854162537584,因子数值不匹配
002183.SZ,2016-05-27,0.5047,1.0190401797424944,因子数值不匹配
002184.SZ,2008-06-19,0.5031,1.0125160000000002,因子数值不匹配
002184.SZ,2021-06-16,0.3233,0.47772647658744255,因子数值不匹配
002185.SZ,2008-05-16,0.3333,0.5,因子数值不匹配
002185.SZ,2010-05-18,0.2339,0.3053611471787373,因子数值不匹配
002185.SZ,2012-07-12,0.3819,0.6177609690164275,因子数值不匹配
002185.SZ,2016-06-17,0.2336,0.30472105434681357,因子数值不匹配
002185.SZ,2017-06-20,0.5014,1.005610199225874,因子数值不匹配
002185.SZ,2019-07-11,0.1039,0.11597372392674733,因子数值不匹配
002186.SZ,2013-06-04,0.5072,1.0291541362245875,因子数值不匹配
002187.SZ,2011-05-25,0.3384,0.5115311705636082,因子数值不匹配
002187.SZ,2012-06-05,0.1807,0.22049681536768032,因子数值不匹配
002188.SZ,2009-04-22,0.3331,0.49940082873803643,因子数值不匹配
002188.SZ,2010-05-13,0.2346,0.30647092742540066,因子数值不匹配
002190.SZ,2008-05-14,0.1716,0.20715299999999992,因子数值不匹配
002190.SZ,2010-05-14,0.3791,0.6106010288998861,因子数值不匹配
002190.SZ,2012-05-30,0.2361,0.30909112084344165,因子数值不匹配
002191.SZ,2008-06-02,0.378,0.6075950000000001,因子数值不匹配
002191.SZ,2009-05-20,0.3441,0.5245630895841303,因子数值不匹配
002191.SZ,2015-05-12,0.5026,1.0106308611572847,因子数值不匹配
002192.SZ,2009-04-30,0.4998,0.9991794758507514,因子数值不匹配
002192.SZ,2016-03-23,0.3333,0.499868825379262,因子数值不匹配
002193.SZ,2008-05-16,0.5021,1.008333,因子数值不匹配
002194.SZ,2008-04-28,0.5,1.0,因子数值不匹配
002194.SZ,2009-04-30,0.2401,0.31598877157290894,因子数值不匹配
002194.SZ,2020-06-01,0.167,0.20041199659228154,因子数值不匹配
002195.SZ,2008-05-26,0.2346,0.30647099999999994,因子数值不匹配
002195.SZ,2011-05-27,0.3358,0.5055059458460849,因子数值不匹配
002195.SZ,2015-03-17,0.6004,1.502219402990978,因子数值不匹配
002195.SZ,2016-06-01,0.5019,1.0077399279869763,因子数值不匹配
002195.SZ,2017-04-18,0.4141,0.7067309764664319,因子数值不匹配
002195.SZ,2018-06-21,0.2348,0.3069306787965693,因子数值不匹配
002195.SZ,2019-06-11,0.2354,0.30789466265074106,因子数值不匹配
002196.SZ,2011-04-26,0.3369,0.5080652785897724,因子数值不匹配
002196.SZ,2017-06-09,0.4133,0.7045660226169025,因子数值不匹配
002197.SZ,2009-06-19,0.3378,0.510192459534149,因子数值不匹配
002197.SZ,2011-06-24,0.3752,0.600448296473401,因子数值不匹配
002197.SZ,2015-06-19,0.3756,0.6014158467542897,因子数值不匹配
002198.SZ,2010-09-08,0.5016,1.006431,因子数值不匹配
002198.SZ,2011-04-18,0.2026,0.2540859865103758,因子数值不匹配
002198.SZ,2014-04-03,0.5017,1.006937827761057,因子数值不匹配
002199.SZ,2009-05-13,0.237,0.3106714766218725,因子数值不匹配
002199.SZ,2010-04-28,0.2347,0.306702779994931,因子数值不匹配
002199.SZ,2012-04-26,0.3392,0.5132974243372846,因子数值不匹配
002200.SZ,2009-05-15,0.449,0.814905,因子数值不匹配
002200.SZ,2025-12-12,0.1125,0.12680112733173374,因子数值不匹配
002201.SZ,2008-05-27,0.2314,0.30102000000000007,因子数值不匹配
002201.SZ,2010-05-05,0.2354,0.3078761279611381,因子数值不匹配
002201.SZ,2011-06-08,0.2311,0.3005466118703107,因子数值不匹配
002201.SZ,2014-10-21,0.232,0.30201305946328355,因子数值不匹配
002201.SZ,2017-06-08,0.2308,0.30010488930907675,因子数值不匹配
002201.SZ,2021-06-16,0.2861,0.4008407954707165,因子数值不匹配
002201.SZ,2022-07-06,0.2863,0.4011628194003239,因子数值不匹配
002202.SZ,2008-02-27,0.5004,1.0014090000000002,因子数值不匹配
002202.SZ,2009-04-24,0.2904,0.40924118958193934,因子数值不匹配
002202.SZ,2010-04-06,0.3768,0.6045663343813864,因子数值不匹配
002202.SZ,2017-08-24,0.2411,0.3176674689360301,因子数值不匹配
002203.SZ,2011-12-26,0.1008,0.1121321727632472,因子数值不匹配
002203.SZ,2012-06-06,0.3396,0.5142859364725786,因子数值不匹配
002203.SZ,2014-09-18,0.4996,0.9984252908109809,因子数值不匹配
002204.SZ,2012-06-29,0.3379,0.5103447602114087,因子数值不匹配
002204.SZ,2013-07-01,0.3389,0.5125187256954059,因子数值不匹配
002204.SZ,2016-06-24,0.5006,1.0024387982432488,因子数值不匹配
002205.SZ,2009-05-22,0.2017,0.25262329303555525,因子数值不匹配
002205.SZ,2020-06-10,0.3761,0.6028758383597365,因子数值不匹配
002206.SZ,2010-05-25,0.5045,1.018091627903328,因子数值不匹配
002206.SZ,2011-05-18,0.3436,0.5234709906184059,因子数值不匹配
002206.SZ,2017-05-10,0.6108,1.569444493258085,因子数值不匹配
002207.SZ,2014-06-19,0.501,1.0040846856998897,因子数值不匹配
002208.SZ,2008-05-30,0.3366,0.507431,因子数值不匹配
002208.SZ,2010-06-10,0.5014,1.005469710668191,因子数值不匹配
002208.SZ,2019-05-14,0.3792,0.6107307396689453,因子数值不匹配
002209.SZ,2010-05-06,0.3371,0.5085660915575785,因子数值不匹配
002210.SZ,2009-06-08,0.3383,0.5111577337438237,因子数值不匹配
002210.SZ,2010-06-01,0.3354,0.5045780210415917,因子数值不匹配
002210.SZ,2012-05-04,0.2399,0.31570288350995074,因子数值不匹配
002210.SZ,2015-04-16,0.336,0.5061140537521467,因子数值不匹配
002210.SZ,2016-06-20,0.2329,0.30358188826993254,因子数值不匹配
002210.SZ,2017-07-13,0.4155,0.7109825775543627,因子数值不匹配
002211.SZ,2011-04-07,0.3333,0.5000004922359621,因子数值不匹配
002212.SZ,2009-06-03,0.3461,0.5291910216507987,因子数值不匹配
002212.SZ,2011-05-18,0.503,1.0119525823789406,因子数值不匹配
002213.SZ,2010-05-26,0.5027,1.0108693092390602,因子数值不匹配
002214.SZ,2013-05-28,0.5021,1.0083483223814875,因子数值不匹配
002214.SZ,2015-05-15,0.5006,1.0024499033912408,因子数值不匹配
002214.SZ,2021-06-09,0.1687,0.20295776846766833,因子数值不匹配
002215.SZ,2008-10-17,0.237,0.31059499999999995,因子数值不匹配
002215.SZ,2009-06-11,0.2373,0.31105719158092315,因子数值不匹配
002215.SZ,2011-06-13,0.3801,0.6130518070406937,因子数值不匹配
002215.SZ,2013-05-29,0.339,0.512853504087395,因子数值不匹配
002215.SZ,2014-05-20,0.2469,0.32780087295861077,因子数值不匹配
002215.SZ,2015-05-25,0.2327,0.30331582006660657,因子数值不匹配
002216.SZ,2009-06-05,0.5027,1.01105,因子数值不匹配
002216.SZ,2013-04-11,0.5036,1.0144928670135933,因子数值不匹配
002216.SZ,2015-04-28,0.5003,1.0012548794817038,因子数值不匹配
002216.SZ,2021-05-19,0.1173,0.13293223972879506,因子数值不匹配
002217.SZ,2008-05-12,0.1674,0.2010670000000001,因子数值不匹配
002217.SZ,2009-04-30,0.34,0.5152102255744265,因子数值不匹配
002217.SZ,2012-05-16,0.3409,0.5171820242577416,因子数值不匹配
002217.SZ,2017-05-26,0.5021,1.0085013458142604,因子数值不匹配
002218.SZ,2008-06-12,0.1675,0.201241,因子数值不匹配
002218.SZ,2009-05-05,0.3338,0.5010268547277357,因子数值不匹配
002218.SZ,2011-05-11,0.3345,0.5026833641390477,因子数值不匹配
002218.SZ,2017-07-06,0.502,1.008097069736411,因子数值不匹配
002219.SZ,2009-09-09,0.5008,1.003082,因子数值不匹配
002219.SZ,2010-09-29,0.3758,0.6021146413376985,因子数值不匹配
002219.SZ,2011-05-19,0.2012,0.25191303537646986,因子数值不匹配
002219.SZ,2012-05-23,0.1316,0.151536813787741,因子数值不匹配
002219.SZ,2014-02-28,0.2877,0.4039246828860032,因子数值不匹配
002219.SZ,2015-10-28,0.5999,1.4993288822062791,因子数值不匹配
002219.SZ,2022-06-23,0.2676,0.36546177787184964,因子数值不匹配
002221.SZ,2013-04-18,0.5005,1.0019640203347837,因子数值不匹配
002221.SZ,2016-05-19,0.5012,1.0050097355384124,因子数值不匹配
002222.SZ,2011-05-04,0.3414,0.5182814233504425,因子数值不匹配
002222.SZ,2016-05-20,0.3355,0.504906353655619,因子数值不匹配
002223.SZ,2009-04-22,0.3384,0.511564914915904,因子数值不匹配
002223.SZ,2010-05-27,0.3761,0.6028498711765657,因子数值不匹配
002223.SZ,2011-05-27,0.3751,0.600162333689543,因子数值不匹配
002223.SZ,2012-05-22,0.2345,0.3063775782005524,因子数值不匹配
002223.SZ,2017-05-26,0.3413,0.5181368975715416,因子数值不匹配
002224.SZ,2009-07-01,0.1694,0.204021,因子数值不匹配
002224.SZ,2010-06-25,0.3365,0.5071913197527285,因子数值不匹配
002224.SZ,2011-05-31,0.1703,0.20530448726779776,因子数值不匹配
002224.SZ,2013-09-18,0.3333,0.4999997758351151,因子数值不匹配
002224.SZ,2014-05-27,0.5044,1.017856977402084,因子数值不匹配
002225.SZ,2009-05-20,0.2376,0.3116342351959107,因子数值不匹配
002225.SZ,2011-05-27,0.2353,0.3077704144266023,因子数值不匹配
002226.SZ,2009-05-27,0.2335,0.3045819999999999,因子数值不匹配
002226.SZ,2010-04-19,0.4999,0.9995922065458517,因子数值不匹配
002226.SZ,2011-09-26,0.3486,0.535144474191837,因子数值不匹配
002226.SZ,2015-05-28,0.5079,1.0321886418065684,因子数值不匹配
002226.SZ,2021-05-25,0.2914,0.41117763433975296,因子数值不匹配
002227.SZ,2014-05-28,0.5015,1.0058411397193603,因子数值不匹配
002228.SZ,2009-05-25,0.479,0.919405,因子数值不匹配
002228.SZ,2011-06-10,0.3778,0.6071427832213571,因子数值不匹配
002228.SZ,2016-05-18,0.645,1.817187220146694,因子数值不匹配
002229.SZ,2009-09-09,0.4116,0.6994788023291331,因子数值不匹配
002229.SZ,2012-04-06,0.4814,0.9281042143430742,因子数值不匹配
002229.SZ,2017-05-18,0.3339,0.5012593259196233,因子数值不匹配
002230.SZ,2009-05-22,0.3383,0.511369,因子数值不匹配
002230.SZ,2011-03-03,0.3352,0.5042551411209959,因子数值不匹配
002230.SZ,2012-05-21,0.336,0.5061101317244626,因子数值不匹配
002230.SZ,2014-04-16,0.4143,0.7072286603194446,因子数值不匹配
002230.SZ,2015-04-16,0.3348,0.5032030930655493,因子数值不匹配
002230.SZ,2018-05-14,0.3345,0.5025764820887255,因子数值不匹配
002231.SZ,2010-05-12,0.3374,0.509140952777695,因子数值不匹配
002231.SZ,2012-04-09,0.5036,1.0144772261319115,因子数值不匹配
002232.SZ,2009-04-10,0.504,1.016102,因子数值不匹配
002232.SZ,2011-05-11,0.2857,0.4000000911889998,因子数值不匹配
002233.SZ,2011-05-23,0.502,1.0080807462371157,因子数值不匹配
002233.SZ,2026-04-30,0.0503,0.0,缺失大额因子
002234.SZ,2012-06-18,0.5171,1.0707141320714135,因子数值不匹配
002235.SZ,2009-06-01,0.3376,0.509771,因子数值不匹配
002235.SZ,2010-06-11,0.2306,0.2997388345649771,因子数值不匹配
002235.SZ,2016-04-19,0.3332,0.4997613884143988,因子数值不匹配
002235.SZ,2018-06-05,0.3336,0.5006017905112939,因子数值不匹配
002236.SZ,2010-05-07,0.5037,1.0150079680402997,因子数值不匹配
002236.SZ,2011-06-08,0.503,1.0122165125820801,因子数值不匹配
002236.SZ,2012-05-29,0.5021,1.0085957157829863,因子数值不匹配
002236.SZ,2013-04-16,0.5012,1.00461963863704,因子数值不匹配
002236.SZ,2016-04-27,0.6023,1.5147393137756548,因子数值不匹配
002237.SZ,2009-05-20,0.502,1.008159,因子数值不匹配
002237.SZ,2012-07-02,0.5038,1.0155122179070484,因子数值不匹配
002237.SZ,2015-04-16,0.5034,1.0137646514401963,因子数值不匹配
002238.SZ,2011-06-09,0.1706,0.20568930388308296,因子数值不匹配
002238.SZ,2015-06-09,0.2346,0.3065862574741714,因子数值不匹配
002238.SZ,2016-06-20,0.1762,0.21393365708909676,因子数值不匹配
002238.SZ,2020-06-24,0.3004,0.4293124287332953,因子数值不匹配
002239.SZ,2009-06-09,0.3384,0.5114160000000001,因子数值不匹配
002239.SZ,2014-07-18,0.5248,1.1045366569817103,因子数值不匹配
002239.SZ,2017-06-20,0.6447,1.8145691226534502,因子数值不匹配
002240.SZ,2011-04-06,0.3751,0.6002680452984674,因子数值不匹配
002241.SZ,2009-05-11,0.5043,1.017334,因子数值不匹配
002241.SZ,2010-03-15,0.3354,0.5047528074181072,因子数值不匹配
002241.SZ,2011-06-03,0.5024,1.0098379589595297,因子数值不匹配
002241.SZ,2013-05-22,0.4456,0.8037927012697114,因子数值不匹配
002241.SZ,2017-04-28,0.5021,1.0086356477008835,因子数值不匹配
002242.SZ,2009-04-30,0.4813,0.927878,因子数值不匹配
002242.SZ,2010-05-05,0.3515,0.5419891715139652,因子数值不匹配
002243.SZ,2009-09-28,0.3756,0.6014621307734349,因子数值不匹配
002244.SZ,2008-08-18,0.5,1.0,因子数值不匹配
002244.SZ,2009-04-29,0.2375,0.3114595,因子数值不匹配
002244.SZ,2015-07-10,0.5048,1.0195572415784326,因子数值不匹配
002245.SZ,2009-06-23,0.501,1.0041250000000002,因子数值不匹配
002245.SZ,2010-06-04,0.3353,0.5045373916297634,因子数值不匹配
002245.SZ,2011-05-24,0.5011,1.0044592858841348,因子数值不匹配
002245.SZ,2015-03-20,0.5472,1.208428269726492,因子数值不匹配
002246.SZ,2014-06-06,0.3364,0.5070421182906887,因子数值不匹配
002247.SZ,2010-05-14,0.3387,0.5120592511271677,因子数值不匹配
002247.SZ,2014-04-10,0.5028,1.011324696313961,因子数值不匹配
002247.SZ,2016-04-11,0.5033,1.013253925516663,因子数值不匹配
002248.SZ,2010-08-24,0.5009,1.0035740127175536,因子数值不匹配
002249.SZ,2009-05-19,0.5064,1.025792,因子数值不匹配
002249.SZ,2010-06-11,0.4176,0.7170188252298361,因子数值不匹配
002249.SZ,2012-05-31,0.3512,0.5411885380190272,因子数值不匹配
002249.SZ,2015-03-19,0.5074,1.0301401802163457,因子数值不匹配
002250.SZ,2010-04-27,0.4771,0.9122561824205283,因子数值不匹配
002250.SZ,2011-08-25,0.3333,0.49999974402699804,因子数值不匹配
002250.SZ,2012-05-03,0.2344,0.30613557151613857,因子数值不匹配
002250.SZ,2014-06-18,0.3371,0.5085836156300699,因子数值不匹配
002251.SZ,2009-04-17,0.5008,1.0030579999999998,因子数值不匹配
002251.SZ,2013-07-04,0.4688,0.882401073067473,因子数值不匹配
002251.SZ,2015-06-16,0.0963,0.10650514279761146,因子数值不匹配
002252.SZ,2010-10-19,0.4118,0.6999701181621429,因子数值不匹配
002252.SZ,2012-05-08,0.4545,0.8333336097561784,因子数值不匹配
002252.SZ,2014-09-25,0.5,1.0,因子数值不匹配
002252.SZ,2015-09-17,0.5,1.0,因子数值不匹配
002252.SZ,2016-09-28,0.4444,0.7998148740087749,因子数值不匹配
002253.SZ,2009-04-02,0.1797,0.2189970000000001,因子数值不匹配
002253.SZ,2010-05-19,0.1778,0.21622530654300204,因子数值不匹配
002253.SZ,2012-06-12,0.3827,0.6200526486246315,因子数值不匹配
002253.SZ,2016-05-19,0.3359,0.5057574332673569,因子数值不匹配
002254.SZ,2009-07-13,0.2516,0.3361012900878985,因子数值不匹配
002254.SZ,2010-06-11,0.3848,0.6255845694550981,因子数值不匹配
002254.SZ,2011-06-08,0.3525,0.5444880916407989,因子数值不匹配
002254.SZ,2013-05-16,0.2311,0.3006290815308632,因子数值不匹配
002254.SZ,2015-07-10,0.1705,0.2054794904748272,因子数值不匹配
002255.SZ,2012-05-31,0.5015,1.006111012973758,因子数值不匹配
002255.SZ,2015-07-01,0.5011,1.004336098479896,因子数值不匹配
002256.SZ,2009-05-19,0.3845,0.624695,因子数值不匹配
002256.SZ,2010-05-17,0.3331,0.4994352786215259,因子数值不匹配
002256.SZ,2012-05-30,0.3374,0.5092747703832932,因子数值不匹配
002256.SZ,2016-09-27,0.75,2.999999461118777,因子数值不匹配
002258.SZ,2009-08-27,0.3394,0.5138344349706366,因子数值不匹配
002258.SZ,2016-01-26,0.1067,0.11949310431009018,因子数值不匹配
002258.SZ,2016-04-08,0.5038,1.0154983563545177,因子数值不匹配
002258.SZ,2022-04-13,0.2973,0.4231123745250306,因子数值不匹配
002259.SZ,2010-06-25,0.2895,0.40746492306199117,因子数值不匹配
002259.SZ,2011-09-23,0.4448,0.8011474159725391,因子数值不匹配
002261.SZ,2009-05-26,0.2875,0.403597,因子数值不匹配
002261.SZ,2010-04-28,0.2328,0.3034304006064419,因子数值不匹配
002261.SZ,2011-06-03,0.3358,0.5054886851042174,因子数值不匹配
002261.SZ,2012-06-06,0.2322,0.302345660096766,因子数值不匹配
002261.SZ,2014-05-08,0.2869,0.4023579185949785,因子数值不匹配
002261.SZ,2016-03-29,0.5006,1.0023559893806964,因子数值不匹配
002262.SZ,2009-06-10,0.3366,0.507428,因子数值不匹配
002262.SZ,2010-06-01,0.2319,0.3018784313413311,因子数值不匹配
002262.SZ,2013-06-05,0.2874,0.4032685389184817,因子数值不匹配
002262.SZ,2014-05-28,0.1686,0.20283511627192702,因子数值不匹配
002262.SZ,2015-04-08,0.1681,0.20203480687149108,因子数值不匹配
002262.SZ,2016-06-08,0.2325,0.3029681640568867,因子数值不匹配
002262.SZ,2017-05-12,0.377,0.6050355227522075,因子数值不匹配
002263.SZ,2009-03-31,0.3337,0.500785,因子数值不匹配
002263.SZ,2013-07-02,0.1669,0.20035767230931115,因子数值不匹配
002263.SZ,2016-06-20,0.501,1.0040488466035928,因子数值不匹配
002264.SZ,2010-04-16,0.3353,0.5043595922728371,因子数值不匹配
002264.SZ,2011-09-27,0.5,0.9999993546309424,因子数值不匹配
002264.SZ,2012-04-20,0.3382,0.5109588541597762,因子数值不匹配
002266.SZ,2011-06-21,0.5035,1.0141794470762755,因子数值不匹配
002266.SZ,2012-06-12,0.504,1.0162500402651544,因子数值不匹配
002266.SZ,2013-09-16,0.5041,1.0166024752059426,因子数值不匹配
002266.SZ,2015-07-03,0.2319,0.3019080241342883,因子数值不匹配
002267.SZ,2012-07-16,0.5067,1.0273488802348023,因子数值不匹配
002268.SZ,2009-05-07,0.1734,0.20974000000000004,因子数值不匹配
002268.SZ,2010-05-04,0.3948,0.6523558781225717,因子数值不匹配
002268.SZ,2011-05-24,0.2374,0.31132045738676023,因子数值不匹配
002268.SZ,2015-04-15,0.5001,1.000488199504284,因子数值不匹配
002268.SZ,2017-06-07,0.3763,0.6032672869258383,因子数值不匹配
002269.SZ,2009-05-19,0.3403,0.5158689999999999,因子数值不匹配
002269.SZ,2015-05-12,0.6018,1.5113128477550593,因子数值不匹配
002270.SZ,2012-03-13,0.2345,0.3062734756631571,因子数值不匹配
002270.SZ,2018-06-29,0.342,0.5197938318522067,因子数值不匹配
002271.SZ,2009-06-03,0.3397,0.5144599999999999,因子数值不匹配
002271.SZ,2010-04-16,0.5021,1.0084624222495149,因子数值不匹配
002271.SZ,2011-06-13,0.5039,1.0155378376032633,因子数值不匹配
002271.SZ,2015-06-01,0.5017,1.0066575850362185,因子数值不匹配
002271.SZ,2018-06-20,0.4143,0.707292335278357,因子数值不匹配
002271.SZ,2020-10-22,0.3333,0.5000001794182023,因子数值不匹配
002272.SZ,2009-06-19,0.1051,0.11738699999999991,因子数值不匹配
002272.SZ,2011-05-23,0.3335,0.5003806719456715,因子数值不匹配
002272.SZ,2012-03-14,0.5023,1.0092941130015622,因子数值不匹配
002273.SZ,2009-05-19,0.2385,0.31318,因子数值不匹配
002273.SZ,2010-05-21,0.2391,0.31424481030780244,因子数值不匹配
002273.SZ,2012-04-26,0.5083,1.0335795902285263,因子数值不匹配
002273.SZ,2013-05-22,0.3369,0.508138030386653,因子数值不匹配
002273.SZ,2016-05-16,0.3354,0.5045870839790947,因子数值不匹配
002273.SZ,2018-05-23,0.2346,0.3064721318654054,因子数值不匹配
002273.SZ,2019-07-24,0.2363,0.30940829912775897,因子数值不匹配
002274.SZ,2010-06-25,0.2306,0.2997089983848572,因子数值不匹配
002274.SZ,2014-06-23,0.3373,0.5089432228421398,因子数值不匹配
002274.SZ,2019-06-10,0.3431,0.5222551758145231,因子数值不匹配
002275.SZ,2011-04-21,0.238,0.3123291005561039,因子数值不匹配
002276.SZ,2010-04-07,0.5012,1.0050080000000001,因子数值不匹配
002276.SZ,2012-03-28,0.4488,0.8141847813076057,因子数值不匹配
002277.SZ,2010-04-30,0.4491,0.815156,因子数值不匹配
002277.SZ,2012-09-20,0.375,0.5999996746849596,因子数值不匹配
002277.SZ,2017-03-27,0.5032,1.0127226879373477,因子数值不匹配
002278.SZ,2010-05-27,0.1736,0.21002699999999996,因子数值不匹配
002278.SZ,2011-04-15,0.1736,0.2100837419330313,因子数值不匹配
002278.SZ,2013-05-30,0.1014,0.1128747428441024,因子数值不匹配
002278.SZ,2014-06-11,0.1031,0.11499003028910347,因子数值不匹配
002278.SZ,2015-05-26,0.1349,0.15599742085966295,因子数值不匹配
002279.SZ,2010-05-21,0.4509,0.821277,因子数值不匹配
002279.SZ,2012-06-08,0.3817,0.6173285550492876,因子数值不匹配
002279.SZ,2016-05-12,0.6009,1.5056356606836914,因子数值不匹配
002279.SZ,2017-05-11,0.232,0.30204388080990063,因子数值不匹配
002281.SZ,2017-04-14,0.669,2.0209632626253757,因子数值不匹配
002282.SZ,2011-04-11,0.2394,0.3147602992690921,因子数值不匹配
002282.SZ,2015-04-10,0.3359,0.5058765908630417,因子数值不匹配
002283.SZ,2011-05-13,0.5016,1.0062686992449068,因子数值不匹配
002283.SZ,2016-07-28,0.5009,1.003504350965612,因子数值不匹配
002284.SZ,2010-05-28,0.5023,1.009141,因子数值不匹配
002284.SZ,2011-05-26,0.3366,0.5073357220822231,因子数值不匹配
002284.SZ,2015-04-24,0.5018,1.0071257831936862,因子数值不匹配
002285.SZ,2010-05-04,0.4154,0.7105170000000001,因子数值不匹配
002285.SZ,2011-05-04,0.338,0.5104673031603896,因子数值不匹配
002285.SZ,2013-05-10,0.2469,0.32785353331577316,因子数值不匹配
002285.SZ,2014-05-28,0.4482,0.812128689527185,因子数值不匹配
002285.SZ,2015-04-27,0.376,0.6025641329848769,因子数值不匹配
002285.SZ,2016-04-14,0.2878,0.40408163063858504,因子数值不匹配
002286.SZ,2010-06-03,0.2321,0.30226700000000006,因子数值不匹配
002286.SZ,2012-05-30,0.2351,0.30739318434698865,因子数值不匹配
002286.SZ,2014-06-09,0.5018,1.0071328733968774,因子数值不匹配
002287.SZ,2019-07-11,0.2407,0.317061396865719,因子数值不匹配
002289.SZ,2017-07-05,0.3332,0.499611429290952,因子数值不匹配
002290.SZ,2010-03-17,0.4462,0.8058399999999999,因子数值不匹配
002290.SZ,2012-05-04,0.29,0.4084967158369154,因子数值不匹配
002291.SZ,2010-04-16,0.2318,0.3018240000000001,因子数值不匹配
002291.SZ,2011-04-29,0.2306,0.2997256157514378,因子数值不匹配
002292.SZ,2010-05-04,0.375,0.6000000000000001,因子数值不匹配
002292.SZ,2011-05-11,0.3809,0.615230625,因子数值不匹配
002292.SZ,2013-04-18,0.3348,0.5033810490352697,因子数值不匹配
002292.SZ,2015-06-02,0.5005,1.0021136122471634,因子数值不匹配
002293.SZ,2013-05-31,0.5073,1.0298190761252928,因子数值不匹配
002293.SZ,2015-05-28,0.6051,1.5324469885878418,因子数值不匹配
002293.SZ,2019-05-29,0.1233,0.14067281560924214,因子数值不匹配
002294.SZ,2010-04-20,0.5032,1.012782,因子数值不匹配
002294.SZ,2011-05-03,0.3811,0.6156876402909008,因子数值不匹配
002294.SZ,2012-05-04,0.1787,0.21763287943181284,因子数值不匹配
002294.SZ,2013-05-09,0.3412,0.5179766527138536,因子数值不匹配
002294.SZ,2015-04-24,0.383,0.6208033942960013,因子数值不匹配
002295.SZ,2011-05-16,0.3389,0.5126692423854571,因子数值不匹配
002296.SZ,2010-04-01,0.4162,0.713055,因子数值不匹配
002296.SZ,2011-05-13,0.4157,0.7113332613372018,因子数值不匹配
002296.SZ,2014-10-28,0.4117,0.699678810896985,因子数值不匹配
002297.SZ,2010-05-17,0.5008,1.003238,因子数值不匹配
002297.SZ,2013-07-11,0.3355,0.5049629649597301,因子数值不匹配
002298.SZ,2010-06-11,0.3354,0.5047140000000001,因子数值不匹配
002298.SZ,2012-04-09,0.5008,1.0031183830860382,因子数值不匹配
002299.SZ,2011-02-24,0.5032,1.0126838643062273,因子数值不匹配
002300.SZ,2010-04-28,0.3454,0.527719,因子数值不匹配
002300.SZ,2011-06-01,0.3496,0.5375104976766014,因子数值不匹配
002300.SZ,2014-06-11,0.3628,0.5694685423161258,因子数值不匹配
002300.SZ,2016-07-05,0.1838,0.2251242976484085,因子数值不匹配
002300.SZ,2019-07-03,0.1052,0.11756380662174534,因子数值不匹配
002300.SZ,2020-07-01,0.108,0.121107167850839,因子数值不匹配
002300.SZ,2023-07-05,0.1012,0.11260721863028475,因子数值不匹配
002301.SZ,2010-07-19,0.3408,0.5170870000000001,因子数值不匹配
002301.SZ,2012-07-05,0.5036,1.014446106254948,因子数值不匹配
002301.SZ,2018-05-28,0.3354,0.5047621058032837,因子数值不匹配
002302.SZ,2010-07-01,0.3401,0.5154209999999999,因子数值不匹配
002302.SZ,2013-05-22,0.2271,0.29387092383123875,因子数值不匹配
002302.SZ,2016-05-04,0.5031,1.0126744554940212,因子数值不匹配
002303.SZ,2013-10-09,0.4999,0.9994714441528878,因子数值不匹配
002303.SZ,2014-06-12,0.5016,1.0065548368480062,因子数值不匹配
002303.SZ,2015-07-03,0.5008,1.0033597933889586,因子数值不匹配
002303.SZ,2024-09-18,0.1096,0.12307697338781638,因子数值不匹配
002304.SZ,2011-05-13,0.5022,1.0086589554575778,因子数值不匹配
002304.SZ,2012-06-01,0.174,0.21058549863895057,因子数值不匹配
002304.SZ,2015-06-18,0.2989,0.42634644554246953,因子数值不匹配
002305.SZ,2011-04-22,0.5031,1.0126581020894165,因子数值不匹配
002305.SZ,2015-05-25,0.3386,0.5119045433598768,因子数值不匹配
002306.SZ,2012-05-11,0.511,1.0450373329528704,因子数值不匹配
002306.SZ,2013-07-01,0.5055,1.0222926017224403,因子数值不匹配
002307.SZ,2011-09-21,0.4997,0.9988761237518153,因子数值不匹配
002307.SZ,2014-05-28,0.2306,0.29966299616183173,因子数值不匹配
002307.SZ,2018-05-22,0.3752,0.6005877711685224,因子数值不匹配
002309.SZ,2010-04-16,0.4452,0.802427,因子数值不匹配
002309.SZ,2012-05-16,0.5024,1.009843007186291,因子数值不匹配
002310.SZ,2010-03-19,0.3347,0.502977,因子数值不匹配
002310.SZ,2010-08-26,0.5004,1.0017452030204055,因子数值不匹配
002310.SZ,2012-06-08,0.4986,0.9943421757196177,因子数值不匹配
002310.SZ,2013-05-22,0.5012,1.0046430645192475,因子数值不匹配
002310.SZ,2014-06-23,0.3364,0.5068740983110995,因子数值不匹配
002310.SZ,2016-07-18,0.6009,1.5053350753897727,因子数值不匹配
002311.SZ,2010-06-10,0.2354,0.30790000000000006,因子数值不匹配
002311.SZ,2011-06-03,0.5034,1.0136195427784997,因子数值不匹配
002311.SZ,2012-05-18,0.2361,0.30909097122470164,因子数值不匹配
002311.SZ,2013-05-20,0.2367,0.3100466725199478,因子数值不匹配
002311.SZ,2015-06-26,0.2908,0.4099539780624142,因子数值不匹配
002312.SZ,2010-05-20,0.5034,1.0138760000000002,因子数值不匹配
002312.SZ,2011-05-11,0.3333,0.4999999999999999,因子数值不匹配
002312.SZ,2013-07-08,0.506,1.0242965505266168,因子数值不匹配
002312.SZ,2014-10-23,0.1046,0.11685225877334725,因子数值不匹配
002312.SZ,2015-06-02,0.4291,0.7516669265852114,因子数值不匹配
002312.SZ,2016-07-18,0.335,0.5036915705731814,因子数值不匹配
002313.SZ,2012-04-17,0.5032,1.0129769880426607,因子数值不匹配
002313.SZ,2013-05-10,0.2396,0.3150403802626513,因子数值不匹配
002314.SZ,2014-07-18,0.5059,1.0240384752201939,因子数值不匹配
002315.SZ,2017-05-25,0.509,1.0367890362187464,因子数值不匹配
002315.SZ,2020-03-10,0.2532,0.3391075572920183,因子数值不匹配
002315.SZ,2026-04-23,0.2428,0.32064340459862845,因子数值不匹配
002316.SZ,2010-05-20,0.2338,0.3051600000000001,因子数值不匹配
002316.SZ,2011-07-06,0.2882,0.4049288976064237,因子数值不匹配
002316.SZ,2012-07-18,0.3363,0.5066470992121209,因子数值不匹配
002316.SZ,2013-06-18,0.1695,0.20408198723410723,因子数值不匹配
002317.SZ,2010-05-13,0.3389,0.5126139999999999,因子数值不匹配
002317.SZ,2011-05-13,0.3419,0.5195462953536066,因子数值不匹配
002317.SZ,2013-03-11,0.5074,1.0298783875020296,因子数值不匹配
002317.SZ,2015-09-01,0.5018,1.0072577543988435,因子数值不匹配
002318.SZ,2010-05-12,0.2334,0.3044070000000001,因子数值不匹配
002318.SZ,2012-04-25,0.337,0.5081965089197528,因子数值不匹配
002318.SZ,2015-10-21,0.6,1.5000002469973766,因子数值不匹配
002319.SZ,2013-03-04,0.5023,1.0094160103694307,因子数值不匹配
002320.SZ,2010-05-12,0.2398,0.3153809999999999,因子数值不匹配
002320.SZ,2011-06-10,0.3879,0.6336909230101393,因子数值不匹配
002320.SZ,2012-04-25,0.2508,0.3347639704671078,因子数值不匹配
002320.SZ,2018-06-06,0.2367,0.3100393801462692,因子数值不匹配
002320.SZ,2019-05-29,0.3406,0.5165773967540106,因子数值不匹配
002320.SZ,2020-04-27,0.3409,0.5171806288360534,因子数值不匹配
002320.SZ,2021-04-29,0.3429,0.5218750911966427,因子数值不匹配
002321.SZ,2012-04-18,0.5027,1.0108051733383188,因子数值不匹配
002322.SZ,2012-04-17,0.5025,1.0100092630712225,因子数值不匹配
002322.SZ,2013-05-15,0.5018,1.0073804480655744,因子数值不匹配
002323.SZ,2013-05-17,0.2475,0.3289664675639963,因子数值不匹配
002323.SZ,2016-04-27,0.6675,2.0078630731750797,因子数值不匹配
002323.SZ,2022-01-06,0.4461,0.8053690307005178,因子数值不匹配
002324.SZ,2011-04-20,0.5012,1.0047615131823373,因子数值不匹配
002324.SZ,2018-05-28,0.3365,0.507090001941426,因子数值不匹配
002324.SZ,2019-05-21,0.2432,0.3212812029033208,因子数值不匹配
002324.SZ,2020-04-22,0.3781,0.6080669398776843,因子数值不匹配
002324.SZ,2021-05-28,0.1694,0.2039617143285762,因子数值不匹配
002326.SZ,2011-06-10,0.4443,0.7996925150164776,因子数值不匹配
002326.SZ,2015-04-29,0.6436,1.80580304835382,因子数值不匹配
002327.SZ,2010-07-08,0.2394,0.3146850000000001,因子数值不匹配
002327.SZ,2012-05-11,0.1666,0.19989696573062232,因子数值不匹配
002327.SZ,2013-05-22,0.5041,1.0163569715108747,因子数值不匹配
002327.SZ,2014-04-30,0.2361,0.3090907909205675,因子数值不匹配
002327.SZ,2015-05-14,0.502,1.0082306861750054,因子数值不匹配
002328.SZ,2012-05-16,0.3428,0.5216780804564997,因子数值不匹配
002328.SZ,2019-06-12,0.4194,0.7222216332677515,因子数值不匹配
002329.SZ,2011-05-27,0.5011,1.004568415165512,因子数值不匹配
002329.SZ,2015-09-23,0.6429,1.8000005776351233,因子数值不匹配
002330.SZ,2013-04-24,0.5,0.9999990149704785,因子数值不匹配
002331.SZ,2010-05-07,0.241,0.3174490000000001,因子数值不匹配
002331.SZ,2011-04-08,0.4158,0.7117436804005316,因子数值不匹配
002331.SZ,2013-05-09,0.3793,0.6111110623919713,因子数值不匹配
002331.SZ,2015-03-26,0.1692,0.20369045037819072,因子数值不匹配
002331.SZ,2016-05-12,0.1688,0.20314377786064566,因子数值不匹配
002332.SZ,2014-05-08,0.3336,0.5006368651293975,因子数值不匹配
002332.SZ,2017-05-18,0.3386,0.5120196322879725,因子数值不匹配
002333.SZ,2010-06-09,0.3828,0.6202700000000001,因子数值不匹配
002333.SZ,2016-05-27,0.5052,1.0208334643164765,因子数值不匹配
002334.SZ,2010-09-16,0.4752,0.905643167185198,因子数值不匹配
002334.SZ,2012-05-29,0.4501,0.8185296446636068,因子数值不匹配
002334.SZ,2013-05-16,0.3792,0.6109287410015752,因子数值不匹配
002334.SZ,2015-04-30,0.5031,1.0122890221148795,因子数值不匹配
002335.SZ,2011-04-14,0.5067,1.0273313812099856,因子数值不匹配
002335.SZ,2012-05-30,0.2921,0.41257518599123116,因子数值不匹配
002335.SZ,2020-09-28,0.4117,0.6997731365707215,因子数值不匹配
002337.SZ,2011-05-24,0.3814,0.6165663590566625,因子数值不匹配
002337.SZ,2015-03-06,0.6666,1.999177588773566,因子数值不匹配
002338.SZ,2012-05-14,0.3433,0.5227650092614711,因子数值不匹配
002338.SZ,2017-07-07,0.5029,1.0114944396359122,因子数值不匹配
002339.SZ,2012-04-13,0.5036,1.0145820037024849,因子数值不匹配
002339.SZ,2013-05-24,0.5023,1.009310720389135,因子数值不匹配
002339.SZ,2019-05-23,0.2367,0.3100159524884923,因子数值不匹配
002340.SZ,2010-06-21,0.234,0.30556099999999997,因子数值不匹配
002340.SZ,2011-05-26,0.5011,1.004418024129091,因子数值不匹配
002340.SZ,2012-05-29,0.5045,1.0180997290677103,因子数值不匹配
002340.SZ,2013-06-21,0.2337,0.30490206195815484,因子数值不匹配
002340.SZ,2015-05-15,0.2313,0.300934528897171,因子数值不匹配
002340.SZ,2016-06-01,0.5007,1.0028369951548561,因子数值不匹配
002340.SZ,2017-05-19,0.2315,0.30129378590959305,因子数值不匹配
002342.SZ,2010-03-25,0.1765,0.21432000000000007,因子数值不匹配
002342.SZ,2011-10-11,0.4996,0.9985111451420794,因子数值不匹配
002343.SZ,2011-05-26,0.5078,1.0317558355793022,因子数值不匹配
002343.SZ,2018-06-22,0.2911,0.41068311026546944,因子数值不匹配
002344.SZ,2011-05-26,0.5053,1.0214903291536672,因子数值不匹配
002344.SZ,2013-05-31,0.503,1.0119817073022734,因子数值不匹配
002345.SZ,2010-05-21,0.3401,0.5154829999999999,因子数值不匹配
002345.SZ,2013-05-22,0.5061,1.024765070442027,因子数值不匹配
002345.SZ,2014-09-26,0.5,1.0,因子数值不匹配
002346.SZ,2014-03-21,0.4998,0.9990501666109182,因子数值不匹配
002347.SZ,2013-04-02,0.446,0.805210630317252,因子数值不匹配
002347.SZ,2016-09-23,0.5,1.0,因子数值不匹配
002348.SZ,2011-06-10,0.3846,0.6248933805474425,因子数值不匹配
002348.SZ,2013-05-02,0.5036,1.0143995658901785,因子数值不匹配
002348.SZ,2016-05-11,0.5014,1.0057550943291216,因子数值不匹配
002349.SZ,2011-03-01,0.2023,0.2536222492936938,因子数值不匹配
002349.SZ,2012-05-02,0.5022,1.0087641032002774,因子数值不匹配
002349.SZ,2016-03-08,0.3351,0.5040806649449994,因子数值不匹配
002349.SZ,2017-03-14,0.5027,1.010869706818325,因子数值不匹配
002350.SZ,2010-05-13,0.1818,0.22217299999999995,因子数值不匹配
002350.SZ,2012-05-23,0.4199,0.7237263363028953,因子数值不匹配
002350.SZ,2017-06-09,0.4142,0.7072073112569826,因子数值不匹配
002350.SZ,2018-05-28,0.1144,0.12919884095620587,因子数值不匹配
002350.SZ,2020-05-19,0.1014,0.11287128712871305,因子数值不匹配
002351.SZ,2011-05-10,0.5069,1.0281696798291267,因子数值不匹配
002351.SZ,2016-06-20,0.5034,1.013649482700998,因子数值不匹配
002351.SZ,2020-05-29,0.3369,0.5080646845914422,因子数值不匹配
002352.SZ,2015-07-16,0.3334,0.500197037981758,因子数值不匹配
002352.SZ,2016-05-26,0.5025,1.0101594542686194,因子数值不匹配
002353.SZ,2011-04-21,0.5028,1.0110767397403113,因子数值不匹配
002353.SZ,2012-04-17,0.5018,1.0073215992857654,因子数值不匹配
002353.SZ,2013-05-28,0.2328,0.30343379577297624,因子数值不匹配
002353.SZ,2014-06-09,0.3361,0.5062657308553508,因子数值不匹配
002354.SZ,2017-05-12,0.6451,1.8177051499995087,因子数值不匹配
002355.SZ,2013-03-22,0.5008,1.0030630797558802,因子数值不匹配
002356.SZ,2015-05-07,0.6672,2.0048402656046487,因子数值不匹配
002356.SZ,2018-07-17,0.4151,0.7098002935755461,因子数值不匹配
002357.SZ,2010-05-21,0.1708,0.205916,因子数值不匹配
002357.SZ,2011-05-18,0.5021,1.008424301526806,因子数值不匹配
002357.SZ,2015-09-17,0.3749,0.5998081096658714,因子数值不匹配
002358.SZ,2011-06-21,0.504,1.016174,因子数值不匹配
002358.SZ,2012-05-23,0.5038,1.015115262869177,因子数值不匹配
002358.SZ,2015-06-15,0.5016,1.006406444583381,因子数值不匹配
002360.SZ,2011-04-26,0.504,1.016225,因子数值不匹配
002360.SZ,2013-04-25,0.3389,0.5126658648593851,因子数值不匹配
002360.SZ,2014-04-24,0.5036,1.0143767494336096,因子数值不匹配
002361.SZ,2011-05-30,0.5034,1.0138630000000002,因子数值不匹配
002361.SZ,2013-04-16,0.5084,1.0339894024568699,因子数值不匹配
002361.SZ,2016-06-08,0.5033,1.0132453732638638,因子数值不匹配
002362.SZ,2011-04-28,0.5,1.0,因子数值不匹配
002363.SZ,2014-06-17,0.5023,1.0093454736906091,因子数值不匹配
002363.SZ,2016-02-01,0.1394,0.16203364854684413,因子数值不匹配
002364.SZ,2011-05-27,0.339,0.5128693615134201,因子数值不匹配
002364.SZ,2013-05-06,0.503,1.0122493649080273,因子数值不匹配
002364.SZ,2015-05-19,0.5002,1.0006317671830223,因子数值不匹配
002365.SZ,2011-05-03,0.5044,1.0178244810431958,因子数值不匹配
002365.SZ,2018-05-15,0.3358,0.5054766783252986,因子数值不匹配
002366.SZ,2017-07-05,0.501,1.004178691731242,因子数值不匹配
002367.SZ,2010-04-29,0.1722,0.20807599999999993,因子数值不匹配
002367.SZ,2011-03-30,0.3403,0.5159095950916996,因子数值不匹配
002367.SZ,2012-03-28,0.3468,0.5310200105496868,因子数值不匹配
002367.SZ,2014-03-31,0.5096,1.0392671162115372,因子数值不匹配
002367.SZ,2018-09-26,0.1003,0.11152417919899511,因子数值不匹配
002368.SZ,2011-05-24,0.5068,1.027752,因子数值不匹配
002368.SZ,2012-06-11,0.1726,0.2086586525373912,因子数值不匹配
002368.SZ,2015-06-16,0.3348,0.503357355595124,因子数值不匹配
002368.SZ,2020-07-09,0.2891,0.406765680212875,因子数值不匹配
002369.SZ,2011-05-17,0.5065,1.0265254525472263,因子数值不匹配
002369.SZ,2014-05-15,0.5028,1.011122990516336,因子数值不匹配
002370.SZ,2011-07-06,0.4155,0.710825,因子数值不匹配
002370.SZ,2017-09-20,0.5,1.0,因子数值不匹配
002371.SZ,2011-07-01,0.2319,0.30183000000000004,因子数值不匹配
002371.SZ,2012-03-27,0.4455,0.803553459361053,因子数值不匹配
002371.SZ,2013-05-10,0.5013,1.0052770111417768,因子数值不匹配
002371.SZ,2025-07-03,0.261,0.35327079965175845,因子数值不匹配
002372.SZ,2013-06-19,0.2659,0.3622171111771408,因子数值不匹配
002372.SZ,2014-05-21,0.2695,0.3688737612229389,因子数值不匹配
002372.SZ,2015-05-27,0.247,0.32804446781977875,因子数值不匹配
002372.SZ,2016-06-20,0.2539,0.3402407541498633,因子数值不匹配
002372.SZ,2017-04-28,0.2523,0.3374767296944538,因子数值不匹配
002372.SZ,2018-06-07,0.2479,0.32967570440353755,因子数值不匹配
002372.SZ,2019-06-06,0.193,0.23918759054481892,因子数值不匹配
002373.SZ,2013-05-27,0.4997,0.9986296271232319,因子数值不匹配
002373.SZ,2016-05-10,0.5014,1.0056002683761753,因子数值不匹配
002374.SZ,2011-05-10,0.3771,0.605343,因子数值不匹配
002374.SZ,2013-05-29,0.4551,0.8350519410357335,因子数值不匹配
002374.SZ,2016-04-18,0.5466,1.2054619975225003,因子数值不匹配
002375.SZ,2011-05-13,0.5016,1.006586,因子数值不匹配
002375.SZ,2012-06-07,0.3357,0.505448557898839,因子数值不匹配
002375.SZ,2014-07-09,0.2349,0.30696909480764517,因子数值不匹配
002375.SZ,2015-06-04,0.335,0.5036520750300069,因子数值不匹配
002376.SZ,2011-06-08,0.504,1.0162733257968986,因子数值不匹配
002376.SZ,2013-06-14,0.5053,1.0213443111508904,因子数值不匹配
002377.SZ,2011-06-28,0.5,0.999999014178091,因子数值不匹配
002377.SZ,2014-07-03,0.512,1.0493423825257064,因子数值不匹配
002378.SZ,2015-05-21,0.5,1.0,因子数值不匹配
002378.SZ,2023-06-05,0.2432,0.3214282001434647,因子数值不匹配
002379.SZ,2011-06-01,0.5015,1.0058980000000002,因子数值不匹配
002379.SZ,2013-05-03,0.4996,0.998327432401847,因子数值不匹配
002379.SZ,2014-06-16,0.5,1.0,因子数值不匹配
002380.SZ,2014-05-14,0.3365,0.5070829545873009,因子数值不匹配
002380.SZ,2015-10-09,0.5009,1.0035744941635614,因子数值不匹配
002381.SZ,2011-05-23,0.3379,0.5103009999999999,因子数值不匹配
002381.SZ,2013-05-13,0.5076,1.0307383490479292,因子数值不匹配
002381.SZ,2015-05-11,0.3427,0.5213369191630493,因子数值不匹配
002382.SZ,2011-05-30,0.3382,0.511039,因子数值不匹配
002382.SZ,2012-05-30,0.5014,1.0056755649589455,因子数值不匹配
002382.SZ,2016-05-17,0.5082,1.0331918641376885,因子数值不匹配
002383.SZ,2011-05-26,0.1758,0.2132670000000001,因子数值不匹配
002383.SZ,2012-05-28,0.2373,0.3111112393232485,因子数值不匹配
002383.SZ,2017-05-23,0.6675,2.007121896389578,因子数值不匹配
002384.SZ,2011-04-22,0.1666,0.19991028082103,因子数值不匹配
002384.SZ,2012-06-06,0.5024,1.0095242367899402,因子数值不匹配
002384.SZ,2014-06-17,0.5002,1.0009376565861694,因子数值不匹配
002384.SZ,2018-08-28,0.3346,0.5029550934795534,因子数值不匹配
002385.SZ,2012-05-04,0.5041,1.0164374904338465,因子数值不匹配
002385.SZ,2013-05-28,0.5032,1.0128515153652078,因子数值不匹配
002385.SZ,2015-05-13,0.336,0.5059898162270838,因子数值不匹配
002385.SZ,2016-05-11,0.3379,0.5103896596825729,因子数值不匹配
002386.SZ,2010-07-15,0.1687,0.20292599999999994,因子数值不匹配
002386.SZ,2015-06-08,0.286,0.4005298697941907,因子数值不匹配
002386.SZ,2022-07-05,0.2489,0.33142163675155134,因子数值不匹配
002387.SZ,2011-05-26,0.4462,0.805639,因子数值不匹配
002387.SZ,2012-05-30,0.235,0.3071893108201584,因子数值不匹配
002387.SZ,2015-05-20,0.3336,0.5005974894896261,因子数值不匹配
002388.SZ,2011-05-20,0.4446,0.8004389999999999,因子数值不匹配
002388.SZ,2015-08-20,0.4998,0.9993003927779502,因子数值不匹配
002389.SZ,2011-04-13,0.5017,1.0068489999999999,因子数值不匹配
002389.SZ,2012-02-20,0.3383,0.51122381404879,因子数值不匹配
002389.SZ,2013-05-15,0.502,1.0079814085870538,因子数值不匹配
002390.SZ,2011-05-05,0.5037,1.0150730000000001,因子数值不匹配
002390.SZ,2014-06-16,0.5006,1.0023534200228938,因子数值不匹配
002390.SZ,2015-05-25,0.6004,1.5021906953279764,因子数值不匹配
002391.SZ,2010-08-25,0.3794,0.6112660000000001,因子数值不匹配
002391.SZ,2011-05-10,0.2386,0.31338649236066535,因子数值不匹配
002391.SZ,2014-04-03,0.3421,0.5199468456167076,因子数值不匹配
002391.SZ,2019-05-08,0.3479,0.5334089917310205,因子数值不匹配
002392.SZ,2011-05-06,0.5029,1.0116766532561983,因子数值不匹配
002392.SZ,2011-09-26,0.4998,0.9991616854669575,因子数值不匹配
002392.SZ,2015-06-24,0.5009,1.003693458717709,因子数值不匹配
002393.SZ,2024-05-28,0.3024,0.43344568614161416,因子数值不匹配
002393.SZ,2026-04-28,0.1894,0.0,缺失大额因子
002394.SZ,2011-06-01,0.5039,1.0157808141919098,因子数值不匹配
002394.SZ,2014-06-05,0.3427,0.5212654514980096,因子数值不匹配
002395.SZ,2013-06-21,0.5065,1.0265248610253241,因子数值不匹配
002395.SZ,2020-05-20,0.3335,0.5002833638876223,因子数值不匹配
002396.SZ,2011-06-28,0.5016,1.006281,因子数值不匹配
002396.SZ,2015-05-29,0.3345,0.5025596656467981,因子数值不匹配
002397.SZ,2010-09-09,0.3415,0.518613,因子数值不匹配
002397.SZ,2011-07-06,0.3817,0.6172751056391588,因子数值不匹配
002397.SZ,2014-06-17,0.5122,1.049950519875894,因子数值不匹配
002397.SZ,2015-05-26,0.5479,1.2120400797047002,因子数值不匹配
002398.SZ,2011-05-23,0.2351,0.30735099999999993,因子数值不匹配
002398.SZ,2012-07-05,0.2341,0.30558817027714835,因子数值不匹配
002398.SZ,2013-05-28,0.2343,0.3059233845501276,因子数值不匹配
002398.SZ,2015-05-28,0.233,0.3038591110966743,因子数值不匹配
002398.SZ,2018-06-11,0.5076,1.031056036015008,因子数值不匹配
002399.SZ,2011-04-29,0.5114,1.046474,因子数值不匹配
002399.SZ,2016-06-13,0.3882,0.634647928278074,因子数值不匹配
002400.SZ,2011-05-10,0.4469,0.80795,因子数值不匹配
002400.SZ,2012-05-08,0.2372,0.3109383555961172,因子数值不匹配
002400.SZ,2013-05-14,0.502,1.0082122736023758,因子数值不匹配
002400.SZ,2014-05-16,0.3365,0.5071002582943496,因子数值不匹配
002400.SZ,2015-05-15,0.3352,0.5042276077310881,因子数值不匹配
002400.SZ,2016-05-20,0.2339,0.30523037702709616,因子数值不匹配
002400.SZ,2017-06-08,0.2335,0.30467763663653447,因子数值不匹配
002401.SZ,2011-09-29,0.5,1.0,因子数值不匹配
002401.SZ,2012-07-20,0.4768,0.9111644999999999,因子数值不匹配
002401.SZ,2014-05-09,0.3331,0.49943761717393975,因子数值不匹配
002401.SZ,2021-07-08,0.1739,0.7938225096878282,因子数值不匹配
002402.SZ,2011-06-01,0.3408,0.517042,因子数值不匹配
002402.SZ,2014-04-17,0.3415,0.5184963041994676,因子数值不匹配
002402.SZ,2015-05-08,0.5011,1.0045229411186323,因子数值不匹配
002402.SZ,2016-10-11,0.6006,1.5040503479354408,因子数值不匹配
002403.SZ,2015-10-13,0.2406,0.31676477979248624,因子数值不匹配
002404.SZ,2011-05-26,0.2441,0.3229953977724388,因子数值不匹配
002404.SZ,2012-05-16,0.3488,0.5355889261104679,因子数值不匹配
002404.SZ,2015-05-20,0.504,1.0161559949899768,因子数值不匹配
002405.SZ,2011-04-18,0.1698,0.20445800000000003,因子数值不匹配
002405.SZ,2012-04-18,0.174,0.21062668851881916,因子数值不匹配
002405.SZ,2013-04-23,0.1709,0.20606124614151242,因子数值不匹配
002405.SZ,2016-06-20,0.3344,0.5024784235029518,因子数值不匹配
002405.SZ,2019-06-17,0.3339,0.5012656337194095,因子数值不匹配
002406.SZ,2011-05-27,0.3411,0.5176808577616726,因子数值不匹配
002406.SZ,2015-05-28,0.503,1.0121290691888913,因子数值不匹配
002407.SZ,2011-04-29,0.2331,0.303998,因子数值不匹配
002407.SZ,2011-10-18,0.3749,0.599868251331674,因子数值不匹配
002407.SZ,2016-05-12,0.6006,1.5038244225291202,因子数值不匹配
002407.SZ,2023-04-25,0.2979,0.42430799736416874,因子数值不匹配
002408.SZ,2011-05-06,0.4487,0.8138620000000001,因子数值不匹配
002408.SZ,2012-06-12,0.1783,0.21699225189126845,因子数值不匹配
002408.SZ,2015-06-12,0.1488,0.1748416570523692,因子数值不匹配
002408.SZ,2016-06-07,0.5522,1.2333337348227587,因子数值不匹配
002408.SZ,2021-09-29,0.2859,0.4003163411607982,因子数值不匹配
002409.SZ,2012-05-08,0.3388,0.5123565763416891,因子数值不匹配
002409.SZ,2016-05-23,0.5028,1.011132908793434,因子数值不匹配
002410.SZ,2010-07-15,0.1759,0.2134529999999999,因子数值不匹配
002410.SZ,2010-09-28,0.3333,0.4999064652689475,因子数值不匹配
002410.SZ,2011-03-29,0.3404,0.5161032621893932,因子数值不匹配
002410.SZ,2012-04-20,0.3438,0.523900778717754,因子数值不匹配
002410.SZ,2013-06-06,0.246,0.32624854223383987,因子数值不匹配
002410.SZ,2014-06-09,0.2939,0.4161641826371358,因子数值不匹配
002410.SZ,2015-05-08,0.3403,0.5157432534837465,因子数值不匹配
002410.SZ,2023-05-15,0.29,0.4085413548677451,因子数值不匹配
002412.SZ,2011-05-23,0.5106,1.0433089999999998,因子数值不匹配
002412.SZ,2014-05-23,0.5079,1.0320303977518819,因子数值不匹配
002412.SZ,2019-05-30,0.4118,0.7000000934839797,因子数值不匹配
002413.SZ,2011-10-10,0.337,0.508197,因子数值不匹配
002413.SZ,2016-05-13,0.6814,2.138319898110739,因子数值不匹配
002414.SZ,2013-09-04,0.5,1.0,因子数值不匹配
002414.SZ,2019-05-08,0.3343,0.5022595948041407,因子数值不匹配
002414.SZ,2020-06-02,0.4144,0.7076299961501321,因子数值不匹配
002414.SZ,2021-06-01,0.2904,0.40930931258347003,因子数值不匹配
002414.SZ,2022-05-26,0.3006,0.4298019066640931,因子数值不匹配
002414.SZ,2023-06-20,0.2404,0.3164720365836569,因子数值不匹配
002415.SZ,2011-04-20,0.5037,1.0147309046218844,因子数值不匹配
002415.SZ,2012-06-13,0.5039,1.0155948588702226,因子数值不匹配
002415.SZ,2013-07-10,0.504,1.0159516266244244,因子数值不匹配
002415.SZ,2016-05-18,0.3475,0.5325223978955379,因子数值不匹配
002415.SZ,2017-05-16,0.3434,0.522942680480177,因子数值不匹配
002416.SZ,2011-11-08,0.5,1.0,因子数值不匹配
002416.SZ,2018-06-06,0.1871,0.23017068154305276,因子数值不匹配
002418.SZ,2011-06-10,0.3804,0.613985,因子数值不匹配
002418.SZ,2016-05-19,0.6679,2.0109088967574245,因子数值不匹配
002419.SZ,2011-04-29,0.5066,1.026745,因子数值不匹配
002419.SZ,2018-04-19,0.3487,0.5354329894006035,因子数值不匹配
002421.SZ,2011-04-29,0.2309,0.30019700000000005,因子数值不匹配
002421.SZ,2012-10-16,0.5,0.9999992407844521,因子数值不匹配
002421.SZ,2015-05-12,0.5463,1.2042412333337729,因子数值不匹配
002421.SZ,2016-10-18,0.6665,1.9986169931304527,因子数值不匹配
002422.SZ,2011-04-29,0.502,1.0078429999999998,因子数值不匹配
002422.SZ,2014-07-01,0.3375,0.5094699979371207,因子数值不匹配
002422.SZ,2015-07-22,0.5029,1.0118167284045472,因子数值不匹配
002424.SZ,2010-10-29,0.3811,0.615699,因子数值不匹配
002424.SZ,2011-07-15,0.5069,1.0278294410035533,因子数值不匹配
002424.SZ,2015-10-20,0.6667,2.000422574574941,因子数值不匹配
002425.SZ,2011-04-01,0.5017,1.006866,因子数值不匹配
002425.SZ,2013-04-02,0.2357,0.30841103440213485,因子数值不匹配
002425.SZ,2017-06-02,0.377,0.6051105129326207,因子数值不匹配
002426.SZ,2014-04-21,0.5024,1.0096467829172928,因子数值不匹配
002426.SZ,2016-06-21,0.6006,1.503929134725071,因子数值不匹配
002427.SZ,2011-06-24,0.2356,0.30829400000000007,因子数值不匹配
002427.SZ,2015-05-07,0.288,0.4044115466870824,因子数值不匹配
002428.SZ,2011-05-27,0.2327,0.303258,因子数值不匹配
002428.SZ,2012-04-24,0.501,1.0041127696895014,因子数值不匹配
002428.SZ,2013-05-13,0.5017,1.0068165563755707,因子数值不匹配
002429.SZ,2011-07-07,0.3436,0.5233939999999999,因子数值不匹配
002429.SZ,2013-06-21,0.3435,0.5233101573392014,因子数值不匹配
002429.SZ,2014-06-11,0.333,0.49934475036897535,因子数值不匹配
002429.SZ,2017-06-09,0.601,1.5060606857530379,因子数值不匹配
002430.SZ,2011-05-25,0.3377,0.509843,因子数值不匹配
002430.SZ,2012-05-07,0.2667,0.3636358217377569,因子数值不匹配
002431.SZ,2010-10-21,0.3774,0.6061300000000001,因子数值不匹配
002431.SZ,2011-04-18,0.5007,1.0027606731709138,因子数值不匹配
002431.SZ,2013-05-22,0.1682,0.20220580708044653,因子数值不匹配
002431.SZ,2016-05-06,0.6,1.5000002555156893,因子数值不匹配
002432.SZ,2011-05-27,0.5043,1.017182,因子数值不匹配
002432.SZ,2013-05-31,0.3336,0.5005056751805405,因子数值不匹配
002434.SZ,2011-09-14,0.4998,0.9992225926683441,因子数值不匹配
002434.SZ,2015-05-14,0.3384,0.5114846535763692,因子数值不匹配
002434.SZ,2016-04-11,0.5033,1.0131006121317172,因子数值不匹配
002436.SZ,2011-05-13,0.5039,1.015905,因子数值不匹配
002436.SZ,2015-05-20,0.5021,1.0082847357875035,因子数值不匹配
002436.SZ,2016-10-28,0.6667,1.9999997641925435,因子数值不匹配
002437.SZ,2011-03-29,0.5036,1.014307,因子数值不匹配
002437.SZ,2014-09-19,0.6,1.4997847702561695,因子数值不匹配
002437.SZ,2016-06-03,0.6694,2.0249479350297137,因子数值不匹配
002438.SZ,2012-05-10,0.5017,1.0066893028905997,因子数值不匹配
002438.SZ,2017-06-06,0.5012,1.0047789983247,因子数值不匹配
002439.SZ,2011-09-19,0.5,1.0,因子数值不匹配
002439.SZ,2014-05-14,0.5015,1.0060449540663516,因子数值不匹配
002439.SZ,2015-05-18,0.5003,1.001194561899164,因子数值不匹配
002440.SZ,2011-06-24,0.2449,0.324311,因子数值不匹配
002440.SZ,2013-10-15,0.4998,0.9993924200609748,因子数值不匹配
002440.SZ,2018-06-19,0.3483,0.5344959281566105,因子数值不匹配
002441.SZ,2011-04-11,0.5048,1.019352,因子数值不匹配
002441.SZ,2015-05-22,0.5036,1.0145507895325032,因子数值不匹配
002442.SZ,2011-04-29,0.3827,0.620042,因子数值不匹配
002442.SZ,2012-04-11,0.3475,0.5325911303534105,因子数值不匹配
002443.SZ,2011-06-02,0.2349,0.30705399999999994,因子数值不匹配
002443.SZ,2012-06-05,0.4195,0.7227008218482177,因子数值不匹配
002443.SZ,2013-10-10,0.1758,0.2132450548772174,因子数值不匹配
002443.SZ,2014-06-20,0.1781,0.21669627453356158,因子数值不匹配
002443.SZ,2021-07-08,0.0547,0.7124430479567397,因子数值不匹配
002444.SZ,2011-04-26,0.5122,1.0500500000000001,因子数值不匹配
002444.SZ,2013-09-13,0.4997,0.9986705366906509,因子数值不匹配
002445.SZ,2011-08-16,0.5122,1.0499428430804407,因子数值不匹配
002445.SZ,2015-07-13,0.5002,1.0006922133844096,因子数值不匹配
002445.SZ,2018-07-16,0.4147,0.7085020444338309,因子数值不匹配
002446.SZ,2011-05-31,0.237,0.3105899999999999,因子数值不匹配
002446.SZ,2015-06-10,0.5456,1.2005211299043836,因子数值不匹配
002446.SZ,2017-06-09,0.4133,0.7045057741375834,因子数值不匹配
002448.SZ,2013-07-22,0.5055,1.0222221349623872,因子数值不匹配
002448.SZ,2015-06-04,0.6015,1.5092419709527838,因子数值不匹配
002449.SZ,2012-05-21,0.5072,1.0292060712896134,因子数值不匹配
002449.SZ,2018-05-11,0.2451,0.3246752231008079,因子数值不匹配
002451.SZ,2012-06-15,0.3336,0.5006489999999999,因子数值不匹配
002451.SZ,2014-04-24,0.4996,0.9984251354977761,因子数值不匹配
002452.SZ,2012-05-23,0.2378,0.31206298666969334,因子数值不匹配
002452.SZ,2014-04-25,0.503,1.0120630563770552,因子数值不匹配
002452.SZ,2015-04-30,0.5023,1.0091911907807842,因子数值不匹配
002453.SZ,2012-09-25,0.5,0.9999990141537943,因子数值不匹配
002453.SZ,2014-04-21,0.5016,1.0065251123861296,因子数值不匹配
002454.SZ,2011-06-03,0.247,0.32808100000000007,因子数值不匹配
002454.SZ,2014-06-09,0.2459,0.32602997863704475,因子数值不匹配
002454.SZ,2018-05-28,0.3398,0.5146830242393388,因子数值不匹配
002455.SZ,2011-05-26,0.3406,0.5166390000000001,因子数值不匹配
002455.SZ,2014-05-27,0.4523,0.8258703924869409,因子数值不匹配
002455.SZ,2015-05-12,0.506,1.024168959487495,因子数值不匹配
002456.SZ,2011-04-29,0.5015,1.006068,因子数值不匹配
002456.SZ,2013-04-16,0.5012,1.004928546789042,因子数值不匹配
002456.SZ,2014-04-22,0.502,1.0081023902647996,因子数值不匹配
002456.SZ,2017-06-12,0.601,1.5059668131581743,因子数值不匹配
002457.SZ,2011-05-17,0.3816,0.617143,因子数值不匹配
002457.SZ,2012-05-11,0.3375,0.509433612240847,因子数值不匹配
002458.SZ,2011-05-24,0.2378,0.311971,因子数值不匹配
002458.SZ,2012-05-04,0.5151,1.0622666202225506,因子数值不匹配
002458.SZ,2019-04-09,0.4146,0.7083511664918464,因子数值不匹配
002458.SZ,2020-03-19,0.4302,0.7550572163031635,因子数值不匹配
002459.SZ,2011-05-24,0.2448,0.3241130000000001,因子数值不匹配
002459.SZ,2022-06-17,0.2868,0.4021387774393526,因子数值不匹配
002459.SZ,2023-04-25,0.2889,0.4063663094342214,因子数值不匹配
002460.SZ,2011-05-27,0.3397,0.5143770000000001,因子数值不匹配
002460.SZ,2014-07-04,0.5019,1.007700632241253,因子数值不匹配
002460.SZ,2016-06-24,0.501,1.0041968820029985,因子数值不匹配
002460.SZ,2018-05-29,0.3372,0.5088523366790767,因子数值不匹配
002460.SZ,2022-07-04,0.2871,0.4026449998706867,因子数值不匹配
002461.SZ,2018-05-14,0.5042,1.0171238673311134,因子数值不匹配
002462.SZ,2011-07-04,0.3408,0.516883,因子数值不匹配
002463.SZ,2011-05-20,0.1781,0.21666699999999994,因子数值不匹配
002463.SZ,2012-04-10,0.2952,0.41878591266139376,因子数值不匹配
002463.SZ,2013-04-24,0.2,0.2500002896552525,因子数值不匹配
002463.SZ,2014-06-27,0.1895,0.23376610135243475,因子数值不匹配
002463.SZ,2021-07-16,0.1029,0.11469273680457545,因子数值不匹配
002465.SZ,2013-09-30,0.5,0.9999990518370186,因子数值不匹配
002465.SZ,2014-04-30,0.337,0.5082743852226833,因子数值不匹配
002465.SZ,2015-09-25,0.4998,0.9992472516094291,因子数值不匹配
002466.SZ,2011-05-24,0.3348,0.50339,因子数值不匹配
002466.SZ,2016-05-27,0.7373,2.806329017643071,因子数值不匹配
002466.SZ,2017-12-26,0.1048,0.11702524460454188,因子数值不匹配
002466.SZ,2019-12-26,0.1586,0.007083804305641518,因子数值不匹配
002467.SZ,2012-06-01,0.5072,1.0293894944963622,因子数值不匹配
002467.SZ,2014-05-30,0.5086,1.0349339004994589,因子数值不匹配
002467.SZ,2015-05-06,0.3381,0.5107035213200812,因子数值不匹配
002467.SZ,2019-05-15,0.4167,0.7144828621716017,因子数值不匹配
002468.SZ,2011-04-07,0.1772,0.2153210000000001,因子数值不匹配
002468.SZ,2012-04-24,0.1874,0.23067650439678072,因子数值不匹配
002468.SZ,2013-05-10,0.1663,0.19942607545663563,因子数值不匹配
002468.SZ,2014-06-04,0.1674,0.20109401530261295,因子数值不匹配
002469.SZ,2011-04-29,0.4148,0.7088380000000001,因子数值不匹配
002469.SZ,2012-03-29,0.3355,0.5048448126738754,因子数值不匹配
002469.SZ,2013-04-03,0.3362,0.5064933953870371,因子数值不匹配
002469.SZ,2014-04-16,0.2356,0.308159624078666,因子数值不匹配
002469.SZ,2016-04-27,0.3402,0.5156904318923601,因子数值不匹配
002470.SZ,2015-05-22,0.5013,1.0051646610921119,因子数值不匹配
002470.SZ,2016-05-12,0.5031,1.0126417854952654,因子数值不匹配
002471.SZ,2011-05-06,0.2415,0.3183480000000001,因子数值不匹配
002471.SZ,2013-06-18,0.5068,1.0277780901972515,因子数值不匹配
002471.SZ,2015-10-20,0.6003,1.5019655785908854,因子数值不匹配
002472.SZ,2011-05-31,0.4491,0.815353,因子数值不匹配
002472.SZ,2012-05-16,0.2478,0.3293767107554289,因子数值不匹配
002472.SZ,2016-09-26,0.5,1.0,因子数值不匹配
002474.SZ,2012-04-24,0.5043,1.0172407678850064,因子数值不匹配
002474.SZ,2013-04-19,0.3401,0.5152748844372953,因子数值不匹配
002474.SZ,2014-05-08,0.502,1.0079616782399163,因子数值不匹配
002475.SZ,2011-05-26,0.3375,0.509422,因子数值不匹配
002475.SZ,2012-06-08,0.2897,0.4078839449802638,因子数值不匹配
002475.SZ,2013-06-21,0.3355,0.5048819085865031,因子数值不匹配
002475.SZ,2014-05-21,0.2871,0.4026343248975691,因子数值不匹配
002475.SZ,2015-06-19,0.3344,0.502407237317306,因子数值不匹配
002475.SZ,2016-06-13,0.3354,0.5046058482996199,因子数值不匹配
002475.SZ,2017-07-06,0.3352,0.5041494874667243,因子数值不匹配
002475.SZ,2018-07-17,0.2325,0.3028692169914359,因子数值不匹配
002475.SZ,2019-07-05,0.2324,0.3027524547064494,因子数值不匹配
002475.SZ,2020-06-17,0.2325,0.30292280721665166,因子数值不匹配
002476.SZ,2011-05-26,0.3362,0.5064059999999999,因子数值不匹配
002476.SZ,2012-06-04,0.5014,1.005730858745916,因子数值不匹配
002476.SZ,2013-05-27,0.4138,0.7058112922790255,因子数值不匹配
002478.SZ,2017-04-26,0.5335,1.1434719860511309,因子数值不匹配
002479.SZ,2011-03-09,0.5053,1.021277,因子数值不匹配
002479.SZ,2013-03-28,0.4225,0.731556982933003,因子数值不匹配
002480.SZ,2011-05-13,0.5024,1.0097239999999998,因子数值不匹配
002480.SZ,2014-05-15,0.4996,0.9984453151723439,因子数值不匹配
002481.SZ,2011-03-02,0.5024,1.0097969999999998,因子数值不匹配
002481.SZ,2012-05-11,0.4454,0.8030517509977377,因子数值不匹配
002481.SZ,2013-07-04,0.5005,1.0018381419561073,因子数值不匹配
002481.SZ,2015-10-27,0.6001,1.500720391945945,因子数值不匹配
002482.SZ,2011-05-20,0.5014,1.0057010000000002,因子数值不匹配
002482.SZ,2012-06-05,0.3773,0.6059292985345271,因子数值不匹配
002482.SZ,2016-06-27,0.6023,1.514550221998319,因子数值不匹配
002483.SZ,2011-04-29,0.4443,0.7995080000000001,因子数值不匹配
002483.SZ,2017-05-24,0.3811,0.6157271484306316,因子数值不匹配
002484.SZ,2012-05-23,0.231,0.3003802618399711,因子数值不匹配
002484.SZ,2014-05-21,0.3792,0.6108341318078536,因子数值不匹配
002484.SZ,2016-05-11,0.3781,0.6080737444373807,因子数值不匹配
002484.SZ,2017-05-16,0.2372,0.31088066204521736,因子数值不匹配
002485.SZ,2012-05-16,0.3902,0.6398063013602279,因子数值不匹配
002485.SZ,2018-06-12,0.4117,0.6997192248022701,因子数值不匹配
002486.SZ,2013-04-11,0.5042,1.0171155460198409,因子数值不匹配
002486.SZ,2014-04-23,0.5044,1.0179025352058224,因子数值不匹配
002487.SZ,2012-05-16,0.3373,0.508967,因子数值不匹配
002487.SZ,2013-04-17,0.5015,1.0058364430766213,因子数值不匹配
002487.SZ,2015-04-08,0.3335,0.5004335248673031,因子数值不匹配
002488.SZ,2011-04-06,0.3416,0.5189090000000001,因子数值不匹配
002488.SZ,2015-05-20,0.6009,1.505428457394477,因子数值不匹配
002488.SZ,2018-10-12,0.3425,0.5209236131696646,因子数值不匹配
002489.SZ,2012-05-04,0.5167,1.0689917737439663,因子数值不匹配
002489.SZ,2015-05-21,0.2386,0.3133456797168286,因子数值不匹配
002489.SZ,2015-09-24,0.7179,2.5444443639839527,因子数值不匹配
002490.SZ,2012-07-20,0.5031,1.0123447133477956,因子数值不匹配
002491.SZ,2014-05-27,0.2411,0.3176579002517678,因子数值不匹配
002491.SZ,2015-05-20,0.6671,2.0038141800057665,因子数值不匹配
002492.SZ,2014-04-02,0.5008,1.0032689936965504,因子数值不匹配
002492.SZ,2017-04-28,0.3364,0.5068835509800831,因子数值不匹配
002493.SZ,2011-04-15,0.5052,1.0210910000000002,因子数值不匹配
002493.SZ,2015-09-25,0.4997,0.9986106725904541,因子数值不匹配
002493.SZ,2017-05-18,0.3393,0.5135721946972027,因子数值不匹配
002493.SZ,2018-05-08,0.3385,0.5117417738579867,因子数值不匹配
002493.SZ,2021-06-01,0.3371,0.5085616122971668,因子数值不匹配
002494.SZ,2014-05-22,0.2359,0.3087866605205166,因子数值不匹配
002494.SZ,2015-04-09,0.5,0.9999992569514052,因子数值不匹配
002495.SZ,2011-05-27,0.4489,0.8147009999999999,因子数值不匹配
002495.SZ,2012-06-28,0.3504,0.5394530559028733,因子数值不匹配
002495.SZ,2015-03-10,0.5818,1.3913041815670648,因子数值不匹配
002495.SZ,2016-09-26,0.2857,0.40000014518381727,因子数值不匹配
002496.SZ,2011-05-19,0.3854,0.627173,因子数值不匹配
002496.SZ,2013-05-16,0.3425,0.5208192302334617,因子数值不匹配
002496.SZ,2014-04-30,0.2375,0.3114614676945698,因子数值不匹配
002496.SZ,2015-03-24,0.1051,0.11747852582766813,因子数值不匹配
002496.SZ,2016-05-31,0.738,2.816922967645701,因子数值不匹配
002497.SZ,2011-04-27,0.5036,1.0147059999999999,因子数值不匹配
002497.SZ,2012-10-17,0.3333,0.5000002433562527,因子数值不匹配
002497.SZ,2015-05-08,0.5029,1.0118201325794307,因子数值不匹配
002498.SZ,2011-06-16,0.3381,0.51075,因子数值不匹配
002498.SZ,2013-06-18,0.3429,0.5218613252760994,因子数值不匹配
002498.SZ,2015-10-16,0.6818,2.1426576885941397,因子数值不匹配
002501.SZ,2011-05-03,0.5029,1.011793,因子数值不匹配
002501.SZ,2013-04-15,0.4498,0.8174722968563182,因子数值不匹配
002501.SZ,2015-04-09,0.5023,1.0091275149810854,因子数值不匹配
002506.SZ,2011-04-18,0.504,1.0161159999999998,因子数值不匹配
002506.SZ,2012-07-06,0.3807,0.6148455743617929,因子数值不匹配
002506.SZ,2015-08-12,0.3613,0.5655739014090908,因子数值不匹配
002507.SZ,2014-07-10,0.2358,0.3086105881983267,因子数值不匹配
002507.SZ,2015-07-03,0.3768,0.6045694136411527,因子数值不匹配
002507.SZ,2016-05-11,0.3824,0.6191805744567677,因子数值不匹配
002507.SZ,2017-05-26,0.3376,0.5096066944809854,因子数值不匹配
002507.SZ,2023-06-16,0.2425,0.3200636583519263,因子数值不匹配
002508.SZ,2011-05-13,0.3813,0.616242,因子数值不匹配
002508.SZ,2014-05-16,0.2105,0.26662244233419663,因子数值不匹配
002508.SZ,2015-05-14,0.3392,0.5132931123378717,因子数值不匹配
002508.SZ,2016-06-02,0.3411,0.5177514549777086,因子数值不匹配
002508.SZ,2017-05-10,0.238,0.3123166172231645,因子数值不匹配
002510.SZ,2014-05-08,0.506,1.0242588589869956,因子数值不匹配
002510.SZ,2016-04-29,0.5033,1.0131772662934095,因子数值不匹配
002511.SZ,2012-06-19,0.2376,0.3116730000000001,因子数值不匹配
002511.SZ,2013-06-27,0.3388,0.5124897745093479,因子数值不匹配
002511.SZ,2014-06-05,0.2305,0.29950471094192627,因子数值不匹配
002511.SZ,2015-06-05,0.1674,0.2009874026260659,因子数值不匹配
002511.SZ,2017-06-01,0.3369,0.5080574195586217,因子数值不匹配
002511.SZ,2018-05-17,0.4155,0.7107527177875692,因子数值不匹配
002512.SZ,2011-06-29,0.4501,0.8184800000000001,因子数值不匹配
002512.SZ,2012-06-14,0.3377,0.509947318639743,因子数值不匹配
002512.SZ,2015-09-22,0.6001,1.5007143007282169,因子数值不匹配
002513.SZ,2011-09-30,0.449,0.814905,因子数值不匹配
002513.SZ,2012-04-27,0.3822,0.6185750769324014,因子数值不匹配
002514.SZ,2012-06-11,0.375,0.6000000000000002,因子数值不匹配
002514.SZ,2014-04-28,0.5044,1.0178735924212867,因子数值不匹配
002514.SZ,2016-05-27,0.4998,0.999172822972711,因子数值不匹配
002515.SZ,2011-05-12,0.2348,0.3069170000000001,因子数值不匹配
002515.SZ,2012-05-09,0.3376,0.5096092559818258,因子数值不匹配
002515.SZ,2015-05-22,0.5006,1.0022280014946972,因子数值不匹配
002515.SZ,2016-04-14,0.4135,0.7049008585445626,因子数值不匹配
002515.SZ,2017-05-22,0.3749,0.5997720161757432,因子数值不匹配
002516.SZ,2011-06-08,0.2048,0.257598,因子数值不匹配
002516.SZ,2015-05-15,0.6009,1.5057405061437572,因子数值不匹配
002516.SZ,2016-05-27,0.5021,1.008389082235662,因子数值不匹配
002517.SZ,2012-05-29,0.5048,1.0192897834532537,因子数值不匹配
002517.SZ,2017-09-27,0.5012,1.0049364850280231,因子数值不匹配
002517.SZ,2018-06-13,0.339,0.5129652600490685,因子数值不匹配
002518.SZ,2012-05-14,0.4522,0.8256113498208028,因子数值不匹配
002518.SZ,2014-04-10,0.2883,0.40513936629295305,因子数值不匹配
002518.SZ,2016-04-28,0.338,0.5106203020340232,因子数值不匹配
002518.SZ,2017-04-27,0.2396,0.31502678615327956,因子数值不匹配
002519.SZ,2011-04-29,0.5057,1.0230700000000001,因子数值不匹配
002519.SZ,2013-04-24,0.3557,0.5520082840031783,因子数值不匹配
002519.SZ,2015-05-14,0.5051,1.020733608053386,因子数值不匹配
002519.SZ,2017-05-26,0.4175,0.7167431551755965,因子数值不匹配
002520.SZ,2011-05-03,0.3472,0.5318339999999999,因子数值不匹配
002520.SZ,2012-05-15,0.357,0.5553108234965407,因子数值不匹配
002520.SZ,2013-05-14,0.3703,0.58803984758726,因子数值不匹配
002520.SZ,2015-05-21,0.3348,0.5033725653963161,因子数值不匹配
002520.SZ,2016-06-08,0.3352,0.5041075323072486,因子数值不匹配
002521.SZ,2011-05-09,0.2883,0.4051720000000001,因子数值不匹配
002521.SZ,2013-04-17,0.5098,1.04000064110292,因子数值不匹配
002522.SZ,2011-05-11,0.3782,0.608333,因子数值不匹配
002522.SZ,2014-01-20,0.1321,0.15219080450256103,因子数值不匹配
002522.SZ,2014-05-22,0.5109,1.0445101785901292,因子数值不匹配
002522.SZ,2015-05-06,0.5008,1.0033219681194987,因子数值不匹配
002523.SZ,2012-05-21,0.3809,0.6152672345330351,因子数值不匹配
002523.SZ,2013-05-13,0.2368,0.31019490594943455,因子数值不匹配
002523.SZ,2015-04-20,0.2343,0.3060241243115947,因子数值不匹配
002523.SZ,2016-05-11,0.3379,0.5103579558180289,因子数值不匹配
002523.SZ,2017-05-11,0.1695,0.20408160867243716,因子数值不匹配
002523.SZ,2018-05-11,0.2912,0.4107579323712496,因子数值不匹配
002524.SZ,2011-04-27,0.5008,1.0031409999999998,因子数值不匹配
002524.SZ,2012-05-15,0.1685,0.20266671192891564,因子数值不匹配
002524.SZ,2013-05-28,0.4747,0.9036142377831493,因子数值不匹配
002526.SZ,2012-05-22,0.5007,1.0027167067586726,因子数值不匹配
002526.SZ,2018-05-28,0.4123,0.7016126285923895,因子数值不匹配
002526.SZ,2018-09-20,0.4124,0.7017544912970176,因子数值不匹配
002527.SZ,2013-07-11,0.4179,0.7180477025040576,因子数值不匹配
002527.SZ,2015-06-12,0.3358,0.5055699481865286,因子数值不匹配
002528.SZ,2011-07-05,0.3802,0.613505,因子数值不匹配
002528.SZ,2012-07-13,0.3426,0.5211418619712985,因子数值不匹配
002528.SZ,2014-05-28,0.2396,0.3151753397234601,因子数值不匹配
002528.SZ,2015-06-19,0.336,0.5061079755972528,因子数值不匹配
002528.SZ,2016-05-23,0.2304,0.2993867190619184,因子数值不匹配
002529.SZ,2015-04-21,0.1999,0.24979915969378,因子数值不匹配
002530.SZ,2012-03-30,0.5039,1.015563818170689,因子数值不匹配
002530.SZ,2018-06-08,0.3765,0.6039676098999467,因子数值不匹配
002531.SZ,2013-05-20,0.5072,1.0291535796124118,因子数值不匹配
002531.SZ,2015-05-26,0.5014,1.0056042531428775,因子数值不匹配
002531.SZ,2016-06-15,0.4472,0.8090617757778605,因子数值不匹配
002532.SZ,2011-05-11,0.5013,1.005305,因子数值不匹配
002532.SZ,2014-05-22,0.5026,1.0103309228504118,因子数值不匹配
002532.SZ,2017-06-06,0.3774,0.6062053524297762,因子数值不匹配
002533.SZ,2011-04-25,0.5027,1.010888,因子数值不匹配
002533.SZ,2012-04-09,0.1768,0.21479366329701097,因子数值不匹配
002533.SZ,2014-04-29,0.3849,0.6258659183827314,因子数值不匹配
002534.SZ,2016-05-06,0.3376,0.5097498289217073,因子数值不匹配
002534.SZ,2017-05-25,0.1774,0.21564479545673781,因子数值不匹配
002535.SZ,2011-05-16,0.5018,1.0072770000000002,因子数值不匹配
002535.SZ,2012-06-07,0.2377,0.31179154645821155,因子数值不匹配
002535.SZ,2016-04-29,0.2309,0.30014212070018587,因子数值不匹配
002536.SZ,2016-03-29,0.6677,2.0095324686935014,因子数值不匹配
002536.SZ,2019-06-20,0.3631,0.5702249772400619,因子数值不匹配
002537.SZ,2012-04-06,0.3332,0.49961924315428863,因子数值不匹配
002537.SZ,2015-05-15,0.5007,1.0027563191878626,因子数值不匹配
002537.SZ,2017-05-16,0.5464,1.2045262100792218,因子数值不匹配
002538.SZ,2012-04-05,0.5039,1.0158071096293462,因子数值不匹配
002538.SZ,2015-03-02,0.5023,1.0092503222932427,因子数值不匹配
002539.SZ,2011-09-23,0.4998,0.9993646621526671,因子数值不匹配
002539.SZ,2015-09-21,0.6002,1.500994349119468,因子数值不匹配
002540.SZ,2011-05-09,0.2358,0.30862600000000007,因子数值不匹配
002540.SZ,2013-05-06,0.5062,1.0251260426070499,因子数值不匹配
002540.SZ,2015-04-13,0.6,1.499741205810211,因子数值不匹配
002541.SZ,2012-04-12,0.5062,1.0249480000000002,因子数值不匹配
002541.SZ,2018-06-12,0.3365,0.5071667236299522,因子数值不匹配
002541.SZ,2022-06-15,0.2367,0.31002105585134604,因子数值不匹配
002542.SZ,2011-05-20,0.3355,0.504788,因子数值不匹配
002542.SZ,2012-05-18,0.502,1.0078369843459676,因子数值不匹配
002542.SZ,2014-04-23,0.5032,1.0129698991259337,因子数值不匹配
002542.SZ,2015-06-05,0.5005,1.0021130980179442,因子数值不匹配
002542.SZ,2016-04-29,0.3348,0.5033184318726328,因子数值不匹配
002543.SZ,2013-05-29,0.5066,1.0269010455775054,因子数值不匹配
002543.SZ,2014-06-18,0.1031,0.11489769113451459,因子数值不匹配
002543.SZ,2018-07-12,0.2503,0.33378947269873277,因子数值不匹配
002543.SZ,2019-07-05,0.2547,0.3417233363788552,因子数值不匹配
002544.SZ,2011-06-10,0.5041,1.0165289999999998,因子数值不匹配
002544.SZ,2013-06-06,0.5052,1.0209487443752834,因子数值不匹配
002544.SZ,2014-06-12,0.3365,0.5071596939559428,因子数值不匹配
002545.SZ,2011-09-09,0.3333,0.5,因子数值不匹配
002545.SZ,2015-10-19,0.6853,2.177935555888879,因子数值不匹配
002546.SZ,2011-08-30,0.4999,0.9995370987243074,因子数值不匹配
002546.SZ,2014-04-29,0.3495,0.5373135605751909,因子数值不匹配
002546.SZ,2016-03-24,0.6455,1.8207546911052235,因子数值不匹配
002547.SZ,2012-05-09,0.4997,0.998936,因子数值不匹配
002547.SZ,2015-10-22,0.6668,2.001031201114823,因子数值不匹配
002548.SZ,2012-05-02,0.3445,0.5256292512976087,因子数值不匹配
002548.SZ,2014-09-16,0.5494,1.219355066223199,因子数值不匹配
002548.SZ,2020-06-15,0.2326,0.3031610536559406,因子数值不匹配
002549.SZ,2011-06-16,0.3354,0.504621,因子数值不匹配
002549.SZ,2012-04-06,0.3373,0.5089866484649622,因子数值不匹配
002549.SZ,2013-03-20,0.3386,0.5120238119881805,因子数值不匹配
002549.SZ,2014-05-28,0.3332,0.49959699724350193,因子数值不匹配
002549.SZ,2015-06-03,0.2857,0.4,因子数值不匹配
002549.SZ,2017-07-07,0.1016,0.11303190548385612,因子数值不匹配
002550.SZ,2014-04-18,0.5068,1.027503038863825,因子数值不匹配
002550.SZ,2015-05-26,0.5027,1.0110417480255847,因子数值不匹配
002550.SZ,2016-05-31,0.5042,1.0171150538663236,因子数值不匹配
002551.SZ,2011-06-24,0.3366,0.507468,因子数值不匹配
002551.SZ,2012-06-29,0.339,0.5127551629619997,因子数值不匹配
002551.SZ,2013-07-05,0.3374,0.5091241564090982,因子数值不匹配
002551.SZ,2014-08-20,0.2332,0.30406438910087946,因子数值不匹配
002551.SZ,2015-07-16,0.1692,0.2037037573461829,因子数值不匹配
002551.SZ,2017-07-07,0.338,0.5106187033419767,因子数值不匹配
002552.SZ,2011-06-21,0.3398,0.5147839999999999,因子数值不匹配
002552.SZ,2014-05-29,0.5019,1.0075872806831763,因子数值不匹配
002553.SZ,2014-03-19,0.5082,1.033258677506561,因子数值不匹配
002553.SZ,2015-05-12,0.5034,1.013837903831979,因子数值不匹配
002554.SZ,2011-06-09,0.3382,0.5109680000000001,因子数值不匹配
002554.SZ,2012-05-09,0.3397,0.5144284988166526,因子数值不匹配
002554.SZ,2013-05-16,0.3349,0.5035404738899064,因子数值不匹配
002554.SZ,2016-06-28,0.5073,1.0295422675415058,因子数值不匹配
002555.SZ,2011-06-17,0.5035,1.013909,因子数值不匹配
002555.SZ,2015-05-15,0.63,1.7023499082295415,因子数值不匹配
002555.SZ,2016-06-06,0.5012,1.0049722172089135,因子数值不匹配
002556.SZ,2011-05-23,0.3786,0.609375,因子数值不匹配
002556.SZ,2012-06-08,0.507,1.0284495533980582,因子数值不匹配
002556.SZ,2016-07-01,0.3375,0.5094907756838809,因子数值不匹配
002557.SZ,2011-08-24,0.2462,0.3265309999999999,因子数值不匹配
002557.SZ,2012-05-07,0.2499,0.3331742718413668,因子数值不匹配
002557.SZ,2015-05-28,0.347,0.5313337784724164,因子数值不匹配
002558.SZ,2016-09-22,0.6667,2.0,因子数值不匹配
002558.SZ,2017-06-22,0.1697,0.2043630515988767,因子数值不匹配
002559.SZ,2012-09-18,0.5,1.0000009807181016,因子数值不匹配
002559.SZ,2015-04-21,0.5038,1.0154743509851296,因子数值不匹配
002559.SZ,2019-05-29,0.3515,0.5420874984265971,因子数值不匹配
002560.SZ,2011-05-09,0.2366,0.309947,因子数值不匹配
002560.SZ,2016-05-09,0.6667,2.000701941549811,因子数值不匹配
002562.SZ,2012-04-27,0.5017,1.006897,因子数值不匹配
002562.SZ,2016-07-11,0.4998,0.9992465039121736,因子数值不匹配
002562.SZ,2018-05-29,0.3853,0.6269284937220032,因子数值不匹配
002563.SZ,2015-04-30,0.5085,1.0345787281935845,因子数值不匹配
002563.SZ,2015-09-25,0.5,1.0,因子数值不匹配
002564.SZ,2011-05-18,0.377,0.6051409999999999,因子数值不匹配
002564.SZ,2014-05-23,0.5012,1.004643765588503,因子数值不匹配
002565.SZ,2011-09-16,0.3819,0.6177330000000001,因子数值不匹配
002565.SZ,2012-08-28,0.3816,0.6170214738773331,因子数值不匹配
002565.SZ,2014-06-10,0.5035,1.0140355097752245,因子数值不匹配
002565.SZ,2019-06-03,0.331,0.4948559994676585,因子数值不匹配
002566.SZ,2012-04-18,0.5032,1.013032,因子数值不匹配
002566.SZ,2014-05-22,0.3367,0.5076302810884279,因子数值不匹配
002567.SZ,2012-06-05,0.507,1.028334376956794,因子数值不匹配
002567.SZ,2013-05-22,0.3421,0.5199554905563972,因子数值不匹配
002567.SZ,2017-06-06,0.3401,0.515464046030654,因子数值不匹配
002568.SZ,2012-09-27,0.5096,1.0392674952236514,因子数值不匹配
002568.SZ,2015-09-29,0.5058,1.0233102597220032,因子数值不匹配
002568.SZ,2021-06-08,0.2882,0.4049018521317146,因子数值不匹配
002568.SZ,2022-06-16,0.2939,0.41618279896330784,因子数值不匹配
002569.SZ,2013-05-22,0.338,0.5104750363548229,因子数值不匹配
002570.SZ,2013-05-20,0.3428,0.5215132889768375,因子数值不匹配
002570.SZ,2014-05-14,0.3927,0.6465950635476617,因子数值不匹配
002571.SZ,2012-06-01,0.4998,0.9991829999999999,因子数值不匹配
002571.SZ,2013-03-11,0.5011,1.004341283050459,因子数值不匹配
002572.SZ,2011-08-26,0.5042,1.0169890000000001,因子数值不匹配
002572.SZ,2012-05-14,0.5062,1.0251260666270365,因子数值不匹配
002572.SZ,2013-06-17,0.5057,1.0231326645052448,因子数值不匹配
002572.SZ,2017-04-24,0.5047,1.0188680279515803,因子数值不匹配
002573.SZ,2011-09-19,0.5,1.0,因子数值不匹配
002573.SZ,2013-06-06,0.4483,0.8124226799267544,因子数值不匹配
002573.SZ,2015-05-27,0.5016,1.0066020191826421,因子数值不匹配
002574.SZ,2014-08-28,0.5456,1.2005329058109968,因子数值不匹配
002575.SZ,2013-05-07,0.5014,1.0055947969777377,因子数值不匹配
002575.SZ,2015-03-19,0.5479,1.211751993221616,因子数值不匹配
002576.SZ,2012-05-15,0.2479,0.32960900000000004,因子数值不匹配
002577.SZ,2012-05-09,0.4272,0.7457069999999999,因子数值不匹配
002577.SZ,2013-04-08,0.2516,0.3361520575904206,因子数值不匹配
002578.SZ,2015-05-28,0.6019,1.5121110047996988,因子数值不匹配
002578.SZ,2017-05-23,0.5,1.0,因子数值不匹配
002579.SZ,2012-05-25,0.3775,0.6063691839421348,因子数值不匹配
002579.SZ,2013-05-17,0.3353,0.5045046263563986,因子数值不匹配
002579.SZ,2015-06-26,0.3339,0.5013405142859706,因子数值不匹配
002579.SZ,2021-06-15,0.1687,0.20294109975638627,因子数值不匹配
002580.SZ,2012-05-11,0.2912,0.41080300000000003,因子数值不匹配
002580.SZ,2015-05-04,0.4463,0.8058699012895422,因子数值不匹配
002580.SZ,2017-04-18,0.3768,0.6047429725004049,因子数值不匹配
002581.SZ,2013-05-22,0.2526,0.3378984690105429,因子数值不匹配
002581.SZ,2015-07-10,0.5,1.0,因子数值不匹配
002582.SZ,2012-04-27,0.504,1.016155,因子数值不匹配
002582.SZ,2017-05-26,0.5012,1.0048498966975419,因子数值不匹配
002583.SZ,2014-09-15,0.6,1.5000014851823362,因子数值不匹配
002583.SZ,2015-09-30,0.5455,1.2000000000000002,因子数值不匹配
002584.SZ,2016-04-27,0.601,1.506354420204934,因子数值不匹配
002585.SZ,2012-05-28,0.5154,1.0637349999999999,因子数值不匹配
002585.SZ,2015-06-09,0.2317,0.3015952885820122,因子数值不匹配
002585.SZ,2017-06-28,0.2321,0.3021766391974201,因子数值不匹配
002586.SZ,2012-06-12,0.4758,0.9076919999999999,因子数值不匹配
002586.SZ,2013-05-27,0.3367,0.5075819367067641,因子数值不匹配
002586.SZ,2015-06-05,0.5018,1.0072290339141727,因子数值不匹配
002587.SZ,2012-06-21,0.2465,0.32706100000000005,因子数值不匹配
002587.SZ,2014-06-30,0.5038,1.0155158645774627,因子数值不匹配
002587.SZ,2015-06-17,0.4151,0.7096773598548008,因子数值不匹配
002587.SZ,2017-06-06,0.3397,0.5144031831895071,因子数值不匹配
002588.SZ,2012-05-02,0.2351,0.307385,因子数值不匹配
002588.SZ,2013-05-08,0.2346,0.3064881423605135,因子数值不匹配
002588.SZ,2014-05-09,0.244,0.32272729135527956,因子数值不匹配
002588.SZ,2015-05-04,0.5043,1.0174188962381734,因子数值不匹配
002588.SZ,2016-05-31,0.5039,1.0158994789613278,因子数值不匹配
002589.SZ,2014-07-14,0.5011,1.0045843126113796,因子数值不匹配
002589.SZ,2015-09-23,0.5,1.0000004952066472,因子数值不匹配
002589.SZ,2017-05-15,0.5663,1.3055388446079688,因子数值不匹配
002590.SZ,2012-06-05,0.2366,0.3099590000000001,因子数值不匹配
002590.SZ,2014-05-13,0.4135,0.7051405347918566,因子数值不匹配
002590.SZ,2015-05-29,0.5009,1.003622841364366,因子数值不匹配
002591.SZ,2012-06-18,0.205,0.2579080187976275,因子数值不匹配
002591.SZ,2013-06-18,0.2322,0.30239547206888573,因子数值不匹配
002591.SZ,2014-07-28,0.5036,1.014513399059649,因子数值不匹配
002592.SZ,2012-06-18,0.2431,0.32117299999999993,因子数值不匹配
002592.SZ,2013-06-13,0.4554,0.8360653752385191,因子数值不匹配
002593.SZ,2016-05-17,0.6679,2.0108183646930713,因子数值不匹配
002594.SZ,2025-07-29,0.6706,2.035762016949234,因子数值不匹配
002595.SZ,2014-09-03,0.5,0.9999990633029253,因子数值不匹配
002595.SZ,2015-04-10,0.5042,1.0168619602924558,因子数值不匹配
002596.SZ,2013-06-14,0.3788,0.609756601045315,因子数值不匹配
002596.SZ,2017-04-28,0.6669,2.002295928900893,因子数值不匹配
002597.SZ,2012-05-30,0.3826,0.6195790000000001,因子数值不匹配
002597.SZ,2013-05-31,0.2428,0.3206969218543831,因子数值不匹配
002597.SZ,2015-04-21,0.506,1.0241666008111872,因子数值不匹配
002598.SZ,2012-05-03,0.5109,1.044674,因子数值不匹配
002599.SZ,2017-06-07,0.5003,1.001290412004541,因子数值不匹配
002599.SZ,2019-08-02,0.4085,0.6907024446405363,因子数值不匹配
002600.SZ,2015-04-10,0.5022,1.0090253762033834,因子数值不匹配
002600.SZ,2017-07-17,0.5044,1.0176057985358,因子数值不匹配
002601.SZ,2012-07-23,0.5048,1.0192040000000002,因子数值不匹配
002601.SZ,2016-04-27,0.7163,2.5248959509244338,因子数值不匹配
002602.SZ,2012-06-07,0.3473,0.5320720000000001,因子数值不匹配
002602.SZ,2015-06-18,0.5019,1.0075531181241995,因子数值不匹配
002602.SZ,2018-10-31,0.3769,0.6049381536267034,因子数值不匹配
002602.SZ,2019-06-06,0.3729,0.5947415846300411,因子数值不匹配
002602.SZ,2020-07-13,0.1647,0.19720281878683446,因子数值不匹配
002603.SZ,2012-06-11,0.2331,0.3038909999999999,因子数值不匹配
002603.SZ,2015-05-20,0.501,1.0038183079299745,因子数值不匹配
002603.SZ,2021-07-07,0.3105,0.4503508274190084,因子数值不匹配
002605.SZ,2013-04-12,0.5135,1.0554648457317466,因子数值不匹配
002605.SZ,2014-09-15,0.4998,0.9993952280998802,因子数值不匹配
002606.SZ,2012-05-18,0.5052,1.0209419999999998,因子数值不匹配
002606.SZ,2017-05-12,0.5012,1.004791789693889,因子数值不匹配
002607.SZ,2012-05-29,0.5061,1.024876,因子数值不匹配
002607.SZ,2013-06-19,0.2426,0.32022454708337694,因子数值不匹配
002607.SZ,2014-06-20,0.1717,0.20729692352983656,因子数值不匹配
002607.SZ,2015-05-28,0.231,0.30045336016974344,因子数值不匹配
002607.SZ,2017-06-09,0.4481,0.8119469469326375,因子数值不匹配
002608.SZ,2013-07-15,0.3382,0.5110274239647933,因子数值不匹配
002608.SZ,2014-07-14,0.4152,0.7099887334744495,因子数值不匹配
002609.SZ,2013-06-07,0.3387,0.5121431735383019,因子数值不匹配
002609.SZ,2014-05-29,0.376,0.6026274749927896,因子数值不匹配
002609.SZ,2015-06-24,0.5004,1.0015101635091193,因子数值不匹配
002611.SZ,2012-06-12,0.2365,0.3097019999999999,因子数值不匹配
002611.SZ,2014-04-22,0.5028,1.0113487898727906,因子数值不匹配
002611.SZ,2015-05-26,0.3757,0.6018046705979065,因子数值不匹配
002611.SZ,2018-06-22,0.3774,0.6061590429379303,因子数值不匹配
002612.SZ,2016-05-12,0.5013,1.0053143510978473,因子数值不匹配
002613.SZ,2012-06-06,0.3527,0.5447649999999999,因子数值不匹配
002613.SZ,2014-06-06,0.1733,0.20959110285383212,因子数值不匹配
002613.SZ,2015-05-22,0.3336,0.5005250105162657,因子数值不匹配
002613.SZ,2017-05-10,0.2302,0.2990095516035957,因子数值不匹配
002614.SZ,2012-03-29,0.5063,1.0257230000000002,因子数值不匹配
002614.SZ,2014-05-23,0.3358,0.5056313295208238,因子数值不匹配
002614.SZ,2015-05-28,0.335,0.5037592101461913,因子数值不匹配
002615.SZ,2015-04-30,0.5069,1.0278399105288385,因子数值不匹配
002615.SZ,2016-05-30,0.3346,0.5028903089530639,因子数值不匹配
002615.SZ,2017-06-07,0.3419,0.5194310696153353,因子数值不匹配
002616.SZ,2015-04-30,0.504,1.0159931755221239,因子数值不匹配
002616.SZ,2017-05-19,0.5,1.0,因子数值不匹配
002617.SZ,2013-05-31,0.3379,0.5103086643996738,因子数值不匹配
002617.SZ,2015-09-28,0.5002,1.0007346902362293,因子数值不匹配
002617.SZ,2016-05-27,0.4127,0.7025643076906934,因子数值不匹配
002617.SZ,2018-05-25,0.3347,0.5030674398604792,因子数值不匹配
002620.SZ,2012-07-12,0.3361,0.506294,因子数值不匹配
002620.SZ,2017-07-10,0.6025,1.5156052998296798,因子数值不匹配
002622.SZ,2015-03-23,0.648,1.8410310705466233,因子数值不匹配
002622.SZ,2016-05-19,0.5,0.9999996558944422,因子数值不匹配
002624.SZ,2012-06-01,0.5059,1.023764,因子数值不匹配
002624.SZ,2020-07-21,0.3357,0.5054386054630172,因子数值不匹配
002625.SZ,2012-06-21,0.3376,0.509709,因子数值不匹配
002625.SZ,2014-06-16,0.3369,0.5079552596355872,因子数值不匹配
002625.SZ,2015-03-26,0.4121,0.7009873140584681,因子数值不匹配
002625.SZ,2018-06-06,0.4119,0.7002927351122537,因子数值不匹配
002626.SZ,2012-05-28,0.5084,1.034208,因子数值不匹配
002626.SZ,2014-06-06,0.3842,0.6239920762545331,因子数值不匹配
002626.SZ,2015-06-09,0.5041,1.0164746111092886,因子数值不匹配
002627.SZ,2018-07-05,0.4168,0.714550175150914,因子数值不匹配
002627.SZ,2020-06-19,0.4181,0.7184113409631843,因子数值不匹配
002628.SZ,2012-03-29,0.5022,1.0087510000000002,因子数值不匹配
002628.SZ,2013-09-27,0.4448,0.8011476817387241,因子数值不匹配
002629.SZ,2013-05-10,0.3415,0.5185850136712945,因子数值不匹配
002629.SZ,2014-07-17,0.3763,0.603336699233854,因子数值不匹配
002629.SZ,2015-06-04,0.3342,0.5019486108290541,因子数值不匹配
002630.SZ,2014-04-30,0.4461,0.8055378475013164,因子数值不匹配
002630.SZ,2015-07-08,0.5021,1.0085072391303394,因子数值不匹配
002630.SZ,2018-05-18,0.3763,0.6034482711806604,因子数值不匹配
002631.SZ,2014-04-28,0.5027,1.0108703240444474,因子数值不匹配
002631.SZ,2015-04-28,0.5006,1.002534366560248,因子数值不匹配
002632.SZ,2013-06-20,0.2391,0.3142592004495479,因子数值不匹配
002632.SZ,2015-04-17,0.5006,1.0025205209727002,因子数值不匹配
002632.SZ,2016-05-27,0.5012,1.0047038218505697,因子数值不匹配
002633.SZ,2012-05-25,0.3434,0.523112,因子数值不匹配
002634.SZ,2012-06-15,0.344,0.5242800000000001,因子数值不匹配
002634.SZ,2014-12-31,0.16,0.19047661244382544,因子数值不匹配
002634.SZ,2016-05-12,0.7234,2.6151955823191564,因子数值不匹配
002635.SZ,2013-05-20,0.3364,0.506859631315281,因子数值不匹配
002635.SZ,2015-04-24,0.5027,1.010742358649734,因子数值不匹配
002635.SZ,2017-05-19,0.3374,0.5092339372511515,因子数值不匹配
002636.SZ,2015-05-22,0.6153,1.599441101884541,因子数值不匹配
002637.SZ,2012-04-10,0.5061,1.024746,因子数值不匹配
002637.SZ,2016-05-05,0.5018,1.0072405423979136,因子数值不匹配
002638.SZ,2012-05-29,0.5017,1.006757,因子数值不匹配
002638.SZ,2016-07-04,0.5998,1.4988338733672124,因子数值不匹配
002639.SZ,2015-10-08,0.6667,1.9999999999999996,因子数值不匹配
002640.SZ,2012-07-05,0.5018,1.007183,因子数值不匹配
002640.SZ,2015-09-29,0.6667,2.0003589793681074,因子数值不匹配
002640.SZ,2016-06-14,0.5009,1.0037714764862768,因子数值不匹配
002641.SZ,2013-05-30,0.4488,0.8143664517588283,因子数值不匹配
002641.SZ,2014-05-22,0.1777,0.21611277388905234,因子数值不匹配
002641.SZ,2015-05-29,0.5017,1.006928364932852,因子数值不匹配
002641.SZ,2017-06-09,0.2359,0.3086877352487318,因子数值不匹配
002642.SZ,2012-04-26,0.5049,1.019648,因子数值不匹配
002642.SZ,2013-05-23,0.3429,0.5218780698418733,因子数值不匹配
002642.SZ,2016-06-24,0.3343,0.5022058763858751,因子数值不匹配
002643.SZ,2013-04-26,0.5052,1.0210298031101017,因子数值不匹配
002643.SZ,2017-05-15,0.6037,1.5230466529257216,因子数值不匹配
002644.SZ,2014-05-21,0.5006,1.0025025292482543,因子数值不匹配
002644.SZ,2015-08-14,0.6,1.4999995478807813,因子数值不匹配
002645.SZ,2012-05-14,0.4495,0.8166530000000001,因子数值不匹配
002645.SZ,2014-05-26,0.2349,0.30695644748452533,因子数值不匹配
002645.SZ,2018-06-20,0.414,0.7065816188300459,因子数值不匹配
002645.SZ,2019-06-12,0.2412,0.3179103417186873,因子数值不匹配
002647.SZ,2014-07-18,0.2368,0.3103440135736593,因子数值不匹配
002647.SZ,2017-06-13,0.4117,0.6999145770060516,因子数值不匹配
002647.SZ,2018-06-01,0.3335,0.500285258074658,因子数值不匹配
002647.SZ,2025-03-13,0.1191,0.13523794631467445,因子数值不匹配
002648.SZ,2012-05-17,0.5102,1.0418409999999998,因子数值不匹配
002648.SZ,2014-05-07,0.5067,1.0271745877163185,因子数值不匹配
002648.SZ,2021-06-03,0.2884,0.405364022126293,因子数值不匹配
002648.SZ,2022-06-06,0.2917,0.41176476350842217,因子数值不匹配
002648.SZ,2022-10-13,0.2999,0.42826711428738623,因子数值不匹配
002649.SZ,2012-05-18,0.3434,0.523066,因子数值不匹配
002649.SZ,2017-06-05,0.6684,2.0157549528324537,因子数值不匹配
002650.SZ,2012-05-21,0.1889,0.2328619999999999,因子数值不匹配
002650.SZ,2013-06-18,0.1903,0.2350855164649411,因子数值不匹配
002650.SZ,2014-06-16,0.5159,1.065573425976397,因子数值不匹配
002650.SZ,2015-09-24,0.6,1.4999998417542741,因子数值不匹配
002651.SZ,2015-09-28,0.6001,1.5004815218672896,因子数值不匹配
002652.SZ,2013-05-21,0.3409,0.517118196433052,因子数值不匹配
002652.SZ,2015-04-14,0.5007,1.0027930139689545,因子数值不匹配
002652.SZ,2017-05-11,0.3785,0.6090821642976901,因子数值不匹配
002653.SZ,2013-03-11,0.5095,1.0387648035761408,因子数值不匹配
002653.SZ,2013-09-12,0.2594,0.3502048891714215,因子数值不匹配
002654.SZ,2013-04-24,0.5029,1.0118057836926349,因子数值不匹配
002654.SZ,2016-03-01,0.6672,2.00437373355268,因子数值不匹配
002655.SZ,2013-06-06,0.5021,1.0084469853994495,因子数值不匹配
002655.SZ,2014-06-10,0.3342,0.5018494420985785,因子数值不匹配
002656.SZ,2013-05-16,0.5047,1.0188380000000001,因子数值不匹配
002656.SZ,2016-05-26,0.3782,0.6083592189387321,因子数值不匹配
002656.SZ,2018-05-31,0.3758,0.6020407762205733,因子数值不匹配
002657.SZ,2013-06-14,0.3365,0.5071460000000001,因子数值不匹配
002657.SZ,2014-09-22,0.1667,0.20009530427876493,因子数值不匹配
002657.SZ,2015-03-20,0.5003,1.0010605067931997,因子数值不匹配
002658.SZ,2013-07-04,0.5022,1.0090201822108582,因子数值不匹配
002658.SZ,2015-04-17,0.5466,1.2054383354881624,因子数值不匹配
002659.SZ,2013-06-18,0.5037,1.01484239634997,因子数值不匹配
002660.SZ,2013-06-18,0.5019,1.007646334510555,因子数值不匹配
002660.SZ,2014-06-11,0.2328,0.3034332675475682,因子数值不匹配
002661.SZ,2016-04-28,0.6696,2.0267301095955226,因子数值不匹配
002662.SZ,2012-09-21,0.5103,1.041935,因子数值不匹配
002662.SZ,2017-04-19,0.5094,1.0382879595056396,因子数值不匹配
002663.SZ,2012-09-07,0.3758,0.6021019999999999,因子数值不匹配
002663.SZ,2013-05-30,0.5019,1.0074545815434972,因子数值不匹配
002663.SZ,2015-06-01,0.6,1.4999999999999996,因子数值不匹配
002664.SZ,2014-09-01,0.3334,0.5001456328831179,因子数值不匹配
002664.SZ,2015-04-23,0.5019,1.0076482638244337,因子数值不匹配
002666.SZ,2013-06-14,0.5084,1.0341178195212801,因子数值不匹配
002666.SZ,2015-07-09,0.5029,1.0116036605912597,因子数值不匹配
002667.SZ,2015-05-29,0.5007,1.002942808401097,因子数值不匹配
002667.SZ,2018-05-02,0.4124,0.7019708468349518,因子数值不匹配
002668.SZ,2017-05-11,0.6443,1.8111752026060859,因子数值不匹配
002668.SZ,2018-07-06,0.4134,0.7048346855038803,因子数值不匹配
002669.SZ,2014-05-19,0.5023,1.0093540834059456,因子数值不匹配
002670.SZ,2017-04-28,0.3756,0.6015091688756933,因子数值不匹配
002670.SZ,2018-06-29,0.232,0.3020633187102765,因子数值不匹配
002671.SZ,2013-09-12,0.5029,1.0115013892767244,因子数值不匹配
002671.SZ,2014-05-20,0.4976,0.9905768074861754,因子数值不匹配
002672.SZ,2013-06-26,0.3385,0.5116289445609971,因子数值不匹配
002672.SZ,2014-06-25,0.3382,0.5111190547245734,因子数值不匹配
002672.SZ,2015-06-26,0.601,1.5065517024356474,因子数值不匹配
002673.SZ,2015-06-12,0.5009,1.0037799503744746,因子数值不匹配
002673.SZ,2017-04-11,0.1258,0.14393028266694763,因子数值不匹配
002675.SZ,2013-07-01,0.3817,0.617343,因子数值不匹配
002675.SZ,2016-08-30,0.6667,2.0005637629312742,因子数值不匹配
002676.SZ,2016-03-11,0.6,1.5002952206942974,因子数值不匹配
002676.SZ,2017-06-07,0.4446,0.8004020681085069,因子数值不匹配
002677.SZ,2015-06-04,0.5045,1.018247792476234,因子数值不匹配
002677.SZ,2016-06-16,0.3837,0.6224863016840526,因子数值不匹配
002678.SZ,2013-07-04,0.5044,1.017804,因子数值不匹配
002678.SZ,2018-07-03,0.2379,0.3121119388565038,因子数值不匹配
002679.SZ,2018-07-18,0.4231,0.7335150236392765,因子数值不匹配
002681.SZ,2014-04-22,0.5027,1.0107168431034816,因子数值不匹配
002681.SZ,2015-06-15,0.4454,0.803171929554385,因子数值不匹配
002681.SZ,2016-05-27,0.5017,1.0067523602568353,因子数值不匹配
002681.SZ,2018-07-04,0.2892,0.4068070935055655,因子数值不匹配
002682.SZ,2013-06-21,0.2467,0.32753999999999994,因子数值不匹配
002682.SZ,2015-07-03,0.1832,0.22423694803029567,因子数值不匹配
002682.SZ,2018-07-06,0.3411,0.5175786724538443,因子数值不匹配
002683.SZ,2015-07-10,0.6034,1.5216767308922097,因子数值不匹配
002685.SZ,2015-04-23,0.643,1.8009680666934473,因子数值不匹配
002686.SZ,2013-05-28,0.3383,0.5112289999999999,因子数值不匹配
002686.SZ,2014-06-27,0.5039,1.0156243693047182,因子数值不匹配
002686.SZ,2015-08-14,0.3359,0.5058225845105332,因子数值不匹配
002687.SZ,2013-04-22,0.5117,1.0477560000000001,因子数值不匹配
002687.SZ,2014-05-09,0.1856,0.2278909205979618,因子数值不匹配
002687.SZ,2015-05-07,0.3447,0.5260869202094638,因子数值不匹配
002687.SZ,2022-06-21,0.3309,0.49460066026931615,因子数值不匹配
002688.SZ,2014-05-13,0.5049,1.0197623506126239,因子数值不匹配
002688.SZ,2016-05-17,0.603,1.5190107307082978,因子数值不匹配
002689.SZ,2013-06-06,0.2585,0.34860899999999995,因子数值不匹配
002689.SZ,2014-05-21,0.2612,0.35357097572387547,因子数值不匹配
002689.SZ,2015-05-29,0.4501,0.818630925838073,因子数值不匹配
002689.SZ,2018-07-10,0.1155,0.13056366682551163,因子数值不匹配
002690.SZ,2013-06-07,0.2378,0.3119590000000001,因子数值不匹配
002690.SZ,2014-05-20,0.2361,0.3091300871444914,因子数值不匹配
002690.SZ,2015-05-22,0.501,1.0039603499221263,因子数值不匹配
002690.SZ,2022-05-13,0.256,0.3440620014977108,因子数值不匹配
002691.SZ,2018-06-11,0.4123,0.7015212855130105,因子数值不匹配
002692.SZ,2013-05-13,0.4558,0.8374999999999999,因子数值不匹配
002692.SZ,2016-05-24,0.5493,1.2187107869694478,因子数值不匹配
002693.SZ,2013-05-16,0.3455,0.5278,因子数值不匹配
002693.SZ,2014-05-22,0.3423,0.520547192040843,因子数值不匹配
002693.SZ,2015-03-10,0.3368,0.5078709754069146,因子数值不匹配
002694.SZ,2013-05-23,0.1932,0.2395259999999999,因子数值不匹配
002694.SZ,2014-06-17,0.5033,1.0132623276962323,因子数值不匹配
002694.SZ,2017-05-19,0.3752,0.6006390425457929,因子数值不匹配
002695.SZ,2016-09-22,0.7505,3.0075147361099774,因子数值不匹配
002696.SZ,2014-06-16,0.5047,1.0189926242044987,因子数值不匹配
002696.SZ,2018-06-12,0.4213,0.7279128026314906,因子数值不匹配
002697.SZ,2013-09-30,0.5027,1.010663070246524,因子数值不匹配
002697.SZ,2014-09-12,0.5017,1.0066223258760183,因子数值不匹配
002697.SZ,2015-09-28,0.4145,0.7078463770403238,因子数值不匹配
002698.SZ,2015-09-24,0.4141,0.7067180087047913,因子数值不匹配
002698.SZ,2019-05-31,0.34,0.5151173195182975,因子数值不匹配
002700.SZ,2013-10-16,0.375,0.5999457888715715,因子数值不匹配
002700.SZ,2014-05-26,0.5016,1.0062789625791022,因子数值不匹配
002700.SZ,2015-04-30,0.4458,0.8044832839250682,因子数值不匹配
002701.SZ,2014-05-15,0.5105,1.0428936338965653,因子数值不匹配
002701.SZ,2015-04-24,0.3849,0.6257306908722045,因子数值不匹配
002701.SZ,2016-05-06,0.591,1.4447823701134792,因子数值不匹配
002702.SZ,2013-04-26,0.504,1.016083,因子数值不匹配
002702.SZ,2015-05-07,0.5013,1.005101972976287,因子数值不匹配
002702.SZ,2017-04-27,0.412,0.7007042063261661,因子数值不匹配
002703.SZ,2017-07-31,0.6014,1.5088813481835306,因子数值不匹配
002705.SZ,2016-05-31,0.2423,0.31986792680976545,因子数值不匹配
002705.SZ,2017-06-09,0.2451,0.32472068999655707,因子数值不匹配
002706.SZ,2015-04-30,0.2356,0.30817483155530584,因子数值不匹配
002706.SZ,2016-05-17,0.5047,1.018853963378512,因子数值不匹配
002706.SZ,2017-04-26,0.5078,1.0318979072085042,因子数值不匹配
002706.SZ,2018-04-25,0.349,0.5360230233454149,因子数值不匹配
002706.SZ,2021-04-27,0.2372,0.31096283347520737,因子数值不匹配
002707.SZ,2015-05-14,0.667,2.002957065680978,因子数值不匹配
002707.SZ,2015-09-29,0.4999,0.9997511627080276,因子数值不匹配
002707.SZ,2016-04-22,0.5006,1.0023753793870298,因子数值不匹配
002708.SZ,2014-04-29,0.2891,0.406671,因子数值不匹配
002708.SZ,2015-10-09,0.5456,1.2005845506761343,因子数值不匹配
002709.SZ,2016-05-13,0.6005,1.5030652930237545,因子数值不匹配
002709.SZ,2019-07-03,0.3773,0.6057987359836262,因子数值不匹配
002709.SZ,2021-04-27,0.4129,0.703221430033048,因子数值不匹配
002709.SZ,2022-05-16,0.5032,1.0128004635893944,因子数值不匹配
002712.SZ,2016-06-17,0.6671,2.0036826970748636,因子数值不匹配
002712.SZ,2018-09-27,0.4117,0.6998928377849131,因子数值不匹配
002713.SZ,2015-05-21,0.5033,1.0133742392939582,因子数值不匹配
002713.SZ,2019-06-21,0.4039,0.6776197486077821,因子数值不匹配
002713.SZ,2025-12-30,0.26,0.35135117141468536,因子数值不匹配
002714.SZ,2015-06-10,0.5003,1.001239259666673,因子数值不匹配
002714.SZ,2016-07-08,0.5033,1.0133982796288896,因子数值不匹配
002714.SZ,2018-07-03,0.4531,0.8284412399015426,因子数值不匹配
002714.SZ,2020-06-04,0.4144,0.7076945376155361,因子数值不匹配
002714.SZ,2021-06-03,0.297,0.4223954479681421,因子数值不匹配
002715.SZ,2020-09-25,0.3332,0.49972583729290754,因子数值不匹配
002716.SZ,2015-06-25,0.547,1.2076423972411294,因子数值不匹配
002716.SZ,2018-07-24,0.4151,0.709644628206547,因子数值不匹配
002717.SZ,2014-08-26,0.4737,0.900155,因子数值不匹配
002717.SZ,2015-04-09,0.5011,1.004321752699122,因子数值不匹配
002717.SZ,2018-04-24,0.5678,1.3135044861095988,因子数值不匹配
002717.SZ,2019-05-30,0.3398,0.5147347561089144,因子数值不匹配
002718.SZ,2015-05-29,0.3776,0.6068051297980213,因子数值不匹配
002718.SZ,2019-06-11,0.3405,0.5162717866969183,因子数值不匹配
002719.SZ,2018-07-06,0.3764,0.6036517062590067,因子数值不匹配
002721.SZ,2015-09-30,0.6667,1.9999990063622628,因子数值不匹配
002723.SZ,2015-06-26,0.5021,1.0084080059139304,因子数值不匹配
002723.SZ,2021-06-28,0.2862,0.40100067527231065,因子数值不匹配
002724.SZ,2017-06-20,0.3352,0.5043229299825612,因子数值不匹配
002724.SZ,2018-06-26,0.1788,0.21778601314528642,因子数值不匹配
002725.SZ,2015-05-08,0.3815,0.6167229878146899,因子数值不匹配
002725.SZ,2018-05-09,0.3751,0.6001898127016535,因子数值不匹配
002726.SZ,2015-04-27,0.5024,1.0094979999999998,因子数值不匹配
002726.SZ,2017-08-25,0.4116,0.6996402842363553,因子数值不匹配
002726.SZ,2019-10-11,0.2313,0.30084753751899,因子数值不匹配
002727.SZ,2016-04-13,0.505,1.0200732856256727,因子数值不匹配
002728.SZ,2015-07-03,0.5015,1.005948,因子数值不匹配
002728.SZ,2023-05-26,0.3035,0.4356985997498903,因子数值不匹配
002728.SZ,2024-04-24,0.311,0.45138172795922143,因子数值不匹配
002729.SZ,2021-10-13,0.2857,0.399954435083802,因子数值不匹配
002729.SZ,2022-06-08,0.2861,0.4007638078236408,因子数值不匹配
002729.SZ,2022-09-29,0.2857,0.3998892542414822,因子数值不匹配
002730.SZ,2016-04-20,0.5464,1.2047943293521821,因子数值不匹配
002731.SZ,2019-07-08,0.413,0.7034796227706072,因子数值不匹配
002733.SZ,2015-05-12,0.3366,0.507468,因子数值不匹配
002733.SZ,2015-09-15,0.3332,0.499597338052947,因子数值不匹配
002734.SZ,2015-05-04,0.2376,0.311709,因子数值不匹配
002734.SZ,2018-06-12,0.4237,0.7352944024827859,因子数值不匹配
002734.SZ,2020-05-26,0.2451,0.32465420470010425,因子数值不匹配
002735.SZ,2019-06-10,0.4176,0.7171003942137075,因子数值不匹配
002735.SZ,2021-07-15,0.2893,0.4070900674318599,因子数值不匹配
002735.SZ,2023-05-16,0.2881,0.4047442334219595,因子数值不匹配
002737.SZ,2015-06-11,0.5013,1.00508,因子数值不匹配
002737.SZ,2018-04-18,0.5124,1.0507617074441518,因子数值不匹配
002738.SZ,2016-06-20,0.3355,0.5048953892738998,因子数值不匹配
002738.SZ,2022-06-01,0.2864,0.4013930805459541,因子数值不匹配
002738.SZ,2023-05-31,0.2952,0.41883746534919064,因子数值不匹配
002739.SZ,2015-09-28,0.5,1.0000009967337038,因子数值不匹配
002739.SZ,2018-08-08,0.3359,0.5057873941842249,因子数值不匹配
002741.SZ,2015-11-02,0.6679,2.011249,因子数值不匹配
002742.SZ,2015-05-20,0.3355,0.504963,因子数值不匹配
002742.SZ,2016-05-24,0.3385,0.5116384921091084,因子数值不匹配
002742.SZ,2017-09-08,0.4999,0.9994718991782087,因子数值不匹配
002743.SZ,2016-05-12,0.5011,1.0042379991609902,因子数值不匹配
002745.SZ,2018-04-11,0.5029,1.0115374036454763,因子数值不匹配
002746.SZ,2018-05-24,0.4209,0.7269043390706634,因子数值不匹配
002746.SZ,2019-05-28,0.3449,0.5265928173368218,因子数值不匹配
002746.SZ,2021-06-09,0.3519,0.5430183898759079,因子数值不匹配
002747.SZ,2016-05-25,0.5036,1.0145870758507964,因子数值不匹配
002747.SZ,2017-06-07,0.6685,2.016579777937801,因子数值不匹配
002748.SZ,2016-05-27,0.5013,1.0052529349368435,因子数值不匹配
002749.SZ,2018-05-02,0.4286,0.7501880462744271,因子数值不匹配
002749.SZ,2018-10-09,0.4116,0.6996573627785739,因子数值不匹配
002749.SZ,2019-05-28,0.4187,0.720136468070056,因子数值不匹配
002749.SZ,2020-05-29,0.1513,0.17821773081716802,因子数值不匹配
002752.SZ,2016-05-24,0.3361,0.506329,因子数值不匹配
002752.SZ,2017-06-09,0.233,0.3036979305317762,因子数值不匹配
002753.SZ,2016-04-22,0.3365,0.507126,因子数值不匹配
002753.SZ,2017-06-13,0.3356,0.5050188239072249,因子数值不匹配
002753.SZ,2018-06-05,0.3384,0.5114896795022423,因子数值不匹配
002755.SZ,2018-05-31,0.4129,0.7032706645444646,因子数值不匹配
002756.SZ,2016-06-20,0.4469,0.8078780000000001,因子数值不匹配
002756.SZ,2023-04-21,0.2721,0.3738745868796996,因子数值不匹配
002757.SZ,2019-06-18,0.3446,0.5257994196794336,因子数值不匹配
002757.SZ,2020-06-23,0.3411,0.5176334739410482,因子数值不匹配
002758.SZ,2016-06-08,0.6014,1.509051,因子数值不匹配
002758.SZ,2017-05-12,0.3364,0.5069358893063552,因子数值不匹配
002759.SZ,2016-06-17,0.6014,1.5090151168208679,因子数值不匹配
002761.SZ,2018-06-20,0.4123,0.70165195357038,因子数值不匹配
002761.SZ,2019-04-30,0.4124,0.7016976281083186,因子数值不匹配
002762.SZ,2015-08-11,0.4296,0.7530680000000001,因子数值不匹配
002762.SZ,2016-07-14,0.4132,0.7040251718701156,因子数值不匹配
002762.SZ,2018-06-20,0.4349,0.7695360303253209,因子数值不匹配
002763.SZ,2017-09-22,0.4445,0.8003327526932356,因子数值不匹配
002765.SZ,2017-05-12,0.5017,1.006923625274747,因子数值不匹配
002766.SZ,2017-07-13,0.5015,1.006046107176549,因子数值不匹配
002767.SZ,2016-05-31,0.3347,0.503026,因子数值不匹配
002768.SZ,2016-03-30,0.6674,2.006348,因子数值不匹配
002769.SZ,2015-09-25,0.4999,0.999795,因子数值不匹配
002769.SZ,2016-07-11,0.6008,1.505311294407677,因子数值不匹配
002771.SZ,2017-06-16,0.5026,1.0103987551796907,因子数值不匹配
002771.SZ,2019-06-11,0.2349,0.30708669555271634,因子数值不匹配
002772.SZ,2016-04-15,0.5135,1.0553750000000002,因子数值不匹配
002773.SZ,2016-06-08,0.3352,0.5041100000000001,因子数值不匹配
002773.SZ,2019-06-06,0.2353,0.307779284645748,因子数值不匹配
002775.SZ,2016-07-07,0.5021,1.0083440000000001,因子数值不匹配
002775.SZ,2018-07-09,0.3798,0.6125001607105796,因子数值不匹配
002777.SZ,2017-09-21,0.5,1.0,因子数值不匹配
002777.SZ,2019-06-04,0.237,0.31059640848511794,因子数值不匹配
002777.SZ,2020-06-16,0.2894,0.40720532501225454,因子数值不匹配
002777.SZ,2022-05-26,0.24,0.31574797680927,因子数值不匹配
002778.SZ,2021-06-04,0.2884,0.4053282099025323,因子数值不匹配
002779.SZ,2016-07-01,0.3345,0.502721,因子数值不匹配
002779.SZ,2025-06-11,0.2866,0.4016568665814028,因子数值不匹配
002780.SZ,2017-05-16,0.3342,0.50196366716341,因子数值不匹配
002780.SZ,2019-05-22,0.2312,0.30081370016784725,因子数值不匹配
002782.SZ,2016-06-08,0.6005,1.502881,因子数值不匹配
002783.SZ,2017-05-26,0.6047,1.5299850582053531,因子数值不匹配
002783.SZ,2018-05-29,0.3821,0.6184917822907668,因子数值不匹配
002786.SZ,2016-05-31,0.6671,2.00427,因子数值不匹配
002787.SZ,2017-06-12,0.5065,1.0264407216239513,因子数值不匹配
002788.SZ,2018-05-25,0.3375,0.5095147930869207,因子数值不匹配
002788.SZ,2019-05-29,0.4192,0.7217296834879179,因子数值不匹配
002789.SZ,2018-08-24,0.4142,0.7070515873094941,因子数值不匹配
002790.SZ,2018-05-25,0.3882,0.6344159613438652,因子数值不匹配
002790.SZ,2019-05-30,0.3902,0.6397921388556599,因子数值不匹配
002791.SZ,2017-06-08,0.3379,0.5103522320925675,因子数值不匹配
002792.SZ,2016-06-07,0.3362,0.506489,因子数值不匹配
002792.SZ,2019-06-18,0.3342,0.5019246917035745,因子数值不匹配
002792.SZ,2024-06-18,0.2411,0.31767914593473134,因子数值不匹配
002793.SZ,2017-06-01,0.5057,1.0229089999999998,因子数值不匹配
002793.SZ,2019-09-23,0.4119,0.700498863255458,因子数值不匹配
002795.SZ,2017-05-11,0.5042,1.016978,因子数值不匹配
002795.SZ,2022-06-01,0.2857,0.4000000950413596,因子数值不匹配
002795.SZ,2023-06-01,0.2859,0.40043026578314406,因子数值不匹配
002796.SZ,2019-04-01,0.336,0.5060862264224625,因子数值不匹配
002796.SZ,2020-05-28,0.3342,0.5019816498061135,因子数值不匹配
002797.SZ,2017-05-26,0.3766,0.6042110871541188,因子数值不匹配
002798.SZ,2018-05-18,0.4138,0.7058667442905829,因子数值不匹配
002798.SZ,2018-09-25,0.4118,0.7000583891783841,因子数值不匹配
002799.SZ,2017-06-27,0.3376,0.509706,因子数值不匹配
002799.SZ,2020-07-14,0.1702,0.20504719768301077,因子数值不匹配
002799.SZ,2021-05-27,0.2886,0.40566707290452025,因子数值不匹配
002800.SZ,2021-05-26,0.2884,0.4052667139490179,因子数值不匹配
002800.SZ,2024-07-02,0.286,0.40060298364516816,因子数值不匹配
002801.SZ,2017-04-20,0.5015,1.0059482969554425,因子数值不匹配
002801.SZ,2020-07-03,0.2362,0.30924316446441447,因子数值不匹配
002801.SZ,2021-06-03,0.3384,0.5115368272033247,因子数值不匹配
002802.SZ,2022-06-08,0.2471,0.32823358697955357,因子数值不匹配
002802.SZ,2023-05-12,0.2642,0.359100491918482,因子数值不匹配
002803.SZ,2018-12-18,0.4116,0.6995993877660409,因子数值不匹配
002803.SZ,2020-06-09,0.413,0.7036450786375704,因子数值不匹配
002805.SZ,2019-06-19,0.3343,0.5022753694738182,因子数值不匹配
002805.SZ,2023-05-26,0.2883,0.4050817163242588,因子数值不匹配
002806.SZ,2017-05-18,0.413,0.7035769999999999,因子数值不匹配
002807.SZ,2019-04-17,0.173,0.2091753417570779,因子数值不匹配
002808.SZ,2017-06-13,0.3772,0.6055950000000001,因子数值不匹配
002808.SZ,2019-06-28,0.2887,0.4058269601344245,因子数值不匹配
002809.SZ,2017-05-11,0.3368,0.5078100000000001,因子数值不匹配
002809.SZ,2020-05-27,0.4137,0.7055023571678591,因子数值不匹配
002810.SZ,2018-06-27,0.1669,0.20027013764677662,因子数值不匹配
002810.SZ,2019-05-29,0.3801,0.6130988266650305,因子数值不匹配
002810.SZ,2021-06-02,0.4117,0.6998998189425512,因子数值不匹配
002811.SZ,2020-06-03,0.3449,0.5265998107779267,因子数值不匹配
002812.SZ,2018-04-17,0.5045,1.0180180537212642,因子数值不匹配
002812.SZ,2019-07-09,0.416,0.7124666393038589,因子数值不匹配
002815.SZ,2018-05-04,0.5076,1.0309995515757073,因子数值不匹配
002817.SZ,2020-06-09,0.4141,0.7068176826843363,因子数值不匹配
002817.SZ,2021-06-09,0.3135,0.45656552425256036,因子数值不匹配
002817.SZ,2022-04-29,0.2923,0.41304337445474526,因子数值不匹配
002818.SZ,2019-05-06,0.4234,0.7344398496986132,因子数值不匹配
002819.SZ,2019-06-11,0.2323,0.3025447934825571,因子数值不匹配
002820.SZ,2018-04-27,0.3832,0.6212442050614422,因子数值不匹配
002821.SZ,2017-06-14,0.5017,1.00664,因子数值不匹配
002821.SZ,2022-07-21,0.2878,0.40418649598689976,因子数值不匹配
002822.SZ,2017-06-14,0.5036,1.0144380000000002,因子数值不匹配
002823.SZ,2017-06-06,0.4993,0.9972000000000001,因子数值不匹配
002824.SZ,2017-06-16,0.3365,0.5071190000000001,因子数值不匹配
002824.SZ,2023-07-06,0.2929,0.41424846298673196,因子数值不匹配
002825.SZ,2018-06-26,0.2895,0.407381733337842,因子数值不匹配
002825.SZ,2022-06-02,0.2975,0.42350757722440785,因子数值不匹配
002825.SZ,2023-07-07,0.3023,0.4332955454535113,因子数值不匹配
002827.SZ,2019-07-04,0.3494,0.5371057451482797,因子数值不匹配
002828.SZ,2018-05-25,0.4135,0.7050688538554775,因子数值不匹配
002829.SZ,2017-04-13,0.5011,1.004454,因子数值不匹配
002829.SZ,2023-07-04,0.1736,0.21007489433225396,因子数值不匹配
002830.SZ,2017-05-23,0.502,1.008032,因子数值不匹配
002831.SZ,2019-05-13,0.5492,1.2184361053553374,因子数值不匹配
002832.SZ,2018-06-11,0.4199,0.7238900221517475,因子数值不匹配
002832.SZ,2019-07-09,0.4181,0.7185735960775569,因子数值不匹配
002832.SZ,2020-05-22,0.4251,0.7395024601310837,因子数值不匹配
002833.SZ,2020-06-02,0.3843,0.6240961666920579,因子数值不匹配
002833.SZ,2021-06-03,0.2968,0.4220762235655541,因子数值不匹配
002833.SZ,2022-06-23,0.3014,0.43134877042005887,因子数值不匹配
002835.SZ,2017-05-25,0.502,1.0079319999999998,因子数值不匹配
002836.SZ,2017-04-14,0.5016,1.0064410000000001,因子数值不匹配
002836.SZ,2022-07-11,0.1749,0.211970418536496,因子数值不匹配
002836.SZ,2023-06-08,0.2006,0.25095052293402226,因子数值不匹配
002837.SZ,2017-06-01,0.5956,1.472652,因子数值不匹配
002837.SZ,2020-05-29,0.3372,0.5088481002843318,因子数值不匹配
002837.SZ,2022-05-31,0.2359,0.308699978848131,因子数值不匹配
002837.SZ,2023-05-19,0.235,0.307132296513371,因子数值不匹配
002837.SZ,2024-05-27,0.2358,0.3084930614128397,因子数值不匹配
002837.SZ,2025-05-30,0.2355,0.30803383318220867,因子数值不匹配
002838.SZ,2017-06-28,0.3364,0.5068680000000001,因子数值不匹配
002838.SZ,2018-04-26,0.5017,1.0066575174467836,因子数值不匹配
002838.SZ,2019-06-10,0.3785,0.6089015427109485,因子数值不匹配
002839.SZ,2022-05-05,0.1875,0.23076895268032183,因子数值不匹配
002840.SZ,2018-06-26,0.3349,0.5034983915269485,因子数值不匹配
002840.SZ,2020-07-01,0.3765,0.6037251877238042,因子数值不匹配
002841.SZ,2018-05-21,0.3789,0.6101113746007073,因子数值不匹配
002842.SZ,2018-05-24,0.4147,0.7084548948262429,因子数值不匹配
002842.SZ,2019-06-11,0.3775,0.6065343305732339,因子数值不匹配
002843.SZ,2019-05-31,0.377,0.6052355824637293,因子数值不匹配
002845.SZ,2017-09-29,0.4999,0.9997413711324248,因子数值不匹配
002845.SZ,2022-07-05,0.2916,0.4116328640346558,因子数值不匹配
002846.SZ,2017-10-31,0.3782,0.6081529999999999,因子数值不匹配
002846.SZ,2021-03-30,0.3802,0.6134301070464327,因子数值不匹配
002847.SZ,2023-05-18,0.3411,0.5177198372973362,因子数值不匹配
002847.SZ,2024-05-24,0.3013,0.431205639912415,因子数值不匹配
002849.SZ,2018-06-11,0.3357,0.5053760117410818,因子数值不匹配
002849.SZ,2023-06-01,0.2872,0.40296439426013114,因子数值不匹配
002850.SZ,2018-05-25,0.3373,0.5089683915127713,因子数值不匹配
002851.SZ,2018-05-22,0.3358,0.505684,因子数值不匹配
002851.SZ,2019-05-23,0.3361,0.5063545870182589,因子数值不匹配
002852.SZ,2017-10-16,0.4149,0.7090080000000001,因子数值不匹配
002852.SZ,2018-06-08,0.4159,0.7119960819375918,因子数值不匹配
002853.SZ,2017-09-01,0.6011,1.5066579999999998,因子数值不匹配
002856.SZ,2018-06-20,0.1705,0.20551600000000003,因子数值不匹配
002857.SZ,2018-05-31,0.3766,0.6041200268247497,因子数值不匹配
002858.SZ,2018-05-10,0.5022,1.0088339999999998,因子数值不匹配
002859.SZ,2017-09-15,0.6015,1.509302,因子数值不匹配
002859.SZ,2020-06-03,0.3762,0.6030472771245884,因子数值不匹配
002860.SZ,2018-04-27,0.3388,0.5124690000000001,因子数值不匹配
002860.SZ,2020-05-07,0.4166,0.7140067724015124,因子数值不匹配
002860.SZ,2022-06-21,0.2912,0.4108277343137989,因子数值不匹配
002861.SZ,2021-05-25,0.2327,0.3032258619651171,因子数值不匹配
002862.SZ,2020-05-29,0.3337,0.5009351769489804,因子数值不匹配
002862.SZ,2025-05-16,0.2867,0.40191654661793275,因子数值不匹配
002863.SZ,2018-04-27,0.4146,0.708134,因子数值不匹配
002865.SZ,2023-04-17,0.288,0.4044104992440117,因子数值不匹配
002866.SZ,2018-07-10,0.414,0.706555968223771,因子数值不匹配
002867.SZ,2019-07-10,0.3462,0.5296279694341626,因子数值不匹配
002867.SZ,2021-06-18,0.3476,0.532894959480055,因子数值不匹配
002868.SZ,2020-05-28,0.2355,0.30798728887139526,因子数值不匹配
002869.SZ,2020-07-03,0.3538,0.5474069586953256,因子数值不匹配
002871.SZ,2018-05-25,0.4153,0.7102329999999999,因子数值不匹配
002871.SZ,2021-05-28,0.3307,0.4940475485910661,因子数值不匹配
002871.SZ,2023-04-28,0.2454,0.3251689198409986,因子数值不匹配
002872.SZ,2018-08-22,0.3424,0.5206090000000001,因子数值不匹配
002873.SZ,2018-07-04,0.4144,0.7077279999999999,因子数值不匹配
002873.SZ,2021-11-10,0.2858,0.4001496412705317,因子数值不匹配
002873.SZ,2022-10-28,0.2858,0.40012961863562474,因子数值不匹配
002875.SZ,2018-05-28,0.2361,0.3090010000000001,因子数值不匹配
002875.SZ,2020-07-01,0.2307,0.2999059435782637,因子数值不匹配
002876.SZ,2019-06-25,0.2316,0.3014101863354037,因子数值不匹配
002876.SZ,2021-04-23,0.2841,0.39693260144567144,因子数值不匹配
002877.SZ,2018-04-18,0.4132,0.704108,因子数值不匹配
002877.SZ,2019-05-24,0.3777,0.6069492074445986,因子数值不匹配
002878.SZ,2018-06-14,0.4168,0.7145950000000001,因子数值不匹配
002878.SZ,2020-06-19,0.4168,0.7145878366333978,因子数值不匹配
002879.SZ,2018-06-04,0.2889,0.4063030000000001,因子数值不匹配
002880.SZ,2020-04-29,0.3362,0.5065697795059856,因子数值不匹配
002880.SZ,2021-06-16,0.2892,0.4068852972662473,因子数值不匹配
002881.SZ,2018-06-05,0.4133,0.7044029999999999,因子数值不匹配
002881.SZ,2022-06-10,0.2311,0.3005599442161717,因子数值不匹配
002883.SZ,2018-07-06,0.378,0.6076919999999999,因子数值不匹配
002883.SZ,2020-07-06,0.338,0.5106769035868322,因子数值不匹配
002883.SZ,2022-06-21,0.1739,0.21047875569290295,因子数值不匹配
002884.SZ,2018-07-02,0.3859,0.628501,因子数值不匹配
002884.SZ,2019-05-24,0.4081,0.6894702551610348,因子数值不匹配
002884.SZ,2020-03-31,0.1183,0.13418982417064773,因子数值不匹配
002884.SZ,2021-05-26,0.3151,0.4601565328717504,因子数值不匹配
003038.SZ,2022-03-29,0.1706,无因子记录,Major Missing
300033.SZ,2026-04-10,0.2976,0.42359411231888905,因子数值不匹配
300091.SZ,2026-02-12,0.1171,0.1326164357536973,因子数值不匹配
300125.SZ,2025-12-29,0.2087,0.26366576984357687,因子数值不匹配
300159.SZ,2024-12-02,0.1771,0.0,缺失大额因子
300159.SZ,2025-12-24,0.1504,0.17708338491184064,因子数值不匹配
300458.SZ,2026-04-30,0.1706,0.0,缺失大额因子
300501.SZ,2026-04-28,0.3239,0.0,缺失大额因子
300715.SZ,2019-12-30,0.1047,0.0,缺失大额因子
300857.SZ,2026-04-22,0.2865,0.4009616836661968,因子数值不匹配
300996.SZ,2026-04-30,0.2895,0.0,缺失大额因子
301016.SZ,2026-04-30,0.2907,0.0,缺失大额因子
301082.SZ,2026-04-23,0.2343,0.30594262295081964,因子数值不匹配
301117.SZ,2022-01-19,0.2936,无因子记录,Major Missing
301122.SZ,2022-01-27,0.2665,无因子记录,Major Missing
301127.SZ,2021-12-31,0.3044,无因子记录,Major Missing
301158.SZ,2022-01-19,0.0583,无因子记录,Major Missing
301171.SZ,2026-04-28,0.231,0.0,缺失大额因子
301172.SZ,2023-07-28,0.2979,无因子记录,Major Missing
301210.SZ,2023-07-03,0.2957,无因子记录,Major Missing
301216.SZ,2022-03-30,0.3613,无因子记录,Major Missing
301263.SZ,2022-03-30,0.4779,无因子记录,Major Missing
301280.SZ,2026-04-30,0.2881,0.0,缺失大额因子
301362.SZ,2023-08-07,0.1041,无因子记录,Major Missing
301489.SZ,2023-10-25,0.2908,无因子记录,Major Missing
301511.SZ,2023-08-18,0.2875,无因子记录,Major Missing
301548.SZ,2023-09-21,0.3286,无因子记录,Major Missing
301550.SZ,2023-09-18,0.5325,无因子记录,Major Missing
600000.SH,2002-08-22,0.3408,0.5169001154493484,因子数值不匹配
600000.SH,2008-04-24,0.2343,0.3060700564803546,因子数值不匹配
600000.SH,2009-06-09,0.2909,0.4103270122396295,因子数值不匹配
600000.SH,2010-06-10,0.2368,0.31019821013850785,因子数值不匹配
600000.SH,2011-06-03,0.24,0.3157370305461598,因子数值不匹配
600000.SH,2016-06-23,0.1168,0.1322784887531971,因子数值不匹配
600000.SH,2017-05-25,0.2405,0.31659575232143256,因子数值不匹配
600004.SH,2017-07-14,0.3234,0.47786953717164976,因子数值不匹配
600006.SH,2004-06-11,0.51,1.0407329588736074,因子数值不匹配
600008.SH,2005-06-17,0.5063,1.025700949365658,因子数值不匹配
600008.SH,2016-05-23,0.5086,1.0350879567526914,因子数值不匹配
600009.SH,2003-12-26,0.2305,0.29950219304818715,因子数值不匹配
600010.SH,2005-11-14,0.5227,1.0949994110445216,因子数值不匹配
600010.SH,2014-09-29,0.5009,1.0035213090172177,因子数值不匹配
600010.SH,2017-05-31,0.2843,0.39719624156155875,因子数值不匹配
600011.SH,2004-05-24,0.5116,1.0476660270653357,因子数值不匹配
600015.SH,2004-05-21,0.1674,0.2009969153019774,因子数值不匹配
600015.SH,2013-07-24,0.2694,0.3687319268847205,因子数值不匹配
600015.SH,2015-07-08,0.1889,0.23290741964507636,因子数值不匹配
600015.SH,2017-06-29,0.1797,0.2191192759926043,因子数值不匹配
600016.SH,2001-05-31,0.2385,0.313277,因子数值不匹配
600016.SH,2002-06-19,0.1354,0.15655569997799393,因子数值不匹配
600016.SH,2003-04-14,0.2341,0.30568485421475594,因子数值不匹配
600016.SH,2004-04-19,0.2679,0.36588493271004124,因子数值不匹配
600016.SH,2005-04-18,0.1773,0.21548131656786187,因子数值不匹配
600016.SH,2005-10-26,0.1349,0.1559251748453277,因子数值不匹配
600016.SH,2006-04-17,0.2917,0.4117646286960468,因子数值不匹配
600016.SH,2007-06-11,0.1596,0.18989723051241614,因子数值不匹配
600016.SH,2008-04-07,0.2338,0.3051800714568034,因子数值不匹配
600016.SH,2010-07-15,0.1726,0.20864663476144008,因子数值不匹配
600016.SH,2014-06-25,0.1776,0.2159998986157602,因子数值不匹配
600016.SH,2018-07-05,0.1779,0.2164578453964845,因子数值不匹配
600016.SH,2024-07-12,0.0566,0.9594275503243422,因子数值不匹配
600017.SH,2008-09-24,0.5,0.999999022786661,因子数值不匹配
600017.SH,2010-09-16,0.3328,0.49885111964934414,因子数值不匹配
600020.SH,2006-06-30,0.3444,0.5253014141145336,因子数值不匹配
600020.SH,2007-07-05,0.1456,0.17046942867700954,因子数值不匹配
600020.SH,2008-07-07,0.1343,0.15512473546021002,因子数值不匹配
600021.SH,2008-06-17,0.1664,0.19956600615770423,因子数值不匹配
600022.SH,2006-06-23,0.2312,0.30075150103334813,因子数值不匹配
600022.SH,2007-06-28,0.181,0.22104558452291614,因子数值不匹配
600022.SH,2009-04-23,0.4481,0.8119468282569016,因子数值不匹配
600022.SH,2017-06-08,0.2302,0.29901950791935916,因子数值不匹配
600023.SH,2014-06-19,0.2548,0.34187999999999996,因子数值不匹配
600028.SH,2013-06-19,0.2551,0.3424945376712591,因子数值不匹配
600029.SH,2008-08-29,0.334,0.5014316699357293,因子数值不匹配
600030.SH,2008-04-24,0.5042,1.0171182120849673,因子数值不匹配
600030.SH,2010-06-24,0.3495,0.5372146526902158,因子数值不匹配
600031.SH,2005-06-30,0.5061,1.0245483752299205,因子数值不匹配
600031.SH,2007-04-24,0.5015,1.005864014179847,因子数值不匹配
600031.SH,2008-07-10,0.3343,0.5021038010459823,因子数值不匹配
600031.SH,2010-06-24,0.3369,0.5081278369183179,因子数值不匹配
600031.SH,2010-10-22,0.5254,1.1072556662849908,因子数值不匹配
600031.SH,2011-04-22,0.3349,0.503538392575472,因子数值不匹配
600033.SH,2003-04-30,0.1711,0.20644345679012358,因子数值不匹配
600033.SH,2004-06-03,0.1822,0.2227422465706772,因子数值不匹配
600033.SH,2006-09-19,0.3328,0.4987951451908412,因子数值不匹配
600033.SH,2010-06-17,0.343,0.5220417965495475,因子数值不匹配
600035.SH,2014-05-14,0.2515,0.33606540867125734,因子数值不匹配
600035.SH,2015-04-16,0.1722,0.20809275046297432,因子数值不匹配
600036.SH,2004-05-11,0.1736,0.2100454722310499,因子数值不匹配
600036.SH,2005-06-20,0.3416,0.5187718811644646,因子数值不匹配
600036.SH,2009-07-03,0.2341,0.3056819650111249,因子数值不匹配
600037.SH,2002-10-15,0.2309,0.30015396869632577,因子数值不匹配
600037.SH,2005-09-30,0.3748,0.599378702615839,因子数值不匹配
600037.SH,2007-05-10,0.3769,0.6048462969334655,因子数值不匹配
600038.SH,2002-05-16,0.3772,0.6056170000000001,因子数值不匹配
600038.SH,2004-07-14,0.2378,0.31203012738190256,因子数值不匹配
600039.SH,2004-06-08,0.1732,0.2094339999999999,因子数值不匹配
600039.SH,2007-01-08,0.2367,0.31016078595442187,因子数值不匹配
600039.SH,2012-05-15,0.4496,0.8166965699474867,因子数值不匹配
600039.SH,2014-10-09,0.4995,0.9978352222936163,因子数值不匹配
600039.SH,2023-06-15,0.3301,0.49284230783942196,因子数值不匹配
600048.SH,2007-04-02,0.5003,1.0010780000000001,因子数值不匹配
600048.SH,2008-03-11,0.5006,1.0022937636613862,因子数值不匹配
600048.SH,2009-04-30,0.235,0.3071347672150919,因子数值不匹配
600048.SH,2010-04-27,0.2353,0.30763245659976957,因子数值不匹配
600048.SH,2011-05-17,0.2427,0.3205127868166901,因子数值不匹配
600048.SH,2012-06-18,0.1788,0.21779666508248605,因子数值不匹配
600048.SH,2014-05-22,0.3594,0.5610768123287742,因子数值不匹配
600052.SH,2000-05-25,0.3335,0.50036143117537,因子数值不匹配
600053.SH,2000-04-28,0.1072,0.12010472371623103,因子数值不匹配
600053.SH,2009-05-12,0.1722,0.20796496691266478,因子数值不匹配
600053.SH,2011-06-09,0.1663,0.1995439260525608,因子数值不匹配
600054.SH,2006-11-02,0.3333,0.5000003650687608,因子数值不匹配
600054.SH,2016-06-27,0.3382,0.5111250178367748,因子数值不匹配
600055.SH,2004-06-14,0.241,0.3175074656398616,因子数值不匹配
600055.SH,2008-06-06,0.3348,0.5034197113435226,因子数值不匹配
600055.SH,2016-06-27,0.3762,0.602994033753056,因子数值不匹配
600055.SH,2017-06-02,0.2924,0.41314127108916826,因子数值不匹配
600056.SH,2000-10-30,0.1151,0.1300411586279425,因子数值不匹配
600056.SH,2003-06-10,0.3791,0.6104903146164319,因子数值不匹配
600056.SH,2006-06-13,0.1278,0.14651977186496973,因子数值不匹配
600056.SH,2010-05-13,0.2379,0.31211739902858493,因子数值不匹配
600056.SH,2014-06-19,0.5069,1.0281550900449608,因子数值不匹配
600056.SH,2022-06-24,0.2919,0.41226916370363387,因子数值不匹配
600057.SH,2003-06-02,0.185,0.22698098031163633,因子数值不匹配
600057.SH,2018-06-07,0.3322,0.49747050834521234,因子数值不匹配
600058.SH,2003-06-13,0.2468,0.32771589427801273,因子数值不匹配
600058.SH,2004-10-21,0.3336,0.5007089110587376,因子数值不匹配
600058.SH,2008-03-03,0.1428,0.16662555186860825,因子数值不匹配
600059.SH,2008-04-25,0.3792,0.6107625842972412,因子数值不匹配
600059.SH,2009-04-29,0.3333,0.5000002663972859,因子数值不匹配
600060.SH,2010-05-14,0.3382,0.5111264994252407,因子数值不匹配
600060.SH,2012-07-05,0.3331,0.49955720163435935,因子数值不匹配
600061.SH,2000-09-08,0.1134,0.127873269913853,因子数值不匹配
600061.SH,2001-04-13,0.501,1.0038313122171945,因子数值不匹配
600061.SH,2002-07-17,0.2324,0.3028265852347286,因子数值不匹配
600061.SH,2006-07-24,0.1301,0.14958431238565786,因子数值不匹配
600061.SH,2021-06-18,0.3515,0.5420561266889977,因子数值不匹配
600062.SH,2000-04-27,0.2366,0.3099699788043751,因子数值不匹配
600062.SH,2002-05-13,0.2357,0.3083068908467962,因子数值不匹配
600062.SH,2009-07-16,0.1709,0.2061031071249532,因子数值不匹配
600062.SH,2017-07-17,0.1699,0.2046532434382406,因子数值不匹配
600062.SH,2018-08-16,0.1703,0.20521361812372074,因子数值不匹配
600063.SH,2008-05-19,0.3353,0.5043323824349848,因子数值不匹配
600063.SH,2011-09-26,0.5028,1.0111108817708212,因子数值不匹配
600063.SH,2012-06-12,0.3756,0.6014236005955319,因子数值不匹配
600064.SH,2010-05-17,0.3364,0.5069190576699656,因子数值不匹配
600064.SH,2015-04-29,0.3354,0.5046083558221265,因子数值不匹配
600064.SH,2018-05-17,0.3795,0.6115514913217938,因子数值不匹配
600064.SH,2022-07-15,0.3273,0.48644791976522356,因子数值不匹配
600066.SH,2004-04-15,0.3492,0.53662969749501,因子数值不匹配
600066.SH,2005-04-19,0.2684,0.3668007472633735,因子数值不匹配
600066.SH,2006-04-20,0.3957,0.6547987942638286,因子数值不匹配
600066.SH,2008-05-15,0.2498,0.33302011762578243,因子数值不匹配
600066.SH,2012-02-21,0.0959,0.1061151725286126,因子数值不匹配
600066.SH,2013-05-15,0.4565,0.8400913604687702,因子数值不匹配
600066.SH,2015-05-20,0.3535,0.5468534510759621,因子数值不匹配
600067.SH,2000-05-29,0.1783,0.21695127754368396,因子数值不匹配
600067.SH,2002-10-31,0.3772,0.6056788120981439,因子数值不匹配
600067.SH,2004-05-27,0.3772,0.6057348567909069,因子数值不匹配
600067.SH,2005-07-20,0.1751,0.21226414095229948,因子数值不匹配
600067.SH,2006-08-02,0.1336,0.15414265870667948,因子数值不匹配
600067.SH,2008-04-18,0.1314,0.15123193580990751,因子数值不匹配
600067.SH,2010-04-19,0.1695,0.20404579316653607,因子数值不匹配
600067.SH,2012-04-20,0.3844,0.6243195816958597,因子数值不匹配
600071.SH,2001-04-18,0.4132,0.7041686554502026,因子数值不匹配
600071.SH,2001-10-10,0.2317,0.3015872964595553,因子数值不匹配
600072.SH,2002-07-25,0.1665,0.19978989927524077,因子数值不匹配
600072.SH,2011-06-28,0.1667,0.20007997021694657,因子数值不匹配
600073.SH,2012-06-25,0.3371,0.508580344372829,因子数值不匹配
600073.SH,2013-06-05,0.0986,0.10943954894416767,因子数值不匹配
600075.SH,2006-07-11,0.501,1.0039115378044134,因子数值不匹配
600075.SH,2017-06-09,0.2915,0.41149418116593894,因子数值不匹配
600076.SH,2006-08-08,0.3059,0.44081634602411596,因子数值不匹配
600078.SH,2003-10-21,0.5086,1.034927041573497,因子数值不匹配
600078.SH,2007-03-06,0.3777,0.606927580890015,因子数值不匹配
600079.SH,2000-08-31,0.475,0.90464975730383,因子数值不匹配
600079.SH,2003-05-30,0.2873,0.4030258712209646,因子数值不匹配
600079.SH,2007-06-13,0.334,0.5015448987711992,因子数值不匹配
600079.SH,2015-07-22,0.5018,1.007077734747796,因子数值不匹配
600080.SH,2000-07-25,0.1082,0.12127213988962127,因子数值不匹配
600080.SH,2006-06-14,0.2438,0.32231406391696443,因子数值不匹配
600081.SH,2000-10-12,0.3353,0.5043878970388482,因子数值不匹配
600081.SH,2002-11-14,0.1668,0.2001245481780477,因子数值不匹配
600081.SH,2004-05-25,0.231,0.3004200944548558,因子数值不匹配
600082.SH,2004-06-16,0.4466,0.8071224292738488,因子数值不匹配
600082.SH,2009-05-11,0.5018,1.0070724780611642,因子数值不匹配
600084.SH,2000-05-09,0.231,0.3004483201134671,因子数值不匹配
600084.SH,2001-04-17,0.2348,0.30683996396545726,因子数值不匹配
600084.SH,2004-06-29,0.5018,1.0071602182176427,因子数值不匹配
600085.SH,2001-02-13,0.1195,0.13568564083030296,因子数值不匹配
600085.SH,2001-06-11,0.2224,0.28606218980719017,因子数值不匹配
600085.SH,2004-09-23,0.1121,0.12624956327209572,因子数值不匹配
600085.SH,2005-07-07,0.1759,0.21350742554201269,因子数值不匹配
600085.SH,2008-07-24,0.1703,0.20527212022905533,因子数值不匹配
600085.SH,2011-07-12,0.6033,1.520833276343301,因子数值不匹配
600088.SH,2001-07-09,0.2335,0.30455449419733943,因子数值不匹配
600088.SH,2010-08-03,0.2887,0.40597183148590227,因子数值不匹配
600088.SH,2018-06-28,0.1719,0.20756771375426206,因子数值不匹配
600089.SH,2000-04-04,0.3751,0.6001923436539952,因子数值不匹配
600089.SH,2005-07-25,0.2406,0.31690120458384774,因子数值不匹配
600089.SH,2007-09-21,0.5,1.0000002055754955,因子数值不匹配
600089.SH,2008-05-20,0.2316,0.30132112050556753,因子数值不匹配
600089.SH,2009-06-03,0.3356,0.5051494927914684,因子数值不匹配
600089.SH,2011-06-07,0.2352,0.30752386457825803,因子数值不匹配
600089.SH,2023-07-18,0.2684,0.3668071469484243,因子数值不匹配
600094.SH,2000-06-09,0.3369,0.5081297224483659,因子数值不匹配
600094.SH,2000-08-23,0.0964,0.106666760611014,因子数值不匹配
600094.SH,2007-03-19,0.2179,0.2786884057936005,因子数值不匹配
600094.SH,2011-10-11,0.3341,0.25042891302614806,因子数值不匹配
600095.SH,2006-07-28,0.2757,0.38068182390919764,因子数值不匹配
600096.SH,2004-11-15,0.235,0.3071084403750957,因子数值不匹配
600098.SH,2005-05-11,0.349,0.5361552846439305,因子数值不匹配
600099.SH,2001-07-04,0.1694,0.20395283892838315,因子数值不匹配
600100.SH,2000-05-19,0.2856,0.3998597946916762,因子数值不匹配
600100.SH,2001-05-16,0.3348,0.5034036701974299,因子数值不匹配
600100.SH,2008-08-15,0.2347,0.30665616313344535,因子数值不匹配
600100.SH,2011-05-11,0.5019,1.0076451666624555,因子数值不匹配
600101.SH,2004-06-15,0.1691,0.2035679575072125,因子数值不匹配
600101.SH,2005-07-18,0.2345,0.3063724626477913,因子数值不匹配
600101.SH,2007-02-26,0.1835,0.22469995793011577,因子数值不匹配
600101.SH,2019-07-19,0.2354,0.30793169330711273,因子数值不匹配
600101.SH,2024-07-05,0.2364,0.3096193097660702,因子数值不匹配
600103.SH,2000-09-06,0.5015,1.0060606715802902,因子数值不匹配
600103.SH,2006-12-27,0.202,0.253060976915408,因子数值不匹配
600103.SH,2007-01-18,0.1661,0.1992188109136463,因子数值不匹配
600103.SH,2019-06-03,0.2303,0.2991453801848592,因子数值不匹配
600104.SH,2001-05-31,0.2777,0.3843876205088423,因子数值不匹配
600104.SH,2004-06-09,0.2404,0.31652360281605685,因子数值不匹配
600104.SH,2010-06-08,0.233,0.3037459711651878,因子数值不匹配
600105.SH,2010-06-25,0.2858,0.40020490782292223,因子数值不匹配
600105.SH,2016-06-07,0.5011,1.004576573943474,因子数值不匹配
600105.SH,2018-05-21,0.2434,0.32166288569087376,因子数值不匹配
600106.SH,2008-06-17,0.0983,0.1090143593407809,因子数值不匹配
600106.SH,2009-04-17,0.1015,0.11294437325836884,因子数值不匹配
600106.SH,2010-05-25,0.0957,0.10577818563426472,因子数值不匹配
600106.SH,2012-04-24,0.5034,1.0138880818858633,因子数值不匹配
600106.SH,2017-06-02,0.1061,0.1187124726142281,因子数值不匹配
600106.SH,2018-06-07,0.1117,0.12573103413584488,因子数值不匹配
600106.SH,2019-06-14,0.1071,0.11999983514539646,因子数值不匹配
600106.SH,2020-06-08,0.1107,0.12451366238539145,因子数值不匹配
600107.SH,2000-05-15,0.4446,0.80036226471467,因子数值不匹配
600108.SH,2000-08-11,0.2322,0.30240154787329776,因子数值不匹配
600108.SH,2001-06-01,0.2322,0.3024394860752904,因子数值不匹配
600108.SH,2004-06-04,0.3339,0.5013551252001313,因子数值不匹配
600108.SH,2006-06-14,0.3486,0.5352111635494271,因子数值不匹配
600109.SH,2007-08-21,0.5,0.9998661825967561,因子数值不匹配
600109.SH,2009-06-05,0.5014,1.0055615518814727,因子数值不匹配
600109.SH,2014-10-24,0.4998,0.9991670824127528,因子数值不匹配
600110.SH,2001-09-25,0.3121,0.4536815879068409,因子数值不匹配
600110.SH,2002-05-09,0.4461,0.8054523222880426,因子数值不匹配
600110.SH,2007-05-25,0.3334,0.5002396769557975,因子数值不匹配
600110.SH,2007-09-27,0.2308,0.3001011980037522,因子数值不匹配
600110.SH,2009-06-01,0.3333,0.4999999337205731,因子数值不匹配
600111.SH,2008-05-15,0.5009,1.0038025662757266,因子数值不匹配
600111.SH,2011-05-12,0.334,0.5014449311276176,因子数值不匹配
600111.SH,2012-05-04,0.5022,1.0089096990917417,因子数值不匹配
600111.SH,2015-05-11,0.3361,0.5061730503235943,因子数值不匹配
600113.SH,2008-05-20,0.2043,0.25670406901616627,因子数值不匹配
600113.SH,2010-05-04,0.3782,0.6083082497253914,因子数值不匹配
600113.SH,2011-03-24,0.2628,0.3564625924976081,因子数值不匹配
600113.SH,2019-03-06,0.0999,0.11096761993415387,因子数值不匹配
600114.SH,2005-04-11,0.4244,0.737463,因子数值不匹配
600114.SH,2014-04-30,0.34,0.5150573618733157,因子数值不匹配
600114.SH,2018-04-26,0.3363,0.5066907743277367,因子数值不匹配
600116.SH,2006-12-27,0.1664,0.19958418280894466,因子数值不匹配
600116.SH,2016-04-18,0.6684,2.0154737929324167,因子数值不匹配
600118.SH,2000-05-08,0.3751,0.6002734437831754,因子数值不匹配
600118.SH,2003-07-22,0.1695,0.20413658623150502,因子数值不匹配
600118.SH,2007-12-28,0.1258,0.14391984237506628,因子数值不匹配
600118.SH,2009-04-21,0.1698,0.20458895193126,因子数值不匹配
600118.SH,2010-04-19,0.5007,1.0027158387843054,因子数值不匹配
600118.SH,2012-05-22,0.2331,0.30389215989568596,因子数值不匹配
600118.SH,2013-08-14,0.1491,0.17521027952112947,因子数值不匹配
600119.SH,2002-05-09,0.2307,0.2998477077017797,因子数值不匹配
600119.SH,2002-11-11,0.1667,0.20000034956234788,因子数值不匹配
600120.SH,2000-05-10,0.1706,0.20574168809656715,因子数值不匹配
600120.SH,2000-08-30,0.1036,0.11553282439967039,因子数值不匹配
600120.SH,2001-03-29,0.3749,0.5996849110065803,因子数值不匹配
600120.SH,2002-04-26,0.2894,0.4071731146750292,因子数值不匹配
600120.SH,2003-06-16,0.3771,0.6052898917375611,因子数值不匹配
600120.SH,2018-06-28,0.2364,0.3096631435575736,因子数值不匹配
600120.SH,2019-06-12,0.2352,0.3075770730683393,因子数值不匹配
600120.SH,2019-10-17,0.2854,0.3993016165657189,因子数值不匹配
600120.SH,2020-05-21,0.2901,0.4086682543650516,因子数值不匹配
600120.SH,2021-06-09,0.2353,0.30769230769230765,因子数值不匹配
600121.SH,2000-05-23,0.4443,0.7995014301499938,因子数值不匹配
600121.SH,2019-07-22,0.1792,0.21839067174326884,因子数值不匹配
600123.SH,2008-04-28,0.2921,0.41257850541528385,因子数值不匹配
600123.SH,2012-06-01,0.5061,1.0246551192927116,因子数值不匹配
600123.SH,2023-06-19,0.2934,0.41531313269709136,因子数值不匹配
600125.SH,2004-05-11,0.2393,0.3145744612578294,因子数值不匹配
600125.SH,2005-05-23,0.3765,0.6038336927657864,因子数值不匹配
600125.SH,2006-05-29,0.2339,0.3052783949520086,因子数值不匹配
600125.SH,2007-05-31,0.2324,0.30281676115787487,因子数值不匹配
600125.SH,2008-05-05,0.1663,0.19949178079757665,因子数值不匹配
600125.SH,2011-05-06,0.2311,0.30049661023389757,因子数值不匹配
600126.SH,2008-05-28,0.25,0.33333349609374996,因子数值不匹配
600126.SH,2018-07-16,0.2313,0.3008850352666336,因子数值不匹配
600127.SH,2001-06-05,0.2957,0.41987898181818184,因子数值不匹配
600127.SH,2006-11-24,0.3812,0.6159419104512769,因子数值不匹配
600128.SH,2000-07-27,0.1627,0.19437614403191006,因子数值不匹配
600128.SH,2000-09-26,0.3506,0.5399604769883434,因子数值不匹配
600129.SH,2008-05-21,0.2306,0.29972501391545886,因子数值不匹配
600129.SH,2010-06-04,0.2311,0.30051838461104885,因子数值不匹配
600130.SH,2005-06-03,0.5175,1.0726820846534748,因子数值不匹配
600130.SH,2006-08-08,0.5,1.0,因子数值不匹配
600131.SH,2003-06-06,0.4171,0.7155686191951167,因子数值不匹配
600132.SH,2003-04-17,0.338,0.5106097772630608,因子数值不匹配
600132.SH,2006-09-27,0.1049,0.11715453335385055,因子数值不匹配
600132.SH,2007-05-14,0.234,0.3054742086672697,因子数值不匹配
600132.SH,2008-05-19,0.232,0.30208309030439007,因子数值不匹配
600132.SH,2020-01-02,0.1572,0.01721172689925386,因子数值不匹配
600133.SH,2010-03-01,0.447,0.8083776859527222,因子数值不匹配
600133.SH,2020-01-02,0.106,0.0032153648005107892,因子数值不匹配
600135.SH,2000-05-15,0.3333,0.5,因子数值不匹配
600135.SH,2001-05-09,0.1776,0.21601266666666671,因子数值不匹配
600136.SH,2016-05-12,0.5,1.0,因子数值不匹配
600137.SH,2020-01-02,0.0555,0.00783337688896628,因子数值不匹配
600138.SH,2000-06-07,0.1136,0.12810709312738433,因子数值不匹配
600138.SH,2008-05-09,0.2307,0.2998161529147478,因子数值不匹配
600138.SH,2014-09-29,0.3374,0.5091240253235779,因子数值不匹配
600141.SH,2008-05-20,0.1718,0.20744665976902218,因子数值不匹配
600141.SH,2009-05-05,0.1798,0.21916804656530678,因子数值不匹配
600141.SH,2010-07-02,0.1365,0.158018276544173,因子数值不匹配
600141.SH,2018-06-14,0.1778,0.21621603817517632,因子数值不匹配
600141.SH,2020-01-02,0.1427,0.01984112434565659,因子数值不匹配
600143.SH,2005-06-15,0.2413,0.31797699999999995,因子数值不匹配
600143.SH,2006-06-06,0.2871,0.40275996658797025,因子数值不匹配
600143.SH,2007-03-20,0.5021,1.0085745451334638,因子数值不匹配
600143.SH,2008-09-23,0.5,1.0,因子数值不匹配
600143.SH,2012-06-04,0.392,0.6448169855382279,因子数值不匹配
600143.SH,2020-01-02,0.1051,0.0,缺失大额因子
600148.SH,2000-03-09,0.4509,0.8210084927362683,因子数值不匹配
600149.SH,2001-12-05,0.3353,0.5045409999999999,因子数值不匹配
600149.SH,2002-07-11,0.1668,0.2001926168844851,因子数值不匹配
600149.SH,2007-03-15,0.1957,0.24335355220217328,因子数值不匹配
600150.SH,2011-07-15,0.3798,0.6123748466770504,因子数值不匹配
600150.SH,2012-06-12,0.2381,0.31252608730843506,因子数值不匹配
600151.SH,2001-04-20,0.38,0.6128829741607048,因子数值不匹配
600151.SH,2006-07-12,0.3819,0.6177744276224938,因子数值不匹配
600152.SH,2000-03-30,0.4998,0.9990316512279299,因子数值不匹配
600153.SH,2004-06-24,0.409,0.6921682827436695,因子数值不匹配
600153.SH,2008-08-04,0.4542,0.8322294329647101,因子数值不匹配
600153.SH,2010-07-16,0.4554,0.8363362645724098,因子数值不匹配
600153.SH,2020-01-02,0.3194,0.055679247677487186,因子数值不匹配
600155.SH,2000-08-22,0.2307,0.29982700000000007,因子数值不匹配
600155.SH,2001-05-17,0.3373,0.5090390761077597,因子数值不匹配
600157.SH,2000-03-31,0.4444,0.7998970961900588,因子数值不匹配
600157.SH,2008-06-19,0.3374,0.5092307241124361,因子数值不匹配
600157.SH,2011-06-14,0.3387,0.5120893974289867,因子数值不匹配
600157.SH,2012-04-24,0.5023,1.0092687689127204,因子数值不匹配
600157.SH,2014-05-22,0.5095,1.0386265518710098,因子数值不匹配
600157.SH,2015-06-04,0.2321,0.30219134913923906,因子数值不匹配
600158.SH,2001-06-01,0.236,0.3088502735323154,因子数值不匹配
600158.SH,2007-04-25,0.4452,0.8025233220587864,因子数值不匹配
600158.SH,2007-10-08,0.3751,0.6002489769441756,因子数值不匹配
600158.SH,2008-10-30,0.1131,0.127536141773534,因子数值不匹配
600159.SH,2001-05-28,0.2729,0.37534828741099324,因子数值不匹配
600159.SH,2010-08-16,0.4996,0.9982989717092136,因子数值不匹配
600159.SH,2020-01-02,0.0553,0.017921194078132193,因子数值不匹配
600160.SH,2004-10-29,0.3338,0.5009561710119599,因子数值不匹配
600160.SH,2010-05-18,0.0981,0.10874422221939262,因子数值不匹配
600160.SH,2011-03-25,0.2363,0.3094792386289951,因子数值不匹配
600160.SH,2012-05-21,0.3899,0.6391035269759232,因子数值不匹配
600160.SH,2018-06-06,0.2378,0.3119908055431979,因子数值不匹配
600161.SH,2004-09-28,0.3359,0.5058215162369293,因子数值不匹配
600161.SH,2008-06-25,0.3389,0.5125403051431258,因子数值不匹配
600161.SH,2017-06-19,0.2356,0.30815044063344255,因子数值不匹配
600161.SH,2018-06-22,0.2366,0.3099089968991759,因子数值不匹配
600161.SH,2019-06-14,0.1683,0.20234345338660015,因子数值不匹配
600161.SH,2020-07-15,0.1676,0.20141511200862552,因子数值不匹配
600161.SH,2022-07-15,0.17,0.20484277260706552,因子数值不匹配
600161.SH,2024-06-20,0.1707,0.20576461083574807,因子数值不匹配
600162.SH,2000-08-24,0.1041,0.11620325478325783,因子数值不匹配
600162.SH,2005-03-24,0.4994,0.9977432812431701,因子数值不匹配
600162.SH,2008-10-29,0.3125,0.4545453207742211,因子数值不匹配
600162.SH,2016-06-27,0.3429,0.5218445656949936,因子数值不匹配
600163.SH,2008-05-28,0.3337,0.5008257333318618,因子数值不匹配
600165.SH,2001-02-06,0.1061,0.11871172045953568,因子数值不匹配
600165.SH,2015-10-12,0.6,1.5000002765699354,因子数值不匹配
600165.SH,2025-12-11,0.297,0.42253509284894214,因子数值不匹配
600166.SH,2003-10-21,0.3386,0.5119178371910839,因子数值不匹配
600166.SH,2006-05-31,0.1558,0.18452383665638283,因子数值不匹配
600166.SH,2006-06-29,0.3333,0.5000001749177101,因子数值不匹配
600166.SH,2011-05-16,0.5066,1.0269190201556715,因子数值不匹配
600166.SH,2016-07-07,0.5026,1.0104527757439545,因子数值不匹配
600167.SH,2007-03-26,0.0992,0.11006720154145028,因子数值不匹配
600167.SH,2018-05-30,0.5059,1.023788761887321,因子数值不匹配
600167.SH,2019-05-29,0.2406,0.31681010151153116,因子数值不匹配
600168.SH,2024-06-20,0.2932,0.41486777620957516,因子数值不匹配
600169.SH,2009-05-25,0.3764,0.6035065582947546,因子数值不匹配
600169.SH,2011-06-07,0.5013,1.0052964189700542,因子数值不匹配
600169.SH,2012-06-07,0.3339,0.5012531016659533,因子数值不匹配
600170.SH,2002-07-31,0.1735,0.20986447745634615,因子数值不匹配
600170.SH,2012-05-10,0.5026,1.0102739637322475,因子数值不匹配
600170.SH,2013-07-17,0.1909,0.23599317109310836,因子数值不匹配
600170.SH,2014-06-17,0.2563,0.3445944167425274,因子数值不匹配
600170.SH,2015-05-12,0.2427,0.3204594020717866,因子数值不匹配
600170.SH,2016-05-16,0.192,0.2376237144166468,因子数值不匹配
600170.SH,2017-05-18,0.1844,0.2260638269483417,因子数值不匹配
600171.SH,2002-04-23,0.2371,0.31072643070348294,因子数值不匹配
600171.SH,2008-06-17,0.0971,0.10750515900312196,因子数值不匹配
600172.SH,2012-05-24,0.4142,0.7071894679662734,因子数值不匹配
600172.SH,2017-06-08,0.4463,0.8058967792519606,因子数值不匹配
600173.SH,2010-03-17,0.4482,0.8122114674272494,因子数值不匹配
600176.SH,2003-11-05,0.3753,0.6008116169864871,因子数值不匹配
600176.SH,2004-06-30,0.1729,0.20901673991465025,因子数值不匹配
600176.SH,2012-05-31,0.3391,0.5130042315209368,因子数值不匹配
600176.SH,2016-05-16,0.5524,1.234341370990423,因子数值不匹配
600176.SH,2017-05-16,0.1857,0.227973558651009,因子数值不匹配
600176.SH,2018-05-17,0.1802,0.2198067987304063,因子数值不匹配
600176.SH,2021-05-21,0.1362,0.15772451370780177,因子数值不匹配
600177.SH,2000-09-21,0.4998,0.9992558944590437,因子数值不匹配
600177.SH,2004-04-16,0.4354,0.771101712713232,因子数值不匹配
600177.SH,2005-04-29,0.36,0.562499788586688,因子数值不匹配
600177.SH,2007-06-04,0.2081,0.26270828391840595,因子数值不匹配
600177.SH,2017-06-05,0.3111,0.4516461466705755,因子数值不匹配
600177.SH,2019-06-05,0.3244,0.4801901281447765,因子数值不匹配
600179.SH,2006-06-23,0.1542,0.18224311639954824,因子数值不匹配
600179.SH,2018-05-31,0.29,0.40836304257476924,因子数值不匹配
600180.SH,2001-10-19,0.1664,0.1996207154551044,因子数值不匹配
600183.SH,2000-04-28,0.3358,0.5055357718392679,因子数值不匹配
600183.SH,2002-07-12,0.236,0.30885755627218286,因子数值不匹配
600183.SH,2006-09-25,0.3366,0.5073824662253484,因子数值不匹配
600183.SH,2012-06-01,0.2612,0.3535354748603352,因子数值不匹配
600183.SH,2018-05-28,0.3326,0.4983957150892264,因子数值不匹配
600184.SH,2007-05-31,0.3334,0.5002081705459396,因子数值不匹配
600184.SH,2015-04-23,0.4999,0.9996187101114007,因子数值不匹配
600185.SH,2006-03-15,0.1603,0.19088255821331143,因子数值不匹配
600185.SH,2007-07-19,0.2312,0.3007972660813705,因子数值不匹配
600185.SH,2016-05-26,0.6467,1.8300745540072778,因子数值不匹配
600186.SH,2002-07-11,0.2494,0.3322782515048825,因子数值不匹配
600186.SH,2006-11-20,0.3333,0.5000003728521852,因子数值不匹配
600187.SH,2000-09-05,0.1448,0.16928472992671698,因子数值不匹配
600187.SH,2001-05-15,0.337,0.5082871188635876,因子数值不匹配
600187.SH,2013-10-09,0.6,1.4999999999999998,因子数值不匹配
600188.SH,2005-07-27,0.3914,0.643091308216703,因子数值不匹配
600188.SH,2019-11-19,0.0978,0.10834210274562336,因子数值不匹配
600188.SH,2023-07-17,0.4181,0.7184168645271943,因子数值不匹配
600188.SH,2024-07-08,0.2801,0.389153874966886,因子数值不匹配
600189.SH,2018-07-16,0.2327,0.30322559988290504,因子数值不匹配
600191.SH,2001-10-19,0.1336,0.15426132724141553,因子数值不匹配
600191.SH,2008-06-17,0.375,0.5999998318291855,因子数值不匹配
600192.SH,2010-06-10,0.1662,0.19933499554636622,因子数值不匹配
600193.SH,2001-04-27,0.5009,1.003584,因子数值不匹配
600193.SH,2008-10-21,0.2354,0.30787029642879954,因子数值不匹配
600193.SH,2012-05-07,0.3361,0.506329500371695,因子数值不匹配
600193.SH,2013-11-05,0.234,0.3054262383627195,因子数值不匹配
600195.SH,2018-07-10,0.2981,0.42475180284809044,因子数值不匹配
600195.SH,2019-07-16,0.2969,0.4221809404648723,因子数值不匹配
600195.SH,2020-07-08,0.1707,0.20577610454756,因子数值不匹配
600196.SH,2000-03-31,0.1665,0.19974017819589823,因子数值不匹配
600196.SH,2002-06-18,0.2391,0.31428583638668417,因子数值不匹配
600196.SH,2004-06-24,0.5092,1.0375494031533834,因子数值不匹配
600196.SH,2007-06-08,0.2359,0.3086734603115418,因子数值不匹配
600196.SH,2010-07-26,0.3368,0.5079115505851182,因子数值不匹配
600197.SH,2004-04-08,0.5097,1.039604465721569,因子数值不匹配
600198.SH,2000-10-18,0.2169,0.2770486583163793,因子数值不匹配
600199.SH,2000-06-16,0.4129,0.7032970000000001,因子数值不匹配
600199.SH,2010-05-17,0.5,1.0,因子数值不匹配
600200.SH,2001-04-12,0.3352,0.5042649999999999,因子数值不匹配
600200.SH,2001-08-28,0.2307,0.2999463192987938,因子数值不匹配
600200.SH,2003-10-28,0.3335,0.5004290593465796,因子数值不匹配
600200.SH,2006-09-07,0.3338,0.5010099637363125,因子数值不匹配
600201.SH,2004-06-15,0.5,1.0000009184642544,因子数值不匹配
600201.SH,2006-07-12,0.2229,0.2868524481640688,因子数值不匹配
600201.SH,2015-10-14,0.5,0.9999996822901542,因子数值不匹配
600201.SH,2017-10-09,0.2856,0.3997487799956932,因子数值不匹配
600201.SH,2018-06-25,0.241,0.31760650835700743,因子数值不匹配
600202.SH,2001-04-17,0.5028,1.011123,因子数值不匹配
600202.SH,2002-07-09,0.1,0.11111155309744858,因子数值不匹配
600202.SH,2008-06-25,0.2326,0.30303023965870607,因子数值不匹配
600202.SH,2009-05-11,0.1689,0.203246758457541,因子数值不匹配
600203.SH,2006-08-23,0.1507,0.17741847984226117,因子数值不匹配
600206.SH,2008-07-30,0.3336,0.5005238730831455,因子数值不匹配
600206.SH,2014-05-12,0.5,1.0000006509136874,因子数值不匹配
600208.SH,2002-07-24,0.1701,0.20496803881150177,因子数值不匹配
600208.SH,2006-02-14,0.1969,0.24513635005936865,因子数值不匹配
600208.SH,2008-03-13,0.3752,0.6005743691520157,因子数值不匹配
600208.SH,2010-04-01,0.3371,0.5085271422561434,因子数值不匹配
600208.SH,2011-07-01,0.1701,0.20502906358413142,因子数值不匹配
600210.SH,2001-09-25,0.355,0.5504064768783766,因子数值不匹配
600210.SH,2004-03-25,0.3907,0.6413500588758322,因子数值不匹配
600210.SH,2004-09-23,0.2865,0.4014776221535956,因子数值不匹配
600211.SH,2007-09-11,0.1162,0.13152191323297066,因子数值不匹配
600211.SH,2020-04-17,0.3053,0.43946221029198895,因子数值不匹配
600211.SH,2024-04-30,0.2427,0.3205661312888124,因子数值不匹配
600212.SH,2002-07-22,0.2107,0.2668716292161364,因子数值不匹配
600212.SH,2006-06-26,0.3745,0.598746485111292,因子数值不匹配
600215.SH,2000-05-16,0.1665,0.19973799999999997,因子数值不匹配
600215.SH,2011-06-03,0.2306,0.29967968393382755,因子数值不匹配
600216.SH,2000-10-09,0.2306,0.2996759729967599,因子数值不匹配
600216.SH,2001-05-25,0.3333,0.500000761728331,因子数值不匹配
600216.SH,2013-10-09,0.4446,0.8004849078046963,因子数值不匹配
600217.SH,2001-05-15,0.5007,1.0029451916395198,因子数值不匹配
600217.SH,2004-04-20,0.3768,0.6046268142402071,因子数值不匹配
600219.SH,2006-03-31,0.3647,0.5741174097612998,因子数值不匹配
600219.SH,2016-08-30,0.6045,1.5284816672424308,因子数值不匹配
600221.SH,2013-06-07,0.5102,1.041493171418975,因子数值不匹配
600222.SH,2006-08-28,0.1061,0.11870784300094682,因子数值不匹配
600222.SH,2006-09-04,0.4724,0.8951968849200619,因子数值不匹配
600222.SH,2010-05-12,0.2321,0.30232531769962795,因子数值不匹配
600223.SH,2000-06-14,0.231,0.300327,因子数值不匹配
600226.SH,2000-09-28,0.3755,0.601378338318862,因子数值不匹配
600226.SH,2001-04-10,0.1693,0.20380912781455054,因子数值不匹配
600226.SH,2001-09-07,0.1714,0.20691222413306345,因子数值不匹配
600226.SH,2010-05-25,0.341,0.5174013954571576,因子数值不匹配
600226.SH,2015-10-12,0.636,1.7476103785164085,因子数值不匹配
600226.SH,2017-09-20,0.2853,0.3991161273308572,因子数值不匹配
600226.SH,2018-03-26,0.231,0.300438828797766,因子数值不匹配
600227.SH,2008-05-13,0.4477,0.8105444586978263,因子数值不匹配
600227.SH,2010-05-12,0.5017,1.0069683853591465,因子数值不匹配
600228.SH,2001-05-22,0.3763,0.603343,因子数值不匹配
600230.SH,2018-05-30,0.2948,0.41796985493191086,因子数值不匹配
600231.SH,2002-10-15,0.2302,0.29905108901051025,因子数值不匹配
600231.SH,2003-04-17,0.2404,0.3164555165140912,因子数值不匹配
600231.SH,2008-04-24,0.2272,0.29399397041660386,因子数值不匹配
600231.SH,2016-05-10,0.5019,1.0074352711006562,因子数值不匹配
600231.SH,2018-06-20,0.1034,0.11527367013734147,因子数值不匹配
600232.SH,2001-05-25,0.2341,0.3056970000000001,因子数值不匹配
600232.SH,2008-08-08,0.2308,0.30000014263239483,因子数值不匹配
600233.SH,2002-07-24,0.3371,0.5086124771492572,因子数值不匹配
600233.SH,2016-04-26,0.5013,1.0050786234494493,因子数值不匹配
600234.SH,2007-02-09,0.3495,0.5373829999999999,因子数值不匹配
600234.SH,2011-04-21,0.286,0.4005683684547053,因子数值不匹配
600235.SH,2003-04-14,0.2928,0.41402107454908543,因子数值不匹配
600236.SH,2005-06-22,0.5111,1.045454630010287,因子数值不匹配
600236.SH,2010-05-06,0.296,0.42037026884715845,因子数值不匹配
600236.SH,2019-07-10,0.2623,0.3555552830171207,因子数值不匹配
600237.SH,2003-06-02,0.5023,1.0091572278177554,因子数值不匹配
600237.SH,2006-05-31,0.3398,0.5147931711241737,因子数值不匹配
600238.SH,2010-05-24,0.4444,0.7999998107779015,因子数值不匹配
600238.SH,2011-05-23,0.3356,0.5050706271556868,因子数值不匹配
600239.SH,2001-06-22,0.3348,0.503401,因子数值不匹配
600239.SH,2001-11-02,0.1675,0.20115458217734325,因子数值不匹配
600239.SH,2002-07-03,0.4477,0.8105903159327551,因子数值不匹配
600239.SH,2007-11-30,0.1171,0.1326948675261903,因子数值不匹配
600239.SH,2009-06-16,0.3332,0.4997440813889568,因子数值不匹配
600239.SH,2011-06-13,0.2326,0.30316739240425095,因子数值不匹配
600239.SH,2015-06-16,0.2336,0.30482641850625,因子数值不匹配
600239.SH,2017-06-01,0.3444,0.5252100539588961,因子数值不匹配
600241.SH,2012-05-08,0.4121,0.7010621900705368,因子数值不匹配
600243.SH,2006-12-25,0.1628,0.19438864256818061,因子数值不匹配
600246.SH,2007-03-16,0.5009,1.0036800241030819,因子数值不匹配
600246.SH,2007-10-23,0.3332,0.4997905594374571,因子数值不匹配
600246.SH,2009-04-16,0.5073,1.0294861521394683,因子数值不匹配
600246.SH,2010-04-07,0.1747,0.2116337047311442,因子数值不匹配
600248.SH,2007-02-15,0.1333,0.1538457000311697,因子数值不匹配
600248.SH,2009-05-18,0.3336,0.5005270634512813,因子数值不匹配
600248.SH,2010-05-06,0.2854,0.3993013573612186,因子数值不匹配
600248.SH,2016-06-07,0.2357,0.3084416801520624,因子数值不匹配
600249.SH,2007-09-18,0.4999,0.9996379704064011,因子数值不匹配
600249.SH,2008-08-14,0.3453,0.5274723438232605,因子数值不匹配
600250.SH,2003-06-12,0.3386,0.5118481414680051,因子数值不匹配
600250.SH,2004-06-16,0.2343,0.3060239495256194,因子数值不匹配
600251.SH,2004-06-21,0.3498,0.537893,因子数值不匹配
600251.SH,2008-03-27,0.2308,0.29996951325850296,因子数值不匹配
600251.SH,2009-05-12,0.3353,0.5044248051431188,因子数值不匹配
600251.SH,2015-05-19,0.5033,1.0134466021263566,因子数值不匹配
600252.SH,2003-08-21,0.1718,0.2073958803012281,因子数值不匹配
600252.SH,2004-10-20,0.234,0.30549474614052374,因子数值不匹配
600252.SH,2009-06-12,0.1677,0.20148679418928467,因子数值不匹配
600252.SH,2010-08-30,0.5004,1.0016036631439533,因子数值不匹配
600252.SH,2011-06-23,0.5009,1.0035565729086844,因子数值不匹配
600252.SH,2015-09-16,0.673,2.0576575753762705,因子数值不匹配
600255.SH,2006-05-24,0.2332,0.3041827861441691,因子数值不匹配
600255.SH,2007-04-09,0.3369,0.5080574438284777,因子数值不匹配
600255.SH,2008-05-08,0.5013,1.0050186293494379,因子数值不匹配
600255.SH,2014-10-10,0.5999,1.4991870269958882,因子数值不匹配
600256.SH,2000-11-06,0.5,1.0,因子数值不匹配
600256.SH,2001-09-28,0.4153,0.710345,因子数值不匹配
600256.SH,2002-09-12,0.1693,0.20381677380879298,因子数值不匹配
600256.SH,2004-06-23,0.1707,0.20588231022638961,因子数值不匹配
600256.SH,2009-04-23,0.0968,0.10721655391505786,因子数值不匹配
600256.SH,2010-04-27,0.2316,0.30142849442078606,因子数值不匹配
600256.SH,2011-03-30,0.3345,0.5027073634099332,因子数值不匹配
600256.SH,2012-05-25,0.4444,0.7998670325782127,因子数值不匹配
600256.SH,2013-06-24,0.335,0.5037482036948638,因子数值不匹配
600256.SH,2023-06-29,0.1062,0.11879717544329957,因子数值不匹配
600256.SH,2025-07-18,0.1003,0.11151721581627469,因子数值不匹配
600257.SH,2004-06-16,0.5,1.0000009849315326,因子数值不匹配
600257.SH,2005-07-15,0.3368,0.5078737850259948,因子数值不匹配
600257.SH,2006-04-25,0.231,0.30046928577050686,因子数值不匹配
600257.SH,2008-05-19,0.3349,0.5035868365606502,因子数值不匹配
600258.SH,2017-05-25,0.1668,0.20019081607314054,因子数值不匹配
600258.SH,2018-05-24,0.1688,0.20309930735758802,因子数值不匹配
600261.SH,2006-06-07,0.1749,0.21202227752541836,因子数值不匹配
600261.SH,2007-05-28,0.2343,0.3059308274946625,因子数值不匹配
600261.SH,2008-04-22,0.2377,0.31178403198816046,因子数值不匹配
600261.SH,2011-04-18,0.3364,0.5068806587097003,因子数值不匹配
600261.SH,2012-05-23,0.3391,0.5131466347696508,因子数值不匹配
600261.SH,2014-06-20,0.3397,0.5144724729434123,因子数值不匹配
600261.SH,2015-05-26,0.3398,0.5146770477126965,因子数值不匹配
600265.SH,2006-09-21,0.1916,0.23699468529465595,因子数值不匹配
600266.SH,2001-06-08,0.3481,0.5339670000000001,因子数值不匹配
600266.SH,2010-08-09,0.1727,0.20882082613925007,因子数值不匹配
600266.SH,2014-04-16,0.2034,0.25529283744951486,因子数值不匹配
600266.SH,2019-06-17,0.1869,0.22981350235652476,因子数值不匹配
600266.SH,2020-06-29,0.1975,0.24606301083045803,因子数值不匹配
600267.SH,2001-05-24,0.3766,0.604096,因子数值不匹配
600267.SH,2004-09-29,0.4443,0.7995045788920582,因子数值不匹配
600267.SH,2012-05-25,0.3789,0.6100465692693926,因子数值不匹配
600268.SH,2006-09-26,0.3331,0.4995198209558485,因子数值不匹配
600268.SH,2010-05-06,0.3362,0.5063686979938842,因子数值不匹配
600268.SH,2011-04-26,0.5027,1.0106911468237771,因子数值不匹配
600268.SH,2023-05-30,0.174,0.21067818068272326,因子数值不匹配
600268.SH,2024-06-28,0.1776,0.21597090520702486,因子数值不匹配
600269.SH,2004-06-10,0.5072,1.0293249976497132,因子数值不匹配
600269.SH,2006-09-20,0.3333,0.4999999999999999,因子数值不匹配
600269.SH,2009-09-14,0.5,1.0,因子数值不匹配
600271.SH,2005-06-17,0.4835,0.93611905630315,因子数值不匹配
600271.SH,2008-05-09,0.5035,1.014294440575357,因子数值不匹配
600271.SH,2009-05-27,0.3407,0.516646304952484,因子数值不匹配
600271.SH,2016-05-31,0.5051,1.0208074422487503,因子数值不匹配
600276.SH,2001-05-11,0.3766,0.604231,因子数值不匹配
600276.SH,2002-05-21,0.1691,0.20347942409790107,因子数值不匹配
600276.SH,2006-08-29,0.2309,0.3002694464033588,因子数值不匹配
600276.SH,2007-04-02,0.2344,0.3061987539147405,因子数值不匹配
600276.SH,2008-04-11,0.1686,0.20279318915404818,因子数值不匹配
600276.SH,2009-04-30,0.1687,0.20299219891516976,因子数值不匹配
600276.SH,2010-03-17,0.1685,0.20258498043004494,因子数值不匹配
600276.SH,2011-04-26,0.3346,0.5029258966799703,因子数值不匹配
600276.SH,2015-06-15,0.232,0.3020008503004697,因子数值不匹配
600276.SH,2016-06-16,0.1684,0.20249872575575098,因子数值不匹配
600276.SH,2017-05-31,0.1686,0.2028184903495321,因子数值不匹配
600276.SH,2018-05-30,0.2318,0.30177343898399034,因子数值不匹配
600276.SH,2019-03-28,0.1692,0.2036257674078253,因子数值不匹配
600276.SH,2020-05-25,0.1686,0.2028603784248711,因子数值不匹配
600276.SH,2021-06-10,0.1686,0.20283060242020634,因子数值不匹配
600278.SH,2012-05-31,0.2346,0.30647472245710217,因子数值不匹配
600279.SH,2016-05-31,0.3372,0.5086953395715549,因子数值不匹配
600280.SH,2013-05-22,0.5016,1.0065406244247177,因子数值不匹配
600280.SH,2013-09-25,0.5016,1.0064391829116515,因子数值不匹配
600280.SH,2015-06-12,0.503,1.012084505583722,因子数值不匹配
600281.SH,2006-10-17,0.2298,0.2984125216276709,因子数值不匹配
600282.SH,2001-05-21,0.1737,0.21019100000000002,因子数值不匹配
600282.SH,2005-05-27,0.3689,0.5844880652475365,因子数值不匹配
600282.SH,2008-05-16,0.4474,0.8096741718655083,因子数值不匹配
600283.SH,2024-08-16,0.298,0.42446051837488125,因子数值不匹配
600284.SH,2011-07-06,0.1732,0.2094353050440881,因子数值不匹配
600284.SH,2012-05-17,0.1756,0.21303295157040794,因子数值不匹配
600284.SH,2018-04-26,0.3002,0.429031849366779,因子数值不匹配
600285.SH,2007-11-06,0.5017,1.0069229601003296,因子数值不匹配
600285.SH,2013-07-01,0.3381,0.5109073173242027,因子数值不匹配
600285.SH,2014-07-02,0.3405,0.5163103390705204,因子数值不匹配
600287.SH,2001-04-20,0.1023,0.11392899999999995,因子数值不匹配
600287.SH,2002-06-10,0.241,0.31760552063910724,因子数值不匹配
600287.SH,2004-06-11,0.5119,1.0487336050053073,因子数值不匹配
600288.SH,2002-07-19,0.3366,0.5073069620977785,因子数值不匹配
600288.SH,2006-06-20,0.3801,0.613138508838372,因子数值不匹配
600288.SH,2009-06-05,0.2304,0.29931993544478386,因子数值不匹配
600289.SH,2004-06-18,0.5089,1.0364171037218142,因子数值不匹配
600289.SH,2006-06-26,0.1337,0.1543909128215662,因子数值不匹配
600289.SH,2007-06-08,0.1677,0.20155531369162574,因子数值不匹配
600289.SH,2008-07-22,0.1687,0.202941121978579,因子数值不匹配
600289.SH,2010-04-16,0.3751,0.6003552848277293,因子数值不匹配
600292.SH,2004-10-20,0.4996,0.9983028590441023,因子数值不匹配
600292.SH,2015-07-13,0.2354,0.3079342817747434,因子数值不匹配
600293.SH,2002-07-03,0.2321,0.3022671055256334,因子数值不匹配
600293.SH,2006-06-19,0.204,0.2562671705269318,因子数值不匹配
600293.SH,2017-06-12,0.3351,0.5040487678885858,因子数值不匹配
600295.SH,2003-06-13,0.5093,1.0380952287364613,因子数值不匹配
600295.SH,2022-06-13,0.3318,0.49662486160900227,因子数值不匹配
600295.SH,2023-06-30,0.3379,0.7621383194215965,因子数值不匹配
600298.SH,2007-08-23,0.5,1.0,因子数值不匹配
600298.SH,2016-05-06,0.6027,1.5173020540392685,因子数值不匹配
600299.SH,2006-08-11,0.3376,0.5097401397598732,因子数值不匹配
600299.SH,2008-06-13,0.2309,0.3001418399944898,因子数值不匹配
600300.SH,2005-07-11,0.5203,1.0847460588842834,因子数值不匹配
600300.SH,2009-05-11,0.5466,1.2055751292585295,因子数值不匹配
600302.SH,2001-10-29,0.5,1.0000009933090699,因子数值不匹配
600303.SH,2001-05-30,0.4478,0.8110869999999999,因子数值不匹配
600303.SH,2010-12-08,0.1467,0.17190299647813867,因子数值不匹配
600303.SH,2011-05-19,0.5015,1.0061350654673527,因子数值不匹配
600305.SH,2013-11-13,0.5,1.0,因子数值不匹配
600305.SH,2016-06-17,0.5054,1.0218773086551847,因子数值不匹配
600305.SH,2018-06-15,0.2396,0.31517090424618294,因子数值不匹配
600305.SH,2020-06-04,0.2259,0.2917633515165189,因子数值不匹配
600307.SH,2006-06-28,0.1852,0.2272731105545859,因子数值不匹配
600307.SH,2011-05-16,0.5036,1.0145629989387341,因子数值不匹配
600308.SH,2002-07-08,0.169,0.20336577892026797,因子数值不匹配
600308.SH,2003-05-28,0.2333,0.3042745617526137,因子数值不匹配
600308.SH,2006-06-26,0.3919,0.6445311822361003,因子数值不匹配
600308.SH,2011-08-08,0.4447,0.8007119093433587,因子数值不匹配
600308.SH,2023-05-29,0.2852,0.3989217894052269,因子数值不匹配
600309.SH,2001-04-19,0.5008,1.0031949999999998,因子数值不匹配
600309.SH,2002-04-15,0.3801,0.6131579801267476,因子数值不匹配
600309.SH,2004-05-17,0.4185,0.7197581307415207,因子数值不匹配
600309.SH,2005-04-01,0.2395,0.3149780020051717,因子数值不匹配
600309.SH,2006-06-05,0.2906,0.4097000235630064,因子数值不匹配
600309.SH,2007-07-11,0.2871,0.402735883177294,因子数值不匹配
600309.SH,2011-05-12,0.2436,0.32197799308107095,因子数值不匹配
600309.SH,2017-05-18,0.1814,0.22164947001985555,因子数值不匹配
600310.SH,2011-04-28,0.3437,0.5237200152093768,因子数值不匹配
600310.SH,2015-09-14,0.6695,2.025959881725561,因子数值不匹配
600310.SH,2022-05-23,0.1705,0.20552135086092818,因子数值不匹配
600312.SH,2003-05-30,0.4156,0.7110422452684152,因子数值不匹配
600312.SH,2006-05-22,0.146,0.17098862418096233,因子数值不匹配
600312.SH,2008-05-15,0.2905,0.4095064643247043,因子数值不匹配
600312.SH,2009-06-09,0.1712,0.20661124416152218,因子数值不匹配
600312.SH,2010-06-18,0.1694,0.2039312262116189,因子数值不匹配
600313.SH,2007-12-24,0.1713,0.2067554124401226,因子数值不匹配
600313.SH,2016-06-16,0.6016,1.5098395044312203,因子数值不匹配
600315.SH,2008-05-27,0.17,0.20475465963374753,因子数值不匹配
600315.SH,2009-05-21,0.3376,0.5095599131999576,因子数值不匹配
600315.SH,2010-04-14,0.2369,0.3105216947959078,因子数值不匹配
600315.SH,2013-05-27,0.3402,0.5154962740529283,因子数值不匹配
600316.SH,2001-10-12,0.3335,0.5003754613593494,因子数值不匹配
600316.SH,2004-05-28,0.1727,0.20868105218923388,因子数值不匹配
600316.SH,2008-04-01,0.2899,0.4082891334302272,因子数值不匹配
600316.SH,2010-10-11,0.3752,0.6005822157985344,因子数值不匹配
600318.SH,2007-07-18,0.1736,0.21002013810678133,因子数值不匹配
600318.SH,2017-05-04,0.5023,1.0093195228607985,因子数值不匹配
600320.SH,2004-05-10,0.5056,1.0226723768324,因子数值不匹配
600320.SH,2005-07-05,0.3418,0.5192634714737143,因子数值不匹配
600320.SH,2006-07-03,0.5051,1.0204707093686625,因子数值不匹配
600320.SH,2009-06-24,0.2328,0.3035203367482873,因子数值不匹配
600320.SH,2018-08-13,0.1752,0.2124645107253055,因子数值不匹配
600322.SH,2007-06-11,0.5013,1.005295112549857,因子数值不匹配
600323.SH,2008-05-30,0.2411,0.3177393963246647,因子数值不匹配
600323.SH,2011-07-01,0.1787,0.2175439425997944,因子数值不匹配
600323.SH,2012-04-10,0.3383,0.5112109662620966,因子数值不匹配
600325.SH,2005-10-28,0.2311,0.30053669907888836,因子数值不匹配
600325.SH,2008-02-27,0.5012,1.004710004300895,因子数值不匹配
600325.SH,2017-06-08,0.4718,0.8931473630617229,因子数值不匹配
600326.SH,2002-03-28,0.4466,0.8070914001353366,因子数值不匹配
600326.SH,2008-06-05,0.4996,0.9984755756755535,因子数值不匹配
600326.SH,2010-06-10,0.1669,0.2003987755758285,因子数值不匹配
600326.SH,2017-07-03,0.2364,0.30960852334785194,因子数值不匹配
600326.SH,2023-08-08,0.2313,0.30081286322578116,因子数值不匹配
600327.SH,2004-05-13,0.5031,1.0126102742157124,因子数值不匹配
600327.SH,2006-05-29,0.3466,0.5303596050823342,因子数值不匹配
600327.SH,2010-06-21,0.3781,0.6078641905078785,因子数值不匹配
600327.SH,2018-06-07,0.247,0.32795692798170484,因子数值不匹配
600327.SH,2019-05-30,0.2016,0.2525773189557325,因子数值不匹配
600327.SH,2020-09-24,0.1068,0.119617147452372,因子数值不匹配
600328.SH,2003-05-22,0.2373,0.31106329907022673,因子数值不匹配
600328.SH,2004-05-25,0.3748,0.5995202213676294,因子数值不匹配
600328.SH,2023-06-13,0.2624,0.35570449468290266,因子数值不匹配
600329.SH,2010-07-05,0.4998,0.999116531180152,因子数值不匹配
600330.SH,2001-10-12,0.3333,0.5,因子数值不匹配
600330.SH,2005-06-17,0.3862,0.6292135996779697,因子数值不匹配
600330.SH,2008-06-13,0.1706,0.2057144377948343,因子数值不匹配
600330.SH,2018-06-25,0.1714,0.20678987994691897,因子数值不匹配
600331.SH,2004-05-11,0.3805,0.6141082831338477,因子数值不匹配
600331.SH,2004-12-03,0.5,1.0,因子数值不匹配
600331.SH,2008-07-03,0.5256,1.1078167060738064,因子数值不匹配
600333.SH,2002-05-23,0.4146,0.708117514484877,因子数值不匹配
600333.SH,2006-12-22,0.1197,0.13598347369819208,因子数值不匹配
600335.SH,2006-12-08,0.1554,0.18395296970746808,因子数值不匹配
600335.SH,2008-04-01,0.5008,1.0031406727091503,因子数值不匹配
600335.SH,2016-05-20,0.3382,0.5110523285742463,因子数值不匹配
600336.SH,2013-07-18,0.4995,0.9980620319684487,因子数值不匹配
600337.SH,2002-06-24,0.1711,0.20639864605825373,因子数值不匹配
600337.SH,2004-10-15,0.4447,0.8007111975441583,因子数值不匹配
600337.SH,2008-04-09,0.4453,0.8028323854613223,因子数值不匹配
600337.SH,2017-04-19,0.5752,1.3538731172775396,因子数值不匹配
600338.SH,2019-06-18,0.287,0.4024918588486223,因子数值不匹配
600339.SH,2001-10-31,0.2859,0.40033399768388506,因子数值不匹配
600339.SH,2002-09-16,0.3332,0.4996159232381578,因子数值不匹配
600339.SH,2005-06-01,0.183,0.22405640158855225,因子数值不匹配
600339.SH,2008-04-08,0.2335,0.3045585490303,因子数值不匹配
600339.SH,2011-05-30,0.1021,0.11371838893562206,因子数值不匹配
600340.SH,2006-07-11,0.3445,0.5256058082274522,因子数值不匹配
600340.SH,2011-06-01,0.3747,0.5992271056787875,因子数值不匹配
600340.SH,2012-05-09,0.3386,0.5119121072580588,因子数值不匹配
600340.SH,2013-10-10,0.3362,0.5065559586468948,因子数值不匹配
600340.SH,2015-05-04,0.5064,1.0257916307854078,因子数值不匹配
600340.SH,2020-07-10,0.272,0.3736532194649975,因子数值不匹配
600343.SH,2010-07-22,0.1082,0.12129787941107059,因子数值不匹配
600343.SH,2014-04-23,0.5028,1.0110989299260955,因子数值不匹配
600345.SH,2002-06-13,0.1721,0.20780577597572197,因子数值不匹配
600346.SH,2009-06-09,0.5,1.0,因子数值不匹配
600346.SH,2015-07-15,0.5655,1.3012381153965789,因子数值不匹配
600346.SH,2019-06-27,0.2932,0.4147776145393519,因子数值不匹配
600348.SH,2008-07-15,0.5049,1.019924400549814,因子数值不匹配
600348.SH,2010-06-08,0.6035,1.5222818733359522,因子数值不匹配
600348.SH,2023-06-16,0.3786,0.6091811060573482,因子数值不匹配
600351.SH,2004-05-25,0.3441,0.5245230434563158,因子数值不匹配
600351.SH,2009-04-20,0.504,1.0160066793455074,因子数值不匹配
600351.SH,2010-05-28,0.5022,1.008911091301264,因子数值不匹配
600352.SH,2004-05-11,0.5067,1.027027,因子数值不匹配
600352.SH,2005-04-28,0.2412,0.31786947090492634,因子数值不匹配
600352.SH,2009-06-05,0.5064,1.025956423691476,因子数值不匹配
600352.SH,2015-06-10,0.506,1.0244754377049954,因子数值不匹配
600353.SH,2004-07-02,0.1346,0.15555471333599621,因子数值不匹配
600353.SH,2006-10-27,0.1589,0.1888672485356044,因子数值不匹配
600353.SH,2011-07-01,0.5011,1.0042146369585434,因子数值不匹配
600353.SH,2015-07-06,0.5019,1.0077950928732087,因子数值不匹配
600353.SH,2023-05-19,0.2855,0.39952152617405173,因子数值不匹配
600354.SH,2012-05-04,0.5455,1.2002659543399619,因子数值不匹配
600355.SH,2003-05-15,0.5085,1.0346320000000002,因子数值不匹配
600355.SH,2015-09-25,0.5,1.0,因子数值不匹配
600356.SH,2011-05-30,0.1738,0.21040414094465743,因子数值不匹配
600358.SH,2002-09-16,0.3332,0.49961999999999995,因子数值不匹配
600358.SH,2004-08-25,0.4439,0.7983196173212755,因子数值不匹配
600360.SH,2005-10-28,0.4997,0.9986738416743781,因子数值不匹配
600360.SH,2008-05-09,0.5,1.0,因子数值不匹配
600360.SH,2011-05-24,0.2319,0.30194305208534,因子数值不匹配
600360.SH,2019-04-15,0.1114,0.12537312943991055,因子数值不匹配
600361.SH,2004-05-28,0.5068,1.0276627039679858,因子数值不匹配
600361.SH,2006-05-17,0.2309,0.3002812986067444,因子数值不匹配
600361.SH,2008-07-01,0.231,0.30043221944359416,因子数值不匹配
600363.SH,2002-05-20,0.3356,0.5050586641292637,因子数值不匹配
600363.SH,2006-07-14,0.3338,0.5011487738753504,因子数值不匹配
600365.SH,2015-10-26,0.4998,0.999168611176312,因子数值不匹配
600366.SH,2001-04-26,0.336,0.5059670000000001,因子数值不匹配
600366.SH,2002-05-20,0.3384,0.5114215650143727,因子数值不匹配
600366.SH,2006-06-12,0.2425,0.32007606138243827,因子数值不匹配
600366.SH,2011-06-13,0.235,0.30724642259215973,因子数值不匹配
600366.SH,2018-05-23,0.4557,0.8371809680201163,因子数值不匹配
600367.SH,2002-04-16,0.2356,0.308149,因子数值不匹配
600367.SH,2003-06-10,0.2928,0.41401247105643163,因子数值不匹配
600367.SH,2004-05-21,0.3793,0.6111731867700038,因子数值不匹配
600368.SH,2012-06-12,0.3396,0.5141513308875322,因子数值不匹配
600368.SH,2018-05-21,0.2804,0.38974346260963727,因子数值不匹配
600368.SH,2023-06-14,0.1029,0.1147543954146421,因子数值不匹配
600368.SH,2024-06-20,0.2473,0.328611637980904,因子数值不匹配
600369.SH,2006-07-21,0.2961,0.4206356600826242,因子数值不匹配
600369.SH,2015-09-29,0.5035,1.014193109904272,因子数值不匹配
600370.SH,2006-09-21,0.444,0.7985080294989947,因子数值不匹配
600370.SH,2016-05-23,0.6004,1.502752616987999,因子数值不匹配
600371.SH,2003-05-28,0.3559,0.552659,因子数值不匹配
600371.SH,2010-05-17,0.1061,0.11875607361392818,因子数值不匹配
600371.SH,2013-07-08,0.1819,0.22234889202490052,因子数值不匹配
600371.SH,2020-07-08,0.2354,0.3079494386969469,因子数值不匹配
600372.SH,2007-04-25,0.1,0.0,缺失大额因子
600372.SH,2012-04-19,0.375,0.6001164874381696,因子数值不匹配
600372.SH,2013-08-13,0.2324,0.3027057487139872,因子数值不匹配
600373.SH,2008-07-24,0.3347,0.5030064002767686,因子数值不匹配
600373.SH,2014-06-23,0.4497,0.8173237568895205,因子数值不匹配
600373.SH,2024-01-02,0.0843,0.04512649872623981,因子数值不匹配
600375.SH,2004-05-20,0.3479,0.5334589999999999,因子数值不匹配
600375.SH,2006-05-22,0.3498,0.5380577476614954,因子数值不匹配
600375.SH,2024-01-02,0.0603,0.027649781348549868,因子数值不匹配
600376.SH,2002-05-20,0.3799,0.6125840499610925,因子数值不匹配
600376.SH,2006-06-15,0.3399,0.5148248970627161,因子数值不匹配
600376.SH,2011-04-22,0.2396,0.31501534170579026,因子数值不匹配
600376.SH,2013-05-20,0.3489,0.5358209283790284,因子数值不匹配
600377.SH,2024-01-02,0.0669,1.5696919999999999,因子数值不匹配
600378.SH,2001-04-27,0.2328,0.303361,因子数值不匹配
600378.SH,2002-05-16,0.2345,0.30640935243574113,因子数值不匹配
600378.SH,2006-11-09,0.2042,0.2566190649544543,因子数值不匹配
600379.SH,2007-11-05,0.1159,0.13110082532921802,因子数值不匹配
600379.SH,2009-04-24,0.1661,0.19925296205495355,因子数值不匹配
600379.SH,2019-07-18,0.2915,0.4113713725451873,因子数值不匹配
600380.SH,2002-06-03,0.3419,0.5196016727921895,因子数值不匹配
600380.SH,2003-11-17,0.3333,0.500000639017651,因子数值不匹配
600380.SH,2008-04-24,0.4481,0.8120049211716038,因子数值不匹配
600380.SH,2010-04-14,0.1668,0.2001802961115328,因子数值不匹配
600380.SH,2012-05-16,0.1667,0.20000000000000004,因子数值不匹配
600380.SH,2018-10-16,0.0952,0.10526306896044797,因子数值不匹配
600381.SH,2004-07-19,0.5,1.0,因子数值不匹配
600381.SH,2005-05-12,0.2314,0.3010377349144552,因子数值不匹配
600381.SH,2011-08-25,0.3336,0.5006781558562245,因子数值不匹配
600381.SH,2012-05-15,0.4122,0.7011719586187223,因子数值不匹配
600381.SH,2014-06-27,7.0529,0.8758208357549854,因子数值不匹配
600382.SH,2007-10-19,0.4998,0.9990825495254204,因子数值不匹配
600382.SH,2019-06-12,0.2353,0.3076925112323578,因子数值不匹配
600382.SH,2020-07-06,0.2374,0.31128404669260695,因子数值不匹配
600382.SH,2022-06-15,0.1509,0.1777775766980803,因子数值不匹配
600383.SH,2005-05-30,0.4679,0.8793100815149951,因子数值不匹配
600383.SH,2008-04-02,0.5006,1.002307360509569,因子数值不匹配
600383.SH,2009-06-02,0.2355,0.30804235614673176,因子数值不匹配
600383.SH,2010-05-04,0.4494,0.8161434749953704,因子数值不匹配
600386.SH,2005-08-12,0.3811,0.6158184175565048,因子数值不匹配
600386.SH,2017-08-24,0.5041,1.016615947575752,因子数值不匹配
600388.SH,2013-06-03,0.5034,1.013810263153987,因子数值不匹配
600388.SH,2015-06-05,0.6019,1.51187448069237,因子数值不匹配
600389.SH,2002-05-28,0.169,0.20342661450089095,因子数值不匹配
600389.SH,2004-06-03,0.1029,0.11468545045889977,因子数值不匹配
600389.SH,2016-06-02,0.3342,0.5020377356457968,因子数值不匹配
600389.SH,2023-06-09,0.315,0.45978689739578293,因子数值不匹配
600390.SH,2007-06-01,0.3339,0.501307463637848,因子数值不匹配
600390.SH,2013-07-09,0.5,1.0000006480532804,因子数值不匹配
600390.SH,2019-09-26,0.1828,0.22368411499297147,因子数值不匹配
600391.SH,2012-06-25,0.4463,0.8060912097806857,因子数值不匹配
600392.SH,2005-07-18,0.337,0.5083459682568549,因子数值不匹配
600392.SH,2007-10-12,0.3115,0.45243428101937205,因子数值不匹配
600392.SH,2015-09-30,0.6028,1.5176582918420334,因子数值不匹配
600392.SH,2018-07-02,0.2323,0.30256820998197653,因子数值不匹配
600395.SH,2008-07-28,0.3783,0.6085578591153432,因子数值不匹配
600395.SH,2012-07-16,0.3523,0.5438597231622532,因子数值不匹配
600396.SH,2004-05-27,0.4139,0.706186,因子数值不匹配
600396.SH,2007-09-13,0.2309,0.30024100809712834,因子数值不匹配
600396.SH,2014-05-16,0.507,1.0285170068027212,因子数值不匹配
600397.SH,2006-08-30,0.1824,0.22312416850175215,因子数值不匹配
600397.SH,2013-05-17,0.4996,0.998263498038368,因子数值不匹配
600397.SH,2014-06-24,0.1188,0.1347709603449584,因子数值不匹配
600398.SH,2001-09-28,0.4117,0.6998572271081839,因子数值不匹配
600398.SH,2002-04-16,0.2316,0.3013511003536038,因子数值不匹配
600398.SH,2008-06-17,0.4994,0.9974809647563032,因子数值不匹配
600398.SH,2022-06-29,0.0959,0.10602919774408706,因子数值不匹配
600399.SH,2015-06-10,0.6005,1.5030115880030088,因子数值不匹配
600400.SH,2005-05-27,0.301,0.43059524722152953,因子数值不匹配
600400.SH,2006-05-31,0.2314,0.3010384284315993,因子数值不匹配
600400.SH,2011-06-20,0.236,0.30896991149779685,因子数值不匹配
600400.SH,2016-03-29,0.5012,1.0049071654788098,因子数值不匹配
600400.SH,2017-05-24,0.1027,0.11450375936692606,因子数值不匹配
600400.SH,2018-05-08,0.3087,0.44646936593524084,因子数值不匹配
600403.SH,2004-09-08,0.4443,0.7995950000000001,因子数值不匹配
600403.SH,2013-06-17,0.5098,1.0401782127519172,因子数值不匹配
600405.SH,2005-07-14,0.1869,0.2298389999999999,因子数值不匹配
600405.SH,2007-06-25,0.5007,1.0030023499815284,因子数值不匹配
600405.SH,2011-07-05,0.1708,0.2059168393247183,因子数值不匹配
600405.SH,2014-07-17,0.3356,0.5051443477705498,因子数值不匹配
600405.SH,2017-06-08,0.1181,0.13397793038157943,因子数值不匹配
600406.SH,2004-04-02,0.3388,0.5123278799593487,因子数值不匹配
600406.SH,2004-10-14,0.2309,0.30023987672141694,因子数值不匹配
600406.SH,2007-03-27,0.1665,0.19974704124161338,因子数值不匹配
600406.SH,2010-03-24,0.5012,1.0047270559694685,因子数值不匹配
600406.SH,2011-03-25,0.5007,1.002887100647593,因子数值不匹配
600406.SH,2012-04-05,0.3354,0.5047663195664496,因子数值不匹配
600406.SH,2013-06-06,0.2922,0.4128269666551107,因子数值不匹配
600406.SH,2021-06-23,0.1789,0.2179377720554104,因子数值不匹配
600406.SH,2022-06-22,0.1772,0.21532174194368872,因子数值不匹配
600406.SH,2023-06-21,0.1784,0.2171453891126499,因子数值不匹配
600408.SH,2004-07-16,0.4141,0.7067037244460981,因子数值不匹配
600408.SH,2008-03-28,0.4443,0.7994608093756416,因子数值不匹配
600409.SH,2005-07-01,0.1903,0.2350234449003038,因子数值不匹配
600409.SH,2006-05-31,0.2554,0.343041782516827,因子数值不匹配
600409.SH,2008-06-11,0.384,0.6234392318605334,因子数值不匹配
600409.SH,2012-09-28,0.3327,0.498659798168641,因子数值不匹配
600410.SH,2005-05-18,0.2501,0.3335570000000001,因子数值不匹配
600410.SH,2006-04-21,0.3441,0.5247034809910635,因子数值不匹配
600410.SH,2007-04-20,0.4492,0.815658352837953,因子数值不匹配
600410.SH,2008-05-08,0.1763,0.2140272608580237,因子数值不匹配
600410.SH,2009-05-08,0.1027,0.1144367544551128,因子数值不匹配
600410.SH,2010-06-04,0.1011,0.11246937793257103,因子数值不匹配
600410.SH,2012-06-12,0.176,0.21358160890471514,因子数值不匹配
600410.SH,2016-05-11,0.288,0.40446162843963995,因子数值不匹配
600415.SH,2008-09-08,0.4999,0.9997659652310305,因子数值不匹配
600415.SH,2009-05-27,0.5014,1.0055424963732307,因子数值不匹配
600415.SH,2010-04-27,0.5,0.9999997618211159,因子数值不匹配
600415.SH,2011-06-24,0.5,0.9999998809105436,因子数值不匹配
600415.SH,2015-05-12,0.5022,1.0087720763402217,因子数值不匹配
600416.SH,2010-08-31,0.1086,0.1218338951084545,因子数值不匹配
600416.SH,2011-06-13,0.5,1.0,因子数值不匹配
600418.SH,2004-10-28,0.4444,0.80000018674642,因子数值不匹配
600418.SH,2005-12-14,0.3765,0.6038962169583936,因子数值不匹配
600418.SH,2007-07-05,0.1782,0.21678305953126237,因子数值不匹配
600419.SH,2018-05-28,0.5028,1.0111463287353122,因子数值不匹配
600419.SH,2020-01-14,0.1199,0.1361923894682432,因子数值不匹配
600420.SH,2005-06-15,0.346,0.529161,因子数值不匹配
600420.SH,2006-05-25,0.5066,1.0269121433256538,因子数值不匹配
600420.SH,2008-04-11,0.1002,0.1113584442574521,因子数值不匹配
600420.SH,2017-05-25,0.5039,1.0156059842959433,因子数值不匹配
600421.SH,2005-07-20,0.1671,0.2006079999999999,因子数值不匹配
600421.SH,2006-06-30,0.1658,0.19881843199445626,因子数值不匹配
600422.SH,2004-07-21,0.3839,0.6229971922143435,因子数值不匹配
600422.SH,2005-04-18,0.5048,1.0195806713808684,因子数值不匹配
600422.SH,2016-05-09,0.507,1.0285517241755744,因子数值不匹配
600423.SH,2004-06-21,0.2461,0.32638900000000004,因子数值不匹配
600423.SH,2008-04-10,0.1688,0.2031143460755637,因子数值不匹配
600423.SH,2010-05-26,0.3384,0.5115260054152313,因子数值不匹配
600425.SH,2008-07-15,0.3404,0.5161284968895536,因子数值不匹配
600425.SH,2010-08-31,0.1683,0.2023384179005908,因子数值不匹配
600425.SH,2013-06-04,0.5046,1.018442590295998,因子数值不匹配
600425.SH,2024-01-02,0.0528,0.02123147348042732,因子数值不匹配
600426.SH,2005-03-22,0.3377,0.5098035206804196,因子数值不匹配
600426.SH,2007-11-05,0.3333,0.5000003167851125,因子数值不匹配
600426.SH,2011-08-12,0.3374,0.5092841667757286,因子数值不匹配
600426.SH,2016-06-23,0.2377,0.311864483654836,因子数值不匹配
600426.SH,2017-06-08,0.2359,0.308810209449868,因子数值不匹配
600426.SH,2021-05-21,0.237,0.3106519321620004,因子数值不匹配
600426.SH,2024-01-02,0.0567,0.02664002828218806,因子数值不匹配
600428.SH,2004-07-14,0.2311,0.3005080591712065,因子数值不匹配
600428.SH,2005-05-16,0.3016,0.4317697634432064,因子数值不匹配
600428.SH,2008-09-23,0.5052,1.0211640932627881,因子数值不匹配
600428.SH,2024-01-02,0.0805,0.023987944896400437,因子数值不匹配
600433.SH,2010-04-26,0.2323,0.3026635881838047,因子数值不匹配
600433.SH,2011-04-13,0.1691,0.2035124234785739,因子数值不匹配
600433.SH,2012-05-30,0.2893,0.4071338424261719,因子数值不匹配
600433.SH,2013-04-22,0.5019,1.0075328661847751,因子数值不匹配
600435.SH,2006-06-16,0.3782,0.6083465164347157,因子数值不匹配
600435.SH,2009-02-24,0.4999,0.9994571346069089,因子数值不匹配
600435.SH,2010-03-17,0.339,0.5127533514925403,因子数值不匹配
600435.SH,2016-06-27,0.501,1.0040000428873854,因子数值不匹配
600436.SH,2015-06-04,0.6016,1.5099330695994595,因子数值不匹配
600436.SH,2016-05-24,0.3373,0.5089168710564507,因子数值不匹配
600438.SH,2006-05-22,0.5018,1.0070753128169792,因子数值不匹配
600438.SH,2007-05-22,0.5005,1.0019050002781018,因子数值不匹配
600438.SH,2016-05-19,0.5043,1.0173774518309877,因子数值不匹配
600439.SH,2004-05-21,0.1141,0.1287339999999999,因子数值不匹配
600439.SH,2005-05-20,0.2425,0.32007984166331493,因子数值不匹配
600439.SH,2006-06-19,0.1811,0.22117368973147322,因子数值不匹配
600439.SH,2007-04-12,0.2043,0.25670762135271374,因子数值不匹配
600439.SH,2008-04-11,0.5012,1.00471690274504,因子数值不匹配
600439.SH,2009-05-26,0.2357,0.3083645606599818,因子数值不匹配
600439.SH,2010-04-16,0.1715,0.2070409229659063,因子数值不匹配
600439.SH,2012-06-04,0.1779,0.21634614858513537,因子数值不匹配
600439.SH,2017-06-09,0.1732,0.2094593253110507,因子数值不匹配
600444.SH,2008-06-11,0.3332,0.4996878662856882,因子数值不匹配
600446.SH,2006-08-24,0.5,0.9999990294814421,因子数值不匹配
600446.SH,2011-09-23,0.4737,0.9000003795034008,因子数值不匹配
600446.SH,2015-09-17,0.6671,2.003549628798184,因子数值不匹配
600448.SH,2006-06-29,0.2349,0.30704156488858136,因子数值不匹配
600448.SH,2020-06-11,0.1663,0.19951898421049455,因子数值不匹配
600449.SH,2006-08-15,0.1474,0.17281603394264158,因子数值不匹配
600449.SH,2012-05-21,0.5104,1.0423322301481743,因子数值不匹配
600452.SH,2018-07-05,0.291,0.41052071153463837,因子数值不匹配
600452.SH,2019-06-19,0.2922,0.4128551156723904,因子数值不匹配
600452.SH,2020-06-23,0.2936,0.4157225334811143,因子数值不匹配
600452.SH,2021-05-27,0.2933,0.4150683119540919,因子数值不匹配
600452.SH,2022-06-28,0.1756,0.21301771277431916,因子数值不匹配
600452.SH,2023-07-11,0.1738,0.21028841617763502,因子数值不匹配
600452.SH,2024-01-02,0.3032,0.21028841617763502,因子数值不匹配
600456.SH,2006-09-20,0.4445,0.8002829345312638,因子数值不匹配
600458.SH,2004-03-03,0.5012,1.0048174105203438,因子数值不匹配
600458.SH,2006-06-26,0.1736,0.21004574794450886,因子数值不匹配
600458.SH,2011-04-19,0.5464,1.204555473739237,因子数值不匹配
600459.SH,2008-05-08,0.2314,0.30111334128737877,因子数值不匹配
600459.SH,2011-05-13,0.2325,0.3029250643098199,因子数值不匹配
600459.SH,2014-06-19,0.2354,0.30784180279089846,因子数值不匹配
600459.SH,2018-06-01,0.2369,0.31036999409590343,因子数值不匹配
600459.SH,2021-06-21,0.2367,0.3100910664180458,因子数值不匹配
600460.SH,2004-04-26,0.5023,1.0092582783839588,因子数值不匹配
600460.SH,2006-04-28,0.5033,1.013227416773746,因子数值不匹配
600460.SH,2012-06-11,0.5044,1.0177512884019206,因子数值不匹配
600460.SH,2014-05-21,0.2303,0.2992564917228356,因子数值不匹配
600461.SH,2011-06-02,0.3374,0.5091616943454086,因子数值不匹配
600461.SH,2016-09-27,0.4494,0.816301660505469,因子数值不匹配
600461.SH,2024-01-02,0.0827,0.054430405621207247,因子数值不匹配
600463.SH,2008-05-12,0.4457,0.8039429533318719,因子数值不匹配
600467.SH,2006-09-15,0.5,1.0,因子数值不匹配
600467.SH,2007-09-11,0.3758,0.6020203987909869,因子数值不匹配
600467.SH,2016-06-03,0.5006,1.0024094974734052,因子数值不匹配
600468.SH,2004-08-16,0.3744,0.5983933192563545,因子数值不匹配
600468.SH,2006-05-30,0.3329,0.49894713840163674,因子数值不匹配
600468.SH,2007-05-28,0.1712,0.20651410433964396,因子数值不匹配
600468.SH,2010-04-19,0.1666,0.19988603675657862,因子数值不匹配
600468.SH,2011-09-21,0.1676,0.20135361369885907,因子数值不匹配
600468.SH,2017-06-14,0.3354,0.5046152702394266,因子数值不匹配
600468.SH,2019-06-28,0.2763,0.38169636738833346,因子数值不匹配
600469.SH,2016-06-28,0.3707,0.5889685896686142,因子数值不匹配
600469.SH,2024-01-02,0.0547,0.00784905930038395,因子数值不匹配
600470.SH,2011-06-16,0.3816,0.6170960081133104,因子数值不匹配
600475.SH,2005-07-05,0.3895,0.6380960341419766,因子数值不匹配
600475.SH,2021-06-01,0.25,0.333333821364134,因子数值不匹配
600475.SH,2022-05-30,0.256,0.3441395513802909,因子数值不匹配
600475.SH,2024-01-02,0.0755,0.03301870607976184,因子数值不匹配
600476.SH,2007-06-14,0.1665,0.19975539470265546,因子数值不匹配
600476.SH,2008-05-22,0.2311,0.3005111804249517,因子数值不匹配
600477.SH,2004-04-26,0.5027,1.0108952095808383,因子数值不匹配
600477.SH,2005-04-15,0.3826,0.6196657232034867,因子数值不匹配
600477.SH,2009-07-01,0.2356,0.3082101768103083,因子数值不匹配
600477.SH,2010-07-14,0.1703,0.2052875722040243,因子数值不匹配
600477.SH,2011-07-06,0.1689,0.2031873378784748,因子数值不匹配
600477.SH,2015-06-04,0.2335,0.30458970924620676,因子数值不匹配
600477.SH,2016-06-13,0.2357,0.3084370268993665,因子数值不匹配
600477.SH,2017-07-03,0.2346,0.3065069868926109,因子数值不匹配
600477.SH,2018-05-23,0.2462,0.32656232188315143,因子数值不匹配
600477.SH,2019-06-11,0.1864,0.22910222621187223,因子数值不匹配
600477.SH,2024-01-02,0.0516,0.007299205231519519,因子数值不匹配
600478.SH,2008-08-19,0.449,0.8147680922941695,因子数值不匹配
600478.SH,2014-07-08,0.3333,0.49999999999999994,因子数值不匹配
600478.SH,2015-05-18,0.4444,0.7997178389091998,因子数值不匹配
600478.SH,2016-05-30,0.3335,0.5004599365836808,因子数值不匹配
600479.SH,2005-04-26,0.3506,0.539952,因子数值不匹配
600479.SH,2006-04-24,0.3378,0.5101013971603003,因子数值不匹配
600479.SH,2007-05-28,0.1735,0.20990025814598431,因子数值不匹配
600479.SH,2008-04-25,0.1813,0.2214198968401047,因子数值不匹配
600479.SH,2009-05-25,0.1798,0.2191780377412777,因子数值不匹配
600479.SH,2010-06-09,0.2994,0.427401715005343,因子数值不匹配
600479.SH,2018-06-15,0.1832,0.22422247555344396,因子数值不匹配
600479.SH,2021-06-25,0.1017,0.11325040088936558,因子数值不匹配
600479.SH,2024-01-02,0.0648,10.701405,因子数值不匹配
600480.SH,2005-06-17,0.2622,0.3553713646331469,因子数值不匹配
600480.SH,2020-07-16,0.2854,0.3993609800826188,因子数值不匹配
600480.SH,2024-01-02,0.2791,0.013836580396160758,因子数值不匹配
600481.SH,2007-08-27,0.5,1.000000870727449,因子数值不匹配
600481.SH,2010-04-21,0.1754,0.21277651541523995,因子数值不匹配
600481.SH,2015-09-09,0.5011,1.0044644772912443,因子数值不匹配
600482.SH,2008-03-24,0.5007,1.0029710267754266,因子数值不匹配
600483.SH,2006-06-09,0.3343,0.5021274714088598,因子数值不匹配
600483.SH,2023-07-04,0.2572,0.34633003563372716,因子数值不匹配
600483.SH,2024-01-02,0.063,0.34633003563372716,因子数值不匹配
600486.SH,2010-05-20,0.236,0.30898346450215264,因子数值不匹配
600486.SH,2014-04-24,0.3376,0.5096285953454955,因子数值不匹配
600486.SH,2015-07-07,0.1724,0.2082642824719393,因子数值不匹配
600486.SH,2023-07-17,0.242,0.3193475806183787,因子数值不匹配
600487.SH,2014-05-26,0.339,0.5128207661739448,因子数值不匹配
600487.SH,2015-09-24,0.6666,1.9989811992486568,因子数值不匹配
600487.SH,2018-06-29,0.2896,0.40767025274767854,因子数值不匹配
600488.SH,2002-04-11,0.2373,0.31118500000000004,因子数值不匹配
600488.SH,2003-04-17,0.2306,0.29968158574114256,因子数值不匹配
600488.SH,2006-05-26,0.4486,0.8136989186554163,因子数值不匹配
600488.SH,2013-03-13,0.3352,0.5042734990437899,因子数值不匹配
600489.SH,2009-06-05,0.5464,1.2046326726120955,因子数值不匹配
600489.SH,2010-07-12,0.4462,0.805795488221816,因子数值不匹配
600489.SH,2011-06-09,0.2329,0.3036810913774306,因子数值不匹配
600489.SH,2012-08-21,0.3347,0.5030509075784058,因子数值不匹配
600490.SH,2006-06-15,0.1361,0.15753507956283297,因子数值不匹配
600490.SH,2007-05-31,0.3332,0.4996765328290224,因子数值不匹配
600490.SH,2012-09-27,0.6002,1.501043151498034,因子数值不匹配
600490.SH,2013-06-06,0.3333,0.500000110282011,因子数值不匹配
600490.SH,2014-06-09,0.4114,0.698854258216046,因子数值不匹配
600491.SH,2004-10-15,0.3335,0.5004500000000001,因子数值不匹配
600491.SH,2005-05-18,0.3508,0.5403558932320304,因子数值不匹配
600491.SH,2006-06-13,0.3864,0.6298446669236729,因子数值不匹配
600491.SH,2011-05-26,0.5034,1.0136363228279703,因子数值不匹配
600493.SH,2011-05-27,0.3775,0.606321410197937,因子数值不匹配
600495.SH,2010-07-02,0.4446,0.8005142440631404,因子数值不匹配
600495.SH,2014-08-04,0.3789,0.6099586963356491,因子数值不匹配
600495.SH,2015-07-09,0.4473,0.809294522145399,因子数值不匹配
600496.SH,2006-06-08,0.3405,0.5164085336418621,因子数值不匹配
600496.SH,2008-06-20,0.3363,0.5067691346210184,因子数值不匹配
600496.SH,2011-04-13,0.3349,0.5035664294455893,因子数值不匹配
600496.SH,2015-05-22,0.5465,1.2048829373794208,因子数值不匹配
600497.SH,2007-04-12,0.5101,1.041396591633175,因子数值不匹配
600497.SH,2008-04-21,0.5128,1.0526869226121922,因子数值不匹配
600497.SH,2009-12-09,0.1749,0.21202901878890773,因子数值不匹配
600497.SH,2011-06-17,0.2393,0.31455860455456663,因子数值不匹配
600497.SH,2016-09-19,0.5042,1.0169782336760753,因子数值不匹配
600497.SH,2024-01-02,0.0539,16.918983,因子数值不匹配
600498.SH,2013-05-22,0.5046,1.0186270270366267,因子数值不匹配
600499.SH,2003-06-13,0.4461,0.8053319999999999,因子数值不匹配
600499.SH,2006-06-12,0.3579,0.5574382484736545,因子数值不匹配
600499.SH,2008-08-14,0.506,1.0241250455220885,因子数值不匹配
600499.SH,2009-06-08,0.236,0.30897894679300103,因子数值不匹配
600499.SH,2010-03-09,0.2337,0.30502130963990337,因子数值不匹配
600499.SH,2016-07-25,0.5059,1.023952163808268,因子数值不匹配
600500.SH,2002-09-16,0.3333,0.49999951708224943,因子数值不匹配
600500.SH,2004-04-26,0.34,0.5151513820282048,因子数值不匹配
600500.SH,2005-05-09,0.3512,0.5413911694254706,因子数值不匹配
600500.SH,2019-07-08,0.2467,0.3274336172641956,因子数值不匹配
600501.SH,2002-08-05,0.445,0.8016488266202441,因子数值不匹配
600501.SH,2005-06-30,0.3793,0.6109782447702936,因子数值不匹配
600501.SH,2011-07-15,0.1668,0.20017240567816869,因子数值不匹配
600502.SH,2004-04-16,0.2362,0.30927799999999994,因子数值不匹配
600502.SH,2008-05-07,0.2305,0.29956604097548,因子数值不匹配
600502.SH,2011-06-03,0.336,0.5060557982296726,因子数值不匹配
600502.SH,2013-05-31,0.3373,0.509047157407527,因子数值不匹配
600502.SH,2016-06-02,0.4145,0.7079080989328524,因子数值不匹配
600502.SH,2018-06-21,0.1758,0.21323526468955176,因子数值不匹配
600502.SH,2024-01-02,0.1088,0.04604052891893994,因子数值不匹配
600503.SH,2011-04-14,0.2742,0.37780326135736386,因子数值不匹配
600503.SH,2011-08-29,0.3777,0.6068523657986515,因子数值不匹配
600505.SH,2003-07-07,0.4536,0.8301890000000001,因子数值不匹配
600505.SH,2007-03-08,0.1862,0.22875826098441987,因子数值不匹配
600507.SH,2005-05-30,0.5247,1.1037228963596575,因子数值不匹配
600507.SH,2005-09-28,0.2299,0.29844928071380666,因子数值不匹配
600507.SH,2010-10-14,0.4734,0.8989900831714775,因子数值不匹配
600507.SH,2013-03-11,0.1626,0.19417472859765988,因子数值不匹配
600507.SH,2018-04-04,0.0975,0.10803518653544238,因子数值不匹配
600507.SH,2019-05-08,0.1224,0.13945850586140407,因子数值不匹配
600507.SH,2020-04-09,0.3285,0.4891696563198669,因子数值不匹配
600507.SH,2021-06-03,0.1217,0.13853901761588924,因子数值不匹配
600507.SH,2022-06-15,0.1297,0.1489932771329257,因子数值不匹配
600508.SH,2006-04-05,0.4655,0.8708558962172269,因子数值不匹配
600508.SH,2024-01-02,0.0722,0.051299854904802766,因子数值不匹配
600509.SH,2003-06-26,0.347,0.5313657202877459,因子数值不匹配
600509.SH,2007-12-13,0.1209,0.13749504242752947,因子数值不匹配
600509.SH,2008-05-12,0.5024,1.0098387100891064,因子数值不匹配
600510.SH,2004-04-02,0.5095,1.0387054873750257,因子数值不匹配
600510.SH,2005-05-20,0.3603,0.5633074231949469,因子数值不匹配
600511.SH,2008-06-25,0.4484,0.8127800727775174,因子数值不匹配
600511.SH,2009-06-03,0.5023,1.0091262434970099,因子数值不匹配
600511.SH,2024-01-02,0.0517,0.020799856087094153,因子数值不匹配
600512.SH,2006-07-06,0.5,1.0,因子数值不匹配
600512.SH,2010-06-09,0.5,0.9999995732479373,因子数值不匹配
600513.SH,2008-05-30,0.3336,0.5005521617229008,因子数值不匹配
600513.SH,2010-06-04,0.2338,0.3051824074889068,因子数值不匹配
600513.SH,2012-06-28,0.2339,0.30524156119916135,因子数值不匹配
600513.SH,2016-07-06,0.2332,0.3040899165195223,因子数值不匹配
600513.SH,2017-05-19,0.236,0.30889531168943013,因子数值不匹配
600515.SH,2003-06-16,0.3683,0.582973,因子数值不匹配
600515.SH,2007-04-13,0.177,0.21501688845301264,因子数值不匹配
600515.SH,2021-12-22,0.323,0.47700144729811744,因子数值不匹配
600516.SH,2007-01-25,0.5,1.0,因子数值不匹配
600516.SH,2009-07-14,0.5069,1.0280276300504951,因子数值不匹配
600516.SH,2013-03-19,0.1888,0.23273919069282875,因子数值不匹配
600516.SH,2019-06-28,0.3287,0.4896437145582725,因子数值不匹配
600516.SH,2020-06-04,0.286,0.40060233949042556,因子数值不匹配
600517.SH,2005-06-10,0.5028,1.0110615360629511,因子数值不匹配
600517.SH,2006-04-11,0.2277,0.29475963449530757,因子数值不匹配
600517.SH,2008-04-24,0.5006,1.0023286107658793,因子数值不匹配
600517.SH,2009-06-09,0.3347,0.5029975340441581,因子数值不匹配
600517.SH,2014-06-26,0.4491,0.8153691214016047,因子数值不匹配
600518.SH,2004-05-20,0.334,0.5015824551164415,因子数值不匹配
600518.SH,2006-05-18,0.3344,0.5024328558725367,因子数值不匹配
600518.SH,2007-05-08,0.5005,1.00216288002528,因子数值不匹配
600518.SH,2008-03-04,0.3337,0.500830625544535,因子数值不匹配
600518.SH,2009-04-22,0.5019,1.0076140635145259,因子数值不匹配
600518.SH,2011-01-06,0.1502,0.17671649587455357,因子数值不匹配
600518.SH,2015-06-16,0.5033,1.0132764808683175,因子数值不匹配
600519.SH,2002-07-25,0.1058,0.11827999999999994,因子数值不匹配
600519.SH,2003-07-14,0.0981,0.10871427549450957,因子数值不匹配
600519.SH,2004-07-01,0.2375,0.3115070899534057,因子数值不匹配
600519.SH,2005-08-05,0.1742,0.21095077966835493,因子数值不匹配
600519.SH,2006-05-25,0.508,1.0326885711122558,因子数值不匹配
600519.SH,2011-07-01,0.1007,0.11202350852674392,因子数值不匹配
600519.SH,2014-06-25,0.1152,0.13025151865304144,因子数值不匹配
600519.SH,2015-07-17,0.1067,0.11947136411428451,因子数值不匹配
600520.SH,2003-06-16,0.4444,0.7999988060580613,因子数值不匹配
600521.SH,2004-04-30,0.4486,0.8134680000000001,因子数值不匹配
600521.SH,2005-04-22,0.2429,0.3208851769096558,因子数值不匹配
600521.SH,2008-05-13,0.234,0.3055555782042804,因子数值不匹配
600521.SH,2010-05-04,0.3358,0.5054944479766251,因子数值不匹配
600521.SH,2011-05-10,0.1712,0.206559764796252,因子数值不匹配
600521.SH,2013-04-17,0.2413,0.3180180475524005,因子数值不匹配
600521.SH,2016-06-06,0.2355,0.3080392829517196,因子数值不匹配
600521.SH,2018-05-25,0.1712,0.20660065129862673,因子数值不匹配
600521.SH,2020-06-08,0.0968,0.10718076985565193,因子数值不匹配
600522.SH,2006-06-19,0.2326,0.30311618919931377,因子数值不匹配
600522.SH,2012-05-10,0.4503,0.8191286671245329,因子数值不匹配
600522.SH,2016-06-30,0.6016,1.5097837189355021,因子数值不匹配
600523.SH,2018-05-16,0.2954,0.4192062550472989,因子数值不匹配
600525.SH,2006-05-11,0.0962,0.10643550253541828,因子数值不匹配
600525.SH,2008-04-01,0.2329,0.3035895759281956,因子数值不匹配
600525.SH,2009-08-27,0.1229,0.14011986867545856,因子数值不匹配
600525.SH,2010-04-29,0.5013,1.005178682608262,因子数值不匹配
600525.SH,2011-05-10,0.5024,1.0094636375929247,因子数值不匹配
600525.SH,2016-06-20,0.1732,0.20955103939793784,因子数值不匹配
600526.SH,2004-06-16,0.2858,0.400182196900683,因子数值不匹配
600526.SH,2014-05-27,0.5025,1.0099123331001636,因子数值不匹配
600527.SH,2005-04-11,0.456,0.8382905285773968,因子数值不匹配
600527.SH,2006-09-07,0.334,0.5014165186734892,因子数值不匹配
600527.SH,2008-05-19,0.3391,0.5130758387526377,因子数值不匹配
600527.SH,2012-06-13,0.5023,1.0092809976999417,因子数值不匹配
600527.SH,2018-04-16,0.3543,0.548589250087771,因子数值不匹配
600527.SH,2020-06-01,0.1929,0.2390437749065774,因子数值不匹配
600528.SH,2006-05-17,0.3464,0.5298810837446171,因子数值不匹配
600528.SH,2008-05-26,0.3749,0.599802864743056,因子数值不匹配
600529.SH,2003-05-22,0.3369,0.5080900216790782,因子数值不匹配
600529.SH,2004-04-05,0.3375,0.5093284329796258,因子数值不匹配
600529.SH,2005-06-07,0.1777,0.21612380452000363,因子数值不匹配
600529.SH,2018-07-10,0.294,0.41652600987751554,因子数值不匹配
600529.SH,2019-06-20,0.2931,0.414693077795548,因子数值不匹配
600529.SH,2024-01-02,0.0529,0.01105379970106122,因子数值不匹配
600530.SH,2004-05-13,0.1825,0.2233110437161073,因子数值不匹配
600530.SH,2008-07-30,0.2302,0.29900337732214444,因子数值不匹配
600530.SH,2016-06-28,0.6018,1.5115428813565701,因子数值不匹配
600531.SH,2003-11-05,0.4441,0.7989687704899334,因子数值不匹配
600531.SH,2010-12-22,0.1752,0.21235368680356118,因子数值不匹配
600531.SH,2016-03-17,0.667,2.002631474395929,因子数值不匹配
600531.SH,2024-01-02,0.0514,0.019900513678150794,因子数值不匹配
600533.SH,2005-04-26,0.3658,0.5768651114227359,因子数值不匹配
600533.SH,2006-09-13,0.3336,0.5005529453905567,因子数值不匹配
600533.SH,2008-09-23,0.5,1.0,因子数值不匹配
600535.SH,2003-06-03,0.3499,0.538171,因子数值不匹配
600535.SH,2007-05-30,0.3799,0.6125656842311556,因子数值不匹配
600535.SH,2013-05-22,0.5012,1.0049121346478305,因子数值不匹配
600535.SH,2018-06-05,0.2929,0.41413793654578357,因子数值不匹配
600535.SH,2024-01-02,0.0691,0.02225221755308944,因子数值不匹配
600536.SH,2003-05-30,0.1772,0.21537699999999993,因子数值不匹配
600536.SH,2005-07-04,0.3467,0.5305869664338654,因子数值不匹配
600536.SH,2014-05-21,0.5012,1.0049020731057634,因子数值不匹配
600536.SH,2022-06-14,0.2316,0.3013532251674002,因子数值不匹配
600536.SH,2023-06-02,0.2311,0.3005114445637416,因子数值不匹配
600537.SH,2004-06-09,0.3008,0.43029202122587795,因子数值不匹配
600537.SH,2016-05-30,0.5067,1.027299132321708,因子数值不匹配
600538.SH,2005-05-27,0.4446,0.8005864783175338,因子数值不匹配
600538.SH,2006-06-07,0.2861,0.40070940124400983,因子数值不匹配
600540.SH,2004-07-08,0.1774,0.21568600000000004,因子数值不匹配
600540.SH,2008-03-07,0.1645,0.19682722932746277,因子数值不匹配
600540.SH,2011-06-23,0.2333,0.30425295929949747,因子数值不匹配
600540.SH,2015-11-13,0.2312,0.30072477462065444,因子数值不匹配
600543.SH,2009-07-10,0.4443,0.7996314832066251,因子数值不匹配
600545.SH,2008-05-22,0.4467,0.8074278495810008,因子数值不匹配
600545.SH,2009-06-16,0.3377,0.5098039938588429,因子数值不匹配
600546.SH,2006-06-29,0.3341,0.5016543372788023,因子数值不匹配
600546.SH,2006-09-21,0.45,0.8181816417018039,因子数值不匹配
600546.SH,2013-08-05,0.5123,1.0505228486995726,因子数值不匹配
600546.SH,2023-05-05,0.1051,0.11741686378945601,因子数值不匹配
600547.SH,2008-05-21,0.5025,1.0098907097674628,因子数值不匹配
600547.SH,2009-04-27,0.5019,1.0074508283131474,因子数值不匹配
600547.SH,2010-05-17,0.5006,1.0025208849412695,因子数值不匹配
600547.SH,2019-08-20,0.2872,0.40294772234802917,因子数值不匹配
600547.SH,2020-08-19,0.2873,0.4031033756839284,因子数值不匹配
600548.SH,2024-01-02,0.072,0.05000002427138517,因子数值不匹配
600549.SH,2004-06-24,0.5014,1.0054170777564737,因子数值不匹配
600549.SH,2006-04-20,0.5018,1.0072673898085602,因子数值不匹配
600549.SH,2008-06-02,0.2332,0.30411914818497343,因子数值不匹配
600549.SH,2015-05-11,0.2348,0.3068909375026525,因子数值不匹配
600549.SH,2018-06-19,0.2382,0.3126534156751645,因子数值不匹配
600550.SH,2002-05-17,0.3356,0.5052190000000001,因子数值不匹配
600550.SH,2007-06-25,0.5014,1.0054810878856508,因子数值不匹配
600550.SH,2008-06-03,0.3749,0.5997948516141728,因子数值不匹配
600551.SH,2009-05-19,0.5017,1.0069301326232454,因子数值不匹配
600551.SH,2011-05-13,0.1718,0.20744682689833743,因子数值不匹配
600551.SH,2024-01-02,0.3545,0.02097301238071688,因子数值不匹配
600552.SH,2004-06-04,0.2382,0.31274089967577895,因子数值不匹配
600552.SH,2013-05-23,0.3356,0.5051051845969454,因子数值不匹配
600552.SH,2014-04-28,0.3357,0.5053025802568534,因子数值不匹配
600552.SH,2017-06-16,0.5028,1.0113210694634573,因子数值不匹配
600556.SH,2003-05-22,0.2906,0.4095842872323821,因子数值不匹配
600556.SH,2006-03-14,0.4307,0.7566264719966005,因子数值不匹配
600556.SH,2013-02-08,0.2298,0.2984126892892989,因子数值不匹配
600557.SH,2004-04-30,0.4144,0.7077817996331282,因子数值不匹配
600557.SH,2008-05-07,0.3769,0.604770918952272,因子数值不匹配
600557.SH,2009-05-11,0.1737,0.21023884512922814,因子数值不匹配
600557.SH,2010-08-20,0.2306,0.2996322741261639,因子数值不匹配
600557.SH,2014-06-27,0.1696,0.20427026946799734,因子数值不匹配
600557.SH,2016-06-24,0.1698,0.2044632799196804,因子数值不匹配
600558.SH,2013-06-06,0.3379,0.5104313566607194,因子数值不匹配
600558.SH,2014-07-31,0.2358,0.30857139254465155,因子数值不匹配
600558.SH,2015-07-24,0.3349,0.5035064028918462,因子数值不匹配
600558.SH,2016-06-20,0.3371,0.5084748922776998,因子数值不匹配
600559.SH,2016-06-24,0.6022,1.5139077194181216,因子数值不匹配
600559.SH,2018-06-05,0.2905,0.409470616510944,因子数值不匹配
600559.SH,2019-06-06,0.2409,0.3174327466586008,因子数值不匹配
600559.SH,2024-01-02,0.0545,0.011078191228621394,因子数值不匹配
600560.SH,2004-05-31,0.2395,0.3149855513921104,因子数值不匹配
600560.SH,2011-05-16,0.3365,0.5071433548405078,因子数值不匹配
600560.SH,2012-05-16,0.3367,0.5075842964149233,因子数值不匹配
600561.SH,2004-10-21,0.5,1.0000009760401662,因子数值不匹配
600561.SH,2006-04-26,0.1266,0.14488627856318323,因子数值不匹配
600562.SH,2014-07-16,0.5027,1.0110055917132643,因子数值不匹配
600562.SH,2016-03-17,0.4468,0.807651923748824,因子数值不匹配
600562.SH,2018-06-28,0.2344,0.3061946114718435,因子数值不匹配
600563.SH,2005-05-26,0.3567,0.5544831096981163,因子数值不匹配
600566.SH,2010-05-18,0.2319,0.3019614540131738,因子数值不匹配
600566.SH,2024-01-02,0.1049,0.031250092822352034,因子数值不匹配
600567.SH,2006-04-20,0.2536,0.33980567734441564,因子数值不匹配
600567.SH,2012-05-07,0.5238,1.0999990354167415,因子数值不匹配
600568.SH,2004-07-08,0.3333,0.5000000000000001,因子数值不匹配
600568.SH,2006-08-10,0.1297,0.149028541014178,因子数值不匹配
600568.SH,2012-11-12,0.5461,1.202914707780236,因子数值不匹配
600568.SH,2017-07-13,0.6435,1.805270945616685,因子数值不匹配
600569.SH,2004-06-15,0.3595,0.5612733430675648,因子数值不匹配
600570.SH,2005-06-01,0.3488,0.5356520037187457,因子数值不匹配
600570.SH,2006-06-01,0.2956,0.4196275058851419,因子数值不匹配
600570.SH,2007-04-23,0.2339,0.3052801828622321,因子数值不匹配
600570.SH,2008-05-28,0.3766,0.6040958718352324,因子数值不匹配
600570.SH,2009-04-23,0.3374,0.509154279904835,因子数值不匹配
600570.SH,2010-05-10,0.2872,0.4029666807781589,因子数值不匹配
600570.SH,2019-05-15,0.2337,0.30492779412570636,因子数值不匹配
600570.SH,2020-06-05,0.2345,0.3062740193380164,因子数值不匹配
600570.SH,2021-07-16,0.2865,0.4014906761677434,因子数值不匹配
600570.SH,2022-08-18,0.2326,0.30304949570349715,因子数值不匹配
600571.SH,2004-06-08,0.3844,0.624476515402124,因子数值不匹配
600571.SH,2005-06-09,0.3883,0.6348913702226573,因子数值不匹配
600571.SH,2006-06-16,0.2369,0.31042686980485834,因子数值不匹配
600571.SH,2016-07-01,0.5015,1.00582243833491,因子数值不匹配
600572.SH,2008-04-15,0.4487,0.813772939497033,因子数值不匹配
600572.SH,2011-04-25,0.5018,1.007330878222333,因子数值不匹配
600572.SH,2015-07-07,0.4157,0.7115257539430235,因子数值不匹配
600572.SH,2016-06-15,0.3405,0.5163297241609944,因子数值不匹配
600572.SH,2024-01-02,0.0707,0.022058852006824996,因子数值不匹配
600575.SH,2007-06-22,0.3364,0.5069220052927639,因子数值不匹配
600575.SH,2008-05-22,0.4996,0.9984921452337748,因子数值不匹配
600575.SH,2011-06-16,0.5,1.0,因子数值不匹配
600575.SH,2013-04-19,0.5027,1.0107816163715466,因子数值不匹配
600576.SH,2007-01-25,0.1101,0.12372422248815532,因子数值不匹配
600576.SH,2015-09-28,0.5455,1.2003039312620982,因子数值不匹配
600577.SH,2003-10-20,0.4445,0.8002254934907147,因子数值不匹配
600577.SH,2006-08-31,0.1795,0.21880038230211513,因子数值不匹配
600577.SH,2008-05-14,0.4447,0.8007763440803434,因子数值不匹配
600577.SH,2012-04-11,0.5046,1.0185527610188523,因子数值不匹配
600577.SH,2015-06-11,0.502,1.007880791221113,因子数值不匹配
600578.SH,2011-07-14,0.1748,0.2118747857971649,因子数值不匹配
600578.SH,2013-10-23,0.506,1.024331187734961,因子数值不匹配
600578.SH,2024-01-02,0.0545,0.034883559642284824,因子数值不匹配
600579.SH,2002-12-03,0.1691,0.20345900000000006,因子数值不匹配
600579.SH,2006-11-02,0.1532,0.18087844252559415,因子数值不匹配
600580.SH,2003-04-04,0.3832,0.6211500000000001,因子数值不匹配
600580.SH,2006-04-12,0.1807,0.2205634866142949,因子数值不匹配
600580.SH,2007-05-29,0.0983,0.10896057836451498,因子数值不匹配
600580.SH,2010-03-02,0.2345,0.3062613660302406,因子数值不匹配
600580.SH,2011-06-22,0.3781,0.6080910960028989,因子数值不匹配
600580.SH,2024-01-02,0.1784,0.011194060644673565,因子数值不匹配
600581.SH,2003-05-27,0.1853,0.22740099999999996,因子数值不匹配
600581.SH,2004-05-31,0.1903,0.23508128150457766,因子数值不匹配
600581.SH,2008-05-15,0.2329,0.3035591474667433,因子数值不匹配
600581.SH,2018-04-20,0.4996,0.9984419273056226,因子数值不匹配
600582.SH,2003-05-27,0.2308,0.30007778706264676,因子数值不匹配
600582.SH,2004-06-01,0.3749,0.5997655303612929,因子数值不匹配
600582.SH,2005-08-23,0.2408,0.3171520277057604,因子数值不匹配
600582.SH,2007-07-05,0.3333,0.4999998184168198,因子数值不匹配
600582.SH,2008-04-14,0.5006,1.0024930163100452,因子数值不匹配
600582.SH,2010-07-12,0.3354,0.504579639493295,因子数值不匹配
600582.SH,2012-07-16,0.1759,0.21344236034936243,因子数值不匹配
600582.SH,2015-12-14,0.4997,0.9987030460404799,因子数值不匹配
600582.SH,2024-01-02,0.0876,0.03787882765021136,因子数值不匹配
600583.SH,2003-10-15,0.0973,0.10776183317028962,因子数值不匹配
600583.SH,2004-05-17,0.171,0.20627507382911567,因子数值不匹配
600583.SH,2005-05-12,0.1697,0.2043400693672365,因子数值不匹配
600583.SH,2006-05-15,0.5021,1.008553782096618,因子数值不匹配
600583.SH,2007-06-04,0.1684,0.2025581991216345,因子数值不匹配
600583.SH,2008-04-14,0.5007,1.002613156800074,因子数值不匹配
600583.SH,2009-05-26,0.3375,0.5094680047305151,因子数值不匹配
600583.SH,2010-05-07,0.1669,0.20029662123313374,因子数值不匹配
600583.SH,2024-01-02,0.0608,0.016556258330246012,因子数值不匹配
600584.SH,2004-05-24,0.3772,0.6057570000000001,因子数值不匹配
600584.SH,2008-04-29,0.5028,1.0113780899271665,因子数值不匹配
600585.SH,2010-06-21,0.5051,1.0206869156596639,因子数值不匹配
600585.SH,2011-06-16,0.3387,0.5121947819039204,因子数值不匹配
600585.SH,2024-01-02,0.0791,0.05967734850362019,因子数值不匹配
600586.SH,2003-06-19,0.2429,0.32076799999999994,因子数值不匹配
600586.SH,2005-06-29,0.3413,0.5181810885787662,因子数值不匹配
600586.SH,2006-07-12,0.1532,0.18090481331960223,因子数值不匹配
600586.SH,2008-04-29,0.5007,1.0029760434205874,因子数值不匹配
600586.SH,2011-06-03,0.4997,0.9986208217764277,因子数值不匹配
600587.SH,2003-06-30,0.2878,0.404104,因子数值不匹配
600587.SH,2008-06-24,0.2304,0.2993289670850592,因子数值不匹配
600587.SH,2012-04-23,0.1035,0.11547546364254385,因子数值不匹配
600587.SH,2014-07-21,0.5008,1.0033934093905699,因子数值不匹配
600587.SH,2024-01-02,0.2708,0.004322643026059974,因子数值不匹配
600588.SH,2003-07-04,0.1763,0.2140835298466308,因子数值不匹配
600588.SH,2004-05-20,0.1769,0.21493108610512549,因子数值不匹配
600588.SH,2005-05-23,0.1814,0.22162536299568084,因子数值不匹配
600588.SH,2006-05-18,0.2474,0.32880339841103984,因子数值不匹配
600588.SH,2008-04-11,0.5085,1.034736478243188,因子数值不匹配
600588.SH,2009-04-29,0.2396,0.3150127203069424,因子数值不匹配
600588.SH,2010-04-30,0.2443,0.3233229835990478,因子数值不匹配
600588.SH,2012-04-19,0.183,0.22400494112926655,因子数值不匹配
600588.SH,2014-04-23,0.1799,0.2193211784784419,因子数值不匹配
600588.SH,2015-04-30,0.172,0.2077483425400572,因子数值不匹配
600588.SH,2018-05-02,0.2339,0.30528930935074355,因子数值不匹配
600588.SH,2019-05-07,0.2376,0.3116343763099991,因子数值不匹配
600588.SH,2020-05-19,0.2348,0.30677298544688286,因子数值不匹配
600589.SH,2004-06-10,0.1864,0.22914304338746597,因子数值不匹配
600589.SH,2007-06-06,0.335,0.5037598972935524,因子数值不匹配
600589.SH,2008-05-14,0.336,0.5059130631822958,因子数值不匹配
600589.SH,2023-12-29,0.2083,0.2631579113568299,因子数值不匹配
600590.SH,2004-05-24,0.3358,0.5054574853804069,因子数值不匹配
600590.SH,2008-05-06,0.3381,0.5107914180899998,因子数值不匹配
600590.SH,2009-08-07,0.1063,0.11891479271328688,因子数值不匹配
600590.SH,2010-05-20,0.1718,0.2075036015672435,因子数值不匹配
600590.SH,2018-06-27,0.2405,0.3165906461514126,因子数值不匹配
600592.SH,2008-05-23,0.5087,1.0354066086489633,因子数值不匹配
600593.SH,2018-05-31,0.2857,0.4000003907093231,因子数值不匹配
600594.SH,2005-06-09,0.1742,0.21088400000000007,因子数值不匹配
600594.SH,2006-06-05,0.3372,0.50870273287945,因子数值不匹配
600594.SH,2007-09-17,0.3335,0.5003256947424657,因子数值不匹配
600594.SH,2008-07-03,0.2433,0.32148159120519576,因子数值不匹配
600594.SH,2010-10-15,0.3342,0.501950571959941,因子数值不匹配
600594.SH,2015-07-16,0.5011,1.0044608229729315,因子数值不匹配
600595.SH,2003-05-28,0.2425,0.3200799999999999,因子数值不匹配
600595.SH,2004-06-21,0.2486,0.33078071025998435,因子数值不匹配
600595.SH,2007-09-11,0.5,1.0,因子数值不匹配
600595.SH,2010-03-18,0.4458,0.8044283459452402,因子数值不匹配
600595.SH,2011-01-19,0.1024,0.1140202895987046,因子数值不匹配
600596.SH,2004-06-01,0.4182,0.7188013292910675,因子数值不匹配
600596.SH,2006-04-11,0.2051,0.2580951242226827,因子数值不匹配
600596.SH,2010-04-30,0.5504,1.2241485670896415,因子数值不匹配
600596.SH,2022-04-27,0.3006,0.4297669009686807,因子数值不匹配
600597.SH,2004-06-11,0.3844,0.6245208043677972,因子数值不匹配
600598.SH,2005-06-23,0.1747,0.21167922512560822,因子数值不匹配
600598.SH,2024-01-02,0.0685,0.03146066499417408,因子数值不匹配
600599.SH,2002-07-12,0.4467,0.8072889999999999,因子数值不匹配
600600.SH,2024-01-02,0.0585,0.017525222757688187,因子数值不匹配
600601.SH,2001-07-06,0.5,0.9999999985803002,因子数值不匹配
600601.SH,2003-07-09,0.1301,0.14955465569117224,因子数值不匹配
600601.SH,2004-07-15,0.4994,0.997799993846983,因子数值不匹配
600601.SH,2007-07-05,0.2817,0.39212082061243353,因子数值不匹配
600601.SH,2010-07-12,0.1196,0.13582912003936756,因子数值不匹配
600601.SH,2022-12-23,0.101,0.11235373971923018,因子数值不匹配
600602.SH,2000-06-23,0.0962,0.1064489740475704,因子数值不匹配
600602.SH,2006-06-07,0.134,0.1546961945208993,因子数值不匹配
600603.SH,2000-07-07,0.1669,0.2002766067517814,因子数值不匹配
600603.SH,2017-09-27,0.2854,0.399343809858402,因子数值不匹配
600603.SH,2018-05-24,0.2855,0.3996136888502346,因子数值不匹配
600604.SH,2017-05-26,0.5004,1.0014853842609905,因子数值不匹配
600605.SH,2021-05-17,0.292,0.4123709646772887,因子数值不匹配
600606.SH,2000-04-11,0.4737,0.9000381368237909,因子数值不匹配
600606.SH,2002-08-06,0.1294,0.14859811911796736,因子数值不匹配
600606.SH,2005-07-29,0.1122,0.12637357711821756,因子数值不匹配
600606.SH,2006-07-13,0.1062,0.11881175841624157,因子数值不匹配
600606.SH,2007-05-17,0.1305,0.15013776134323975,因子数值不匹配
600606.SH,2008-07-09,0.0968,0.10714293997696772,因子数值不匹配
600606.SH,2010-05-06,0.0967,0.10704994334991044,因子数值不匹配
600606.SH,2011-05-12,0.1354,0.15655837924269023,因子数值不匹配
600608.SH,2004-08-03,0.2856,0.39970929344849265,因子数值不匹配
600608.SH,2007-06-28,0.2319,0.30197440755734134,因子数值不匹配
600610.SH,2014-11-17,0.6665,1.9988448269309445,因子数值不匹配
600611.SH,2006-08-31,0.2599,0.3511036064098761,因子数值不匹配
600611.SH,2007-04-30,0.2308,0.30009902542784767,因子数值不匹配
600611.SH,2008-04-30,0.3335,0.5004646758984932,因子数值不匹配
600611.SH,2016-06-13,0.3394,0.5138001674210413,因子数值不匹配
600612.SH,2007-07-02,0.0963,0.10654210558263479,因子数值不匹配
600612.SH,2011-07-11,0.2308,0.3000001896551501,因子数值不匹配
600612.SH,2012-08-06,0.1702,0.20512777080950903,因子数值不匹配
600612.SH,2024-01-02,0.0716,0.02312260669305471,因子数值不匹配
600613.SH,2015-07-06,0.1695,0.20404613202381977,因子数值不匹配
600615.SH,2007-03-01,0.2,0.2499999108986195,因子数值不匹配
600615.SH,2024-01-02,0.1674,0.0,缺失大额因子
600616.SH,2000-07-12,0.1227,0.1399149801325053,因子数值不匹配
600616.SH,2002-10-23,0.3335,0.500436365550209,因子数值不匹配
600616.SH,2004-04-12,0.3747,0.5991524987264921,因子数值不匹配
600616.SH,2006-05-24,0.1725,0.20840344977170272,因子数值不匹配
600616.SH,2010-06-10,0.1666,0.19984095707931251,因子数值不匹配
600616.SH,2020-07-10,0.2345,0.30632385933380196,因子数值不匹配
600617.SH,2015-04-20,0.4116,0.6996569780279239,因子数值不匹配
600617.SH,2024-01-02,0.3125,0.00427340054967378,因子数值不匹配
600619.SH,2004-06-16,0.1664,0.1995821891971477,因子数值不匹配
600619.SH,2008-07-14,0.1664,0.19968063760713897,因子数值不匹配
600619.SH,2010-07-12,0.1028,0.11452494543707507,因子数值不匹配
600620.SH,2003-06-24,0.1698,0.20454520750533212,因子数值不匹配
600620.SH,2011-06-09,0.2303,0.2991441128869361,因子数值不匹配
600620.SH,2016-06-29,0.3351,0.5039132342116132,因子数值不匹配
600621.SH,2001-05-14,0.2309,0.3001435875404846,因子数值不匹配
600622.SH,2008-07-01,0.2372,0.31089118969733875,因子数值不匹配
600622.SH,2017-06-30,0.2387,0.3135639171669074,因子数值不匹配
600622.SH,2018-06-15,0.2457,0.32569432618738814,因子数值不匹配
600622.SH,2019-06-18,0.25,0.3333333308580265,因子数值不匹配
600624.SH,2000-07-12,0.2308,0.29999990225086914,因子数值不匹配
600624.SH,2006-05-17,0.2361,0.30909085184785945,因子数值不匹配
600624.SH,2015-07-23,0.2322,0.3023427536944729,因子数值不匹配
600624.SH,2016-07-19,0.2324,0.30278870388831025,因子数值不匹配
600626.SH,2000-07-21,0.0982,0.1088495053811515,因子数值不匹配
600626.SH,2005-06-14,0.3027,0.4340834670979707,因子数值不匹配
600626.SH,2011-06-03,0.3417,0.5191569629554832,因子数值不匹配
600628.SH,2000-05-10,0.1114,0.12542375248435264,因子数值不匹配
600628.SH,2001-08-10,0.1731,0.209323728704548,因子数值不匹配
600628.SH,2002-08-21,0.1707,0.20578778658136876,因子数值不匹配
600628.SH,2005-08-09,0.2312,0.3008129758774482,因子数值不匹配
600628.SH,2006-08-29,0.13,0.14942526744917659,因子数值不匹配
600629.SH,2011-07-26,0.1668,0.20019150245959452,因子数值不匹配
600629.SH,2019-06-26,0.1789,0.21787136108300456,因子数值不匹配
600629.SH,2021-07-13,0.1726,0.20860944161915035,因子数值不匹配
600629.SH,2022-07-25,0.1812,0.22126930914465984,因子数值不匹配
600633.SH,2000-02-21,0.0506,0.0,缺失大额因子
600633.SH,2000-02-28,0.05,0.0,缺失大额因子
600633.SH,2000-03-06,0.0509,0.0,缺失大额因子
600633.SH,2000-03-13,0.0501,0.0,缺失大额因子
600633.SH,2000-03-27,0.0502,0.0,缺失大额因子
600633.SH,2000-04-03,0.0507,0.0,缺失大额因子
600633.SH,2000-04-24,0.05,0.0,缺失大额因子
600633.SH,2000-05-08,0.05,0.0,缺失大额因子
600633.SH,2000-05-15,0.0501,0.0,缺失大额因子
600633.SH,2000-05-22,0.0501,0.0,缺失大额因子
600633.SH,2000-05-29,0.05,0.0,缺失大额因子
600633.SH,2000-06-19,0.0508,0.0,缺失大额因子
600633.SH,2000-06-26,0.1692,0.0,缺失大额因子
600633.SH,2000-07-10,0.0504,0.0,缺失大额因子
600633.SH,2000-07-31,0.05,0.0,缺失大额因子
600633.SH,2000-10-16,0.0502,0.0,缺失大额因子
600633.SH,2000-11-20,0.05,0.0,缺失大额因子
600633.SH,2000-11-27,0.0503,0.0,缺失大额因子
600633.SH,2001-02-12,0.08,0.0,缺失大额因子
600633.SH,2001-02-19,0.1449,0.0,缺失大额因子
600633.SH,2001-02-26,0.2051,0.0,缺失大额因子
600633.SH,2001-03-12,0.0508,0.0,缺失大额因子
600633.SH,2001-03-19,0.0503,0.0,缺失大额因子
600633.SH,2001-03-26,0.0773,0.0,缺失大额因子
600633.SH,2001-07-02,0.0508,0.0,缺失大额因子
600633.SH,2014-05-20,0.5068,1.0274720282333119,因子数值不匹配
600635.SH,2005-08-26,0.2306,0.2996632207489139,因子数值不匹配
600635.SH,2006-04-17,0.2299,0.29850732120006823,因子数值不匹配
600635.SH,2007-06-25,0.2594,0.3502863568558256,因子数值不匹配
600635.SH,2008-05-14,0.1665,0.19971166134708593,因子数值不匹配
600635.SH,2015-05-27,0.3344,0.5023566370873406,因子数值不匹配
600636.SH,2002-01-16,0.1306,0.15024922381717185,因子数值不匹配
600636.SH,2002-05-10,0.1581,0.1878101505164193,因子数值不匹配
600636.SH,2002-11-11,0.1667,0.20000015729589474,因子数值不匹配
600636.SH,2004-04-29,0.2391,0.3142439407888791,因子数值不匹配
600636.SH,2006-06-12,0.2385,0.3131444391915443,因子数值不匹配
600637.SH,2002-07-02,0.0968,0.1071691019904489,因子数值不匹配
600637.SH,2018-08-13,0.2505,0.334299456304754,因子数值不匹配
600637.SH,2024-01-02,0.0589,0.01647651835253454,因子数值不匹配
600638.SH,2018-07-12,0.1925,0.23841058146471417,因子数值不匹配
600639.SH,2005-07-11,0.1007,0.11194031045864158,因子数值不匹配
600639.SH,2010-08-13,0.0995,0.11045354794770564,因子数值不匹配
600639.SH,2024-01-02,0.0834,0.041459332913823796,因子数值不匹配
600641.SH,2000-05-17,0.2858,0.40009946288645665,因子数值不匹配
600641.SH,2009-06-08,0.4577,0.84393073934398,因子数值不匹配
600641.SH,2020-07-27,0.1584,0.1882745209395625,因子数值不匹配
600642.SH,2004-06-14,0.3495,0.5372403382325571,因子数值不匹配
600642.SH,2011-06-24,0.3425,0.5209579939143547,因子数值不匹配
600642.SH,2024-01-02,0.0924,0.024961059798604926,因子数值不匹配
600643.SH,2000-07-04,0.0984,0.10915503733627141,因子数值不匹配
600643.SH,2008-01-29,0.2702,0.3701739087455692,因子数值不匹配
600643.SH,2008-07-22,0.2306,0.2996453274826754,因子数值不匹配
600643.SH,2015-06-18,0.2309,0.3002888351432579,因子数值不匹配
600644.SH,2000-10-26,0.3762,0.6031957849630721,因子数值不匹配
600644.SH,2007-01-05,0.2364,0.30952379147074666,因子数值不匹配
600645.SH,2001-08-10,0.3752,0.6004001026103916,因子数值不匹配
600645.SH,2007-01-25,0.2311,0.3005952495199065,因子数值不匹配
600648.SH,2024-01-02,0.076,0.029438001953615945,因子数值不匹配
600649.SH,2000-08-28,0.0995,0.11044169200352229,因子数值不匹配
600649.SH,2012-07-23,0.2362,0.3092592683144256,因子数值不匹配
600651.SH,2001-02-12,0.1853,0.22750424448772136,因子数值不匹配
600651.SH,2001-06-11,0.2309,0.3001445532846777,因子数值不匹配
600651.SH,2001-09-05,0.4116,0.6996015941133515,因子数值不匹配
600651.SH,2005-07-18,0.1789,0.21796392487849867,因子数值不匹配
600651.SH,2012-07-02,0.17,0.20473712535510646,因子数值不匹配
600653.SH,2000-03-08,0.3331,0.49955858709558393,因子数值不匹配
600653.SH,2001-05-17,0.1885,0.2323237365860793,因子数值不匹配
600653.SH,2002-07-01,0.4444,0.7999820368508819,因子数值不匹配
600653.SH,2009-07-22,0.1657,0.19862202600914555,因子数值不匹配
600654.SH,2004-07-23,0.2311,0.3005179694418426,因子数值不匹配
600654.SH,2005-08-16,0.1649,0.19752647938865583,因子数值不匹配
600655.SH,2007-06-18,0.2318,0.4323618411777488,因子数值不匹配
600655.SH,2008-08-08,0.1711,0.20644240406580447,因子数值不匹配
600655.SH,2010-07-27,0.4464,0.80640405426604,因子数值不匹配
600655.SH,2024-01-02,0.0665,0.05035899194245761,因子数值不匹配
600657.SH,2000-08-22,0.1036,0.11560999878471172,因子数值不匹配
600657.SH,2001-10-22,0.2306,0.29977442466760523,因子数值不匹配
600657.SH,2003-07-04,0.4122,0.7012577701238544,因子数值不匹配
600657.SH,2006-08-04,0.3866,0.6301887977760046,因子数值不匹配
600658.SH,2018-05-25,0.3002,0.4290124325677516,因子数值不匹配
600660.SH,2001-03-27,0.3823,0.6188525800578107,因子数值不匹配
600660.SH,2002-03-27,0.1093,0.1227402667653998,因子数值不匹配
600660.SH,2004-06-09,0.5089,1.0361445215010534,因子数值不匹配
600660.SH,2008-05-13,0.5089,1.0363636467805921,因子数值不匹配
600660.SH,2024-01-02,0.0681,0.03750391403484679,因子数值不匹配
600661.SH,2004-08-12,0.1661,0.19919766763542474,因子数值不匹配
600662.SH,2001-07-19,0.0966,0.10697366989625533,因子数值不匹配
600662.SH,2004-06-01,0.2589,0.3494177463162254,因子数值不匹配
600662.SH,2005-07-05,0.3339,0.5012163801954039,因子数值不匹配
600662.SH,2008-07-16,0.2311,0.3005465005182346,因子数值不匹配
600662.SH,2024-01-02,0.0707,48.48452,因子数值不匹配
600663.SH,2016-06-15,0.4506,0.8201204677203561,因子数值不匹配
600663.SH,2019-05-30,0.19,0.23460212398664174,因子数值不匹配
600664.SH,2002-07-12,0.1722,0.20804355615169767,因子数值不匹配
600664.SH,2003-07-17,0.3367,0.5075018180608303,因子数值不匹配
600664.SH,2004-08-13,0.2414,0.31826058497587034,因子数值不匹配
600664.SH,2011-08-01,0.257,0.3458468542244567,因子数值不匹配
600664.SH,2016-04-06,0.231,0.30037548422277033,因子数值不匹配
600665.SH,2012-05-17,0.1667,0.19999982274979758,因子数值不匹配
600666.SH,2008-05-20,0.2309,0.3002632495238932,因子数值不匹配
600666.SH,2011-05-16,0.3381,0.5109035786246215,因子数值不匹配
600666.SH,2017-05-26,0.375,0.5999999634550808,因子数值不匹配
600666.SH,2023-02-20,0.3697,0.5865919886454933,因子数值不匹配
600667.SH,2012-10-11,0.5016,1.0063693182689126,因子数值不匹配
600668.SH,2024-01-02,0.1825,0.013146344102865743,因子数值不匹配
600673.SH,2006-01-04,0.1253,0.14319241589062812,因子数值不匹配
600673.SH,2008-05-15,0.5,1.00000047188954,因子数值不匹配
600673.SH,2015-05-07,0.6165,1.6076556048060775,因子数值不匹配
600674.SH,2001-03-30,0.3774,0.6062254902266452,因子数值不匹配
600674.SH,2008-05-08,0.231,0.30033987773309384,因子数值不匹配
600674.SH,2012-05-22,0.4459,0.8047421653227804,因子数值不匹配
600674.SH,2015-06-26,0.5049,1.0199038678148713,因子数值不匹配
600675.SH,2000-07-03,0.3333,0.5,因子数值不匹配
600675.SH,2002-05-22,0.167,0.20045551869991346,因子数值不匹配
600675.SH,2007-04-09,0.2305,0.2995596042224223,因子数值不匹配
600675.SH,2008-03-17,0.1665,0.19970300820896547,因子数值不匹配
600675.SH,2010-04-15,0.2309,0.30028873952882074,因子数值不匹配
600675.SH,2014-06-17,0.1813,0.22150535466529436,因子数值不匹配
600675.SH,2019-06-21,0.1887,0.23264550478550708,因子数值不匹配
600676.SH,2004-10-18,0.4995,0.9980914134320756,因子数值不匹配
600676.SH,2006-05-30,0.1515,0.17857138863845007,因子数值不匹配
600676.SH,2009-05-14,0.2302,0.2990506498180947,因子数值不匹配
600678.SH,2007-09-21,0.335,0.5038538094305475,因子数值不匹配
600679.SH,2002-05-21,0.2307,0.2999420426257361,因子数值不匹配
600681.SH,2000-06-06,0.3333,0.49999976676308666,因子数值不匹配
600681.SH,2011-09-08,0.1719,0.20765031374914836,因子数值不匹配
600681.SH,2019-04-25,0.3062,0.4414225946830414,因子数值不匹配
600681.SH,2024-01-02,0.1192,0.03546101568353338,因子数值不匹配
600682.SH,2008-05-06,0.3575,0.5564933991779761,因子数值不匹配
600682.SH,2015-06-12,0.5006,1.0025149815091592,因子数值不匹配
600683.SH,2006-07-04,0.1524,0.17975212219807427,因子数值不匹配
600683.SH,2007-07-12,0.169,0.20336792730663983,因子数值不匹配
600683.SH,2010-03-22,0.3357,0.5053646871974696,因子数值不匹配
600684.SH,2011-07-28,0.2304,0.29944529982368884,因子数值不匹配
600684.SH,2012-06-26,0.2305,0.2995460860931926,因子数值不匹配
600684.SH,2013-07-05,0.3455,0.527925447845102,因子数值不匹配
600684.SH,2014-07-04,0.3397,0.5143489789562042,因子数值不匹配
600684.SH,2017-07-27,0.1719,0.2076271186440678,因子数值不匹配
600685.SH,2011-07-20,0.2332,0.3040537953240421,因子数值不匹配
600686.SH,2006-05-22,0.2409,0.31727383946756466,因子数值不匹配
600686.SH,2007-05-23,0.2345,0.3063885315664868,因子数值不匹配
600686.SH,2008-06-10,0.3387,0.5121555349626945,因子数值不匹配
600688.SH,2013-12-04,0.3404,0.5160140575635896,因子数值不匹配
600689.SH,2000-07-25,0.1072,0.12009601773484559,因子数值不匹配
600689.SH,2001-07-31,0.1698,0.20456206336041644,因子数值不匹配
600690.SH,2000-06-20,0.1738,0.21038680259670064,因子数值不匹配
600690.SH,2001-06-21,0.1747,0.21173614819687053,因子数值不匹配
600690.SH,2004-07-12,0.3371,0.5085909138137864,因子数值不匹配
600690.SH,2011-07-18,0.5017,1.0070223906031242,因子数值不匹配
600690.SH,2015-07-16,0.5085,1.0344343557438251,因子数值不匹配
600690.SH,2024-01-02,0.075,0.02495566696429478,因子数值不匹配
600691.SH,2007-05-25,0.3246,0.48071175850106485,因子数值不匹配
600691.SH,2013-05-16,0.6,1.5000003882141297,因子数值不匹配
600691.SH,2015-07-09,0.1639,0.19607838570030553,因子数值不匹配
600692.SH,2003-06-09,0.1669,0.20038321492777983,因子数值不匹配
600692.SH,2004-06-15,0.1662,0.19930709426235582,因子数值不匹配
600692.SH,2005-06-21,0.1658,0.1987576106931518,因子数值不匹配
600693.SH,2008-03-19,0.5,0.9999994210647891,因子数值不匹配
600693.SH,2009-06-08,0.2412,0.31791917888437426,因子数值不匹配
600693.SH,2016-05-26,0.4996,0.9983817965712614,因子数值不匹配
600694.SH,2005-07-06,0.0981,0.10873438996247073,因子数值不匹配
600694.SH,2024-01-02,0.2454,0.025303053374616163,因子数值不匹配
600696.SH,2003-10-22,0.2302,0.29906526188796223,因子数值不匹配
600697.SH,2006-10-27,0.106,0.11856255416070423,因子数值不匹配
600699.SH,2000-09-21,0.1669,0.20036953683745132,因子数值不匹配
600699.SH,2019-07-29,0.2698,0.3695103689798912,因子数值不匹配
600703.SH,2010-03-16,0.4999,0.9996879444302065,因子数值不匹配
600703.SH,2011-05-23,0.5476,1.210330053582326,因子数值不匹配
600703.SH,2014-07-04,0.3391,0.513140536649038,因子数值不匹配
600703.SH,2016-07-15,0.3825,0.6193447052376512,因子数值不匹配
600704.SH,2005-07-11,0.2297,0.2982460146291824,因子数值不匹配
600704.SH,2011-07-11,0.3342,0.5019580128197131,因子数值不匹配
600704.SH,2012-07-04,0.1719,0.20757344760292598,因子数值不匹配
600704.SH,2016-06-20,0.2462,0.32655248522015784,因子数值不匹配
600704.SH,2017-06-08,0.363,0.5698324368324857,因子数值不匹配
600704.SH,2024-01-02,0.0822,0.031120426033695508,因子数值不匹配
600706.SH,2019-07-08,0.1699,0.2046371519252255,因子数值不匹配
600707.SH,2005-07-19,0.1071,0.12000022393846185,因子数值不匹配
600708.SH,2004-06-10,0.3337,0.5008432947362826,因子数值不匹配
600708.SH,2007-05-18,0.2306,0.29963882108007794,因子数值不匹配
600708.SH,2017-06-30,0.2435,0.3218562383668283,因子数值不匹配
600708.SH,2018-06-06,0.2534,0.3393939955007915,因子数值不匹配
600710.SH,2003-04-15,0.5025,1.0100576740957727,因子数值不匹配
600710.SH,2008-05-15,0.235,0.3071808058928922,因子数值不匹配
600710.SH,2012-10-15,0.17,0.20487784736081474,因子数值不匹配
600711.SH,2007-01-22,0.1113,0.12523018910858094,因子数值不匹配
600711.SH,2007-08-21,0.1452,0.16982652839397758,因子数值不匹配
600711.SH,2012-08-24,0.4443,0.7996122858465811,因子数值不匹配
600711.SH,2014-09-26,0.6009,1.5054351368578647,因子数值不匹配
600712.SH,2003-10-23,0.375,0.6,因子数值不匹配
600712.SH,2009-07-08,0.1813,0.2215114378095595,因子数值不匹配
600712.SH,2010-11-10,0.3355,0.5048887787347421,因子数值不匹配
600712.SH,2012-04-23,0.3797,0.6122045175687804,因子数值不匹配
600713.SH,2006-07-17,0.226,0.2920697151639933,因子数值不匹配
600713.SH,2009-06-10,0.1678,0.20164616164227872,因子数值不匹配
600713.SH,2011-07-08,0.501,1.003957761911522,因子数值不匹配
600714.SH,2001-05-28,0.1326,0.1528563100787094,因子数值不匹配
600714.SH,2003-06-16,0.2856,0.3997569537650319,因子数值不匹配
600715.SH,2001-03-06,0.375,0.5999991668714776,因子数值不匹配
600715.SH,2016-05-03,0.4999,0.9995075838834492,因子数值不匹配
600715.SH,2024-12-16,0.1347,0.1556604003539795,因子数值不匹配
600716.SH,2004-12-03,0.3788,0.6097557004454892,因子数值不匹配
600717.SH,2001-04-12,0.4469,0.8079245602608792,因子数值不匹配
600717.SH,2004-10-12,0.5056,1.0225228123254595,因子数值不匹配
600717.SH,2019-06-25,0.178,0.21658972301210713,因子数值不匹配
600717.SH,2020-06-19,0.1803,0.22000000507621115,因子数值不匹配
600717.SH,2021-06-23,0.1811,0.22107960086626371,因子数值不匹配
600718.SH,2000-05-09,0.2308,0.30011353502838367,因子数值不匹配
600718.SH,2008-10-23,0.4452,0.8025713726577158,因子数值不匹配
600718.SH,2010-07-08,0.2403,0.31633454935017224,因子数值不匹配
600719.SH,2015-11-30,0.5,1.0,因子数值不匹配
600720.SH,2000-09-25,0.3503,0.5392233879554367,因子数值不匹配
600720.SH,2001-04-06,0.3752,0.6004298063762347,因子数值不匹配
600720.SH,2013-07-15,0.235,0.3072288421878714,因子数值不匹配
600724.SH,2000-03-21,0.4998,0.9991431916438294,因子数值不匹配
600724.SH,2001-10-30,0.3814,0.6164932635083366,因子数值不匹配
600724.SH,2006-12-22,0.181,0.2210744375073909,因子数值不匹配
600725.SH,2005-03-28,0.338,0.5106841436821549,因子数值不匹配
600725.SH,2010-05-13,0.4454,0.8030485409753502,因子数值不匹配
600725.SH,2016-12-28,0.5,1.0,因子数值不匹配
600726.SH,2001-03-29,0.379,0.610389602025392,因子数值不匹配
600727.SH,2007-04-30,0.0516,0.0,缺失大额因子
600728.SH,2010-06-09,0.3592,0.5605652932028221,因子数值不匹配
600728.SH,2016-04-25,0.6156,1.601184897743684,因子数值不匹配
600729.SH,2021-06-01,0.1064,0.1190550945954671,因子数值不匹配
600729.SH,2022-05-13,0.1284,0.1473056107819566,因子数值不匹配
600730.SH,2004-07-19,0.2854,0.39930495420278866,因子数值不匹配
600730.SH,2007-06-26,0.1683,0.20241721827240486,因子数值不匹配
600730.SH,2015-11-19,0.5016,1.0063618867159463,因子数值不匹配
600731.SH,2000-06-22,0.1382,0.16037276354347973,因子数值不匹配
600731.SH,2000-10-24,0.3377,0.5098491982610716,因子数值不匹配
600731.SH,2021-05-25,0.234,0.30551801290028574,因子数值不匹配
600732.SH,2000-09-05,0.2307,0.29982581365146943,因子数值不匹配
600732.SH,2013-03-04,0.4487,0.813783639241151,因子数值不匹配
600732.SH,2023-06-16,0.2944,0.41719294994527584,因子数值不匹配
600733.SH,2018-09-19,0.7144,2.5009971338887627,因子数值不匹配
600734.SH,2022-02-15,0.5699,1.3252031947488367,因子数值不匹配
600735.SH,2000-09-05,0.1292,0.14841526817768858,因子数值不匹配
600735.SH,2000-10-30,0.1496,0.17587200353157786,因子数值不匹配
600735.SH,2001-05-16,0.2308,0.30005142282155695,因子数值不匹配
600735.SH,2010-07-14,0.2595,0.3504926316679704,因子数值不匹配
600735.SH,2015-05-07,0.3335,0.5002641909689742,因子数值不匹配
600736.SH,2008-05-05,0.445,0.8017901761680228,因子数值不匹配
600736.SH,2011-05-06,0.168,0.20196346888376962,因子数值不匹配
600737.SH,2000-09-28,0.5013,1.0052428064236965,因子数值不匹配
600737.SH,2002-07-18,0.3338,0.5011520595006255,因子数值不匹配
600737.SH,2003-07-14,0.2875,0.40347070143916164,因子数值不匹配
600738.SH,2001-04-24,0.5019,1.0076399924887176,因子数值不匹配
600738.SH,2006-06-08,0.1086,0.12186365740249451,因子数值不匹配
600738.SH,2019-03-08,0.1421,0.16563138088872473,因子数值不匹配
600739.SH,2000-06-08,0.4444,0.8000001765636476,因子数值不匹配
600739.SH,2004-07-13,0.4533,0.8292008501963761,因子数值不匹配
600739.SH,2007-05-22,0.445,0.8018768807070724,因子数值不匹配
600739.SH,2011-07-01,0.3356,0.5051435868966044,因子数值不匹配
600740.SH,2008-03-14,0.5,1.0,因子数值不匹配
600740.SH,2020-06-23,0.2429,0.32087916276825035,因子数值不匹配
600740.SH,2021-05-28,0.2533,0.33928560845751043,因子数值不匹配
600741.SH,2000-05-11,0.3333,0.5000001151147248,因子数值不匹配
600741.SH,2000-08-18,0.12,0.13631746489768604,因子数值不匹配
600741.SH,2002-06-17,0.2946,0.4176373655186369,因子数值不匹配
600741.SH,2006-06-01,0.231,0.3003532302503754,因子数值不匹配
600741.SH,2007-05-21,0.231,0.30034134637576804,因子数值不匹配
600741.SH,2008-05-05,0.1667,0.20000005182217132,因子数值不匹配
600742.SH,2016-06-21,0.5092,1.0374253515635954,因子数值不匹配
600742.SH,2018-06-08,0.1938,0.24035366349920714,因子数值不匹配
600742.SH,2020-06-24,0.2448,0.32422804855566306,因子数值不匹配
600743.SH,2010-03-08,0.2085,0.2633587537300251,因子数值不匹配
600743.SH,2011-04-08,0.2413,0.31809880637412774,因子数值不匹配
600743.SH,2012-07-05,0.22,0.2821316069230849,因子数值不匹配
600743.SH,2013-04-25,0.1441,0.1683168570917412,因子数值不匹配
600746.SH,2001-04-04,0.4454,0.8029980325764862,因子数值不匹配
600748.SH,2008-05-15,0.3255,0.48253265559379527,因子数值不匹配
600748.SH,2016-10-20,0.2312,0.30070752981546356,因子数值不匹配
600749.SH,2008-07-16,0.3333,0.4999999999999998,因子数值不匹配
600750.SH,2007-05-24,0.3345,0.5025183232224982,因子数值不匹配
600750.SH,2007-08-27,0.2593,0.35000012777074385,因子数值不匹配
600750.SH,2018-06-20,0.2984,0.4253523023347883,因子数值不匹配
600750.SH,2019-06-12,0.2172,0.2775156308864798,因子数值不匹配
600750.SH,2020-06-12,0.1843,0.22591952603797827,因子数值不匹配
600751.SH,2013-06-03,0.4476,0.8102187572990591,因子数值不匹配
600753.SH,2020-06-01,0.2856,0.39982708887046564,因子数值不匹配
600753.SH,2021-06-11,0.1667,0.20011204302309693,因子数值不匹配
600755.SH,2004-05-17,0.4537,0.8304426330929628,因子数值不匹配
600755.SH,2006-07-10,0.2338,0.30519472458445257,因子数值不匹配
600755.SH,2009-12-18,0.1289,0.14791658146196202,因子数值不匹配
600755.SH,2010-07-13,0.3824,0.6191645940016742,因子数值不匹配
600755.SH,2011-07-01,0.2398,0.3153596413208015,因子数值不匹配
600756.SH,2001-04-20,0.335,0.5037295369385831,因子数值不匹配
600756.SH,2004-12-03,0.0972,0.1076924945889527,因子数值不匹配
600756.SH,2012-05-10,0.3358,0.5056433540613359,因子数值不匹配
600757.SH,2000-06-13,0.2345,0.30636589706371603,因子数值不匹配
600757.SH,2001-05-18,0.3372,0.5086658916131122,因子数值不匹配
600757.SH,2007-04-25,0.1459,0.17081856821233496,因子数值不匹配
600758.SH,2010-05-10,0.2304,0.29945350000000004,因子数值不匹配
600759.SH,2010-07-20,0.2313,0.3009007670833394,因子数值不匹配
600759.SH,2015-07-06,0.231,0.30043378436112234,因子数值不匹配
600760.SH,2021-06-24,0.2878,0.4040285085240444,因子数值不匹配
600760.SH,2023-06-27,0.2905,0.40938315822084204,因子数值不匹配
600761.SH,2003-06-25,0.3444,0.5253572460386248,因子数值不匹配
600761.SH,2011-06-14,0.181,0.2210300246275689,因子数值不匹配
600761.SH,2012-06-19,0.1805,0.22026889818487977,因子数值不匹配
600761.SH,2014-06-24,0.187,0.22998976414247088,因子数值不匹配
600761.SH,2017-07-21,0.1842,0.22583492675763508,因子数值不匹配
600763.SH,2015-12-04,0.5,1.0,因子数值不匹配
600763.SH,2024-07-05,0.2918,0.4119964365300339,因子数值不匹配
600764.SH,2003-08-14,0.4483,0.8126884031084609,因子数值不匹配
600765.SH,2008-09-19,0.4997,0.9988843437878577,因子数值不匹配
600765.SH,2010-05-13,0.3351,0.5040001564331812,因子数值不匹配
600765.SH,2022-05-19,0.2888,0.4060416034552387,因子数值不匹配
600768.SH,2003-09-29,0.1666,0.1998700429687715,因子数值不匹配
600768.SH,2005-08-18,0.1695,0.20410782936949676,因子数值不匹配
600770.SH,2007-05-24,0.3348,0.5032582907154532,因子数值不匹配
600770.SH,2010-07-16,0.3333,0.49999985386423856,因子数值不匹配
600770.SH,2012-07-16,0.3366,0.5074627156489107,因子数值不匹配
600771.SH,2000-03-09,0.4999,0.9994515279483873,因子数值不匹配
600771.SH,2007-06-22,0.2856,0.399769250587596,因子数值不匹配
600771.SH,2019-05-30,0.285,0.39857447395698636,因子数值不匹配
600773.SH,2001-06-04,0.1701,0.20490212026990762,因子数值不匹配
600773.SH,2002-10-24,0.2855,0.3996329735338298,因子数值不匹配
600773.SH,2007-03-07,0.2122,0.26941749517869973,因子数值不匹配
600774.SH,2006-09-07,0.375,0.6000004476075376,因子数值不匹配
600774.SH,2018-06-05,0.2319,0.30193071944762045,因子数值不匹配
600776.SH,2006-09-08,0.4992,0.9967951007218874,因子数值不匹配
600777.SH,2004-07-29,0.2343,0.3059867114303292,因子数值不匹配
600777.SH,2006-05-17,0.2286,0.296407214702351,因子数值不匹配
600777.SH,2007-07-09,0.2862,0.4009360548117808,因子数值不匹配
600777.SH,2016-12-13,0.7369,2.800486285624284,因子数值不匹配
600778.SH,2001-01-03,0.1512,0.17812269169819125,因子数值不匹配
600779.SH,2000-07-14,0.3335,0.5002772055892108,因子数值不匹配
600779.SH,2002-06-21,0.0967,0.10709677350097035,因子数值不匹配
600780.SH,2003-06-02,0.5013,1.005180935727538,因子数值不匹配
600780.SH,2004-04-19,0.3366,0.5072886887045446,因子数值不匹配
600782.SH,2001-05-11,0.3772,0.6056519232265608,因子数值不匹配
600782.SH,2016-10-13,0.4992,0.9966553823708005,因子数值不匹配
600783.SH,2011-06-29,0.5009,1.0037033412085405,因子数值不匹配
600784.SH,2012-04-16,0.5039,1.0156471613012088,因子数值不匹配
600785.SH,2006-09-01,0.1665,0.19981027879128935,因子数值不匹配
600785.SH,2008-09-19,0.2945,0.4174586881121704,因子数值不匹配
600785.SH,2010-05-19,0.174,0.21060008982200457,因子数值不匹配
600787.SH,2000-05-30,0.3333,0.4999997030381573,因子数值不匹配
600787.SH,2004-10-18,0.4994,0.9977066241228824,因子数值不匹配
600787.SH,2014-08-21,0.5012,1.0049505400167886,因子数值不匹配
600789.SH,2006-10-31,0.2915,0.41139307983071094,因子数值不匹配
600789.SH,2019-06-19,0.2349,0.3069768417329475,因子数值不匹配
600790.SH,2001-04-18,0.3788,0.609710805438641,因子数值不匹配
600790.SH,2006-12-25,0.2189,0.2803179851960442,因子数值不匹配
600790.SH,2008-05-21,0.2306,0.29971608235942776,因子数值不匹配
600790.SH,2015-05-21,0.2308,0.3000772496757814,因子数值不匹配
600790.SH,2018-06-07,0.299,0.4265061083922729,因子数值不匹配
600791.SH,2003-03-31,0.2337,0.30494527078531675,因子数值不匹配
600791.SH,2007-05-29,0.3351,0.5040236392783533,因子数值不匹配
600791.SH,2008-05-16,0.375,0.6000001208469803,因子数值不匹配
600792.SH,2003-04-15,0.3335,0.5003120000000001,因子数值不匹配
600792.SH,2004-05-21,0.3336,0.5005188045043656,因子数值不匹配
600792.SH,2005-07-25,0.1203,0.13669081309706643,因子数值不匹配
600792.SH,2014-10-29,0.5,0.9999996105345724,因子数值不匹配
600793.SH,2020-06-15,0.2855,0.3996189377063672,因子数值不匹配
600794.SH,2006-11-23,0.23,0.29866680629705405,因子数值不匹配
600794.SH,2008-10-07,0.1303,0.14976920168894145,因子数值不匹配
600794.SH,2011-04-07,0.1668,0.20014457464881452,因子数值不匹配
600794.SH,2013-03-14,0.5066,1.0269227473217015,因子数值不匹配
600794.SH,2015-03-18,0.5479,1.211874480313318,因子数值不匹配
600795.SH,2000-11-13,0.2959,0.42017806449492706,因子数值不匹配
600795.SH,2001-03-16,0.4475,0.8098456791517009,因子数值不匹配
600795.SH,2002-09-10,0.4119,0.7005125971453029,因子数值不匹配
600795.SH,2004-04-08,0.3767,0.6042839319192989,因子数值不匹配
600795.SH,2008-03-17,0.5035,1.013937329186112,因子数值不匹配
600795.SH,2010-05-04,0.505,1.020252641119964,因子数值不匹配
600796.SH,2004-05-20,0.4444,0.8,因子数值不匹配
600796.SH,2006-06-01,0.2303,0.2991802859569359,因子数值不匹配
600797.SH,2001-02-13,0.0982,0.10886876413618159,因子数值不匹配
600797.SH,2001-06-05,0.2122,0.2694350783715108,因子数值不匹配
600797.SH,2002-09-26,0.2855,0.3996284509414624,因子数值不匹配
600797.SH,2004-06-15,0.4144,0.7077702979954652,因子数值不匹配
600798.SH,2009-05-27,0.349,0.5361011855753904,因子数值不匹配
600800.SH,2000-05-31,0.3333,0.49981280465313277,因子数值不匹配
600800.SH,2001-08-01,0.3344,0.5023735871821785,因子数值不匹配
600800.SH,2009-03-04,0.0977,0.10826202399483145,因子数值不匹配
600801.SH,2011-05-26,0.5022,1.0087491235318935,因子数值不匹配
600801.SH,2014-06-17,0.3861,0.6288516732431414,因子数值不匹配
600801.SH,2019-06-03,0.3162,0.4623714368133127,因子数值不匹配
600802.SH,2000-08-21,0.0974,0.10788882822995437,因子数值不匹配
600802.SH,2006-08-23,0.2108,0.26714846106172735,因子数值不匹配
600802.SH,2020-07-09,0.1774,0.21568638989772718,因子数值不匹配
600803.SH,2006-06-12,0.4993,0.9971593422166701,因子数值不匹配
600805.SH,2011-05-20,0.239,0.3141399982494297,因子数值不匹配
600805.SH,2013-06-14,0.1763,0.21401157614246863,因子数值不匹配
600807.SH,2011-05-25,0.4997,0.998780468901538,因子数值不匹配
600807.SH,2015-05-07,0.2307,0.29988733812033214,因子数值不匹配
600809.SH,2012-06-12,0.5034,1.013503100302053,因子数值不匹配
600809.SH,2021-07-05,0.286,0.4006522686625488,因子数值不匹配
600810.SH,2019-07-18,0.2581,0.3478257973947341,因子数值不匹配
600812.SH,2006-08-16,0.2579,0.3474576168907265,因子数值不匹配
600814.SH,2000-05-17,0.3336,0.5006363558283168,因子数值不匹配
600814.SH,2006-06-12,0.2349,0.30699079476292096,因子数值不匹配
600815.SH,2002-06-04,0.336,0.5060504222182238,因子数值不匹配
600815.SH,2006-08-21,0.1728,0.2089553503595132,因子数值不匹配
600815.SH,2008-07-02,0.1691,0.20346325131312235,因子数值不匹配
600816.SH,2001-06-25,0.2349,0.30707052410521746,因子数值不匹配
600816.SH,2015-09-23,0.5999,1.4993879795892529,因子数值不匹配
600816.SH,2017-03-06,0.5552,1.2481810903307824,因子数值不匹配
600816.SH,2018-05-04,0.2024,0.2537796041780018,因子数值不匹配
600817.SH,2004-07-26,0.1668,0.2001706203126243,因子数值不匹配
600817.SH,2006-06-16,0.2304,0.2994124988418924,因子数值不匹配
600817.SH,2013-02-08,0.1997,0.24955784177976212,因子数值不匹配
600818.SH,2001-06-04,0.0502,0.0,缺失大额因子
600818.SH,2001-06-11,0.0504,0.0,缺失大额因子
600818.SH,2001-06-18,0.0504,0.0,缺失大额因子
600818.SH,2001-06-25,0.0503,0.0,缺失大额因子
600819.SH,2004-07-12,0.3482,0.5342064453053668,因子数值不匹配
600820.SH,2001-05-18,0.2334,0.3045341060163383,因子数值不匹配
600820.SH,2002-07-26,0.0958,0.10597520409684938,因子数值不匹配
600820.SH,2014-06-16,0.514,1.0577687902547985,因子数值不匹配
600821.SH,2006-08-25,0.298,0.424444701531868,因子数值不匹配
600822.SH,2010-06-08,0.3388,0.5123678729287048,因子数值不匹配
600824.SH,2001-02-14,0.102,0.1135757844038504,因子数值不匹配
600824.SH,2005-12-08,0.5,0.9999997192552177,因子数值不匹配
600824.SH,2007-05-08,0.1301,0.14952374753137374,因子数值不匹配
600824.SH,2008-04-29,0.1663,0.1994342089102294,因子数值不匹配
600824.SH,2009-04-13,0.174,0.21061641398922437,因子数值不匹配
600824.SH,2013-07-26,0.1775,0.21578938406262627,因子数值不匹配
600824.SH,2015-05-29,0.1706,0.20574595833526815,因子数值不匹配
600825.SH,2001-05-29,0.3343,0.5022312004128326,因子数值不匹配
600825.SH,2005-07-18,0.1914,0.23677558360477743,因子数值不匹配
600825.SH,2008-07-02,0.3332,0.4996999106577644,因子数值不匹配
600825.SH,2009-07-14,0.3375,0.5093269150966887,因子数值不匹配
600825.SH,2010-07-02,0.1712,0.20654914692057783,因子数值不匹配
600826.SH,2011-05-31,0.3346,0.5028627720314593,因子数值不匹配
600826.SH,2024-06-28,0.3057,0.44021741466192466,因子数值不匹配
600827.SH,2002-07-29,0.148,0.1737475528718906,因子数值不匹配
600827.SH,2004-07-02,0.2394,0.3146744963551777,因子数值不匹配
600828.SH,2002-06-03,0.167,0.20044816425028245,因子数值不匹配
600828.SH,2010-04-09,0.4472,0.8088816154246552,因子数值不匹配
600828.SH,2011-05-16,0.168,0.20193034340486724,因子数值不匹配
600828.SH,2012-05-07,0.2347,0.3066666231042877,因子数值不匹配
600829.SH,2002-07-02,0.2315,0.3012131117468245,因子数值不匹配
600829.SH,2002-10-23,0.3331,0.49953571291794846,因子数值不匹配
600829.SH,2004-08-25,0.3337,0.5008154143289361,因子数值不匹配
600829.SH,2011-06-14,0.3499,0.5382215089490185,因子数值不匹配
600830.SH,2003-10-21,0.3333,0.5000001408103636,因子数值不匹配
600830.SH,2006-10-24,0.2798,0.3884515032712304,因子数值不匹配
600831.SH,2008-06-05,0.3751,0.6003587540245348,因子数值不匹配
600831.SH,2009-05-14,0.2352,0.30758787266455656,因子数值不匹配
600831.SH,2010-06-07,0.234,0.3054589704429434,因子数值不匹配
600833.SH,2000-06-26,0.2585,0.34857151009055237,因子数值不匹配
600833.SH,2000-07-03,0.1429,0.16666671306354106,因子数值不匹配
600833.SH,2000-07-10,0.05,0.0,缺失大额因子
600833.SH,2000-07-17,0.0508,0.0,缺失大额因子
600833.SH,2000-07-24,0.0514,0.0,缺失大额因子
600833.SH,2000-09-25,0.0508,0.0,缺失大额因子
600833.SH,2000-10-09,0.0502,0.0,缺失大额因子
600833.SH,2000-10-23,0.0506,0.0,缺失大额因子
600833.SH,2001-01-02,0.0507,0.0,缺失大额因子
600833.SH,2001-02-05,0.1253,0.14326651558900802,因子数值不匹配
600833.SH,2001-02-12,0.1576,0.18707469930231338,因子数值不匹配
600833.SH,2001-02-19,0.1003,0.11153130131700721,因子数值不匹配
600833.SH,2001-02-26,0.2439,0.32250007895127103,因子数值不匹配
600833.SH,2001-03-05,0.05,0.0,缺失大额因子
600833.SH,2001-03-12,0.05,0.0,缺失大额因子
600833.SH,2001-04-09,0.051,0.0,缺失大额因子
600833.SH,2011-07-15,0.2885,0.4054598243202387,因子数值不匹配
600834.SH,2000-07-18,0.3102,0.4497187468145519,因子数值不匹配
600834.SH,2001-07-12,0.1305,0.15009717711354179,因子数值不匹配
600834.SH,2003-07-28,0.1006,0.11191335740072202,因子数值不匹配
600834.SH,2005-07-22,0.1,0.11111083892672242,因子数值不匹配
600835.SH,2001-07-20,0.181,0.2210380794602568,因子数值不匹配
600835.SH,2002-08-13,0.1011,0.11252101005641305,因子数值不匹配
600835.SH,2003-06-23,0.1732,0.20952378145754563,因子数值不匹配
600835.SH,2004-07-06,0.1751,0.21219546265960842,因子数值不匹配
600835.SH,2008-07-09,0.1721,0.20786090280896785,因子数值不匹配
600838.SH,2001-05-18,0.3336,0.5004994706003016,因子数值不匹配
600839.SH,2010-06-28,0.3339,0.5012284547752616,因子数值不匹配
600839.SH,2011-06-24,0.199,0.24846630848012213,因子数值不匹配
600841.SH,2012-06-04,0.3767,0.6043053877396531,因子数值不匹配
600843.SH,2003-06-03,0.1307,0.1503829567642114,因子数值不匹配
600843.SH,2004-07-19,0.1303,0.14977980790986392,因子数值不匹配
600844.SH,2010-03-19,0.4999,0.9994857906568313,因子数值不匹配
600845.SH,2011-06-01,0.2406,0.3168815324518356,因子数值不匹配
600845.SH,2016-05-09,0.5031,1.012327804287803,因子数值不匹配
600845.SH,2019-06-28,0.2387,0.31352644273562136,因子数值不匹配
600845.SH,2021-06-09,0.2417,0.31872667879173483,因子数值不匹配
600845.SH,2022-07-15,0.2451,0.324726898209151,因子数值不匹配
600845.SH,2023-06-09,0.1789,0.21786831192963732,因子数值不匹配
600845.SH,2024-06-12,0.1865,0.2292768757147281,因子数值不匹配
600846.SH,2000-06-20,0.3748,0.5993929784955405,因子数值不匹配
600846.SH,2010-06-07,0.3357,0.5052631420084973,因子数值不匹配
600846.SH,2010-11-29,0.1684,0.20247921086972454,因子数值不匹配
600848.SH,2021-06-22,0.1779,0.21639374794511168,因子数值不匹配
600850.SH,2000-05-16,0.3334,0.5001945627809508,因子数值不匹配
600850.SH,2000-12-18,0.0985,0.1092215751146848,因子数值不匹配
600850.SH,2001-05-11,0.3345,0.5026672685951653,因子数值不匹配
600850.SH,2016-06-29,0.2379,0.3121062579439332,因子数值不匹配
600850.SH,2022-06-23,0.2428,0.3206935806250427,因子数值不匹配
600851.SH,2001-07-09,0.3387,0.5121951008900603,因子数值不匹配
600851.SH,2002-07-17,0.1711,0.20641277186699145,因子数值不匹配
600851.SH,2005-06-08,0.5054,1.0217864903459573,因子数值不匹配
600853.SH,2006-10-13,0.1569,0.18604595849661362,因子数值不匹配
600853.SH,2019-07-29,0.2334,0.30446864742025087,因子数值不匹配
600853.SH,2020-12-03,0.1701,0.20494729653341376,因子数值不匹配
600854.SH,2001-08-24,0.3011,0.43081516117480795,因子数值不匹配
600855.SH,2006-05-18,0.2303,0.2992595992780138,因子数值不匹配
600857.SH,2000-04-25,0.3753,0.6007659381124879,因子数值不匹配
600857.SH,2006-08-11,0.1429,0.1666666666666667,因子数值不匹配
600858.SH,2007-10-25,0.1015,0.11296524248728224,因子数值不匹配
600858.SH,2008-07-11,0.3339,0.5013044430439425,因子数值不匹配
600858.SH,2012-04-12,0.4454,0.8031913701078008,因子数值不匹配
600859.SH,2016-06-08,0.2619,0.354818546647021,因子数值不匹配
600862.SH,2001-05-15,0.1724,0.20827780670473037,因子数值不匹配
600862.SH,2012-01-05,0.4994,0.9977423401046583,因子数值不匹配
600863.SH,2003-04-28,0.5054,1.0220182295022173,因子数值不匹配
600863.SH,2013-07-08,0.3602,0.5630249589642766,因子数值不匹配
600863.SH,2014-07-25,0.3833,0.6215140236817993,因子数值不匹配
600864.SH,2007-05-22,0.4999,0.9997224933494095,因子数值不匹配
600864.SH,2008-07-21,0.503,1.012194939586075,因子数值不匹配
600865.SH,2008-05-14,0.2834,0.3955056778140105,因子数值不匹配
600866.SH,2000-07-21,0.2394,0.3147864566939424,因子数值不匹配
600866.SH,2001-04-25,0.2354,0.30786362346723434,因子数值不匹配
600866.SH,2004-05-21,0.3866,0.6301652437822268,因子数值不匹配
600867.SH,2006-06-07,0.1634,0.1952507011120582,因子数值不匹配
600867.SH,2009-06-17,0.2305,0.2995850797056032,因子数值不匹配
600867.SH,2010-06-11,0.1665,0.19982318368553212,因子数值不匹配
600867.SH,2011-06-08,0.2592,0.3499420409052726,因子数值不匹配
600867.SH,2013-05-24,0.1768,0.21476515989184944,因子数值不匹配
600867.SH,2014-04-22,0.1052,0.11754530582984983,因子数值不匹配
600867.SH,2015-05-18,0.0969,0.10725663362433921,因子数值不匹配
600867.SH,2016-06-02,0.1732,0.20948231573694362,因子数值不匹配
600867.SH,2017-06-06,0.1749,0.2119927407334926,因子数值不匹配
600867.SH,2018-05-25,0.1719,0.20762882075668193,因子数值不匹配
600868.SH,2001-06-01,0.1722,0.20798669268142017,因子数值不匹配
600868.SH,2002-05-20,0.11,0.12354303386004459,因子数值不匹配
600868.SH,2004-05-20,0.096,0.10617272391464544,因子数值不匹配
600868.SH,2006-08-22,0.3274,0.48677235040831174,因子数值不匹配
600869.SH,2012-07-02,0.5211,1.0881563625710848,因子数值不匹配
600869.SH,2015-10-16,0.5,1.0000002262586256,因子数值不匹配
600871.SH,2013-11-21,0.3333,0.4999999999999999,因子数值不匹配
600872.SH,2006-05-17,0.3785,0.6089384490289387,因子数值不匹配
600873.SH,2011-04-11,0.6316,1.7146930351681322,因子数值不匹配
600875.SH,2010-07-02,0.5018,1.0071328074960602,因子数值不匹配
600877.SH,2006-08-11,0.3111,0.4516127132004422,因子数值不匹配
600879.SH,2000-06-09,0.3333,0.4999997220667339,因子数值不匹配
600879.SH,2001-05-08,0.312,0.4535547278618608,因子数值不匹配
600879.SH,2003-06-19,0.3354,0.5046439250088487,因子数值不匹配
600879.SH,2006-02-13,0.2843,0.39732138063017736,因子数值不匹配
600879.SH,2009-07-01,0.3336,0.500546375542765,因子数值不匹配
600879.SH,2013-06-04,0.0957,0.10583148544012869,因子数值不匹配
600879.SH,2017-06-23,0.4997,0.9987574267725058,因子数值不匹配
600880.SH,2004-04-08,0.2883,0.40505411656997004,因子数值不匹配
600880.SH,2008-05-16,0.4481,0.8117784255769546,因子数值不匹配
600880.SH,2010-05-07,0.3781,0.6078635442057881,因子数值不匹配
600880.SH,2014-03-31,0.382,0.6180296137291842,因子数值不匹配
600881.SH,2000-08-16,0.1005,0.11175336026631437,因子数值不匹配
600881.SH,2005-07-20,0.3344,0.502369531349706,因子数值不匹配
600881.SH,2006-08-10,0.2789,0.3867404568075596,因子数值不匹配
600881.SH,2009-05-26,0.3395,0.514093901590369,因子数值不匹配
600882.SH,2006-07-13,0.1311,0.15088777726337915,因子数值不匹配
600883.SH,2000-03-23,0.3332,0.4997160138209832,因子数值不匹配
600883.SH,2002-05-27,0.4454,0.8029951326678201,因子数值不匹配
600883.SH,2006-07-07,0.1609,0.1918236249061743,因子数值不匹配
600884.SH,2002-04-30,0.3448,0.5261811885964829,因子数值不匹配
600884.SH,2016-06-20,0.5023,1.0091693181607857,因子数值不匹配
600884.SH,2020-06-19,0.3159,0.46183205319618814,因子数值不匹配
600885.SH,2006-08-03,0.1556,0.18425446774918,因子数值不匹配
600885.SH,2018-06-14,0.2922,0.4128734402322251,因子数值不匹配
600885.SH,2022-06-30,0.2911,0.41066929469918595,因子数值不匹配
600885.SH,2025-06-19,0.2974,0.4231974592879747,因子数值不匹配
600886.SH,2004-09-30,0.5,1.0,因子数值不匹配
600886.SH,2007-09-17,0.1656,0.19846072579566004,因子数值不匹配
600886.SH,2012-06-25,0.3349,0.5034483196921492,因子数值不匹配
600886.SH,2013-05-22,0.3831,0.6210266642485105,因子数值不匹配
600887.SH,2003-07-10,0.5041,1.0164207677928667,因子数值不匹配
600887.SH,2006-04-24,0.2532,0.33908486286398437,因子数值不匹配
600887.SH,2008-05-22,0.1664,0.19964241547769912,因子数值不匹配
600887.SH,2011-06-13,0.4999,0.9994472975887161,因子数值不匹配
600887.SH,2014-07-16,0.3492,0.536474990403858,因子数值不匹配
600887.SH,2015-05-28,0.5092,1.0374008528453087,因子数值不匹配
600888.SH,2006-05-24,0.1258,0.1438983885786126,因子数值不匹配
600888.SH,2006-10-19,0.2865,0.40151888752927295,因子数值不匹配
600888.SH,2007-09-10,0.4451,0.8021863965071807,因子数值不匹配
600888.SH,2012-05-25,0.2341,0.30562778467136864,因子数值不匹配
600888.SH,2013-06-13,0.1768,0.2147059791002423,因子数值不匹配
600888.SH,2017-06-29,0.2333,0.3043478957699995,因子数值不匹配
600889.SH,2000-05-25,0.2311,0.30050213221862093,因子数值不匹配
600889.SH,2004-07-08,0.1694,0.20388334576570807,因子数值不匹配
600889.SH,2008-07-15,0.1695,0.20408182324494667,因子数值不匹配
600889.SH,2010-06-21,0.1712,0.20653805610494735,因子数值不匹配
600892.SH,2009-02-27,0.1997,0.24954171651985982,因子数值不匹配
600892.SH,2017-06-09,0.75,3.000000798609142,因子数值不匹配
600893.SH,2011-06-13,0.5018,1.007293527685296,因子数值不匹配
600894.SH,2004-05-21,0.3559,0.5524753133024689,因子数值不匹配
600895.SH,2001-02-14,0.2283,0.29579849271133274,因子数值不匹配
600895.SH,2001-04-25,0.3509,0.5406395676979001,因子数值不匹配
600895.SH,2002-05-17,0.5,0.999999769304858,因子数值不匹配
600895.SH,2003-05-22,0.2304,0.29940138064137634,因子数值不匹配
600897.SH,2023-07-14,0.2888,0.40603114535190443,因子数值不匹配
600900.SH,2010-07-20,0.3528,0.5450064805320806,因子数值不匹配
600901.SH,2023-06-29,0.3263,0.4842611977290391,因子数值不匹配
600903.SH,2019-05-29,0.2883,0.40517914990477427,因子数值不匹配
600926.SH,2017-06-06,0.2954,0.4192929999999999,因子数值不匹配
600926.SH,2018-07-04,0.305,0.4388015723321401,因子数值不匹配
600959.SH,2016-07-07,0.2309,0.30017696761085794,因子数值不匹配
600960.SH,2008-07-07,0.3379,0.5103448680937543,因子数值不匹配
600960.SH,2013-07-22,0.233,0.3037042412390925,因子数值不匹配
600960.SH,2015-04-14,0.3761,0.602836924357292,因子数值不匹配
600962.SH,2012-07-11,0.2344,0.3062499237631091,因子数值不匹配
600963.SH,2005-07-20,0.3438,0.5239180000000001,因子数值不匹配
600963.SH,2008-06-16,0.3343,0.5022180809818144,因子数值不匹配
600963.SH,2020-05-13,0.2319,0.30183719067620907,因子数值不匹配
600965.SH,2005-06-03,0.1071,0.1200000000000001,因子数值不匹配
600965.SH,2014-07-11,0.2382,0.31261406853138035,因子数值不匹配
600966.SH,2005-07-11,0.1775,0.215781,因子数值不匹配
600966.SH,2006-05-16,0.2304,0.2994552472854897,因子数值不匹配
600966.SH,2008-04-29,0.3774,0.6062881988312707,因子数值不匹配
600966.SH,2015-05-14,0.5,1.0,因子数值不匹配
600967.SH,2013-06-27,0.502,1.0081595167033617,因子数值不匹配
600967.SH,2014-05-20,0.4474,0.8094778936776441,因子数值不匹配
600969.SH,2018-05-29,0.2886,0.4056218115476873,因子数值不匹配
600970.SH,2009-06-02,0.5003,1.0013768231969111,因子数值不匹配
600970.SH,2010-05-13,0.4451,0.8020330341435508,因子数值不匹配
600970.SH,2011-05-16,0.1673,0.2008943683800528,因子数值不匹配
600970.SH,2012-06-11,0.1909,0.23592309598442807,因子数值不匹配
600970.SH,2016-05-30,0.3457,0.5282715882108024,因子数值不匹配
600971.SH,2005-06-13,0.3373,0.509039,因子数值不匹配
600971.SH,2009-04-21,0.1767,0.21467228707180577,因子数值不匹配
600971.SH,2011-09-30,0.5614,1.280063088512241,因子数值不匹配
600971.SH,2019-05-28,0.2116,0.2684564398597713,因子数值不匹配
600971.SH,2023-06-08,0.11,0.12360940547238716,因子数值不匹配
600973.SH,2006-05-22,0.235,0.3072378010437825,因子数值不匹配
600973.SH,2012-05-10,0.3331,0.49941581914135885,因子数值不匹配
600973.SH,2013-07-04,0.2673,0.3648070838439034,因子数值不匹配
600973.SH,2016-06-22,0.3792,0.6107556843319771,因子数值不匹配
600973.SH,2017-05-16,0.2676,0.365384466241957,因子数值不匹配
600975.SH,2007-10-11,0.4444,0.7998382043150587,因子数值不匹配
600975.SH,2012-07-06,0.2308,0.3000002038557272,因子数值不匹配
600975.SH,2016-06-20,0.5016,1.0065358943971001,因子数值不匹配
600976.SH,2006-07-12,0.4996,0.9985838740014529,因子数值不匹配
600979.SH,2007-06-18,0.1821,0.22263408715242264,因子数值不匹配
600979.SH,2008-08-28,0.166,0.19900536037118036,因子数值不匹配
600979.SH,2011-04-27,0.5003,1.0013311876170554,因子数值不匹配
600979.SH,2020-06-16,0.2357,0.3084416237139309,因子数值不匹配
600980.SH,2005-07-01,0.2402,0.31615100000000007,因子数值不匹配
600981.SH,2006-10-17,0.3333,0.5,因子数值不匹配
600981.SH,2007-07-04,0.4763,0.9093330249734772,因子数值不匹配
600982.SH,2014-05-19,0.6034,1.521740043763676,因子数值不匹配
600983.SH,2010-10-22,0.3763,0.6032508474851109,因子数值不匹配
600984.SH,2018-06-22,0.2303,0.29922731522673474,因子数值不匹配
600984.SH,2022-06-23,0.2357,0.308362761663516,因子数值不匹配
600985.SH,2010-06-24,0.1727,0.20877465518053018,因子数值不匹配
600985.SH,2011-07-11,0.1728,0.20887919619908082,因子数值不匹配
600985.SH,2015-07-10,0.3408,0.5169573348574096,因子数值不匹配
600986.SH,2004-07-01,0.2428,0.32067500000000004,因子数值不匹配
600986.SH,2007-07-13,0.1678,0.2015658659397656,因子数值不匹配
600986.SH,2009-06-22,0.5022,1.008758707348643,因子数值不匹配
600986.SH,2018-07-18,0.2904,0.4091654462159239,因子数值不匹配
600987.SH,2006-05-25,0.1475,0.1730206700702968,因子数值不匹配
600987.SH,2008-05-14,0.2454,0.3251451606575387,因子数值不匹配
600987.SH,2013-06-17,0.3472,0.5317825428921367,因子数值不匹配
600987.SH,2019-05-17,0.3286,0.4893615374119511,因子数值不匹配
600988.SH,2014-06-25,0.5,0.9999990927228207,因子数值不匹配
600988.SH,2017-10-25,0.4996,0.9984780418409207,因子数值不匹配
600990.SH,2010-03-23,0.5007,1.0028703722301766,因子数值不匹配
600990.SH,2022-07-25,0.2372,0.31100622204034567,因子数值不匹配
600990.SH,2023-07-10,0.233,0.30379744141452186,因子数值不匹配
600993.SH,2007-05-31,0.1701,0.20495820872188447,因子数值不匹配
600993.SH,2008-06-04,0.3378,0.5100308104337409,因子数值不匹配
600993.SH,2009-06-12,0.4458,0.8042906945846277,因子数值不匹配
600993.SH,2011-05-20,0.5005,1.0020705120168525,因子数值不匹配
600993.SH,2015-07-21,0.2316,0.30148254598174556,因子数值不匹配
600995.SH,2005-04-08,0.5176,1.073025,因子数值不匹配
600995.SH,2006-09-22,0.2089,0.2641264439659083,因子数值不匹配
600995.SH,2007-04-13,0.1737,0.21015224539219596,因子数值不匹配
600995.SH,2008-04-22,0.3359,0.5058822205131449,因子数值不匹配
600995.SH,2009-05-22,0.1689,0.20316630473804262,因子数值不匹配
600997.SH,2006-05-16,0.1614,0.19249395957618184,因子数值不匹配
600997.SH,2009-05-21,0.5026,1.0103463730980118,因子数值不匹配
600998.SH,2023-06-29,0.3514,0.5417100762093832,因子数值不匹配
600998.SH,2023-10-12,0.2861,0.40079305957583666,因子数值不匹配
600998.SH,2024-06-07,0.2517,0.33636400086944235,因子数值不匹配
600999.SH,2011-07-14,0.2434,0.32168265313499567,因子数值不匹配
600999.SH,2020-07-20,0.1707,0.20582054840529015,因子数值不匹配
601000.SH,2012-09-10,0.4441,0.7989269068425502,因子数值不匹配
601000.SH,2016-05-19,0.4544,0.8329459704038792,因子数值不匹配
601000.SH,2018-05-17,0.2445,0.3236153112844528,因子数值不匹配
601001.SH,2010-07-26,0.5078,1.0315910919943028,因子数值不匹配
601001.SH,2025-07-31,0.052,0.5731561009578754,因子数值不匹配
601003.SH,2007-06-25,0.5025,1.0098500000000001,因子数值不匹配
601003.SH,2008-05-21,0.4512,0.822043436077319,因子数值不匹配
601006.SH,2021-07-08,0.0724,0.43516449431443976,因子数值不匹配
601006.SH,2022-07-07,0.0724,1.0575706670104976,因子数值不匹配
601007.SH,2021-07-19,0.2349,0.3070741209062902,因子数值不匹配
601008.SH,2008-05-09,0.1687,0.2029700000000001,因子数值不匹配
601008.SH,2012-05-02,0.2361,0.3090907446730675,因子数值不匹配
601009.SH,2010-06-09,0.2366,0.30991741063326145,因子数值不匹配
601009.SH,2016-06-07,0.4569,0.8414003650390782,因子数值不匹配
601009.SH,2017-07-18,0.3014,0.43146619505309636,因子数值不匹配
601010.SH,2013-05-08,0.3602,0.5630568485741854,因子数值不匹配
601010.SH,2015-04-10,0.6029,1.5181771057035796,因子数值不匹配
601011.SH,2015-09-28,0.6,1.5,因子数值不匹配
601012.SH,2012-06-26,0.4494,0.8162389999999999,因子数值不匹配
601012.SH,2015-05-05,0.6675,2.0072417396420343,因子数值不匹配
601012.SH,2018-05-29,0.2894,0.407185630907541,因子数值不匹配
601012.SH,2019-04-17,0.1912,0.2364216973294257,因子数值不匹配
601012.SH,2021-06-23,0.2873,0.403172034203581,因子数值不匹配
601012.SH,2022-06-06,0.2881,0.40463638591210094,因子数值不匹配
601015.SH,2016-07-22,0.3333,0.4999995022473531,因子数值不匹配
601015.SH,2019-05-09,0.2371,0.31074791257196693,因子数值不匹配
601015.SH,2021-07-08,0.1397,0.16233744277106413,因子数值不匹配
601016.SH,2017-04-19,0.5029,1.0118495170006812,因子数值不匹配
601016.SH,2022-11-28,0.1129,0.12722633708623585,因子数值不匹配
601020.SH,2023-06-16,0.2854,0.3993614665270602,因子数值不匹配
601021.SH,2015-10-21,0.5,1.0,因子数值不匹配
601058.SH,2015-05-08,0.5052,1.0211269557968639,因子数值不匹配
601058.SH,2016-05-06,0.5506,1.2252473023071457,因子数值不匹配
601086.SH,2021-10-14,0.1147,0.1295340720752309,因子数值不匹配
601088.SH,2017-07-10,0.1332,0.15372669987668816,因子数值不匹配
601099.SH,2012-07-10,0.0952,0.10526363081801393,因子数值不匹配
601099.SH,2014-10-09,0.333,0.4992421555903176,因子数值不匹配
601099.SH,2016-01-25,0.1017,0.11323544016627173,因子数值不匹配
601099.SH,2016-09-27,0.3333,0.4999997343758551,因子数值不匹配
601100.SH,2012-06-21,0.3427,0.5214780000000001,因子数值不匹配
601100.SH,2018-06-22,0.2911,0.4106353965067801,因子数值不匹配
601100.SH,2020-07-01,0.3294,0.4912605794909083,因子数值不匹配
601101.SH,2011-07-04,0.5507,1.2257211747391816,因子数值不匹配
601101.SH,2012-07-12,0.1837,0.22501770424822995,因子数值不匹配
601101.SH,2022-07-01,0.2107,0.26691290130196793,因子数值不匹配
601113.SH,2012-06-05,0.506,1.024476,因子数值不匹配
601126.SH,2015-10-12,0.5,1.0,因子数值不匹配
601126.SH,2021-04-29,0.1075,0.12039340581831233,因子数值不匹配
601128.SH,2024-05-29,0.1172,0.13273213459663274,因子数值不匹配
601128.SH,2025-06-05,0.1188,0.1347517053296187,因子数值不匹配
601137.SH,2016-04-22,0.5023,1.0093387335089827,因子数值不匹配
601139.SH,2012-06-14,0.3403,0.5157758879655099,因子数值不匹配
601139.SH,2018-06-22,0.2465,0.32717199500984495,因子数值不匹配
601155.SH,2016-04-21,0.2362,0.3092220000000001,因子数值不匹配
601162.SH,2020-03-19,0.1147,0.1295425143479369,因子数值不匹配
601166.SH,2011-05-06,0.4534,0.8295372896149178,因子数值不匹配
601166.SH,2013-07-03,0.3599,0.562363407923619,因子数值不匹配
601168.SH,2023-05-18,0.1086,0.12184457953706518,因子数值不匹配
601169.SH,2012-07-11,0.1848,0.22673629559335662,因子数值不匹配
601169.SH,2014-07-17,0.1851,0.22720482598879996,因子数值不匹配
601169.SH,2015-07-17,0.1832,0.22425371106243924,因子数值不匹配
601169.SH,2016-07-11,0.1864,0.22907018950992059,因子数值不匹配
601169.SH,2017-07-12,0.1891,0.23320134882216215,因子数值不匹配
601199.SH,2015-12-18,0.4999,0.99950687496882,因子数值不匹配
601199.SH,2016-06-15,0.5056,1.0224998200705322,因子数值不匹配
601200.SH,2019-05-06,0.2349,0.30707927357676795,因子数值不匹配
601200.SH,2024-07-26,0.1761,0.21369859380513964,因子数值不匹配
601208.SH,2012-05-07,0.5122,1.0500000988202833,因子数值不匹配
601208.SH,2021-07-08,0.2329,0.42414954357564943,因子数值不匹配
601216.SH,2012-05-24,0.5027,1.010856,因子数值不匹配
601216.SH,2014-07-07,0.3784,0.6086312432182629,因子数值不匹配
601216.SH,2015-07-15,0.4457,0.8039896294487237,因子数值不匹配
601216.SH,2016-08-10,0.5006,1.002512701187024,因子数值不匹配
601216.SH,2020-05-26,0.1171,0.13257579212047282,因子数值不匹配
601218.SH,2013-06-03,0.5454,1.1995520000000002,因子数值不匹配
601222.SH,2012-05-31,0.1792,0.21836900000000004,因子数值不匹配
601222.SH,2016-09-28,0.716,2.52126719175559,因子数值不匹配
601225.SH,2023-07-12,0.1145,0.12930016629306737,因子数值不匹配
601226.SH,2015-06-11,0.3362,0.506459,因子数值不匹配
601229.SH,2017-07-20,0.2448,0.32408799999999993,因子数值不匹配
601229.SH,2018-07-17,0.3085,0.44621127900864604,因子数值不匹配
601229.SH,2019-07-03,0.2594,0.3502199318923961,因子数值不匹配
601231.SH,2015-06-23,0.5023,1.0092318186094646,因子数值不匹配
601233.SH,2011-09-06,0.5119,1.048645,因子数值不匹配
601233.SH,2018-05-15,0.2896,0.40772273998136077,因子数值不匹配
601236.SH,2021-08-04,0.104,0.11612400219838331,因子数值不匹配
601238.SH,2018-06-12,0.3019,0.43243179794820485,因子数值不匹配
601311.SH,2012-05-21,0.5091,1.036934,因子数值不匹配
601311.SH,2020-07-13,0.2473,0.328476856479304,因子数值不匹配
601318.SH,2015-07-27,0.5031,1.012481111507366,因子数值不匹配
601339.SH,2015-06-29,0.5051,1.020464745149549,因子数值不匹配
601360.SH,2013-04-08,0.4572,0.8422568127918272,因子数值不匹配
601369.SH,2011-04-22,0.3471,0.5316860000000001,因子数值不匹配
601377.SH,2014-09-19,0.5,1.0,因子数值不匹配
601388.SH,2014-07-03,0.235,0.3072215133968006,因子数值不匹配
601388.SH,2016-07-26,0.737,2.8018853067560574,因子数值不匹配
601500.SH,2022-07-13,0.1816,0.22192517646306023,因子数值不匹配
601515.SH,2014-06-23,0.5,1.0,因子数值不匹配
601515.SH,2019-04-23,0.1975,0.24605386532535053,因子数值不匹配
601515.SH,2022-05-23,0.2305,0.2995594727004274,因子数值不匹配
601518.SH,2023-06-29,0.2865,0.40163831807227246,因子数值不匹配
601519.SH,2012-05-17,0.504,1.0161557022283114,因子数值不匹配
601519.SH,2013-06-20,0.2309,0.30024796082582794,因子数值不匹配
601528.SH,2023-05-10,0.2445,0.32357662341473437,因子数值不匹配
601567.SH,2012-06-29,0.3574,0.5561799999999999,因子数值不匹配
601567.SH,2015-06-17,0.6007,1.5045330915684498,因子数值不匹配
601568.SH,2022-06-01,0.1322,0.152367515491895,因子数值不匹配
601568.SH,2023-11-03,0.0565,0.19574775754368492,因子数值不匹配
601595.SH,2020-07-24,0.1722,0.208016700740347,因子数值不匹配
601599.SH,2012-04-12,0.3451,0.5269539999999999,因子数值不匹配
601599.SH,2016-06-08,0.5022,1.008818039904417,因子数值不匹配
601607.SH,2001-05-15,0.1486,0.174477444771238,因子数值不匹配
601607.SH,2003-06-19,0.343,0.5220192306043587,因子数值不匹配
601607.SH,2007-08-16,0.1668,0.20014097601424055,因子数值不匹配
601607.SH,2010-03-05,0.6945,0.0,缺失大额因子
601608.SH,2015-08-25,0.3368,0.5079370580895605,因子数值不匹配
601616.SH,2012-05-15,0.45,0.8180176665317153,因子数值不匹配
601633.SH,2015-10-13,0.6689,2.0202601030325034,因子数值不匹配
601636.SH,2015-09-23,0.6034,1.5217379813659615,因子数值不匹配
601666.SH,2009-06-24,0.2546,0.3415542645021038,因子数值不匹配
601666.SH,2010-06-18,0.238,0.3123851927013173,因子数值不匹配
601666.SH,2011-06-20,0.2394,0.3148003736918287,因子数值不匹配
601668.SH,2018-06-29,0.3053,0.4394790637997863,因子数值不匹配
601677.SH,2022-05-11,0.2916,0.41162033003014553,因子数值不匹配
601678.SH,2011-03-10,0.3355,0.5048969999999999,因子数值不匹配
601678.SH,2015-04-15,0.3407,0.516666361693522,因子数值不匹配
601678.SH,2016-04-25,0.1852,0.22727268945180554,因子数值不匹配
601678.SH,2018-04-17,0.2494,0.33234854444661577,因子数值不匹配
601689.SH,2019-07-10,0.3279,0.4879186256464875,因子数值不匹配
601689.SH,2024-07-19,0.317,0.46421336653948037,因子数值不匹配
601699.SH,2008-06-03,0.4495,0.8166825072918079,因子数值不匹配
601699.SH,2011-06-28,0.5076,1.0307784091818109,因子数值不匹配
601699.SH,2015-06-11,0.2326,0.30305546253839744,因子数值不匹配
601699.SH,2023-06-08,0.1462,0.17127403818181394,因子数值不匹配
601700.SH,2013-04-02,0.5135,1.0555556637088894,因子数值不匹配
601700.SH,2015-05-13,0.6047,1.5300211450840584,因子数值不匹配
601717.SH,2012-03-13,0.5018,1.0070779795210851,因子数值不匹配
601717.SH,2025-07-25,0.0629,0.6135140734473427,因子数值不匹配
601789.SH,2016-06-24,0.5055,1.0220998416344462,因子数值不匹配
601801.SH,2016-06-13,0.5052,1.0211315289559315,因子数值不匹配
601828.SH,2020-07-06,0.1115,0.12550980512411639,因子数值不匹配
601838.SH,2023-07-26,0.0567,0.16859759874358474,因子数值不匹配
601872.SH,2021-06-24,0.1843,0.22601234312249505,因子数值不匹配
601877.SH,2015-05-21,0.2366,0.3099283127068898,因子数值不匹配
601880.SH,2016-08-01,0.5714,1.3333330261465135,因子数值不匹配
601886.SH,2013-05-14,0.5052,1.0211496853455266,因子数值不匹配
601888.SH,2017-06-16,0.5086,1.0351812711524229,因子数值不匹配
601890.SH,2011-06-08,0.2378,0.3119620000000001,因子数值不匹配
601890.SH,2015-06-09,0.513,1.0531776622946638,因子数值不匹配
601899.SH,2011-07-04,0.3425,0.5208329914977032,因子数值不匹配
601908.SH,2012-06-11,0.5076,1.0310160000000002,因子数值不匹配
601908.SH,2015-09-28,0.4996,0.9984326385933958,因子数值不匹配
601918.SH,2013-08-15,0.2954,0.41917360528390446,因子数值不匹配
601919.SH,2021-07-14,0.2309,0.3002103785471414,因子数值不匹配
601919.SH,2022-12-14,0.155,0.18339466194469925,因子数值不匹配
601919.SH,2023-06-28,0.1279,0.14662415057833464,因子数值不匹配
601929.SH,2015-10-09,0.5,0.9999990624150312,因子数值不匹配
601933.SH,2013-05-10,0.5055,1.022189836159259,因子数值不匹配
601933.SH,2014-04-14,0.5074,1.0299683023340298,因子数值不匹配
601933.SH,2016-06-03,0.5086,1.0351287716383641,因子数值不匹配
601939.SH,2024-07-12,0.052,0.5474672875415482,因子数值不匹配
601952.SH,2018-05-28,0.2447,0.3239099999999999,因子数值不匹配
601958.SH,2009-05-19,0.187,0.22996299999999992,因子数值不匹配
601965.SH,2015-05-29,0.3363,0.5067195099981987,因子数值不匹配
601990.SH,2019-07-30,0.1749,0.21201000000000003,因子数值不匹配
601991.SH,2007-07-30,0.503,1.0122080000000002,因子数值不匹配
601992.SH,2016-07-06,0.5013,1.0050517805120012,因子数值不匹配
601996.SH,2012-05-16,0.5045,1.0181490000000002,因子数值不匹配
601996.SH,2017-05-04,0.5042,1.0168224677386242,因子数值不匹配
601997.SH,2019-06-17,0.3078,0.4446929428164397,因子数值不匹配
603000.SH,2014-06-27,0.5032,1.0128881738686486,因子数值不匹配
603000.SH,2015-07-14,0.5018,1.0072463126974156,因子数值不匹配
603002.SH,2015-12-23,0.3331,0.4993832457887709,因子数值不匹配
603005.SH,2020-05-19,0.2864,0.4013178165261846,因子数值不匹配
603005.SH,2021-06-15,0.1699,0.20464926402058128,因子数值不匹配
603005.SH,2022-05-20,0.3806,0.6145367586708798,因子数值不匹配
603006.SH,2016-05-26,0.5034,1.0138221171802404,因子数值不匹配
603007.SH,2017-05-25,0.6012,1.507829,因子数值不匹配
603007.SH,2024-12-26,0.462,0.8586953648254211,因子数值不匹配
603008.SH,2013-06-14,0.3445,0.5255879999999999,因子数值不匹配
603009.SH,2017-07-28,0.5999,1.4996571989211618,因子数值不匹配
603010.SH,2016-04-26,0.5476,1.210551147330045,因子数值不匹配
603010.SH,2019-05-28,0.2922,0.4127762898141968,因子数值不匹配
603010.SH,2021-04-27,0.2963,0.4209692448157691,因子数值不匹配
603011.SH,2016-05-10,0.5023,1.0094431923928397,因子数值不匹配
603012.SH,2016-06-15,0.5012,1.0047030753867405,因子数值不匹配
603015.SH,2016-06-22,0.5018,1.00737973515549,因子数值不匹配
603017.SH,2015-04-24,0.5032,1.0126879999999998,因子数值不匹配
603017.SH,2016-06-03,0.5019,1.007586868903675,因子数值不匹配
603018.SH,2016-05-11,0.5039,1.0157726162610676,因子数值不匹配
603018.SH,2018-04-26,0.3347,0.5030200816582298,因子数值不匹配
603018.SH,2019-05-17,0.3373,0.508893839048727,因子数值不匹配
603018.SH,2020-06-02,0.1825,0.22317197634820085,因子数值不匹配
603018.SH,2021-06-10,0.1867,0.22956735478164433,因子数值不匹配
603019.SH,2016-04-25,0.501,1.0041093125096188,因子数值不匹配
603019.SH,2019-04-23,0.2874,0.40340645253469753,因子数值不匹配
603019.SH,2020-05-08,0.2877,0.40382529732909317,因子数值不匹配
603020.SH,2016-05-13,0.5092,1.037540697963857,因子数值不匹配
603021.SH,2017-05-25,0.6176,1.614830224611219,因子数值不匹配
603022.SH,2016-05-31,0.6009,1.50577,因子数值不匹配
603023.SH,2015-09-24,0.3332,0.4997990000000001,因子数值不匹配
603023.SH,2016-06-15,0.6675,2.0076930308661356,因子数值不匹配
603023.SH,2019-06-13,0.1828,0.22374425170392048,因子数值不匹配
603023.SH,2020-06-09,0.1739,0.21052634372466134,因子数值不匹配
603025.SH,2018-05-22,0.3071,0.4432413145831232,因子数值不匹配
603025.SH,2018-08-30,0.3101,0.44950945089671984,因子数值不匹配
603025.SH,2023-06-20,0.1779,0.21643575490067593,因子数值不匹配
603027.SH,2017-06-07,0.5029,1.0115079456064149,因子数值不匹配
603027.SH,2019-05-23,0.2921,0.41256381776134815,因子数值不匹配
603027.SH,2020-06-11,0.288,0.40447000815962164,因子数值不匹配
603027.SH,2021-06-18,0.1693,0.20379962713312835,因子数值不匹配
603027.SH,2022-06-22,0.1705,0.20555909727368374,因子数值不匹配
603027.SH,2025-10-23,0.2376,6.963667117531806,因子数值不匹配
603028.SH,2021-06-24,0.2352,0.30753300928181787,因子数值不匹配
603029.SH,2022-05-27,0.2366,0.3098704162146263,因子数值不匹配
603030.SH,2017-06-23,0.6674,2.0061810057692706,因子数值不匹配
603030.SH,2023-12-26,0.1444,0.16883121957827357,因子数值不匹配
603031.SH,2018-06-07,0.2904,0.4093137450040606,因子数值不匹配
603031.SH,2024-04-19,0.3175,0.46510806785674175,因子数值不匹配
603031.SH,2026-04-29,0.3117,0.0,缺失大额因子
603032.SH,2018-06-22,0.1699,0.2046735602295371,因子数值不匹配
603032.SH,2023-06-12,0.2857,0.40006048427078456,因子数值不匹配
603033.SH,2017-06-23,0.292,0.4123380000000001,因子数值不匹配
603033.SH,2019-05-29,0.2892,0.40691116672648864,因子数值不匹配
603033.SH,2020-06-04,0.2914,0.41133055712683103,因子数值不匹配
603033.SH,2021-06-08,0.2907,0.4098148579853881,因子数值不匹配
603033.SH,2022-06-24,0.2306,0.2997692796984954,因子数值不匹配
603033.SH,2023-07-17,0.231,0.30037302879964567,因子数值不匹配
603037.SH,2017-06-23,0.2412,0.317812,因子数值不匹配
603037.SH,2023-06-30,0.2552,0.3635822681291547,因子数值不匹配
603037.SH,2024-06-28,0.3048,0.4385150460137604,因子数值不匹配
603037.SH,2025-06-23,0.3008,0.4301627637546509,因子数值不匹配
603038.SH,2018-05-14,0.2907,0.4098764869963909,因子数值不匹配
603038.SH,2019-05-17,0.2973,0.4230769500800019,因子数值不匹配
603038.SH,2020-07-08,0.2955,0.4193820845568502,因子数值不匹配
603038.SH,2024-06-06,0.2346,0.3065594645657288,因子数值不匹配
603039.SH,2018-05-15,0.3252,0.4819539433901639,因子数值不匹配
603039.SH,2019-05-17,0.3253,0.48218902846307987,因子数值不匹配
603039.SH,2020-05-11,0.2869,0.40234345897561236,因子数值不匹配
603039.SH,2021-05-24,0.1682,0.20225238868849296,因子数值不匹配
603040.SH,2018-06-01,0.2377,0.31186204355208985,因子数值不匹配
603040.SH,2020-06-09,0.2431,0.3211733968168411,因子数值不匹配
603040.SH,2021-06-11,0.2423,0.31979712114197845,因子数值不匹配
603041.SH,2020-05-11,0.2939,0.4161672553376277,因子数值不匹配
603043.SH,2021-06-02,0.293,0.41449928184656465,因子数值不匹配
603045.SH,2019-06-05,0.2888,0.40610199999999996,因子数值不匹配
603050.SH,2017-09-26,0.1721,0.20785399999999998,因子数值不匹配
603050.SH,2023-06-06,0.3014,0.4313477252795356,因子数值不匹配
603050.SH,2024-06-07,0.1771,0.21516522430728122,因子数值不匹配
603050.SH,2025-03-31,0.3303,0.4932125751218757,因子数值不匹配
603051.SH,2025-08-08,0.2956,0.39826762222581186,因子数值不匹配
603052.SH,2023-05-16,0.2948,0.41802399999999995,因子数值不匹配
603052.SH,2024-06-03,0.2941,0.41658392241598174,因子数值不匹配
603052.SH,2025-06-23,0.2871,0.4027459863098943,因子数值不匹配
603055.SH,2019-06-11,0.2981,0.4247784297944816,因子数值不匹配
603059.SH,2019-06-18,0.2029,0.254599,因子数值不匹配
603060.SH,2019-06-14,0.2925,0.4134076345152517,因子数值不匹配
603060.SH,2020-06-17,0.2912,0.4108408253648995,因子数值不匹配
603060.SH,2021-06-28,0.2902,0.4088858632559612,因子数值不匹配
603060.SH,2022-06-09,0.1743,0.211072841119978,因子数值不匹配
603060.SH,2023-06-21,0.1002,0.11132621888681594,因子数值不匹配
603061.SH,2026-04-16,0.3111,0.45164236021848514,因子数值不匹配
603066.SH,2017-06-09,0.6678,2.010276301764322,因子数值不匹配
603067.SH,2018-05-08,0.2919,0.4121806086127142,因子数值不匹配
603067.SH,2019-05-21,0.2953,0.4190031558538236,因子数值不匹配
603067.SH,2025-06-24,0.2904,0.409217574644505,因子数值不匹配
603076.SH,2021-06-17,0.2873,0.40320864361256664,因子数值不匹配
603077.SH,2014-07-11,0.5015,1.0059259733035628,因子数值不匹配
603077.SH,2015-09-02,0.6668,2.001592791787333,因子数值不匹配
603077.SH,2017-07-05,0.5465,1.205128229735479,因子数值不匹配
603078.SH,2018-05-04,0.2896,0.4075820000000001,因子数值不匹配
603078.SH,2019-05-15,0.2349,0.3069931272210072,因子数值不匹配
603078.SH,2020-05-06,0.2327,0.3033255422079687,因子数值不匹配
603078.SH,2021-05-12,0.2343,0.3059337839821698,因子数值不匹配
603078.SH,2022-05-12,0.233,0.3037035404758574,因子数值不匹配
603078.SH,2023-05-24,0.233,0.30384838960250626,因子数值不匹配
603079.SH,2018-06-08,0.2898,0.40809699999999993,因子数值不匹配
603079.SH,2020-06-08,0.2878,0.40405068732166544,因子数值不匹配
603083.SH,2018-08-23,0.2354,0.30794699999999997,因子数值不匹配
603083.SH,2019-08-22,0.2351,0.3073817211247857,因子数值不匹配
603083.SH,2020-08-13,0.2314,0.30112410277043206,因子数值不匹配
603085.SH,2017-06-15,0.5011,1.0044569750812307,因子数值不匹配
603085.SH,2018-09-27,0.2309,0.3002757183449366,因子数值不匹配
603086.SH,2018-06-15,0.2891,0.40673500000000007,因子数值不匹配
603086.SH,2020-06-17,0.296,0.42040753944417386,因子数值不匹配
603086.SH,2021-06-09,0.3032,0.43509128753433823,因子数值不匹配
603086.SH,2022-06-06,0.298,0.42441889458760185,因子数值不匹配
603086.SH,2023-06-09,0.3035,0.4358249925205668,因子数值不匹配
603087.SH,2020-08-20,0.2874,0.4033549999999999,因子数值不匹配
603088.SH,2018-06-22,0.2915,0.4114423192208489,因子数值不匹配
603088.SH,2019-06-13,0.301,0.43060833498896744,因子数值不匹配
603088.SH,2020-06-22,0.3082,0.4454975954460693,因子数值不匹配
603088.SH,2021-06-02,0.3204,0.471519044280775,因子数值不匹配
603088.SH,2022-05-31,0.2996,0.42767290228899907,因子数值不匹配
603089.SH,2019-05-24,0.3199,0.4703500359978254,因子数值不匹配
603089.SH,2020-05-29,0.2838,0.396313170645265,因子数值不匹配
603095.SH,2023-06-07,0.3014,0.43148560847707584,因子数值不匹配
603095.SH,2025-06-06,0.3089,0.44687523514168825,因子数值不匹配
603096.SH,2021-06-10,0.1802,0.219777312080608,因子数值不匹配
603098.SH,2018-06-21,0.1752,0.21242373547542245,因子数值不匹配
603100.SH,2024-07-15,0.256,0.3441172227216346,因子数值不匹配
603101.SH,2019-05-28,0.2856,0.39977787597351866,因子数值不匹配
603101.SH,2020-06-10,0.2863,0.40109867654291753,因子数值不匹配
603103.SH,2019-06-14,0.2932,0.4147751378344515,因子数值不匹配
603106.SH,2019-06-20,0.2346,0.30652119235424474,因子数值不匹配
603106.SH,2021-06-09,0.2362,0.3092785153041156,因子数值不匹配
603108.SH,2016-05-19,0.6675,2.007172,因子数值不匹配
603108.SH,2017-06-01,0.4456,0.8039107839524974,因子数值不匹配
603109.SH,2022-05-24,0.2995,0.42757622676061313,因子数值不匹配
603110.SH,2018-06-01,0.2907,0.40992399999999996,因子数值不匹配
603110.SH,2021-06-04,0.2858,0.40018775849647614,因子数值不匹配
603111.SH,2016-05-23,0.6025,1.5158862343209605,因子数值不匹配
603116.SH,2018-07-17,0.3066,0.44218338473396346,因子数值不匹配
603117.SH,2018-07-13,0.2958,0.42000041367124363,因子数值不匹配
603118.SH,2017-06-06,0.55,1.2219831363598104,因子数值不匹配
603119.SH,2024-06-18,0.2348,0.30684973881285843,因子数值不匹配
603121.SH,2019-06-25,0.1712,0.20659899999999998,因子数值不匹配
603121.SH,2020-06-17,0.1777,0.21607675789553946,因子数值不匹配
603121.SH,2022-06-07,0.2476,0.3290224917850106,因子数值不匹配
603125.SH,2024-05-21,0.3154,0.4606233780217522,因子数值不匹配
603125.SH,2025-05-22,0.315,0.4598783781662256,因子数值不匹配
603126.SH,2015-05-21,0.3354,0.5045660000000001,因子数值不匹配
603127.SH,2018-05-31,0.2883,0.405141,因子数值不匹配
603127.SH,2019-04-10,0.2889,0.4062823588522433,因子数值不匹配
603127.SH,2020-06-08,0.2876,0.40373628876152884,因子数值不匹配
603127.SH,2021-08-05,0.2868,0.40211217895334156,因子数值不匹配
603127.SH,2022-08-08,0.2878,0.40417550737888785,因子数值不匹配
603127.SH,2023-07-25,0.2933,0.41505129437615873,因子数值不匹配
603128.SH,2015-06-12,0.5016,1.0065080781165017,因子数值不匹配
603128.SH,2020-08-06,0.2319,0.3018572210743462,因子数值不匹配
603131.SH,2017-05-24,0.5034,1.013861,因子数值不匹配
603131.SH,2019-06-13,0.2892,0.4069448867182147,因子数值不匹配
603135.SH,2024-07-17,0.2965,0.42153423535127954,因子数值不匹配
603136.SH,2019-04-12,0.3237,0.47869422200759215,因子数值不匹配
603136.SH,2021-06-16,0.3189,0.4683156356309531,因子数值不匹配
603136.SH,2024-05-31,0.3303,0.49319465005030216,因子数值不匹配
603137.SH,2024-06-18,0.2957,0.41978899999999997,因子数值不匹配
603138.SH,2017-06-28,0.2323,0.30263700000000004,因子数值不匹配
603138.SH,2018-07-04,0.2888,0.40607782521147484,因子数值不匹配
603138.SH,2019-07-11,0.2894,0.4072337491244037,因子数值不匹配
603138.SH,2020-06-30,0.1681,0.20209955220209336,因子数值不匹配
603155.SH,2022-05-26,0.3244,0.48024166405104124,因子数值不匹配
603155.SH,2024-06-18,0.2854,0.39945131918379695,因子数值不匹配
603156.SH,2018-05-08,0.3051,0.4389909999999999,因子数值不匹配
603156.SH,2019-05-09,0.325,0.4813810510281163,因子数值不匹配
603156.SH,2020-05-22,0.2243,0.289156886494966,因子数值不匹配
603158.SH,2016-06-01,0.5028,1.011463,因子数值不匹配
603158.SH,2021-06-22,0.2878,0.4040922602407621,因子数值不匹配
603158.SH,2022-06-21,0.2916,0.4116252226508809,因子数值不匹配
603159.SH,2019-06-21,0.2908,0.4101193803087434,因子数值不匹配
603161.SH,2024-07-10,0.3078,0.44466807753779325,因子数值不匹配
603162.SH,2023-05-25,0.3291,0.4905759999999999,因子数值不匹配
603162.SH,2024-05-06,0.3314,0.4957539904037097,因子数值不匹配
603163.SH,2023-06-15,0.2106,0.266764,因子数值不匹配
603165.SH,2018-06-15,0.2973,0.42318155763239873,因子数值不匹配
603165.SH,2020-05-19,0.304,0.4367617576292722,因子数值不匹配
603166.SH,2016-04-14,0.1694,0.2039805241334411,因子数值不匹配
603168.SH,2015-06-09,0.6013,1.508438,因子数值不匹配
603168.SH,2017-06-08,0.2952,0.41874486593924753,因子数值不匹配
603168.SH,2018-06-08,0.2418,0.31885403077547225,因子数值不匹配
603169.SH,2015-04-24,0.3778,0.6072120000000001,因子数值不匹配
603179.SH,2018-05-02,0.2958,0.42009699999999994,因子数值不匹配
603179.SH,2020-05-19,0.2437,0.32217375142658283,因子数值不匹配
603179.SH,2022-04-26,0.2393,0.3145746891966435,因子数值不匹配
603180.SH,2020-05-28,0.2938,0.4160159569584098,因子数值不匹配
603180.SH,2021-05-21,0.2953,0.41901366672829066,因子数值不匹配
603181.SH,2019-05-30,0.2972,0.42278933068033864,因子数值不匹配
603181.SH,2020-09-21,0.3102,0.4496246488783271,因子数值不匹配
603181.SH,2021-09-15,0.3103,0.4498198256047834,因子数值不匹配
603183.SH,2018-06-05,0.2899,0.40827100000000005,因子数值不匹配
603183.SH,2019-06-05,0.2906,0.4096832214822289,因子数值不匹配
603183.SH,2020-05-26,0.2943,0.4171052419484832,因子数值不匹配
603183.SH,2021-05-19,0.2942,0.41681572268471445,因子数值不匹配
603183.SH,2022-06-07,0.175,0.2120620561980054,因子数值不匹配
603185.SH,2019-07-10,0.2886,0.4057200000000001,因子数值不匹配
603185.SH,2020-05-20,0.2366,0.3099749594513843,因子数值不匹配
603185.SH,2022-06-02,0.2947,0.4178705812563869,因子数值不匹配
603185.SH,2023-07-07,0.3081,0.4452082064867815,因子数值不匹配
603187.SH,2019-05-20,0.295,0.418477,因子数值不匹配
603187.SH,2020-04-16,0.2979,0.4242909825115247,因子数值不匹配
603187.SH,2021-06-07,0.2925,0.4133307330903361,因子数值不匹配
603187.SH,2023-06-05,0.2949,0.41825706013956493,因子数值不匹配
603188.SH,2015-05-08,0.5076,1.0308169999999999,因子数值不匹配
603192.SH,2022-06-08,0.2397,0.31529142664316046,因子数值不匹配
603195.SH,2023-06-08,0.339,0.5128640656395241,因子数值不匹配
603195.SH,2024-06-06,0.3278,0.48773045561252565,因子数值不匹配
603195.SH,2025-06-09,0.3089,0.446962455834691,因子数值不匹配
603197.SH,2018-06-22,0.2946,0.4176405285120978,因子数值不匹配
603200.SH,2019-05-22,0.2665,0.3632667672652185,因子数值不匹配
603200.SH,2021-06-17,0.2036,0.25568807477298855,因子数值不匹配
603200.SH,2022-06-09,0.279,0.38692434233956,因子数值不匹配
603201.SH,2023-06-12,0.2953,0.419087,因子数值不匹配
603201.SH,2024-07-01,0.305,0.43876379672282245,因子数值不匹配
603201.SH,2025-07-11,0.1851,0.22721242890094312,因子数值不匹配
603203.SH,2017-06-19,0.2375,0.31147499999999995,因子数值不匹配
603203.SH,2018-06-22,0.2396,0.3150437484511715,因子数值不匹配
603203.SH,2021-06-23,0.1849,0.22687368526267498,因子数值不匹配
603203.SH,2022-06-13,0.2613,0.353668421215865,因子数值不匹配
603208.SH,2020-06-04,0.236,0.3089855869900805,因子数值不匹配
603208.SH,2022-07-06,0.2395,0.3149349532924523,因子数值不匹配
603208.SH,2023-06-21,0.26,0.3513655897107341,因子数值不匹配
603209.SH,2023-06-12,0.2895,0.40747820851271427,因子数值不匹配
603214.SH,2020-04-30,0.2949,0.41818185409364783,因子数值不匹配
603217.SH,2020-05-28,0.2962,0.4207989999999999,因子数值不匹配
603217.SH,2022-05-26,0.3859,0.6283185041451557,因子数值不匹配
603218.SH,2019-05-27,0.2411,0.3176809864169696,因子数值不匹配
603218.SH,2020-06-03,0.2949,0.4182931496364333,因子数值不匹配
603219.SH,2023-05-05,0.2992,0.42700458145371256,因子数值不匹配
603220.SH,2024-07-24,0.2354,0.3078091593384026,因子数值不匹配
603222.SH,2016-06-21,0.5012,1.0048407902370753,因子数值不匹配
603222.SH,2022-06-20,0.2901,0.4085818717698787,因子数值不匹配
603223.SH,2018-06-20,0.2913,0.41097014880875465,因子数值不匹配
603223.SH,2019-06-13,0.289,0.40650443724468244,因子数值不匹配
603223.SH,2022-05-30,0.288,0.4045831151692264,因子数值不匹配
603223.SH,2023-06-16,0.288,0.40446330114318946,因子数值不匹配
603225.SH,2018-03-21,0.2908,0.409996,因子数值不匹配
603225.SH,2019-03-28,0.292,0.41236429039515,因子数值不匹配
603226.SH,2018-07-09,0.2403,0.3162534227098914,因子数值不匹配
603226.SH,2019-05-09,0.24,0.3157899905126207,因子数值不匹配
603226.SH,2020-06-09,0.2805,0.38983034306259684,因子数值不匹配
603226.SH,2021-06-03,0.2395,0.3149489277702487,因子数值不匹配
603226.SH,2022-06-08,0.2344,0.30612266053164,因子数值不匹配
603227.SH,2016-07-28,0.5048,1.019355,因子数值不匹配
603228.SH,2019-05-16,0.2953,0.41908408805996245,因子数值不匹配
603228.SH,2020-05-26,0.2905,0.40941277078602495,因子数值不匹配
603229.SH,2020-06-23,0.2866,0.4016872714574539,因子数值不匹配
603229.SH,2021-07-06,0.1682,0.20221795055084277,因子数值不匹配
603229.SH,2022-05-26,0.2869,0.4022429642450306,因子数值不匹配
603229.SH,2023-07-12,0.2894,0.40728481686778656,因子数值不匹配
603229.SH,2024-07-12,0.2943,0.7016733143796445,因子数值不匹配
603232.SH,2018-06-15,0.2925,0.4134549999999999,因子数值不匹配
603232.SH,2019-05-30,0.3014,0.43142866239109146,因子数值不匹配
603232.SH,2020-06-01,0.2993,0.4270993347370085,因子数值不匹配
603232.SH,2021-06-01,0.172,0.20778397675688773,因子数值不匹配
603233.SH,2019-05-30,0.2387,0.31355555269380475,因子数值不匹配
603233.SH,2020-06-17,0.1723,0.20813537132393972,因子数值不匹配
603233.SH,2021-06-10,0.1765,0.21437551263980953,因子数值不匹配
603233.SH,2022-06-13,0.1789,0.21791149729211814,因子数值不匹配
603233.SH,2023-06-09,0.1824,0.22312485544644048,因子数值不匹配
603236.SH,2020-06-10,0.1684,0.20246399999999998,因子数值不匹配
603236.SH,2021-06-11,0.2327,0.3031974346009527,因子数值不匹配
603236.SH,2022-06-30,0.234,0.3055184014784486,因子数值不匹配
603236.SH,2023-06-15,0.2938,0.4159961091205929,因子数值不匹配
603237.SH,2023-06-15,0.2913,0.41110569610551917,因子数值不匹配
603237.SH,2024-07-08,0.3098,0.44875674546530653,因子数值不匹配
603238.SH,2021-07-02,0.3234,0.4779084564219467,因子数值不匹配
603239.SH,2017-05-09,0.6688,2.019334,因子数值不匹配
603259.SH,2019-07-02,0.2902,0.40890800000000005,因子数值不匹配
603259.SH,2020-06-04,0.2878,0.4041122628305041,因子数值不匹配
603259.SH,2021-06-08,0.1684,0.202489049748138,因子数值不匹配
603260.SH,2019-07-11,0.2981,0.4246336589587738,因子数值不匹配
603266.SH,2018-06-04,0.2932,0.4147358513607296,因子数值不匹配
603266.SH,2019-05-29,0.2905,0.4093720042724425,因子数值不匹配
603267.SH,2020-06-02,0.2859,0.4003624679963772,因子数值不匹配
603268.SH,2018-05-21,0.2899,0.4083107291380079,因子数值不匹配
603269.SH,2023-06-02,0.2977,0.42398413934234425,因子数值不匹配
603269.SH,2024-06-03,0.3007,0.42998035274237006,因子数值不匹配
603269.SH,2025-06-04,0.3029,0.43453059740628747,因子数值不匹配
603276.SH,2024-06-25,0.238,0.31236299999999995,因子数值不匹配
603277.SH,2025-06-06,0.3249,0.4813199137265413,因子数值不匹配
603278.SH,2019-04-16,0.2851,0.3987593445220061,因子数值不匹配
603279.SH,2022-06-15,0.2994,0.4274062439723348,因子数值不匹配
603281.SH,2023-05-30,0.3034,0.43554099999999996,因子数值不匹配
603283.SH,2025-06-12,0.2912,0.41083797651940035,因子数值不匹配
603288.SH,2014-05-19,0.5035,1.0139550000000002,因子数值不匹配
603288.SH,2015-04-15,0.4512,0.8222691172344961,因子数值不匹配
603288.SH,2020-05-07,0.1738,0.210296057908322,因子数值不匹配
603288.SH,2021-05-17,0.2354,0.3077908958138196,因子数值不匹配
603288.SH,2022-04-29,0.0985,0.1092396185096896,因子数值不匹配
603288.SH,2023-06-01,0.1764,0.21412791083152447,因子数值不匹配
603289.SH,2018-05-16,0.236,0.308824,因子数值不匹配
603290.SH,2024-05-23,0.2944,0.4171578562318955,因子数值不匹配
603296.SH,2024-06-11,0.2957,0.419913,因子数值不匹配
603297.SH,2019-06-05,0.2391,0.3142689999999999,因子数值不匹配
603298.SH,2020-05-29,0.3042,0.437229347318137,因子数值不匹配
603298.SH,2024-05-31,0.2981,0.42467846300101203,因子数值不匹配
603300.SH,2016-06-13,0.5006,1.0025529999999998,因子数值不匹配
603300.SH,2019-10-15,0.2854,0.39943339813194695,因子数值不匹配
603300.SH,2022-06-20,0.2942,0.4168899091548106,因子数值不匹配
603300.SH,2023-05-18,0.2855,0.39963818781428423,因子数值不匹配
603301.SH,2019-05-24,0.2937,0.4158820000000001,因子数值不匹配
603301.SH,2020-06-08,0.2913,0.4110427281369492,因子数值不匹配
603303.SH,2017-10-19,0.4183,0.7189779999999999,因子数值不匹配
603303.SH,2019-05-28,0.1785,0.21725245314628672,因子数值不匹配
603305.SH,2022-04-28,0.289,0.4065682710838965,因子数值不匹配
603305.SH,2023-04-14,0.2882,0.40497885412677526,因子数值不匹配
603306.SH,2016-06-02,0.3402,0.5156685410404072,因子数值不匹配
603306.SH,2018-05-18,0.2459,0.32613213657873896,因子数值不匹配
603308.SH,2021-06-18,0.2888,0.405982718583029,因子数值不匹配
603309.SH,2015-09-25,0.5021,1.008559,因子数值不匹配
603309.SH,2020-05-25,0.24,0.3157466205962691,因子数值不匹配
603313.SH,2019-06-03,0.2443,0.32332142709169415,因子数值不匹配
603313.SH,2021-07-14,0.2399,0.31567063545228435,因子数值不匹配
603315.SH,2016-06-07,0.5024,1.009592,因子数值不匹配
603316.SH,2021-06-24,0.2405,0.3166953308250555,因子数值不匹配
603317.SH,2020-05-08,0.3136,0.4568360958192223,因子数值不匹配
603317.SH,2021-05-24,0.1713,0.2067760183621278,因子数值不匹配
603317.SH,2023-04-11,0.2935,0.41550899798640156,因子数值不匹配
603318.SH,2016-06-29,0.6681,2.013058,因子数值不匹配
603319.SH,2019-04-16,0.2402,0.31609866363182765,因子数值不匹配
603319.SH,2021-06-08,0.2925,0.41341530283585665,因子数值不匹配
603319.SH,2022-06-02,0.2456,0.3255813953488373,因子数值不匹配
603319.SH,2025-07-09,0.2903,0.4090521002693952,因子数值不匹配
603320.SH,2020-05-26,0.2373,0.3110546925512036,因子数值不匹配
603322.SH,2018-05-04,0.2877,0.4039259167591475,因子数值不匹配
603322.SH,2019-05-13,0.287,0.40246881986429667,因子数值不匹配
603323.SH,2017-07-04,0.2334,0.30452999999999997,因子数值不匹配
603323.SH,2019-06-12,0.1052,0.11754062876000992,因子数值不匹配
603323.SH,2025-06-12,0.1172,0.1327274645650276,因子数值不匹配
603324.SH,2024-07-04,0.1742,0.21096326034396137,因子数值不匹配
603326.SH,2018-05-29,0.292,0.41246099999999997,因子数值不匹配
603326.SH,2020-07-03,0.2958,0.4200005035725677,因子数值不匹配
603327.SH,2022-06-06,0.2494,0.3322967449576413,因子数值不匹配
603327.SH,2023-05-30,0.2511,0.3353705889831278,因子数值不匹配
603327.SH,2024-06-26,0.112,0.12607967376266943,因子数值不匹配
603327.SH,2025-06-20,0.2462,0.326576251239778,因子数值不匹配
603328.SH,2017-06-19,0.5157,1.064747483542382,因子数值不匹配
603329.SH,2025-06-06,0.232,0.3021016083887793,因子数值不匹配
603330.SH,2018-06-26,0.2377,0.31185778771607675,因子数值不匹配
603330.SH,2019-06-10,0.2937,0.41591062980871657,因子数值不匹配
603330.SH,2020-08-06,0.2872,0.40283097276131247,因子数值不匹配
603330.SH,2021-07-16,0.2893,0.40705337673998143,因子数值不匹配
603330.SH,2022-06-02,0.2935,0.41546966362369625,因子数值不匹配
603331.SH,2020-07-20,0.2957,0.4198477969742631,因子数值不匹配
603332.SH,2022-06-23,0.2935,0.4153845428307332,因子数值不匹配
603332.SH,2023-07-04,0.2374,0.31137683849131603,因子数值不匹配
603333.SH,2012-10-17,0.3333,0.5,因子数值不匹配
603335.SH,2018-06-06,0.2339,0.3053760000000001,因子数值不匹配
603335.SH,2019-04-22,0.2324,0.3027028227882234,因子数值不匹配
603336.SH,2018-05-10,0.2361,0.30915048114991733,因子数值不匹配
603336.SH,2019-05-16,0.2345,0.30630065926203287,因子数值不匹配
603336.SH,2020-05-22,0.314,0.45778785046240933,因子数值不匹配
603336.SH,2021-05-17,0.2355,0.3081078370265294,因子数值不匹配
603336.SH,2023-06-20,0.2355,0.307992293475926,因子数值不匹配
603337.SH,2018-06-14,0.3296,0.49173109603627985,因子数值不匹配
603337.SH,2019-06-05,0.3219,0.4747377467254482,因子数值不匹配
603338.SH,2015-09-02,0.6005,1.5030709999999998,因子数值不匹配
603338.SH,2018-05-18,0.2899,0.40828748864739844,因子数值不匹配
603338.SH,2019-05-22,0.2897,0.4078860022541928,因子数值不匹配
603338.SH,2020-06-05,0.2882,0.40495744896433883,因子数值不匹配
603339.SH,2020-07-06,0.3331,0.49946075668953177,因子数值不匹配
603351.SH,2019-05-28,0.2941,0.4166209999999999,因子数值不匹配
603351.SH,2020-05-27,0.2955,0.4194819927136475,因子数值不匹配
603353.SH,2021-05-31,0.2394,0.31472717660093863,因子数值不匹配
603355.SH,2021-07-08,0.3106,0.29182848883549484,因子数值不匹配
603357.SH,2019-05-20,0.3011,0.4307222213981637,因子数值不匹配
603357.SH,2023-06-27,0.2006,0.25096161205460804,因子数值不匹配
603358.SH,2018-06-15,0.2998,0.42821607551809165,因子数值不匹配
603358.SH,2018-09-26,0.2934,0.4152281191902821,因子数值不匹配
603358.SH,2021-06-09,0.2991,0.4268066609508942,因子数值不匹配
603359.SH,2018-06-12,0.2963,0.42103099999999993,因子数值不匹配
603359.SH,2021-07-05,0.2945,0.41748386683147404,因子数值不匹配
603360.SH,2018-07-12,0.2953,0.41898958836623634,因子数值不匹配
603360.SH,2020-04-28,0.3008,0.4302267050045181,因子数值不匹配
603360.SH,2023-06-12,0.3167,0.46341418050096056,因子数值不匹配
603360.SH,2024-05-31,0.3116,0.45256779582993767,因子数值不匹配
603360.SH,2025-05-29,0.3011,0.43077704154028396,因子数值不匹配
603363.SH,2020-10-21,0.2349,0.3069695643112354,因子数值不匹配
603366.SH,2015-05-28,0.5036,1.0147068911980706,因子数值不匹配
603368.SH,2017-05-10,0.2381,0.3124561107209842,因子数值不匹配
603368.SH,2018-05-09,0.2946,0.41767016593294953,因子数值不匹配
603368.SH,2020-06-24,0.3001,0.4288155111339199,因子数值不匹配
603369.SH,2016-05-06,0.6039,1.524599324501412,因子数值不匹配
603377.SH,2018-05-16,0.2921,0.4126055541902188,因子数值不匹配
603377.SH,2021-06-16,0.1668,0.20020533113552452,因子数值不匹配
603378.SH,2021-07-16,0.3162,0.4625139818572591,因子数值不匹配
603378.SH,2022-06-08,0.31,0.44932051171677656,因子数值不匹配
603379.SH,2020-06-02,0.2962,0.42076500000000006,因子数值不匹配
603383.SH,2018-06-05,0.2931,0.414563,因子数值不匹配
603383.SH,2020-06-08,0.2918,0.4119633703545494,因子数值不匹配
603383.SH,2024-05-30,0.1898,0.2343360831433877,因子数值不匹配
603385.SH,2018-05-15,0.2442,0.32312399999999997,因子数值不匹配
603386.SH,2022-07-07,0.3034,0.4356267432687295,因子数值不匹配
603387.SH,2018-06-01,0.2896,0.40768000000000004,因子数值不匹配
603387.SH,2019-05-21,0.2938,0.4161158786087747,因子数值不匹配
603387.SH,2021-06-23,0.2925,0.4133452563447455,因子数值不匹配
603387.SH,2022-06-08,0.2983,0.42514537073303005,因子数值不匹配
603389.SH,2019-06-04,0.1661,0.19924794600678464,因子数值不匹配
603392.SH,2021-05-18,0.2863,0.4010640000000001,因子数值不匹配
603392.SH,2022-04-21,0.3109,0.4511571205883529,因子数值不匹配
603392.SH,2023-06-05,0.2932,0.4147914285320809,因子数值不匹配
603393.SH,2019-05-31,0.3046,0.43801966603688447,因子数值不匹配
603393.SH,2020-05-20,0.2974,0.42320041649683887,因子数值不匹配
603393.SH,2021-05-27,0.1877,0.23113450177649125,因子数值不匹配
603396.SH,2019-06-28,0.2935,0.4153776006819512,因子数值不匹配
603398.SH,2016-06-07,0.5465,1.204964,因子数值不匹配
603398.SH,2019-07-15,0.2856,0.39981694832092535,因子数值不匹配
603399.SH,2014-05-27,0.2876,0.40377740847899385,因子数值不匹配
603416.SH,2017-06-26,0.2884,0.40518999999999994,因子数值不匹配
603421.SH,2020-07-06,0.2903,0.40909161752357803,因子数值不匹配
603429.SH,2017-09-20,0.4999,0.999771,因子数值不匹配
603429.SH,2018-06-05,0.2893,0.40697309841976903,因子数值不匹配
603429.SH,2019-04-17,0.2353,0.30766228891991254,因子数值不匹配
603429.SH,2020-06-02,0.2902,0.4088889915662619,因子数值不匹配
603429.SH,2022-05-25,0.2918,0.4119804052912792,因子数值不匹配
603456.SH,2016-05-26,0.5028,1.0112866411817754,因子数值不匹配
603456.SH,2018-04-12,0.4508,0.8208799884095339,因子数值不匹配
603458.SH,2019-06-21,0.3267,0.4852813439743764,因子数值不匹配
603458.SH,2020-07-07,0.2549,0.34212074008138355,因子数值不匹配
603458.SH,2021-07-08,0.2611,0.3321411017877552,因子数值不匹配
603466.SH,2018-05-28,0.5059,1.023745,因子数值不匹配
603466.SH,2021-06-01,0.3213,0.4733303759979779,因子数值不匹配
603466.SH,2022-07-14,0.3145,0.4588923077333905,因子数值不匹配
603486.SH,2019-06-12,0.2926,0.413675,因子数值不匹配
603488.SH,2020-06-05,0.3074,0.44392454122790803,因子数值不匹配
603489.SH,2023-06-21,0.3011,0.4308957891949152,因子数值不匹配
603489.SH,2024-07-08,0.3126,0.454748226257848,因子数值不匹配
603496.SH,2018-06-28,0.287,0.4025909999999999,因子数值不匹配
603496.SH,2019-07-11,0.3014,0.43153563654693344,因子数值不匹配
603496.SH,2023-06-08,0.2885,0.4054835195900703,因子数值不匹配
603499.SH,2019-06-19,0.2909,0.4102959673664534,因子数值不匹配
603499.SH,2020-07-01,0.2888,0.40614922838995604,因子数值不匹配
603499.SH,2025-06-11,0.2921,0.41253065723739835,因子数值不匹配
603500.SH,2018-06-25,0.2921,0.41266800000000003,因子数值不匹配
603500.SH,2021-05-06,0.2932,0.4148570758466839,因子数值不匹配
603500.SH,2024-05-08,0.2936,0.4156766878185789,因子数值不匹配
603501.SH,2022-07-28,0.262,0.3550127660589864,因子数值不匹配
603505.SH,2021-06-28,0.2383,0.31277472260546824,因子数值不匹配
603505.SH,2022-07-07,0.2872,0.4028867603065277,因子数值不匹配
603505.SH,2023-06-13,0.2874,0.40340904294830665,因子数值不匹配
603505.SH,2025-07-15,0.2874,0.4033183911302193,因子数值不匹配
603506.SH,2018-06-29,0.2365,0.309758,因子数值不匹配
603506.SH,2019-07-01,0.2401,0.3160454068614202,因子数值不匹配
603506.SH,2021-06-15,0.2957,0.4199360632576663,因子数值不匹配
603507.SH,2024-07-08,0.2394,0.31472562156356937,因子数值不匹配
603508.SH,2020-06-09,0.2926,0.41365599929471936,因子数值不匹配
603508.SH,2022-06-10,0.3163,0.46267549452122975,因子数值不匹配
603515.SH,2018-08-23,0.2387,0.31350300063374814,因子数值不匹配
603516.SH,2018-05-17,0.2905,0.4093960000000001,因子数值不匹配
603516.SH,2021-04-16,0.2932,0.41481708973647213,因子数值不匹配
603517.SH,2019-06-03,0.2947,0.41785752100988655,因子数值不匹配
603518.SH,2019-05-30,0.2974,0.423274715705157,因子数值不匹配
603519.SH,2016-05-23,0.5055,1.0223735903112905,因子数值不匹配
603519.SH,2018-06-08,0.3041,0.43693287165986916,因子数值不匹配
603519.SH,2021-06-03,0.1772,0.21536016325948004,因子数值不匹配
603520.SH,2019-06-25,0.2919,0.41227735448443703,因子数值不匹配
603520.SH,2020-06-01,0.2885,0.4054964388167275,因子数值不匹配
603520.SH,2022-06-17,0.2941,0.41666674683287364,因子数值不匹配
603527.SH,2018-05-24,0.2921,0.4126510000000001,因子数值不匹配
603527.SH,2020-06-08,0.297,0.42244903774053005,因子数值不匹配
603528.SH,2017-06-07,0.6706,2.035897,因子数值不匹配
603529.SH,2022-06-28,0.2906,0.40959999999999996,因子数值不匹配
603529.SH,2023-05-19,0.3488,0.5355966231555052,因子数值不匹配
603535.SH,2022-07-14,0.3129,0.45546989825244083,因子数值不匹配
603535.SH,2024-08-29,0.3293,0.4910315462481924,因子数值不匹配
603535.SH,2025-04-03,0.3292,0.49071942110093564,因子数值不匹配
603536.SH,2018-04-26,0.2954,0.419281,因子数值不匹配
603536.SH,2022-06-15,0.2859,0.4002888743929038,因子数值不匹配
603538.SH,2018-07-09,0.1751,0.21220499999999998,因子数值不匹配
603538.SH,2022-06-08,0.2875,0.403457069437234,因子数值不匹配
603556.SH,2018-06-19,0.2398,0.31551406255904546,因子数值不匹配
603558.SH,2015-06-08,0.337,0.508232,因子数值不匹配
603558.SH,2015-09-16,0.6001,1.5007187223185823,因子数值不匹配
603559.SH,2017-06-21,0.3347,0.5031209999999999,因子数值不匹配
603559.SH,2024-12-26,0.3093,0.4478614142537868,因子数值不匹配
603565.SH,2021-05-21,0.25,0.3333330000000001,因子数值不匹配
603565.SH,2022-05-06,0.3606,0.5638598909649726,因子数值不匹配
603565.SH,2023-05-18,0.3344,0.502487745318083,因子数值不匹配
603566.SH,2016-05-31,0.5034,1.01368,因子数值不匹配
603567.SH,2016-06-13,0.505,1.0202019999999998,因子数值不匹配
603568.SH,2016-06-15,0.3372,0.5088170000000001,因子数值不匹配
603568.SH,2019-05-17,0.2686,0.3672827839198982,因子数值不匹配
603568.SH,2020-06-23,0.239,0.31403820958935486,因子数值不匹配
603568.SH,2022-07-06,0.2332,0.30406710623620103,因子数值不匹配
603569.SH,2018-05-31,0.2913,0.4110864431691415,因子数值不匹配
603577.SH,2017-07-11,0.3369,0.508057,因子数值不匹配
603577.SH,2020-04-29,0.2894,0.40734376341978157,因子数值不匹配
603578.SH,2021-05-28,0.2951,0.41868139988953973,因子数值不匹配
603578.SH,2022-05-19,0.239,0.3140761586998272,因子数值不匹配
603579.SH,2017-09-25,0.5,0.9998346919793742,因子数值不匹配
603579.SH,2024-06-05,0.2572,0.34626356500503735,因子数值不匹配
603580.SH,2018-05-24,0.289,0.4064749999999999,因子数值不匹配
603580.SH,2019-07-24,0.2906,0.40972217778488784,因子数值不匹配
603583.SH,2019-05-28,0.3231,0.4772670000000001,因子数值不匹配
603583.SH,2020-07-10,0.2905,0.4094466335469485,因子数值不匹配
603583.SH,2021-06-07,0.2898,0.4081096800438396,因子数值不匹配
603585.SH,2017-06-14,0.3407,0.5166759999999999,因子数值不匹配
603585.SH,2018-06-07,0.1803,0.21998370119920146,因子数值不匹配
603587.SH,2020-05-22,0.2041,0.25636677695375115,因子数值不匹配
603588.SH,2016-05-20,0.5009,1.0034592297222131,因子数值不匹配
603588.SH,2017-04-28,0.5005,1.0021393444992626,因子数值不匹配
603588.SH,2021-06-07,0.234,0.30545476442402814,因子数值不匹配
603588.SH,2022-06-17,0.1712,0.20650250252662555,因子数值不匹配
603595.SH,2018-09-28,0.2856,0.3998322884638422,因子数值不匹配
603595.SH,2019-05-07,0.2876,0.4037211889548152,因子数值不匹配
603596.SH,2024-05-20,0.2902,0.40887603647201154,因子数值不匹配
603598.SH,2016-06-21,0.4999,0.9995830000000001,因子数值不匹配
603599.SH,2016-06-23,0.5015,1.0059,因子数值不匹配
603599.SH,2022-06-21,0.3031,0.4349187971605514,因子数值不匹配
603599.SH,2023-07-10,0.3118,0.453009601181684,因子数值不匹配
603600.SH,2017-04-20,0.6047,1.529858362974585,因子数值不匹配
603601.SH,2015-05-26,0.5464,1.2046709999999998,因子数值不匹配
603601.SH,2016-09-29,0.551,1.2269544979727136,因子数值不匹配
603601.SH,2018-05-28,0.2937,0.41583175516558835,因子数值不匹配
603601.SH,2019-05-23,0.2435,0.3218882996476061,因子数值不匹配
603601.SH,2022-04-26,0.2957,0.41981980909293587,因子数值不匹配
603602.SH,2018-06-06,0.2879,0.4042190000000001,因子数值不匹配
603602.SH,2019-05-16,0.2873,0.4030760159205935,因子数值不匹配
603602.SH,2020-06-08,0.2321,0.30232572303887967,因子数值不匹配
603605.SH,2022-05-30,0.2887,0.4058037248835974,因子数值不匹配
603605.SH,2023-05-29,0.2894,0.4071678841446303,因子数值不匹配
603606.SH,2015-05-28,0.5461,1.20331,因子数值不匹配
603606.SH,2018-05-29,0.263,0.35678984862982044,因子数值不匹配
603606.SH,2019-05-29,0.2378,0.3120729952805464,因子数值不匹配
603607.SH,2018-05-25,0.2927,0.413864,因子数值不匹配
603607.SH,2020-06-18,0.2953,0.4190416472825098,因子数值不匹配
603608.SH,2017-06-02,0.2982,0.42487431918773194,因子数值不匹配
603609.SH,2015-09-18,0.3336,0.5005169186062758,因子数值不匹配
603610.SH,2020-06-05,0.2921,0.41259,因子数值不匹配
603610.SH,2021-06-07,0.273,0.37556969821391917,因子数值不匹配
603610.SH,2022-05-31,0.2374,0.311269116203047,因子数值不匹配
603611.SH,2015-05-29,0.5025,1.009915,因子数值不匹配
603611.SH,2018-06-01,0.3013,0.4312268249061433,因子数值不匹配
603612.SH,2018-07-11,0.3022,0.4331050000000001,因子数值不匹配
603613.SH,2020-05-21,0.3111,0.451527,因子数值不匹配
603613.SH,2021-05-20,0.3111,0.45153758765768753,因子数值不匹配
603613.SH,2022-05-20,0.3114,0.45220617899082355,因子数值不匹配
603613.SH,2023-06-20,0.3123,0.4542271841867883,因子数值不匹配
603616.SH,2016-07-22,0.5006,1.002536,因子数值不匹配
603617.SH,2019-05-30,0.2923,0.4130424204387131,因子数值不匹配
603617.SH,2020-05-15,0.2929,0.4141965717000452,因子数值不匹配
603617.SH,2022-06-02,0.2947,0.4178241019732244,因子数值不匹配
603618.SH,2016-04-06,0.6677,2.0094522424507137,因子数值不匹配
603626.SH,2017-09-15,0.2857,0.3999076773372788,因子数值不匹配
603626.SH,2018-04-24,0.2947,0.4177747802349241,因子数值不匹配
603629.SH,2022-06-09,0.291,0.41051376211786655,因子数值不匹配
603629.SH,2023-06-08,0.2908,0.40994237718527204,因子数值不匹配
603630.SH,2018-06-07,0.2337,0.30491877692048097,因子数值不匹配
603633.SH,2018-08-07,0.237,0.3106451085678294,因子数值不匹配
603633.SH,2019-08-20,0.2368,0.31026553867350803,因子数值不匹配
603633.SH,2020-07-21,0.188,0.23149235715363456,因子数值不匹配
603633.SH,2023-08-30,0.2351,0.307428278185716,因子数值不匹配
603636.SH,2017-04-07,0.7504,3.0066123144293164,因子数值不匹配
603636.SH,2018-03-21,0.1131,0.12748182022268434,因子数值不匹配
603637.SH,2017-05-25,0.2346,0.30646700000000004,因子数值不匹配
603637.SH,2018-05-18,0.2358,0.3085611806497982,因子数值不匹配
603637.SH,2020-07-02,0.2959,0.4202024503513245,因子数值不匹配
603638.SH,2018-06-08,0.3283,0.4887572603369947,因子数值不匹配
603638.SH,2019-04-22,0.3283,0.4888311985848855,因子数值不匹配
603638.SH,2020-06-01,0.3129,0.45536809445462884,因子数值不匹配
603638.SH,2021-06-08,0.2879,0.40439071694552403,因子数值不匹配
603639.SH,2018-06-14,0.2908,0.4101031798853025,因子数值不匹配
603639.SH,2020-06-15,0.2932,0.41485149967409796,因子数值不匹配
603639.SH,2021-06-08,0.2933,0.4150848741429384,因子数值不匹配
603656.SH,2017-06-14,0.2885,0.4054199999999999,因子数值不匹配
603656.SH,2018-05-16,0.2914,0.41118597999174633,因子数值不匹配
603657.SH,2020-06-03,0.2997,0.4280157343931791,因子数值不匹配
603658.SH,2021-05-27,0.2363,0.3093984515724285,因子数值不匹配
603659.SH,2021-04-26,0.2883,0.4051715511710448,因子数值不匹配
603659.SH,2022-06-01,0.5019,1.0078074165919646,因子数值不匹配
603659.SH,2023-05-09,0.3149,0.4596979375116268,因子数值不匹配
603660.SH,2018-06-29,0.2883,0.40516924723111686,因子数值不匹配
603660.SH,2019-06-06,0.2892,0.4069106655509509,因子数值不匹配
603661.SH,2022-07-14,0.2983,0.4250442914815138,因子数值不匹配
603662.SH,2020-07-03,0.2935,0.41541800000000006,因子数值不匹配
603662.SH,2021-07-05,0.2958,0.4200702548646407,因子数值不匹配
603662.SH,2022-07-13,0.1812,0.22134902957373467,因子数值不匹配
603663.SH,2019-05-27,0.292,0.41232975931796856,因子数值不匹配
603663.SH,2022-07-12,0.2888,0.4059961125562775,因子数值不匹配
603663.SH,2023-07-14,0.2904,0.40925289632004497,因子数值不匹配
603665.SH,2020-06-16,0.3634,0.5707350353764039,因子数值不匹配
603666.SH,2018-11-02,0.2872,0.4028449999999999,因子数值不匹配
603666.SH,2020-06-24,0.2875,0.40348307314679843,因子数值不匹配
603666.SH,2021-07-16,0.2885,0.40550789230837425,因子数值不匹配
603667.SH,2018-06-08,0.2406,0.31687256293151755,因子数值不匹配
603668.SH,2017-05-18,0.2882,0.40491900000000003,因子数值不匹配
603669.SH,2018-05-10,0.2993,0.4272110178137017,因子数值不匹配
603669.SH,2019-06-06,0.314,0.45769219137898326,因子数值不匹配
603669.SH,2020-05-26,0.2996,0.42780037860151243,因子数值不匹配
603677.SH,2017-05-25,0.4161,0.7126969999999999,因子数值不匹配
603677.SH,2018-04-18,0.2913,0.41112269967088494,因子数值不匹配
603678.SH,2017-04-27,0.6013,1.5083679886398218,因子数值不匹配
603679.SH,2020-07-08,0.2879,0.40433097439965504,因子数值不匹配
603680.SH,2018-07-31,0.2922,0.412828,因子数值不匹配
603680.SH,2019-07-11,0.2404,0.3164029874832605,因子数值不匹配
603683.SH,2021-05-31,0.2881,0.4047392524745162,因子数值不匹配
603683.SH,2022-05-17,0.1715,0.2070417064548742,因子数值不匹配
603685.SH,2018-05-31,0.2403,0.31623500000000004,因子数值不匹配
603685.SH,2019-05-30,0.2417,0.3187645063381538,因子数值不匹配
603686.SH,2015-09-22,0.5,1.0000009965032701,因子数值不匹配
603686.SH,2019-09-27,0.2855,0.39965973864499316,因子数值不匹配
603688.SH,2017-05-24,0.3371,0.5084603804302519,因子数值不匹配
603688.SH,2024-05-22,0.3862,0.6293089648057634,因子数值不匹配
603689.SH,2022-06-29,0.2989,0.42641047792964853,因子数值不匹配
603690.SH,2023-06-05,0.1688,0.20308745049256088,因子数值不匹配
603693.SH,2022-07-28,0.2347,0.30660397030611397,因子数值不匹配
603696.SH,2018-05-29,0.2883,0.4051580698835273,因子数值不匹配
603696.SH,2019-05-17,0.3103,0.4499150115881131,因子数值不匹配
603697.SH,2023-05-12,0.3108,0.45087399552646834,因子数值不匹配
603698.SH,2019-06-13,0.2308,0.30008071782183054,因子数值不匹配
603700.SH,2020-05-29,0.2369,0.31049019713523324,因子数值不匹配
603701.SH,2017-05-19,0.2061,0.25967029629518984,因子数值不匹配
603701.SH,2017-09-21,0.1709,0.20613989668025037,因子数值不匹配
603701.SH,2018-06-12,0.1762,0.21384963556177744,因子数值不匹配
603701.SH,2019-06-05,0.3061,0.44102968641927714,因子数值不匹配
603701.SH,2020-06-04,0.2438,0.3223684013320984,因子数值不匹配
603703.SH,2016-05-23,0.6023,1.5142000000000002,因子数值不匹配
603703.SH,2023-06-19,0.2803,0.38940532184857873,因子数值不匹配
603707.SH,2018-04-03,0.2341,0.3056700000000001,因子数值不匹配
603707.SH,2019-07-10,0.234,0.30542250338906446,因子数值不匹配
603707.SH,2020-07-23,0.2345,0.3062780918899987,因子数值不匹配
603707.SH,2021-07-15,0.2338,0.30509048559457114,因子数值不匹配
603707.SH,2022-07-11,0.2348,0.3068439417200347,因子数值不匹配
603708.SH,2017-06-15,0.2456,0.32550100000000004,因子数值不匹配
603708.SH,2019-06-13,0.2462,0.3265881312826019,因子数值不匹配
603709.SH,2023-07-14,0.1667,0.1999994157189142,因子数值不匹配
603709.SH,2024-07-19,0.2429,0.3207550538309788,因子数值不匹配
603716.SH,2017-10-23,0.2857,0.39999920054922244,因子数值不匹配
603716.SH,2018-04-25,0.6006,1.5037206603181672,因子数值不匹配
603717.SH,2018-06-08,0.2932,0.41476,因子数值不匹配
603718.SH,2016-05-05,0.5661,1.3047369999999998,因子数值不匹配
603721.SH,2019-06-06,0.2356,0.3082901503086199,因子数值不匹配
603725.SH,2019-05-30,0.2932,0.414758358251686,因子数值不匹配
603725.SH,2024-06-07,0.2943,0.41708515246547895,因子数值不匹配
603726.SH,2018-05-24,0.2978,0.42408396629644424,因子数值不匹配
603726.SH,2019-06-20,0.3063,0.4416471270926084,因子数值不匹配
603728.SH,2018-05-23,0.2328,0.30336399999999997,因子数值不匹配
603729.SH,2018-07-13,0.2877,0.4039455817579652,因子数值不匹配
603730.SH,2020-08-10,0.3202,0.47105668366855946,因子数值不匹配
603730.SH,2021-06-03,0.2161,0.27570318760937473,因子数值不匹配
603730.SH,2022-06-02,0.2578,0.34728831881715355,因子数值不匹配
603730.SH,2023-06-02,0.2796,0.388082777898945,因子数值不匹配
603730.SH,2024-06-03,0.2545,0.34136118677098826,因子数值不匹配
603730.SH,2025-06-04,0.2643,0.35919050305825395,因子数值不匹配
603737.SH,2018-05-29,0.2364,0.30954027849692317,因子数值不匹配
603737.SH,2019-06-18,0.2928,0.4140093264717866,因子数值不匹配
603737.SH,2020-06-29,0.2895,0.40748373738613486,因子数值不匹配
603737.SH,2021-06-10,0.2875,0.4034731790321688,因子数值不匹配
603737.SH,2023-06-16,0.2857,0.4000570549129224,因子数值不匹配
603737.SH,2025-05-30,0.2907,0.4097905799718634,因子数值不匹配
603738.SH,2017-05-22,0.4147,0.7086509999999999,因子数值不匹配
603738.SH,2018-05-21,0.2912,0.41088613180807565,因子数值不匹配
603738.SH,2022-06-08,0.2931,0.4146914031376883,因子数值不匹配
603738.SH,2023-06-07,0.2925,0.4134364502054178,因子数值不匹配
603739.SH,2021-05-25,0.2913,0.41107406513634515,因子数值不匹配
603757.SH,2018-05-17,0.2946,0.41756499999999996,因子数值不匹配
603757.SH,2019-05-17,0.3008,0.430122075530928,因子数值不匹配
603759.SH,2022-05-20,0.3338,0.5010378883887601,因子数值不匹配
603766.SH,2017-05-18,0.61,1.56416851666122,因子数值不匹配
603767.SH,2018-05-23,0.2995,0.42763799999999996,因子数值不匹配
603773.SH,2021-07-23,0.2282,0.29560302572804525,因子数值不匹配
603773.SH,2022-05-23,0.2347,0.3067231379157294,因子数值不匹配
603773.SH,2024-05-24,0.2321,0.30221690786602756,因子数值不匹配
603776.SH,2018-05-16,0.2944,0.41715499999999994,因子数值不匹配
603776.SH,2019-06-26,0.2909,0.41025717017545726,因子数值不匹配
603776.SH,2021-06-11,0.1848,0.2267186266850156,因子数值不匹配
603777.SH,2018-06-06,0.2964,0.4212736199940767,因子数值不匹配
603778.SH,2016-05-17,0.6005,1.5032549999999998,因子数值不匹配
603778.SH,2017-06-08,0.601,1.5060982600653952,因子数值不匹配
603779.SH,2019-10-14,0.3101,0.44954097731221926,因子数值不匹配
603788.SH,2018-06-08,0.3041,0.4369939915292288,因子数值不匹配
603789.SH,2017-09-25,0.2306,0.2996896852803059,因子数值不匹配
603790.SH,2019-05-29,0.24,0.3158749999999999,因子数值不匹配
603797.SH,2019-05-30,0.2912,0.41078868922642797,因子数值不匹配
603797.SH,2020-07-09,0.2945,0.41748636941426115,因子数值不匹配
603798.SH,2017-06-16,0.5042,1.016829,因子数值不匹配
603798.SH,2023-06-21,0.2329,0.30363067779914316,因子数值不匹配
603799.SH,2018-07-10,0.2895,0.40754029685832577,因子数值不匹配
603799.SH,2019-06-12,0.2337,0.30493513497868413,因子数值不匹配
603799.SH,2022-06-08,0.2329,0.3036762542744788,因子数值不匹配
603801.SH,2019-05-21,0.3069,0.4428786578066379,因子数值不匹配
603801.SH,2021-05-19,0.2968,0.422132835719599,因子数值不匹配
603801.SH,2023-07-05,0.3013,0.4312752587236836,因子数值不匹配
603806.SH,2018-05-30,0.2423,0.3198686655268878,因子数值不匹配
603806.SH,2020-05-18,0.2939,0.41630044828688073,因子数值不匹配
603806.SH,2021-05-24,0.1706,0.20572820617441895,因子数值不匹配
603806.SH,2022-05-25,0.288,0.4045575366180759,因子数值不匹配
603806.SH,2023-05-26,0.2879,0.40436521747902887,因子数值不匹配
603806.SH,2024-06-24,0.294,0.41650795958114023,因子数值不匹配
603808.SH,2016-06-23,0.3374,0.5090977651574696,因子数值不匹配
603808.SH,2017-07-07,0.2376,0.3116938857451408,因子数值不匹配
603809.SH,2018-05-30,0.3051,0.4390339999999999,因子数值不匹配
603809.SH,2019-05-27,0.3082,0.44545438120294606,因子数值不匹配
603809.SH,2021-06-17,0.2971,0.422587829211783,因子数值不匹配
603809.SH,2022-05-25,0.2404,0.3164761647407077,因子数值不匹配
603809.SH,2024-06-05,0.3349,0.5035799097160489,因子数值不匹配
603809.SH,2025-04-25,0.2396,0.31514216375066456,因子数值不匹配
603810.SH,2020-07-10,0.2875,0.4034851210772157,因子数值不匹配
603810.SH,2021-06-18,0.3016,0.43190457640061813,因子数值不匹配
603811.SH,2018-11-26,0.2858,0.4002096073959796,因子数值不匹配
603811.SH,2020-06-03,0.2955,0.41954614950764224,因子数值不匹配
603811.SH,2021-06-04,0.2955,0.41937263868116637,因子数值不匹配
603811.SH,2023-06-08,0.2956,0.41968509508358254,因子数值不匹配
603816.SH,2019-06-03,0.3019,0.43239771553320483,因子数值不匹配
603816.SH,2022-06-29,0.2449,0.3242595425759326,因子数值不匹配
603818.SH,2015-09-21,0.5,1.0,因子数值不匹配
603819.SH,2019-06-13,0.2979,0.4243560732146014,因子数值不匹配
603819.SH,2020-06-24,0.2429,0.3208256590626665,因子数值不匹配
603823.SH,2020-05-26,0.2945,0.4174107576328392,因子数值不匹配
603823.SH,2023-06-26,0.2412,0.3177964650496205,因子数值不匹配
603825.SH,2018-06-21,0.2907,0.40988800000000003,因子数值不匹配
603826.SH,2018-04-27,0.2336,0.304769499922743,因子数值不匹配
603826.SH,2024-06-27,0.2873,0.40314693136277285,因子数值不匹配
603828.SH,2016-07-25,0.336,0.5060520036574263,因子数值不匹配
603828.SH,2017-08-17,0.4474,0.8097418839702705,因子数值不匹配
603828.SH,2018-06-28,0.233,0.3037595415309252,因子数值不匹配
603828.SH,2019-08-21,0.2326,0.30316730527210756,因子数值不匹配
603833.SH,2020-07-21,0.2915,0.41152057075941373,因子数值不匹配
603838.SH,2016-06-24,0.5018,1.0074070000000002,因子数值不匹配
603839.SH,2018-05-18,0.2992,0.42702735228895883,因子数值不匹配
603843.SH,2019-07-12,0.289,0.4064743766913691,因子数值不匹配
603856.SH,2018-06-22,0.2389,0.31385799999999997,因子数值不匹配
603858.SH,2018-08-17,0.2623,0.355524627149931,因子数值不匹配
603858.SH,2019-08-19,0.269,0.36804812516346863,因子数值不匹配
603859.SH,2024-06-17,0.3262,0.48420585651738984,因子数值不匹配
603866.SH,2019-04-25,0.2989,0.42632820676906963,因子数值不匹配
603866.SH,2021-05-11,0.3003,0.42920140951495445,因子数值不匹配
603866.SH,2022-04-22,0.3059,0.4406205010177808,因子数值不匹配
603866.SH,2023-04-27,0.1902,0.23492895882397216,因子数值不匹配
603867.SH,2022-07-08,0.2407,0.3169901800547882,因子数值不匹配
603869.SH,2019-07-11,0.3202,0.47094815488615993,因子数值不匹配
603871.SH,2018-06-08,0.2903,0.409033,因子数值不匹配
603871.SH,2019-06-05,0.2943,0.41712365856583916,因子数值不匹配
603871.SH,2020-06-15,0.3084,0.44582211106514796,因子数值不匹配
603871.SH,2021-06-15,0.2618,0.35471461527270715,因子数值不匹配
603871.SH,2022-06-09,0.3003,0.4291619556362845,因子数值不匹配
603871.SH,2023-06-21,0.3011,0.4308509829410531,因子数值不匹配
603871.SH,2024-06-18,0.2988,0.42610146387549586,因子数值不匹配
603871.SH,2025-06-19,0.3055,0.4398009950248758,因子数值不匹配
603876.SH,2023-06-06,0.4584,0.8464057897374984,因子数值不匹配
603878.SH,2019-06-19,0.3122,0.4538870205006025,因子数值不匹配
603878.SH,2020-06-22,0.328,0.4880209249900134,因子数值不匹配
603878.SH,2023-05-15,0.309,0.4472048218598959,因子数值不匹配
603879.SH,2019-06-06,0.2848,0.398284436367888,因子数值不匹配
603879.SH,2020-07-10,0.283,0.39471170471487926,因子数值不匹配
603879.SH,2021-06-29,0.2299,0.29846570938204653,因子数值不匹配
603880.SH,2018-06-21,0.2353,0.3076920000000001,因子数值不匹配
603880.SH,2019-05-14,0.2402,0.31616925086335307,因子数值不匹配
603880.SH,2020-06-12,0.2334,0.3044951497376163,因子数值不匹配
603880.SH,2021-05-21,0.2416,0.318584248164103,因子数值不匹配
603881.SH,2021-04-26,0.2867,0.40183967784296915,因子数值不匹配
603881.SH,2023-06-01,0.2867,0.40197655597566634,因子数值不匹配
603881.SH,2024-06-21,0.2345,0.3063763874787343,因子数值不匹配
603881.SH,2025-06-13,0.168,0.20192714424584834,因子数值不匹配
603883.SH,2020-08-21,0.2887,0.40579854528571996,因子数值不匹配
603883.SH,2022-06-30,0.2396,0.3150396806409055,因子数值不匹配
603883.SH,2024-06-27,0.25,0.3333331630826341,因子数值不匹配
603885.SH,2015-12-28,0.504,1.0161289999999998,因子数值不匹配
603885.SH,2017-06-13,0.2939,0.4161889945724924,因子数值不匹配
603887.SH,2018-06-06,0.2909,0.4102444250654043,因子数值不匹配
603887.SH,2020-06-08,0.2869,0.4022657521760476,因子数值不匹配
603887.SH,2021-06-24,0.1733,0.20956959766760339,因子数值不匹配
603888.SH,2017-06-22,0.6,1.4997061452437228,因子数值不匹配
603888.SH,2025-07-25,0.2352,0.5188197120931265,因子数值不匹配
603889.SH,2015-05-29,0.3387,0.512189,因子数值不匹配
603889.SH,2016-04-19,0.5055,1.0224363488955415,因子数值不匹配
603889.SH,2019-06-12,0.2552,0.34265704799199087,因子数值不匹配
603889.SH,2023-05-29,0.3184,0.46711657796450073,因子数值不匹配
603890.SH,2018-05-29,0.2905,0.40945300000000007,因子数值不匹配
603890.SH,2019-05-08,0.299,0.4265952819994706,因子数值不匹配
603890.SH,2020-05-28,0.2931,0.4147078731538321,因子数值不匹配
603895.SH,2018-06-14,0.2892,0.4069609999999999,因子数值不匹配
603896.SH,2022-05-26,0.2327,0.3032782122082607,因子数值不匹配
603898.SH,2015-09-07,0.6667,2.000000997914359,因子数值不匹配
603899.SH,2016-05-04,0.5063,1.0253235029628323,因子数值不匹配
603900.SH,2017-10-09,0.2856,0.39975004818228593,因子数值不匹配
603901.SH,2015-10-09,0.5,1.0,因子数值不匹配
603901.SH,2016-05-16,0.5011,1.0044615000000001,因子数值不匹配
603903.SH,2019-06-28,0.2887,0.4058463880812358,因子数值不匹配
603903.SH,2020-07-13,0.2885,0.40555560674435254,因子数值不匹配
603906.SH,2018-06-14,0.1712,0.20659899999999998,因子数值不匹配
603906.SH,2019-06-20,0.1738,0.21035571884279708,因子数值不匹配
603906.SH,2021-05-10,0.2902,0.4088699779953612,因子数值不匹配
603908.SH,2024-06-07,0.3124,0.4542974419078242,因子数值不匹配
603909.SH,2019-09-30,0.2857,0.40000039543118804,因子数值不匹配
603909.SH,2021-06-07,0.2884,0.4052589508648642,因子数值不匹配
603909.SH,2023-05-12,0.2336,0.3048477159395193,因子数值不匹配
603912.SH,2018-05-29,0.2918,0.41205500000000006,因子数值不匹配
603912.SH,2022-06-16,0.297,0.4223979945495806,因子数值不匹配
603912.SH,2023-06-09,0.2903,0.40909125588057743,因子数值不匹配
603915.SH,2022-06-08,0.2941,0.41662150131582815,因子数值不匹配
603916.SH,2021-05-18,0.1773,0.2154701323403649,因子数值不匹配
603917.SH,2018-06-08,0.2898,0.40796600000000005,因子数值不匹配
603918.SH,2016-06-17,0.5009,1.0035189999999998,因子数值不匹配
603918.SH,2019-06-12,0.2358,0.30848075735135405,因子数值不匹配
603918.SH,2021-06-15,0.2408,0.3172563130671216,因子数值不匹配
603919.SH,2017-06-06,0.2385,0.31311500000000003,因子数值不匹配
603919.SH,2020-05-20,0.2427,0.32055765910623385,因子数值不匹配
603920.SH,2021-06-17,0.2588,0.3491803353777237,因子数值不匹配
603922.SH,2024-07-09,0.2863,0.40105979800347746,因子数值不匹配
603926.SH,2019-06-18,0.2428,0.3205979670114152,因子数值不匹配
603926.SH,2022-05-31,0.2414,0.3182774951762848,因子数值不匹配
603927.SH,2021-07-05,0.2951,0.4186040511157885,因子数值不匹配
603927.SH,2024-05-21,0.2995,0.42748812238309714,因子数值不匹配
603928.SH,2024-06-21,0.2388,0.31375004192426803,因子数值不匹配
603931.SH,2021-06-03,0.2904,0.40929100000000007,因子数值不匹配
603931.SH,2022-06-06,0.2932,0.4148256108922854,因子数值不匹配
603933.SH,2018-05-10,0.2936,0.415616,因子数值不匹配
603933.SH,2019-06-05,0.2979,0.4242181495546815,因子数值不匹配
603936.SH,2019-06-05,0.2898,0.40803179089082453,因子数值不匹配
603936.SH,2020-06-04,0.2883,0.4050075550182471,因子数值不匹配
603938.SH,2021-04-23,0.2327,0.30335232649051286,因子数值不匹配
603938.SH,2022-05-12,0.2881,0.4047285310261517,因子数值不匹配
603938.SH,2023-05-11,0.2917,0.4118954291681942,因子数值不匹配
603939.SH,2015-11-06,0.5031,1.012355,因子数值不匹配
603939.SH,2020-05-18,0.288,0.40447063179278325,因子数值不匹配
603939.SH,2021-06-07,0.2335,0.3046202929657625,因子数值不匹配
603939.SH,2023-06-07,0.2917,0.4117820716361753,因子数值不匹配
603939.SH,2024-06-07,0.1761,0.21379321319021993,因子数值不匹配
603949.SH,2020-09-21,0.2858,0.40009910441526914,因子数值不匹配
603950.SH,2023-05-10,0.2856,0.39986328572448826,因子数值不匹配
603955.SH,2018-06-14,0.2332,0.30414359522040013,因子数值不匹配
603959.SH,2018-06-25,0.2862,0.40095620949969885,因子数值不匹配
603959.SH,2019-05-31,0.2892,0.40681661189226304,因子数值不匹配
603960.SH,2017-08-16,0.2336,0.304802,因子数值不匹配
603960.SH,2018-05-31,0.2338,0.3051673740536878,因子数值不匹配
603960.SH,2019-04-25,0.233,0.30370379069692327,因子数值不匹配
603960.SH,2020-05-26,0.2896,0.40774474954373247,因子数值不匹配
603966.SH,2018-06-22,0.2358,0.3086030337878538,因子数值不匹配
603966.SH,2021-08-03,0.3049,0.4386853389500612,因子数值不匹配
603966.SH,2023-07-04,0.1835,0.22476164902714352,因子数值不匹配
603967.SH,2022-05-18,0.2588,0.349221257381035,因子数值不匹配
603968.SH,2015-09-21,0.5,1.0,因子数值不匹配
603969.SH,2015-05-29,0.5011,1.0044110000000002,因子数值不匹配
603969.SH,2018-05-10,0.3182,0.46666669919925885,因子数值不匹配
603969.SH,2018-09-27,0.3099,0.4491020394718676,因子数值不匹配
603970.SH,2018-06-12,0.1743,0.21114999999999995,因子数值不匹配
603970.SH,2019-06-18,0.1771,0.21526895925360198,因子数值不匹配
603970.SH,2023-06-13,0.2997,0.42791675269600193,因子数值不匹配
603976.SH,2018-05-28,0.2967,0.42180799999999996,因子数值不匹配
603977.SH,2018-05-16,0.2909,0.41015606384934167,因子数值不匹配
603977.SH,2020-05-21,0.2946,0.4176472510282352,因子数值不匹配
603978.SH,2018-05-04,0.5025,1.0101270000000002,因子数值不匹配
603979.SH,2016-07-18,0.1695,0.20409199999999994,因子数值不匹配
603979.SH,2017-07-14,0.2332,0.30412294077196766,因子数值不匹配
603980.SH,2019-06-13,0.3089,0.4469620673122832,因子数值不匹配
603985.SH,2018-05-29,0.2387,0.313609,因子数值不匹配
603985.SH,2019-05-20,0.2987,0.4259859669049162,因子数值不匹配
603985.SH,2020-06-16,0.2958,0.41998720897208386,因子数值不匹配
603985.SH,2021-06-22,0.2442,0.32309434060799813,因子数值不匹配
603985.SH,2022-06-10,0.2337,0.305004785862604,因子数值不匹配
603986.SH,2017-05-22,0.5013,1.0053480000000001,因子数值不匹配
603986.SH,2018-05-21,0.2874,0.40323225694492926,因子数值不匹配
603986.SH,2020-05-07,0.2866,0.4017703182238892,因子数值不匹配
603986.SH,2021-05-21,0.288,0.4044890378291323,因子数值不匹配
603987.SH,2017-06-08,0.3374,0.509191,因子数值不匹配
603987.SH,2018-07-18,0.2955,0.4193975447773014,因子数值不匹配
603988.SH,2017-11-16,0.3334,0.5000896956986701,因子数值不匹配
603988.SH,2018-05-22,0.2916,0.4116525419529435,因子数值不匹配
603988.SH,2018-08-31,0.2886,0.4057186344246964,因子数值不匹配
603989.SH,2015-10-13,0.3476,0.5327679999999999,因子数值不匹配
603989.SH,2018-06-28,0.2515,0.3360215053763443,因子数值不匹配
603990.SH,2019-05-21,0.2894,0.4072630092100076,因子数值不匹配
603990.SH,2020-07-03,0.2327,0.3033304521407636,因子数值不匹配
603990.SH,2022-06-30,0.2281,0.2954665161573153,因子数值不匹配
603990.SH,2023-07-07,0.2301,0.29879397862336465,因子数值不匹配
603993.SH,2015-11-13,0.6669,2.002098027045835,因子数值不匹配
603995.SH,2022-05-20,0.3216,0.47403230887689884,因子数值不匹配
603997.SH,2017-05-25,0.34,0.5152501491426891,因子数值不匹配
603998.SH,2015-04-17,0.2326,0.3030630000000001,因子数值不匹配
603998.SH,2016-05-05,0.6681,2.0130108828199402,因子数值不匹配
603999.SH,2016-06-02,0.1695,0.20408800000000005,因子数值不匹配
603999.SH,2017-07-03,0.5022,1.009001003248932,因子数值不匹配
688004.SH,2024-05-30,0.2911,0.41057925788919286,因子数值不匹配
688005.SH,2025-03-06,0.3243,0.4798568299567797,因子数值不匹配
688006.SH,2023-06-07,0.2917,0.4117449952999856,因子数值不匹配
688016.SH,2024-05-14,0.3398,0.5146541731629134,因子数值不匹配
688017.SH,2022-06-30,0.2886,0.40566950261584106,因子数值不匹配
688018.SH,2024-05-16,0.2858,0.40026439411308445,因子数值不匹配
688018.SH,2025-06-04,0.2862,0.400914823201533,因子数值不匹配
688019.SH,2022-05-25,0.2865,0.40153147975189807,因子数值不匹配
688019.SH,2023-06-15,0.2321,0.3023245548459671,因子数值不匹配
688019.SH,2024-06-11,0.2322,0.30246456659337434,因子数值不匹配
688019.SH,2025-06-16,0.2325,0.30287608353662315,因子数值不匹配
688022.SH,2023-06-08,0.2877,0.4039608661674364,因子数值不匹配
688023.SH,2024-07-05,0.2295,0.29787962276464314,因子数值不匹配
688026.SH,2022-06-08,0.2923,0.41311647001925594,因子数值不匹配
688028.SH,2023-05-26,0.2926,0.41371550351215985,因子数值不匹配
688029.SH,2022-06-10,0.2903,0.4090639778089847,因子数值不匹配
688032.SH,2022-06-07,0.2881,0.40462,因子数值不匹配
688032.SH,2023-06-13,0.3345,0.5025409007418375,因子数值不匹配
688032.SH,2024-06-19,0.3392,0.51323127450985,因子数值不匹配
688036.SH,2024-06-07,0.3028,0.4342951010980394,因子数值不匹配
688037.SH,2023-06-15,0.3252,0.4820127436654441,因子数值不匹配
688037.SH,2024-07-17,0.3117,0.45278256611822454,因子数值不匹配
688039.SH,2023-06-28,0.2823,0.3933885189144656,因子数值不匹配
688048.SH,2023-06-07,0.2336,0.3048194989871238,因子数值不匹配
688049.SH,2024-06-21,0.1725,0.20838702038598966,因子数值不匹配
688049.SH,2025-08-07,0.169,0.009164317949959434,因子数值不匹配
688050.SH,2024-06-05,0.446,0.8049992337652773,因子数值不匹配
688052.SH,2023-05-30,0.2878,0.40411481735371685,因子数值不匹配
688058.SH,2022-06-02,0.2919,0.41216672895802736,因子数值不匹配
688058.SH,2024-06-21,0.2848,0.39828573452989696,因子数值不匹配
688059.SH,2023-05-22,0.2934,0.4152753701475679,因子数值不匹配
688059.SH,2025-06-25,0.2922,0.4129117173251347,因子数值不匹配
688061.SH,2023-06-20,0.3337,0.5007950000000001,因子数值不匹配
688063.SH,2024-06-21,0.2984,0.4253064176502873,因子数值不匹配
688065.SH,2022-07-20,0.2886,0.4055822335483781,因子数值不匹配
688066.SH,2023-05-29,0.2868,0.4021903357113761,因子数值不匹配
688068.SH,2022-06-16,0.3504,0.5393392308368157,因子数值不匹配
688069.SH,2022-06-20,0.2944,0.4172944744699159,因子数值不匹配
688069.SH,2023-06-19,0.2864,0.4014012510275702,因子数值不匹配
688072.SH,2023-09-28,0.3243,0.48001398845952087,因子数值不匹配
688072.SH,2024-06-11,0.325,0.4814550020759704,因子数值不匹配
688073.SH,2023-05-25,0.2942,0.416914,因子数值不匹配
688075.SH,2022-07-05,0.3386,0.51203,因子数值不匹配
688075.SH,2023-06-29,0.3363,0.506726057022678,因子数值不匹配
688076.SH,2025-06-12,0.2958,0.42001412277002437,因子数值不匹配
688077.SH,2023-05-19,0.2973,0.4230329148366447,因子数值不匹配
688080.SH,2023-06-28,0.2873,0.403088828344356,因子数值不匹配
688081.SH,2023-06-12,0.2857,0.4000001971332876,因子数值不匹配
688083.SH,2022-06-02,0.2881,0.404614647009469,因子数值不匹配
688083.SH,2023-06-19,0.2872,0.4028525632820477,因子数值不匹配
688083.SH,2025-06-06,0.2883,0.405156353070243,因子数值不匹配
688085.SH,2022-06-07,0.0987,0.1095195478894174,因子数值不匹配
688085.SH,2025-07-17,0.1671,0.20057045694070805,因子数值不匹配
688087.SH,2023-06-16,0.2903,0.4089895121693523,因子数值不匹配
688089.SH,2023-07-18,0.2932,0.41492001118275146,因子数值不匹配
688090.SH,2024-06-24,0.2891,0.4067407198851825,因子数值不匹配
688090.SH,2025-06-26,0.2321,0.30217556700937465,因子数值不匹配
688091.SH,2022-10-20,0.2647,0.359969,因子数值不匹配
688091.SH,2024-05-17,0.2371,0.310825327604039,因子数值不匹配
688092.SH,2024-06-14,0.2942,0.4168520131794755,因子数值不匹配
688093.SH,2022-06-02,0.2891,0.406669987541747,因子数值不匹配
688095.SH,2022-06-28,0.2782,0.3854846828169464,因子数值不匹配
688095.SH,2023-06-21,0.2779,0.38481593282476134,因子数值不匹配
688096.SH,2023-06-09,0.2938,0.4160591750340042,因子数值不匹配
688096.SH,2025-07-15,0.2895,0.40747461066082424,因子数值不匹配
688102.SH,2023-06-15,0.2888,0.4061208061695023,因子数值不匹配
688102.SH,2024-07-03,0.2357,0.3084228865039455,因子数值不匹配
688232.SH,2021-11-18,0.0542,无因子记录,Major Missing
688236.SH,2021-12-31,0.0539,无因子记录,Major Missing
688259.SH,2022-01-13,0.2988,无因子记录,Major Missing
688511.SH,2026-04-07,0.2394,0.31481444642637413,因子数值不匹配
688535.SH,2026-04-30,0.3242,0.0,缺失大额因子
688615.SH,2026-04-27,0.2923,0.0,缺失大额因子
688678.SH,2026-04-22,0.2882,0.40525632271625783,因子数值不匹配
