ts_code,trade_date,t_pre_close,t_1_close,diff_pct
000001.SZ,1991-07-19,31.2100,31.6900,0.0151
000001.SZ,1991-08-19,15.8000,29.2400,0.4596
000001.SZ,1991-08-26,15.6000,15.0000,0.0400
000001.SZ,1991-09-09,13.8500,13.7000,0.0109
000001.SZ,1991-10-07,15.9000,15.6000,0.0192
000001.SZ,1991-10-14,24.3000,24.0000,0.0125
000001.SZ,1991-11-11,32.3000,30.5000,0.0590
000001.SZ,1991-11-18,34.5000,35.7000,0.0336
000001.SZ,1991-12-02,27.5000,27.8500,0.0126
000001.SZ,1991-12-09,27.9000,27.5000,0.0145
000001.SZ,1991-12-30,29.2500,28.4500,0.0281
000001.SZ,1992-02-03,32.3500,31.1500,0.0385
000001.SZ,1992-03-23,21.5000,32.4500,0.3374
000001.SZ,1992-05-04,41.1500,38.5000,0.0688
000001.SZ,1993-05-24,28.5500,54.4000,0.4752
000001.SZ,1993-06-21,28.0500,27.7500,0.0108
000001.SZ,1993-07-05,27.2000,26.2000,0.0382
000001.SZ,1993-07-19,22.6000,22.0000,0.0273
000001.SZ,1994-07-11,8.6300,13.8000,0.3746
000001.SZ,1995-09-25,7.9800,9.8700,0.1915
000001.SZ,1996-05-27,9.1600,18.3200,0.5000
000001.SZ,1997-08-25,20.9100,31.5700,0.3377
000001.SZ,1999-10-18,22.0700,22.6700,0.0265
000001.SZ,2000-11-06,15.7400,17.7000,0.1107
000001.SZ,2002-07-23,14.3500,14.5000,0.0103
000001.SZ,2003-09-29,9.1900,9.3400,0.0161
000001.SZ,2008-10-31,8.6700,11.3100,0.2334
000001.SZ,2013-06-20,11.9200,19.2400,0.3805
000001.SZ,2014-06-12,9.6800,11.7800,0.1783
000001.SZ,2015-04-13,16.3600,19.8000,0.1737
000001.SZ,2016-06-16,8.5700,10.4400,0.1791
000001.SZ,2017-07-21,10.8100,10.9700,0.0146
000001.SZ,2018-07-12,8.6400,8.7800,0.0159
000001.SZ,2019-06-26,13.2900,13.4300,0.0104
000001.SZ,2020-05-28,12.7800,13.0000,0.0169
000001.SZ,2022-07-22,12.7800,13.0100,0.0177
000001.SZ,2023-06-14,11.4900,11.7700,0.0238
000001.SZ,2024-06-14,10.0800,10.8000,0.0667
000001.SZ,2024-10-10,11.4300,11.6800,0.0214
000001.SZ,2025-06-12,11.4900,11.8500,0.0304
000001.SZ,2025-10-15,11.3300,11.5700,0.0207
000002.SZ,1991-06-10,0.0583,0.0828,0.2959
000004.SZ,1991-01-21,2.4134,2.4381,0.0101
000004.SZ,1991-07-01,1.6803,1.7120,0.0185
000004.SZ,1991-07-08,1.5218,1.5376,0.0103
000004.SZ,1991-07-15,1.2206,1.2047,0.0132
000004.SZ,1991-07-22,1.2681,1.3791,0.0805
000004.SZ,1991-07-29,1.2998,1.2840,0.0123
000004.SZ,1991-08-05,1.2998,1.3157,0.0121
000004.SZ,1991-08-12,1.2998,1.2840,0.0123
000004.SZ,1991-09-02,1.2840,1.2998,0.0122
000004.SZ,1991-09-09,1.1572,1.1889,0.0267
000004.SZ,1991-09-16,1.2681,1.2523,0.0126
000004.SZ,1991-09-23,1.2523,1.2206,0.0260
000004.SZ,1991-09-30,1.2523,1.2681,0.0125
000004.SZ,1991-10-14,2.2351,2.1717,0.0292
000004.SZ,1991-10-21,2.2985,2.3460,0.0202
000004.SZ,1991-11-04,3.2971,3.1703,0.0400
000004.SZ,1991-11-11,3.9154,3.7410,0.0466
000004.SZ,1991-11-18,4.6762,4.9140,0.0484
000004.SZ,1991-11-25,4.3751,4.3116,0.0147
000004.SZ,1991-12-02,3.4240,3.5508,0.0357
000004.SZ,1991-12-16,3.4874,3.3605,0.0378
000004.SZ,1991-12-30,3.7727,3.6776,0.0259
000004.SZ,1992-05-04,6.8472,6.6570,0.0286
000004.SZ,1993-05-24,10.6379,10.2518,0.0377
000004.SZ,1993-07-05,10.3448,9.7587,0.0601
000004.SZ,1993-07-19,8.6158,8.4693,0.0173
000006.SZ,1992-05-04,0.9445,0.9114,0.0363
000006.SZ,1992-10-26,0.7677,1.0768,0.2871
000006.SZ,1993-06-07,0.7809,0.7654,0.0203
000006.SZ,1993-06-21,0.7692,0.7558,0.0177
000006.SZ,1993-07-05,0.7358,0.7157,0.0281
000006.SZ,1993-07-19,0.6020,0.5803,0.0374
000007.SZ,1992-11-09,2.8381,3.4145,0.1688
000007.SZ,1993-05-31,3.4954,3.3998,0.0281
000007.SZ,1993-06-21,3.5170,3.4415,0.0219
000007.SZ,1993-07-05,3.5601,3.3767,0.0543
000007.SZ,1993-07-19,2.8697,2.8265,0.0153
000008.SZ,1992-10-05,0.8794,0.8632,0.0188
000008.SZ,1993-05-31,0.7109,0.6519,0.0905
000008.SZ,1993-06-21,0.7326,0.7055,0.0384
000008.SZ,1993-07-05,0.7434,0.6892,0.0786
000009.SZ,1991-07-08,0.4501,0.4801,0.0625
000009.SZ,1991-07-22,0.4381,0.4861,0.0987
000009.SZ,1991-08-05,0.4381,0.4261,0.0282
000009.SZ,1991-08-19,0.4261,0.4381,0.0274
000009.SZ,1991-10-14,0.7081,0.6721,0.0536
000009.SZ,1991-11-04,1.0142,0.9961,0.0182
000009.SZ,1991-11-11,1.3382,1.2482,0.0721
000009.SZ,1991-11-18,1.7403,1.7943,0.0301
000009.SZ,1991-11-25,1.5962,1.6202,0.0148
000009.SZ,1991-12-02,1.2722,1.3322,0.0450
000009.SZ,1991-12-09,1.3382,1.3202,0.0136
000009.SZ,1991-12-16,1.2962,1.2662,0.0237
000009.SZ,1991-12-30,1.4402,1.4042,0.0256
000009.SZ,1992-05-04,2.7364,2.6044,0.0507
000009.SZ,1993-04-12,3.6927,3.5405,0.0430
000009.SZ,1993-06-21,2.8757,2.8430,0.0115
000009.SZ,1993-07-05,2.9247,2.7940,0.0468
000009.SZ,1993-07-19,2.5816,2.5326,0.0193
000011.SZ,1992-05-04,3.8719,3.7861,0.0227
000011.SZ,1993-07-16,3.6488,3.4751,0.0500
000012.SZ,1993-05-24,1.0515,0.9942,0.0576
000012.SZ,1993-06-22,0.9079,0.9706,0.0646
000012.SZ,1993-07-05,0.9428,0.9021,0.0451
000014.SZ,1993-05-17,3.3017,3.1284,0.0554
000014.SZ,1993-07-19,2.3684,2.3423,0.0111
000016.SZ,1992-05-04,0.9498,0.9053,0.0492
000016.SZ,1992-10-05,1.2402,1.2245,0.0128
000016.SZ,1993-05-03,1.3540,1.2952,0.0454
000016.SZ,1993-06-21,1.0387,1.0276,0.0108
000016.SZ,1993-07-05,1.1129,1.0498,0.0601
000016.SZ,1993-07-19,0.9497,0.9348,0.0159
000017.SZ,1992-05-04,7.7659,7.6110,0.0204
000017.SZ,1992-10-05,10.3545,10.0890,0.0263
000017.SZ,1993-09-06,9.1633,8.7173,0.0512
000019.SZ,1993-06-28,2.5716,2.3110,0.1128
000019.SZ,1993-07-05,2.9652,2.7553,0.0762
000019.SZ,1993-07-19,2.4404,2.3879,0.0220
000020.SZ,1992-05-04,8.0146,8.2239,0.0255
000020.SZ,1993-04-26,8.0146,8.8220,0.0915
000020.SZ,1993-07-05,6.6614,6.0409,0.1027
000020.SZ,1993-07-19,5.7471,5.6165,0.0233
000029.SZ,2019-07-26,10.7360,10.5438,0.0182
000029.SZ,2019-07-29,10.5438,10.7360,0.0179
000029.SZ,2019-07-30,10.7360,10.5438,0.0182
000029.SZ,2019-08-05,10.5438,10.7360,0.0179
000065.SZ,2005-11-11,0.7952,1.1274,0.2947
000065.SZ,2007-06-06,3.4761,2.4517,0.4178
000157.SZ,2014-08-08,3.1218,3.2432,0.0374
000157.SZ,2026-01-09,8.3300,8.5300,0.0234
000408.SZ,2026-04-17,86.4400,87.9400,0.0171
000430.SZ,2025-12-29,6.8700,7.9000,0.1304
000501.SZ,1993-05-31,2.9177,2.4739,0.1794
000501.SZ,1993-06-21,2.9400,2.9066,0.0115
000501.SZ,1993-07-05,3.0959,2.8732,0.0775
000501.SZ,1993-07-19,2.6950,2.6504,0.0168
000501.SZ,1993-09-27,2.5947,2.5613,0.0130
000503.SZ,1993-06-14,1.8513,1.6234,0.1404
000503.SZ,1993-07-19,1.5944,1.5324,0.0405
000504.SZ,1993-06-14,10.9065,10.4424,0.0444
000504.SZ,1993-06-21,11.3130,11.1436,0.0152
000504.SZ,1993-07-05,11.1775,10.5340,0.0611
000504.SZ,1993-09-27,9.3814,9.2469,0.0145
000505.SZ,1993-05-31,6.7288,6.1466,0.0947
000505.SZ,1993-07-05,7.5565,7.1966,0.0500
000505.SZ,1993-07-19,6.0452,5.8652,0.0307
000506.SZ,1993-06-21,6.2590,5.9610,0.0500
000506.SZ,1993-07-05,6.3186,5.8119,0.0872
000506.SZ,1993-07-19,5.2456,4.9774,0.0539
000506.SZ,1993-08-09,4.9476,4.8880,0.0122
000507.SZ,1993-06-21,4.1060,3.9937,0.0281
000507.SZ,1993-07-05,4.1702,3.8494,0.0833
000507.SZ,1993-07-19,3.3682,3.2078,0.0500
000507.SZ,1993-08-23,4.8278,4.7636,0.0135
000509.SZ,1993-07-05,1.5113,1.4811,0.0204
000518.SZ,2000-02-28,1.1019,1.0074,0.0938
000538.SZ,2026-04-30,53.0500,54.6300,0.0289
000563.SZ,2026-04-28,3.2200,3.2800,0.0183
000568.SZ,2026-01-30,122.8700,124.2300,0.0109
000591.SZ,2026-01-08,4.5000,4.5600,0.0132
000600.SZ,2026-01-07,8.6200,8.7200,0.0115
000615.SZ,2025-12-29,3.5300,4.1800,0.1555
000651.SZ,2026-01-23,39.8500,40.8500,0.0245
000691.SZ,2026-01-05,7.0500,9.1000,0.2253
000700.SZ,2026-01-08,14.7000,15.0300,0.0220
000739.SZ,2026-04-29,18.5800,18.8100,0.0122
000788.SZ,2026-03-10,6.1400,6.3100,0.0269
000889.SZ,1998-06-30,7.7800,14.0000,0.4443
000889.SZ,2000-06-26,17.3600,17.9900,0.0350
000889.SZ,2001-08-30,9.4700,12.3600,0.2338
000889.SZ,2007-05-30,9.7400,11.2000,0.1304
000889.SZ,2020-07-10,7.7300,10.8200,0.2856
000890.SZ,1999-07-15,14.2600,14.5600,0.0206
000890.SZ,2000-09-07,17.4100,24.3700,0.2856
000890.SZ,2000-12-13,20.7200,21.4900,0.0358
000890.SZ,2001-06-22,16.0300,20.9400,0.2345
000890.SZ,2002-06-24,9.8200,9.9200,0.0101
000890.SZ,2003-08-18,5.7600,5.8600,0.0171
000890.SZ,2005-08-09,3.0200,3.0700,0.0163
000890.SZ,2006-07-19,3.0200,3.9800,0.2412
000890.SZ,2017-06-07,7.9700,8.0700,0.0124
000892.SZ,1999-07-14,10.5000,10.8300,0.0305
000892.SZ,1999-11-08,8.3900,13.4300,0.3753
000892.SZ,2001-10-16,12.1600,18.3100,0.3359
000893.SZ,2013-06-17,13.7700,13.9200,0.0108
000893.SZ,2014-05-22,10.6400,16.1100,0.3395
000895.SZ,1999-07-07,16.6400,21.6300,0.2307
000895.SZ,2000-06-06,15.4400,20.0700,0.2307
000895.SZ,2001-05-17,15.9800,16.4800,0.0303
000895.SZ,2002-06-21,11.4700,11.6000,0.0112
000895.SZ,2003-04-25,12.6100,13.1100,0.0381
000895.SZ,2004-04-07,13.1900,20.4800,0.3560
000895.SZ,2005-04-07,14.5900,15.1900,0.0395
000895.SZ,2006-05-23,17.9800,18.4800,0.0271
000895.SZ,2007-06-29,25.7400,31.1700,0.1742
000895.SZ,2008-04-28,37.1000,37.9000,0.0211
000895.SZ,2009-04-29,33.5000,34.1000,0.0176
000895.SZ,2010-11-29,49.4800,50.4800,0.0198
000895.SZ,2013-05-03,40.5300,82.4100,0.5082
000895.SZ,2014-04-24,37.6500,39.1000,0.0371
000895.SZ,2015-05-20,25.8900,40.2500,0.3568
000895.SZ,2016-04-28,20.8700,22.1200,0.0565
000895.SZ,2016-09-26,23.3200,24.2200,0.0372
000895.SZ,2017-05-11,20.4700,21.6700,0.0554
000895.SZ,2018-04-27,25.2500,26.3500,0.0417
000895.SZ,2018-12-07,22.5900,23.4900,0.0383
000895.SZ,2019-04-22,26.2000,26.7500,0.0206
000895.SZ,2020-06-10,38.8900,39.8900,0.0251
000895.SZ,2020-11-25,49.4500,50.0900,0.0128
000895.SZ,2021-05-21,36.2800,37.9600,0.0443
000895.SZ,2022-04-29,30.4900,31.7900,0.0409
000895.SZ,2022-09-15,25.4100,26.0100,0.0231
000895.SZ,2023-04-27,24.3100,25.3100,0.0395
000895.SZ,2023-09-11,25.9400,26.6900,0.0281
000895.SZ,2024-04-26,26.7000,27.4000,0.0255
000895.SZ,2024-09-11,22.9600,23.6200,0.0279
000895.SZ,2025-04-30,26.0600,26.8100,0.0280
000895.SZ,2025-08-22,24.8000,25.4500,0.0255
000895.SZ,2026-04-29,28.3000,29.1000,0.0275
000897.SZ,1999-07-23,10.7900,10.9100,0.0110
000897.SZ,2001-06-06,10.6700,16.7100,0.3615
000897.SZ,2003-07-10,5.7100,5.8300,0.0206
000897.SZ,2004-04-30,4.0700,6.1400,0.3371
000897.SZ,2005-11-11,3.1200,3.7800,0.1746
000897.SZ,2008-05-21,7.8100,10.9500,0.2868
000897.SZ,2025-07-28,2.3500,2.4400,0.0369
000898.SZ,2001-06-22,4.5000,4.5900,0.0196
000898.SZ,2002-07-04,4.1100,4.1900,0.0191
000898.SZ,2003-06-11,4.1200,4.2200,0.0237
000898.SZ,2004-06-30,4.2300,4.4300,0.0451
000898.SZ,2005-05-18,3.8400,4.1400,0.0725
000898.SZ,2006-06-28,5.7000,6.0600,0.0594
000898.SZ,2007-06-22,19.9100,20.4900,0.0283
000898.SZ,2007-10-18,32.3800,36.1000,0.1030
000898.SZ,2008-06-27,14.3700,14.9200,0.0369
000898.SZ,2009-06-26,13.9700,14.1800,0.0148
000898.SZ,2011-06-21,6.5900,6.7400,0.0223
000898.SZ,2017-06-30,5.5900,5.6600,0.0124
000898.SZ,2018-06-29,5.4600,5.6900,0.0404
000898.SZ,2019-06-28,3.8400,5.2100,0.2630
000898.SZ,2020-06-30,2.4300,2.4900,0.0241
000898.SZ,2021-06-23,4.3300,4.4100,0.0181
000898.SZ,2022-06-23,3.2300,3.4500,0.0638
000899.SZ,1998-09-21,11.0700,17.9100,0.3819
000899.SZ,2000-06-23,12.2800,12.7800,0.0391
000899.SZ,2000-09-11,12.0000,12.5300,0.0423
000899.SZ,2002-05-22,6.5800,6.6800,0.0150
000899.SZ,2003-06-12,6.2000,6.3000,0.0159
000899.SZ,2004-07-09,5.4000,5.5000,0.0182
000899.SZ,2006-07-18,3.7100,3.7600,0.0133
000899.SZ,2009-07-14,7.0700,7.1700,0.0139
000899.SZ,2010-05-19,5.6000,6.6300,0.1554
000899.SZ,2014-06-23,4.5500,4.6500,0.0215
000899.SZ,2016-06-07,8.5200,8.9200,0.0448
000899.SZ,2017-05-22,8.3600,8.6600,0.0346
000899.SZ,2019-05-16,5.1500,5.2700,0.0228
000899.SZ,2020-06-05,4.2100,4.3100,0.0232
000899.SZ,2021-06-15,5.1900,5.2900,0.0189
000899.SZ,2024-06-14,10.2900,10.4400,0.0144
000899.SZ,2025-06-16,8.8700,9.2000,0.0359
000900.SZ,1999-05-20,8.1900,12.2900,0.3336
000900.SZ,2000-08-28,12.0100,13.2100,0.0908
000900.SZ,2001-05-18,12.4500,12.6000,0.0119
000900.SZ,2002-04-26,9.6200,9.7800,0.0164
000900.SZ,2003-05-20,7.4200,7.5200,0.0133
000900.SZ,2004-06-16,7.0200,7.1200,0.0140
000900.SZ,2005-06-30,10.6300,11.0300,0.0363
000900.SZ,2006-06-28,11.7200,12.4800,0.0609
000900.SZ,2007-07-05,16.9500,17.3300,0.0219
000900.SZ,2008-05-28,22.5100,23.3100,0.0343
000900.SZ,2009-06-25,19.0500,19.8300,0.0393
000900.SZ,2010-06-10,18.6700,19.0500,0.0199
000900.SZ,2011-06-23,15.6600,15.8600,0.0126
000900.SZ,2012-07-06,9.2700,13.9100,0.3336
000900.SZ,2012-12-13,8.3000,8.6000,0.0349
000900.SZ,2013-07-11,6.0800,8.0600,0.2457
000900.SZ,2014-06-12,4.7900,6.3300,0.2433
000900.SZ,2017-07-06,6.1300,9.2500,0.3373
000900.SZ,2018-06-13,4.4000,4.5000,0.0222
000900.SZ,2019-06-12,4.6600,4.8100,0.0312
000900.SZ,2020-07-09,3.9600,4.1200,0.0388
000900.SZ,2021-06-25,4.0700,4.2300,0.0378
000900.SZ,2022-06-23,4.1800,4.3400,0.0369
000900.SZ,2023-06-29,3.9800,4.0800,0.0245
000900.SZ,2024-06-13,3.6700,3.8200,0.0393
000900.SZ,2025-05-29,4.0200,4.1700,0.0360
000901.SZ,2000-06-13,21.4600,21.7100,0.0115
000901.SZ,2002-05-27,27.4800,44.0700,0.3764
000901.SZ,2003-06-09,15.2900,21.4000,0.2855
000901.SZ,2014-10-24,28.3700,34.7200,0.1829
000901.SZ,2018-06-05,12.1100,18.1600,0.3331
000901.SZ,2020-03-06,11.8300,12.8200,0.0772
000901.SZ,2020-07-02,9.2600,10.2200,0.0939
000902.SZ,2000-08-11,13.6400,13.8900,0.0180
000902.SZ,2008-06-06,4.8600,5.8300,0.1664
000902.SZ,2016-05-31,11.0800,22.4600,0.5067
000902.SZ,2017-05-24,8.4700,8.6200,0.0174
000902.SZ,2018-05-10,9.7000,9.9000,0.0202
000902.SZ,2019-05-22,10.4200,10.6200,0.0188
000902.SZ,2020-06-02,8.7600,8.9600,0.0223
000902.SZ,2021-05-11,16.0200,16.2100,0.0117
000902.SZ,2022-05-17,16.4900,16.6800,0.0114
000902.SZ,2023-05-23,10.6800,10.8700,0.0175
000902.SZ,2024-05-21,12.5200,12.8200,0.0234
000902.SZ,2025-05-20,13.3000,13.6000,0.0221
000903.SZ,1999-08-26,9.5600,9.7600,0.0205
000903.SZ,2001-05-18,14.7500,15.1000,0.0232
000903.SZ,2002-04-15,13.3700,13.7300,0.0262
000903.SZ,2002-08-28,12.1100,12.9400,0.0641
000903.SZ,2003-04-29,12.6100,12.9600,0.0270
000903.SZ,2004-04-23,9.7400,10.0900,0.0347
000903.SZ,2005-06-16,4.4700,4.7200,0.0530
000903.SZ,2006-04-12,4.1300,4.3800,0.0571
000903.SZ,2007-04-12,16.7300,25.3400,0.3398
000903.SZ,2008-04-23,10.1400,10.3900,0.0241
000903.SZ,2009-05-13,9.3300,9.4800,0.0158
000903.SZ,2010-04-23,14.7100,14.9600,0.0167
000903.SZ,2011-05-19,8.2500,15.0500,0.4518
000903.SZ,2012-06-12,4.5900,4.6400,0.0108
000903.SZ,2014-07-07,4.7200,4.7900,0.0146
000903.SZ,2016-05-20,6.4400,6.5100,0.0108
000903.SZ,2017-06-12,4.3600,8.8000,0.5045
000903.SZ,2018-07-09,2.4700,2.5100,0.0159
000903.SZ,2019-06-20,2.7800,2.8200,0.0142
000905.SZ,2000-06-06,13.4700,13.9700,0.0358
000905.SZ,2003-06-06,8.6300,9.1300,0.0548
000905.SZ,2005-07-15,7.0200,7.1700,0.0209
000905.SZ,2006-06-22,8.8500,9.0000,0.0167
000905.SZ,2006-10-17,6.5800,11.8400,0.4443
000905.SZ,2007-07-10,7.7300,7.8300,0.0128
000905.SZ,2009-07-07,9.8400,9.9400,0.0101
000905.SZ,2024-06-17,5.8600,5.9600,0.0168
000906.SZ,2002-04-25,13.1600,25.0200,0.4740
000906.SZ,2013-07-09,4.4700,4.5200,0.0111
000906.SZ,2017-06-02,8.2500,10.7700,0.2340
000906.SZ,2018-06-13,5.9000,7.7300,0.2367
000906.SZ,2019-07-18,6.5100,6.6600,0.0225
000906.SZ,2020-07-08,6.1100,6.3600,0.0393
000906.SZ,2021-06-09,12.4700,12.7700,0.0235
000906.SZ,2022-05-25,8.5800,8.9900,0.0456
000906.SZ,2023-05-26,9.0800,9.5800,0.0522
000906.SZ,2024-05-29,7.6100,7.9600,0.0440
000906.SZ,2025-06-05,6.3800,6.5800,0.0304
000908.SZ,2000-04-19,17.6600,35.3200,0.5000
000908.SZ,2016-06-23,11.8800,13.1700,0.0979
000908.SZ,2026-03-11,4.3600,6.3700,0.3155
000909.SZ,2012-06-13,6.9800,7.0800,0.0141
000909.SZ,2013-06-18,5.2200,7.8300,0.3333
000910.SZ,2002-02-05,8.9200,9.0200,0.0111
000910.SZ,2005-07-18,3.7600,3.8600,0.0259
000910.SZ,2006-07-17,6.6200,13.2300,0.4996
000910.SZ,2011-07-15,7.4500,7.5500,0.0132
000910.SZ,2021-04-28,14.5500,14.7100,0.0109
000910.SZ,2022-05-30,8.1400,8.3000,0.0193
000910.SZ,2023-05-17,8.1300,8.2900,0.0193
000910.SZ,2024-05-15,6.8800,7.0700,0.0269
000910.SZ,2025-05-15,7.4100,7.6000,0.0250
000911.SZ,2000-11-10,11.5400,11.6900,0.0128
000911.SZ,2001-09-21,11.7000,12.0400,0.0282
000911.SZ,2002-10-24,9.0100,9.2000,0.0207
000911.SZ,2003-10-17,6.7200,6.9200,0.0289
000911.SZ,2004-04-12,8.3000,8.5100,0.0247
000911.SZ,2004-10-19,8.8300,9.2200,0.0423
000911.SZ,2005-04-19,5.5700,5.9500,0.0639
000911.SZ,2006-04-25,13.8600,14.0500,0.0135
000911.SZ,2007-05-10,15.6200,16.2800,0.0405
000911.SZ,2008-05-08,20.8200,21.2100,0.0184
000911.SZ,2010-06-11,15.3800,15.6800,0.0191
000911.SZ,2011-05-30,17.5700,17.9200,0.0195
000912.SZ,2000-06-27,9.0200,9.1200,0.0110
000912.SZ,2002-06-13,7.9800,8.0800,0.0124
000912.SZ,2003-05-27,6.7600,8.9900,0.2481
000912.SZ,2004-05-27,6.2200,6.4800,0.0401
000912.SZ,2005-07-15,5.9600,6.2800,0.0510
000912.SZ,2006-02-13,7.2200,7.4800,0.0348
000912.SZ,2006-04-28,6.3800,6.6800,0.0449
000912.SZ,2007-06-15,20.5500,21.1500,0.0284
000912.SZ,2008-06-23,23.2800,23.6400,0.0152
000912.SZ,2009-06-30,10.9800,11.1300,0.0135
000912.SZ,2010-06-29,6.9900,7.0900,0.0141
000913.SZ,2002-06-21,7.3100,11.8000,0.3805
000913.SZ,2003-06-11,5.9700,6.0700,0.0165
000913.SZ,2004-05-27,4.8900,5.3400,0.0843
000913.SZ,2005-06-24,2.9800,3.1300,0.0479
000913.SZ,2013-06-27,4.4700,4.5700,0.0219
000913.SZ,2020-06-12,10.6600,11.1000,0.0396
000913.SZ,2023-07-13,17.5400,17.7800,0.0135
000913.SZ,2024-05-23,19.6900,20.0900,0.0199
000913.SZ,2024-10-31,17.4000,17.7800,0.0214
000913.SZ,2025-05-29,15.0600,15.4600,0.0259
000913.SZ,2025-09-12,18.4000,18.9000,0.0265
000915.SZ,2002-09-27,9.9300,16.9000,0.4124
000915.SZ,2017-06-16,37.2000,48.5100,0.2331
000915.SZ,2018-07-18,18.3200,18.5700,0.0135
000915.SZ,2019-06-21,19.6500,19.9500,0.0150
000915.SZ,2021-06-01,29.5400,29.8900,0.0117
000915.SZ,2022-04-27,30.5500,31.3500,0.0255
000915.SZ,2023-05-12,36.5500,37.3500,0.0214
000915.SZ,2024-05-16,33.3100,35.3100,0.0566
000915.SZ,2024-09-27,29.3800,29.8800,0.0167
000915.SZ,2025-06-11,30.3900,32.3900,0.0617
000915.SZ,2025-10-17,31.9200,32.4200,0.0154
000917.SZ,1999-09-16,25.2500,32.8200,0.2307
000917.SZ,2001-06-07,28.4000,28.7000,0.0105
000917.SZ,2002-05-22,16.6600,16.8600,0.0119
000917.SZ,2004-05-12,9.9200,13.0000,0.2369
000917.SZ,2006-07-07,9.1400,11.8800,0.2306
000917.SZ,2008-05-20,20.8100,25.0000,0.1676
000917.SZ,2012-07-13,11.7900,26.0800,0.5479
000919.SZ,2001-08-20,17.5300,17.8000,0.0152
000919.SZ,2002-07-30,16.0600,16.2700,0.0129
000919.SZ,2003-08-15,11.1000,11.3200,0.0194
000919.SZ,2004-08-17,6.4700,7.9100,0.1820
000919.SZ,2005-07-13,5.1900,5.3900,0.0371
000919.SZ,2006-07-10,5.3300,8.2400,0.3532
000919.SZ,2007-07-13,9.5100,9.7300,0.0226
000919.SZ,2008-07-04,5.9200,6.2000,0.0452
000919.SZ,2009-07-17,9.3300,9.4800,0.0158
000919.SZ,2010-07-16,8.6000,8.7500,0.0171
000919.SZ,2011-07-20,9.1600,9.3100,0.0161
000919.SZ,2012-07-12,8.9300,9.0800,0.0165
000919.SZ,2013-07-05,6.9300,7.0800,0.0212
000919.SZ,2014-06-24,12.7300,12.8900,0.0124
000919.SZ,2016-07-15,14.6000,14.7700,0.0115
000919.SZ,2017-07-27,10.4300,10.6000,0.0160
000919.SZ,2018-07-12,7.1800,7.3500,0.0231
000919.SZ,2019-08-15,7.2700,7.4400,0.0228
000919.SZ,2020-08-13,7.1800,7.3500,0.0231
000919.SZ,2021-08-12,6.7000,6.8000,0.0147
000919.SZ,2022-08-11,7.1100,7.2100,0.0139
000919.SZ,2023-07-14,7.6700,7.7700,0.0129
000919.SZ,2024-05-31,6.8400,6.9400,0.0144
000919.SZ,2025-07-08,6.8500,6.9500,0.0144
000920.SZ,2000-05-12,14.3000,14.5500,0.0172
000920.SZ,2001-04-17,19.1600,19.4600,0.0154
000920.SZ,2002-04-16,14.2300,14.6300,0.0273
000920.SZ,2003-03-25,12.6200,13.0400,0.0322
000920.SZ,2003-06-23,11.3600,11.4800,0.0105
000920.SZ,2004-06-08,16.3200,16.5200,0.0121
000920.SZ,2004-11-09,6.9500,13.9000,0.5000
000920.SZ,2020-06-17,6.6600,6.7400,0.0119
000920.SZ,2021-06-17,7.1300,7.2200,0.0125
000920.SZ,2022-07-04,8.7000,8.8000,0.0114
000920.SZ,2023-06-29,9.7600,9.8700,0.0111
000920.SZ,2024-06-19,7.6400,7.7600,0.0155
000920.SZ,2025-06-19,10.2100,10.3600,0.0145
000921.SZ,2000-06-14,18.9500,19.1600,0.0110
000921.SZ,2016-07-06,8.0000,8.1500,0.0184
000921.SZ,2017-07-12,16.8100,17.1100,0.0175
000921.SZ,2018-07-12,9.0800,9.5200,0.0462
000921.SZ,2019-07-12,12.4500,12.7500,0.0235
000921.SZ,2020-07-10,12.4700,12.8600,0.0303
000921.SZ,2021-07-09,13.4500,13.8000,0.0254
000921.SZ,2022-07-12,13.8800,14.0900,0.0149
000921.SZ,2023-07-17,24.0700,24.5900,0.0211
000921.SZ,2024-08-15,25.0900,26.1000,0.0387
000921.SZ,2025-08-15,24.1800,25.4100,0.0484
000922.SZ,2001-07-10,17.9300,18.1900,0.0143
000922.SZ,2003-08-25,5.2200,8.8700,0.4115
000922.SZ,2020-05-25,6.1000,7.4000,0.1757
000922.SZ,2021-05-27,7.3400,7.5000,0.0213
000922.SZ,2024-06-04,13.9000,14.1000,0.0142
000922.SZ,2025-05-20,10.8500,10.9600,0.0100
000923.SZ,2000-05-19,9.4200,9.5400,0.0126
000923.SZ,2001-05-21,13.5900,13.7400,0.0109
000923.SZ,2022-06-10,14.9200,15.2200,0.0197
000923.SZ,2023-06-28,13.4000,13.7000,0.0219
000923.SZ,2024-06-03,18.6600,19.2600,0.0312
000923.SZ,2025-06-25,13.2800,13.7800,0.0363
000925.SZ,2009-09-11,22.5500,45.0900,0.4999
000925.SZ,2018-06-21,6.5600,9.1800,0.2854
000926.SZ,2000-11-10,17.1700,22.3200,0.2307
000926.SZ,2002-05-27,9.9800,10.1000,0.0119
000926.SZ,2004-07-29,8.2800,8.3800,0.0119
000926.SZ,2005-05-27,6.4800,6.6800,0.0299
000926.SZ,2006-08-09,7.8900,8.0900,0.0247
000926.SZ,2007-05-22,16.2500,32.2000,0.4953
000926.SZ,2008-05-22,8.7100,8.8100,0.0114
000926.SZ,2009-05-21,8.0600,8.1600,0.0123
000926.SZ,2010-04-22,9.7700,9.8700,0.0101
000926.SZ,2012-07-02,9.2400,9.3400,0.0107
000926.SZ,2013-07-10,6.8200,6.9700,0.0215
000926.SZ,2014-05-21,6.4700,6.6700,0.0300
000926.SZ,2016-06-20,11.0700,11.3200,0.0221
000926.SZ,2017-05-11,11.6300,11.8800,0.0210
000926.SZ,2018-05-21,8.3000,8.5000,0.0235
000926.SZ,2019-07-17,6.8600,6.9600,0.0144
000926.SZ,2020-07-13,5.8200,5.9200,0.0169
000926.SZ,2021-07-23,4.2600,4.3100,0.0116
000926.SZ,2024-07-08,2.3400,3.2900,0.2888
000927.SZ,2002-07-29,6.3500,7.1100,0.1069
000927.SZ,2008-08-21,3.6500,3.7000,0.0135
000927.SZ,2025-06-27,2.5500,2.5800,0.0116
000928.SZ,1999-08-13,7.9900,8.1900,0.0244
000928.SZ,2001-06-14,11.9500,12.1100,0.0132
000928.SZ,2017-05-19,9.9100,17.8900,0.4461
000928.SZ,2018-05-18,5.2200,5.3400,0.0225
000928.SZ,2019-06-12,5.8000,5.9200,0.0203
000928.SZ,2020-06-12,4.0300,4.1600,0.0312
000928.SZ,2021-04-30,9.6500,9.7900,0.0143
000928.SZ,2022-05-20,5.9100,6.0600,0.0248
000928.SZ,2022-10-19,5.4600,5.5600,0.0180
000928.SZ,2023-06-06,8.8200,9.0700,0.0276
000928.SZ,2024-06-06,6.0700,6.3400,0.0426
000928.SZ,2025-06-13,6.3400,6.6400,0.0452
000929.SZ,2000-06-09,14.1800,17.0200,0.1669
000929.SZ,2003-05-22,7.5600,10.5800,0.2854
000930.SZ,2000-11-07,23.0400,23.3900,0.0150
000930.SZ,2002-07-12,11.3000,20.3900,0.4458
000930.SZ,2004-11-19,6.4200,7.7500,0.1716
000930.SZ,2005-07-18,4.2300,4.3300,0.0231
000930.SZ,2005-12-07,2.9000,5.7900,0.4991
000930.SZ,2022-06-10,9.2500,9.4900,0.0253
000930.SZ,2023-07-03,7.5300,8.1000,0.0704
000931.SZ,1999-08-12,26.0200,33.8000,0.2302
000932.SZ,2000-07-24,7.2300,9.0900,0.2046
000932.SZ,2002-03-18,5.9200,6.0200,0.0166
000932.SZ,2003-05-22,5.3000,5.4000,0.0185
000932.SZ,2004-04-16,6.0200,6.1200,0.0163
000932.SZ,2005-07-29,4.0100,4.1100,0.0243
000932.SZ,2006-06-23,3.6500,3.7500,0.0267
000932.SZ,2007-06-19,9.3200,9.4200,0.0106
000932.SZ,2019-06-13,4.6700,6.5400,0.2859
000932.SZ,2020-05-18,3.8200,4.0700,0.0614
000932.SZ,2021-05-10,8.2000,8.4100,0.0250
000932.SZ,2022-06-02,5.0400,5.3300,0.0544
000932.SZ,2023-06-30,4.6800,4.9200,0.0488
000932.SZ,2024-06-13,4.7100,4.9400,0.0466
000932.SZ,2025-06-27,4.2900,4.3900,0.0228
000933.SZ,2001-04-11,15.7900,16.1900,0.0247
000933.SZ,2001-12-27,14.2900,14.5900,0.0206
000933.SZ,2002-05-21,13.1500,13.4300,0.0208
000933.SZ,2003-05-30,12.1800,12.5800,0.0318
000933.SZ,2003-12-11,12.2100,12.4900,0.0224
000933.SZ,2004-05-18,14.1100,14.3900,0.0195
000933.SZ,2005-09-09,7.1800,15.8500,0.5470
000933.SZ,2006-06-29,9.2800,9.4800,0.0211
000933.SZ,2007-06-06,25.3000,25.7000,0.0156
000933.SZ,2009-06-19,19.6300,29.6500,0.3379
000933.SZ,2010-05-26,20.0400,28.4200,0.2949
000933.SZ,2011-05-27,14.6200,23.5900,0.3802
000933.SZ,2020-07-01,4.0500,4.1500,0.0241
000933.SZ,2022-05-19,12.3800,12.8300,0.0351
000933.SZ,2023-05-18,14.0400,15.0400,0.0665
000933.SZ,2024-05-16,21.9200,22.7200,0.0352
000933.SZ,2024-12-10,16.9100,17.2100,0.0174
000933.SZ,2025-05-16,16.8500,17.3500,0.0288
000935.SZ,2001-05-30,13.6800,24.7400,0.4470
000935.SZ,2003-08-19,4.8400,4.9000,0.0122
000935.SZ,2021-06-11,12.8400,13.0500,0.0161
000935.SZ,2022-06-10,21.0900,21.3300,0.0113
000935.SZ,2024-06-06,13.4200,13.7600,0.0247
000936.SZ,2001-04-19,22.2200,26.7600,0.1697
000936.SZ,2004-06-16,5.5800,10.1000,0.4475
000936.SZ,2005-05-17,3.1700,3.2700,0.0306
000936.SZ,2006-06-06,3.5400,3.6400,0.0275
000936.SZ,2008-05-21,7.7600,7.8600,0.0127
000936.SZ,2010-10-11,7.0300,11.9500,0.4117
000936.SZ,2013-04-18,3.5600,3.6100,0.0139
000936.SZ,2014-05-09,3.5800,3.6200,0.0110
000936.SZ,2017-05-12,7.1900,7.3100,0.0164
000937.SZ,2002-06-07,11.3600,11.6100,0.0215
000937.SZ,2002-09-17,11.9700,12.1200,0.0124
000937.SZ,2003-06-06,10.9600,11.3600,0.0352
000937.SZ,2004-03-23,11.2800,11.4000,0.0105
000937.SZ,2005-05-16,8.7100,14.4300,0.3964
000937.SZ,2006-04-21,5.4500,5.7000,0.0439
000937.SZ,2007-04-20,11.2800,11.5300,0.0217
000937.SZ,2010-06-30,23.4500,23.9500,0.0209
000937.SZ,2011-05-19,23.2700,47.0300,0.5052
000937.SZ,2012-06-28,14.9500,15.2000,0.0164
000937.SZ,2013-07-08,8.5700,8.8200,0.0283
000937.SZ,2014-06-09,5.7100,5.8100,0.0172
000937.SZ,2015-06-10,9.6700,12.6700,0.2368
000937.SZ,2017-06-21,5.9800,6.0800,0.0164
000937.SZ,2018-06-22,4.1300,4.2300,0.0236
000937.SZ,2019-05-29,3.8800,3.9800,0.0251
000937.SZ,2020-08-12,3.4000,3.5000,0.0286
000937.SZ,2021-08-13,4.2800,4.6800,0.0855
000937.SZ,2022-06-29,7.8900,8.8900,0.1125
000937.SZ,2023-06-30,6.3600,7.3600,0.1359
000937.SZ,2024-06-12,7.3900,7.9900,0.0751
000937.SZ,2024-10-18,6.0200,6.2200,0.0322
000937.SZ,2025-06-13,6.3800,6.9800,0.0860
000938.SZ,2000-05-11,56.5300,90.4500,0.3750
000938.SZ,2018-07-05,44.0600,61.8900,0.2881
000938.SZ,2019-05-27,26.6100,37.4100,0.2887
000938.SZ,2020-08-25,32.3500,45.4400,0.2881
000948.SZ,2001-05-31,25.6600,25.9200,0.0100
000948.SZ,2002-05-31,14.6100,14.8000,0.0128
000948.SZ,2003-05-20,11.1500,11.3500,0.0176
000948.SZ,2005-07-21,3.8900,3.9500,0.0152
000948.SZ,2009-06-30,11.2800,11.5000,0.0191
000948.SZ,2012-04-25,8.3400,9.2500,0.0984
000948.SZ,2019-04-15,12.5000,16.3000,0.2331
000949.SZ,2000-06-13,12.0700,12.2200,0.0123
000949.SZ,2001-06-07,9.4900,19.0800,0.5026
000949.SZ,2004-06-11,5.9500,6.0500,0.0165
000949.SZ,2005-06-20,2.6000,2.7000,0.0370
000949.SZ,2008-04-25,6.3600,7.6600,0.1697
000949.SZ,2011-07-12,6.4200,8.4100,0.2366
000949.SZ,2022-05-13,3.4800,3.5800,0.0279
000950.SZ,2008-04-23,13.9800,17.6800,0.2093
000950.SZ,2009-04-16,14.7500,15.0000,0.0167
000950.SZ,2010-04-16,12.4700,18.7000,0.3332
000950.SZ,2011-08-15,7.7800,7.8800,0.0127
000950.SZ,2012-11-22,4.8900,5.0400,0.0298
000950.SZ,2022-06-28,4.9600,5.0200,0.0120
000951.SZ,2008-06-27,18.6800,24.2800,0.2306
000951.SZ,2011-06-22,17.0200,17.2700,0.0145
000951.SZ,2012-06-06,12.9300,13.1000,0.0130
000951.SZ,2014-06-10,12.2600,12.5300,0.0215
000951.SZ,2015-06-10,25.8300,26.1300,0.0115
000951.SZ,2016-05-13,9.2100,14.9300,0.3831
000951.SZ,2017-05-26,11.8400,12.0700,0.0191
000951.SZ,2018-05-18,13.5100,14.1900,0.0479
000951.SZ,2019-06-28,16.0800,16.5400,0.0278
000951.SZ,2020-06-23,28.6600,29.2100,0.0188
000951.SZ,2021-05-27,30.8000,31.4800,0.0216
000951.SZ,2021-09-29,15.0700,21.1000,0.2858
000951.SZ,2022-05-31,12.9000,13.2000,0.0227
000951.SZ,2024-05-28,15.6500,16.1100,0.0286
000951.SZ,2024-10-29,16.4100,16.7000,0.0174
000951.SZ,2025-06-27,17.3100,17.7100,0.0226
000951.SZ,2025-11-14,17.8800,18.1900,0.0170
000952.SZ,2020-05-29,8.6200,10.3900,0.1704
000953.SZ,2000-04-27,18.7900,22.5500,0.1667
000953.SZ,2002-05-23,8.4000,9.2600,0.0929
000953.SZ,2003-05-27,5.6500,8.5400,0.3384
000955.SZ,2002-06-28,10.3800,11.4500,0.0934
000955.SZ,2006-07-17,2.5900,3.3700,0.2315
000955.SZ,2013-05-20,3.8500,5.0000,0.2300
000957.SZ,2000-06-02,14.2500,25.6500,0.4444
000957.SZ,2004-07-07,4.3600,4.4600,0.0224
000957.SZ,2016-07-27,19.5000,39.5000,0.5063
000957.SZ,2018-07-31,6.4100,6.6100,0.0303
000958.SZ,2003-06-19,7.8800,11.9200,0.3389
000958.SZ,2005-07-12,2.3400,2.3900,0.0209
000958.SZ,2017-05-17,9.8300,19.7500,0.5023
000958.SZ,2018-06-08,4.0200,4.0700,0.0123
000958.SZ,2021-11-15,4.4100,4.4700,0.0134
000958.SZ,2022-11-23,4.2500,4.3100,0.0139
000958.SZ,2023-07-11,4.3500,4.4100,0.0136
000958.SZ,2024-05-27,4.4400,4.5000,0.0133
000958.SZ,2025-07-01,6.7700,6.8400,0.0102
000958.SZ,2025-11-05,6.6100,6.7200,0.0164
000959.SZ,2000-06-20,8.8700,9.1000,0.0253
000959.SZ,2001-05-28,10.1800,10.4300,0.0240
000959.SZ,2002-06-14,6.7300,6.9600,0.0330
000959.SZ,2003-05-30,6.3800,6.6100,0.0348
000959.SZ,2004-05-31,5.6900,5.9900,0.0501
000959.SZ,2005-06-23,3.5500,3.9500,0.1013
000959.SZ,2006-04-05,2.8500,3.1500,0.0952
000959.SZ,2007-06-18,7.0000,7.1600,0.0223
000959.SZ,2008-06-10,5.5900,5.8000,0.0362
000959.SZ,2009-07-23,6.5000,6.6000,0.0152
000959.SZ,2010-05-20,3.8400,3.9400,0.0254
000959.SZ,2011-11-21,4.3200,4.4200,0.0226
000959.SZ,2021-12-08,6.8900,6.9900,0.0143
000959.SZ,2022-09-27,3.6600,3.7400,0.0214
000959.SZ,2024-07-17,2.7500,2.7800,0.0108
000960.SZ,2000-07-18,11.9100,12.1500,0.0198
000960.SZ,2004-10-18,6.9400,10.4100,0.3333
000960.SZ,2005-06-10,6.0900,6.2900,0.0318
000960.SZ,2006-05-17,8.1400,8.3900,0.0298
000960.SZ,2008-04-29,32.3300,38.9000,0.1689
000960.SZ,2010-01-27,28.4700,32.9800,0.1367
000960.SZ,2011-06-21,25.9100,28.6200,0.0947
000960.SZ,2024-05-22,17.2100,17.4700,0.0149
000960.SZ,2025-05-12,13.9200,14.1100,0.0135
000962.SZ,2000-08-28,34.1200,61.4200,0.4445
000962.SZ,2001-09-11,23.3300,28.0400,0.1680
000962.SZ,2005-04-29,4.7400,4.8100,0.0146
000962.SZ,2011-11-02,16.8600,18.3200,0.0797
000963.SZ,2002-07-11,14.9600,29.9600,0.5007
000963.SZ,2005-07-22,4.5700,4.6700,0.0214
000963.SZ,2006-07-13,7.7600,7.8900,0.0165
000963.SZ,2006-11-01,5.1100,7.3000,0.3000
000963.SZ,2007-04-27,12.7000,12.8600,0.0124
000963.SZ,2010-05-28,27.4500,27.7800,0.0119
000963.SZ,2010-10-25,26.2100,26.5400,0.0124
000963.SZ,2014-06-26,50.6500,51.3500,0.0136
000963.SZ,2015-05-08,64.7600,65.6800,0.0140
000963.SZ,2016-06-16,65.1400,66.3900,0.0188
000963.SZ,2017-05-24,45.5800,92.5000,0.5072
000963.SZ,2018-06-13,49.2700,74.6300,0.3398
000963.SZ,2019-06-21,24.5100,29.7400,0.1759
000963.SZ,2020-06-17,23.5500,23.8300,0.0117
000963.SZ,2024-05-28,31.3500,31.9300,0.0182
000963.SZ,2024-09-20,27.2300,27.5800,0.0127
000963.SZ,2025-06-05,44.0400,44.6200,0.0130
000965.SZ,2002-06-11,8.5200,9.3800,0.0917
000965.SZ,2009-05-15,9.9700,14.9500,0.3331
000965.SZ,2012-05-21,4.9000,7.3500,0.3333
000965.SZ,2018-05-21,5.2300,5.7600,0.0920
000965.SZ,2019-06-06,3.7100,3.7900,0.0211
000966.SZ,2000-06-23,13.5100,13.6600,0.0110
000966.SZ,2001-06-15,13.5100,16.4100,0.1767
000966.SZ,2002-06-20,8.4100,8.5100,0.0118
000966.SZ,2004-07-12,6.7000,6.8200,0.0176
000966.SZ,2005-05-31,3.0200,3.1200,0.0321
000966.SZ,2007-06-13,10.1500,10.2600,0.0107
000966.SZ,2016-06-23,6.8500,13.9600,0.5093
000966.SZ,2017-06-22,4.8600,4.9500,0.0182
000966.SZ,2019-07-05,5.4800,5.5400,0.0108
000966.SZ,2020-07-09,3.9600,4.1200,0.0388
000966.SZ,2025-07-15,4.7400,4.8100,0.0146
000967.SZ,2008-06-06,5.9200,8.8800,0.3333
000967.SZ,2013-06-28,6.0400,7.2700,0.1692
000967.SZ,2016-07-05,14.7100,22.1100,0.3347
000967.SZ,2017-06-23,10.4900,15.7600,0.3344
000967.SZ,2018-06-29,8.7000,8.7900,0.0102
000967.SZ,2019-07-12,7.0700,7.1700,0.0139
000967.SZ,2020-07-10,8.4700,8.5800,0.0128
000967.SZ,2021-07-08,6.6200,6.7400,0.0178
000967.SZ,2022-07-20,5.0600,5.1600,0.0194
000967.SZ,2023-07-18,5.1100,5.2200,0.0211
000967.SZ,2024-07-16,4.0200,4.1400,0.0290
000967.SZ,2025-07-28,7.0100,7.2000,0.0264
000968.SZ,2004-10-25,10.6100,10.9900,0.0346
000968.SZ,2007-05-25,14.3300,14.4800,0.0104
000968.SZ,2008-05-16,30.5700,39.8400,0.2327
000968.SZ,2009-04-15,16.6500,16.8500,0.0119
000968.SZ,2024-07-11,5.8400,6.0100,0.0283
000969.SZ,2001-04-11,29.6000,47.5900,0.3780
000969.SZ,2002-06-17,12.8100,12.9500,0.0108
000969.SZ,2003-06-10,10.6400,10.8000,0.0148
000969.SZ,2004-06-09,12.0600,12.2300,0.0139
000969.SZ,2005-04-22,6.1100,8.1100,0.2466
000969.SZ,2006-05-30,8.1300,9.0200,0.0987
000969.SZ,2008-05-30,23.0600,25.4500,0.0939
000969.SZ,2010-04-28,19.0700,34.4200,0.4460
000969.SZ,2013-05-13,9.8600,9.9800,0.0120
000969.SZ,2023-05-30,8.7700,8.8900,0.0135
000969.SZ,2024-06-27,7.9200,8.0000,0.0100
000969.SZ,2025-06-18,12.9100,13.1100,0.0153
000970.SZ,2001-04-19,30.6100,55.3000,0.4465
000970.SZ,2002-04-30,15.5000,23.3500,0.3362
000970.SZ,2004-03-16,12.2300,12.5300,0.0239
000970.SZ,2004-09-22,6.0800,12.2700,0.5045
000970.SZ,2005-05-13,5.7100,5.7700,0.0104
000970.SZ,2013-06-03,16.3400,32.8800,0.5030
000970.SZ,2022-02-24,12.7100,13.8700,0.0836
000972.SZ,2005-06-21,6.4400,6.5400,0.0153
000972.SZ,2007-05-28,17.2000,31.0000,0.4452
000972.SZ,2008-06-10,13.3100,17.3300,0.2320
000973.SZ,2002-04-03,11.7700,11.9500,0.0151
000973.SZ,2003-05-20,8.7200,8.9300,0.0235
000973.SZ,2004-03-19,7.4600,7.6700,0.0274
000973.SZ,2004-03-30,7.3700,7.7200,0.0453
000973.SZ,2005-07-15,2.9300,3.0700,0.0456
000973.SZ,2006-06-06,2.4200,3.6400,0.3352
000973.SZ,2012-06-08,5.1200,7.7100,0.3359
000973.SZ,2013-06-21,3.8500,3.9000,0.0128
000973.SZ,2024-06-18,3.7500,3.8200,0.0183
000975.SZ,2001-09-26,13.3200,21.3100,0.3749
000975.SZ,2003-06-27,8.3100,8.4600,0.0177
000975.SZ,2004-07-08,3.9100,7.0500,0.4454
000975.SZ,2005-07-01,2.6400,2.6800,0.0149
000975.SZ,2008-01-24,12.3100,18.3000,0.3273
000975.SZ,2013-04-19,10.0400,10.1800,0.0138
000975.SZ,2014-03-19,8.2700,8.4700,0.0236
000975.SZ,2015-05-08,18.3400,18.5500,0.0113
000975.SZ,2016-03-17,11.2500,11.4500,0.0175
000975.SZ,2018-06-01,11.2800,15.9900,0.2946
000975.SZ,2019-06-14,13.1900,13.3900,0.0149
000975.SZ,2020-04-29,16.0900,16.2900,0.0123
000975.SZ,2020-09-24,10.4900,14.6900,0.2859
000975.SZ,2021-04-30,8.8100,9.0600,0.0276
000975.SZ,2022-05-13,8.7400,8.9900,0.0278
000975.SZ,2023-03-30,12.5200,12.8000,0.0219
000975.SZ,2024-05-10,18.7200,19.0000,0.0147
000975.SZ,2025-05-20,19.3400,19.7000,0.0183
000975.SZ,2026-04-24,27.7300,28.2100,0.0170
000977.SZ,2014-05-13,24.5100,49.0900,0.5007
000977.SZ,2015-04-27,35.6600,71.3900,0.5005
000977.SZ,2017-07-27,15.1500,16.5400,0.0840
000977.SZ,2020-03-19,40.4700,43.7200,0.0743
000978.SZ,2001-04-26,18.4200,27.8900,0.3395
000978.SZ,2002-05-24,15.7100,15.9100,0.0126
000978.SZ,2003-05-23,16.3900,16.6000,0.0127
000978.SZ,2005-06-09,5.8600,6.0200,0.0266
000978.SZ,2006-06-07,8.6800,8.8600,0.0203
000978.SZ,2009-05-21,10.1200,10.4200,0.0288
000978.SZ,2010-05-28,9.8700,12.9900,0.2402
000978.SZ,2012-05-24,8.0300,8.1300,0.0123
000978.SZ,2018-06-07,6.7700,6.8400,0.0102
000978.SZ,2019-06-19,5.4800,5.5600,0.0144
000980.SZ,2007-04-20,8.7100,13.0700,0.3336
000980.SZ,2013-05-09,4.8700,4.9300,0.0122
000981.SZ,2001-06-14,26.2800,26.6800,0.0150
000981.SZ,2003-07-07,9.2400,9.3400,0.0107
000981.SZ,2011-08-26,4.7500,5.5500,0.1441
000981.SZ,2013-07-04,6.9700,7.0800,0.0155
000981.SZ,2014-07-21,7.9500,8.0700,0.0149
000981.SZ,2015-11-13,7.5700,22.7000,0.6665
000981.SZ,2018-06-19,8.7800,9.4800,0.0738
000981.SZ,2022-02-25,2.1000,3.5000,0.4000
000983.SZ,2001-10-17,8.4400,8.5400,0.0117
000983.SZ,2002-06-24,7.9900,8.0900,0.0124
000983.SZ,2003-06-09,8.2200,8.3200,0.0120
000983.SZ,2004-06-16,10.8700,11.0700,0.0181
000983.SZ,2005-05-19,8.0200,12.3300,0.3496
000983.SZ,2006-05-31,8.8700,9.2700,0.0431
000983.SZ,2007-05-25,23.0700,23.4700,0.0170
000983.SZ,2008-09-12,10.6200,21.3000,0.5014
000983.SZ,2009-05-27,25.2800,25.7000,0.0163
000983.SZ,2010-06-02,22.3800,29.3000,0.2362
000983.SZ,2011-07-05,24.9100,25.4100,0.0197
000983.SZ,2012-06-15,15.8900,16.0900,0.0124
000983.SZ,2019-06-26,6.1800,6.4800,0.0463
000983.SZ,2020-06-24,3.7600,4.9900,0.2465
000983.SZ,2021-07-16,7.9800,8.0800,0.0124
000983.SZ,2022-07-13,11.8700,12.6700,0.0631
000983.SZ,2023-06-21,9.2600,10.4600,0.1147
000983.SZ,2024-07-12,9.1900,9.9900,0.0801
000983.SZ,2025-07-11,6.5700,6.7900,0.0324
000985.SZ,2006-10-16,8.6800,9.7800,0.1125
000985.SZ,2010-07-12,11.7100,11.8900,0.0151
000985.SZ,2018-06-14,15.6400,15.8200,0.0114
000985.SZ,2020-06-29,12.5900,12.7500,0.0125
000987.SZ,2003-05-23,7.0300,7.1300,0.0140
000987.SZ,2004-06-04,5.6200,5.7300,0.0192
000987.SZ,2005-08-11,6.1900,6.3100,0.0190
000987.SZ,2006-07-11,11.3200,11.4900,0.0148
000987.SZ,2008-07-29,18.3800,27.9400,0.3422
000987.SZ,2009-06-26,19.0700,19.4000,0.0170
000987.SZ,2010-05-26,23.1200,23.4200,0.0128
000987.SZ,2011-07-22,23.7800,24.1800,0.0165
000987.SZ,2012-06-26,14.0100,14.5100,0.0345
000987.SZ,2013-06-06,10.4000,10.9000,0.0459
000987.SZ,2014-08-15,9.3700,9.8700,0.0507
000987.SZ,2015-05-29,38.4800,38.9800,0.0128
000987.SZ,2016-06-14,12.4500,18.8800,0.3406
000987.SZ,2020-05-20,12.4200,12.5900,0.0135
000987.SZ,2021-08-25,8.6300,11.9000,0.2748
000987.SZ,2022-06-23,6.8100,9.3900,0.2748
000987.SZ,2023-06-26,6.2600,6.4300,0.0264
000987.SZ,2024-05-30,5.3400,5.5100,0.0309
000987.SZ,2025-07-03,6.6100,6.7800,0.0251
000987.SZ,2025-11-12,7.7600,7.8500,0.0115
000988.SZ,2003-04-07,15.3800,30.8800,0.5019
000988.SZ,2004-04-06,12.2700,16.0500,0.2355
000988.SZ,2008-04-29,9.9700,10.9800,0.0920
000988.SZ,2009-09-29,11.3300,12.7000,0.1079
000988.SZ,2012-07-13,7.0900,14.3300,0.5052
000989.SZ,2001-05-14,24.9500,25.3500,0.0158
000989.SZ,2002-05-23,15.7500,16.0000,0.0156
000989.SZ,2002-10-18,12.4500,16.1900,0.2310
000989.SZ,2003-05-23,11.7300,12.0600,0.0274
000989.SZ,2004-05-12,7.4200,9.1000,0.1846
000989.SZ,2005-04-21,6.3700,6.6700,0.0450
000989.SZ,2006-05-22,5.5700,5.7700,0.0347
000989.SZ,2008-05-29,10.8500,13.3200,0.1854
000989.SZ,2009-06-03,10.4600,10.8600,0.0368
000989.SZ,2010-06-21,12.5900,12.9900,0.0308
000989.SZ,2011-06-03,11.8900,12.2900,0.0325
000989.SZ,2012-05-31,14.8900,15.2900,0.0262
000989.SZ,2013-06-27,11.3000,11.5000,0.0174
000989.SZ,2014-05-28,12.4500,13.0500,0.0460
000989.SZ,2016-05-27,20.7600,24.2700,0.1446
000989.SZ,2017-06-07,18.0900,18.4900,0.0216
000989.SZ,2018-06-13,20.3600,20.7600,0.0193
000989.SZ,2019-06-11,8.4200,8.8100,0.0443
000989.SZ,2020-06-01,9.2500,9.6400,0.0405
000989.SZ,2021-04-20,8.4700,8.8600,0.0440
000989.SZ,2022-06-01,8.6400,9.0300,0.0432
000989.SZ,2023-06-06,13.8300,14.2300,0.0281
000989.SZ,2024-05-28,7.3900,7.7900,0.0513
000989.SZ,2025-05-08,8.3400,8.6400,0.0347
000990.SZ,2001-04-03,24.5500,36.9300,0.3352
000990.SZ,2005-04-26,4.7400,4.8000,0.0125
000990.SZ,2006-04-20,4.1200,5.7100,0.2785
000990.SZ,2010-07-09,9.8600,9.9600,0.0100
000990.SZ,2018-06-07,13.5500,13.7000,0.0109
000990.SZ,2019-12-17,13.8000,14.0800,0.0199
000990.SZ,2023-06-09,7.8000,7.9100,0.0139
000993.SZ,2011-08-26,7.7100,7.8300,0.0153
000993.SZ,2024-05-16,10.2300,10.4300,0.0192
000995.SZ,2003-05-20,7.4800,8.2300,0.0911
000997.SZ,2002-06-07,20.3800,20.6800,0.0145
000997.SZ,2003-07-11,14.4000,14.7000,0.0204
000997.SZ,2004-05-26,9.4700,18.9400,0.5000
000997.SZ,2005-05-26,7.8700,10.3500,0.2396
000997.SZ,2006-06-06,9.5500,11.9900,0.2035
000997.SZ,2007-05-18,11.8600,14.3300,0.1724
000997.SZ,2008-04-10,10.7500,10.9000,0.0138
000997.SZ,2015-06-08,40.5300,72.9500,0.4444
000997.SZ,2019-08-07,16.7000,17.0000,0.0176
000997.SZ,2021-07-08,16.0900,16.4400,0.0213
000997.SZ,2022-07-13,12.4100,12.6600,0.0197
000997.SZ,2023-10-11,19.1600,19.4300,0.0139
000997.SZ,2024-07-30,12.6000,12.8200,0.0172
000997.SZ,2024-11-19,19.2300,19.5500,0.0164
000998.SZ,2002-08-22,22.3100,22.6100,0.0133
000998.SZ,2004-07-26,11.3100,11.4500,0.0122
000998.SZ,2005-05-27,8.3600,8.5100,0.0176
000998.SZ,2006-03-14,7.1500,10.7200,0.3330
000998.SZ,2006-08-23,7.1600,7.2600,0.0138
000998.SZ,2008-07-01,20.4000,32.7400,0.3769
000998.SZ,2009-07-07,19.2500,21.2500,0.0941
000998.SZ,2012-06-12,16.5500,24.9300,0.3361
000998.SZ,2014-07-30,13.7000,27.5000,0.5018
000998.SZ,2016-06-27,18.7300,18.9300,0.0106
000998.SZ,2019-07-15,13.9000,14.1000,0.0142
000999.SZ,2001-07-31,15.1300,15.3900,0.0169
000999.SZ,2003-06-11,7.0400,9.2500,0.2389
000999.SZ,2009-04-23,15.5500,15.7500,0.0127
000999.SZ,2010-04-21,28.0000,28.3000,0.0106
000999.SZ,2011-06-09,19.1200,19.4200,0.0154
000999.SZ,2012-08-08,22.8600,23.1000,0.0104
000999.SZ,2014-07-11,18.2400,18.5000,0.0141
000999.SZ,2015-07-10,24.4300,24.8400,0.0165
000999.SZ,2018-06-21,27.9100,28.3700,0.0162
000999.SZ,2019-08-08,27.5900,27.9800,0.0139
000999.SZ,2020-07-16,31.1000,31.5300,0.0136
000999.SZ,2021-07-09,25.4500,25.9500,0.0193
000999.SZ,2022-08-12,37.9500,38.8000,0.0219
000999.SZ,2023-06-15,61.1300,62.1300,0.0161
000999.SZ,2024-06-14,45.8800,61.1400,0.2496
000999.SZ,2024-11-29,45.0500,46.0500,0.0217
000999.SZ,2025-06-06,33.0200,43.2400,0.2364
000999.SZ,2025-10-17,28.6100,29.0600,0.0155
001201.SZ,2021-06-25,42.4100,60.3700,0.2975
001201.SZ,2022-06-02,32.2300,38.8800,0.1710
001202.SZ,2022-06-01,14.4800,15.0800,0.0398
001202.SZ,2023-05-30,14.7800,14.9300,0.0100
001202.SZ,2024-06-27,11.2000,11.4900,0.0252
001202.SZ,2025-06-18,12.8400,16.6200,0.2274
001203.SZ,2021-09-30,16.5900,16.9900,0.0235
001203.SZ,2023-05-16,11.5100,11.8100,0.0254
001203.SZ,2024-10-29,8.8500,8.9500,0.0112
001203.SZ,2025-06-26,9.6100,9.8100,0.0204
001205.SZ,2022-04-18,20.2400,28.4700,0.2891
001206.SZ,2021-09-24,48.4200,49.2200,0.0163
001206.SZ,2022-06-02,29.3800,30.0800,0.0233
001206.SZ,2022-09-15,27.9900,39.1800,0.2856
001206.SZ,2023-04-28,15.1500,21.7100,0.3022
001206.SZ,2023-12-20,15.5700,15.8200,0.0158
001206.SZ,2024-06-04,13.7600,14.1600,0.0282
001206.SZ,2024-09-03,12.2200,12.4900,0.0216
001206.SZ,2024-12-19,16.6500,16.8800,0.0136
001206.SZ,2025-05-29,21.2400,21.6100,0.0171
001207.SZ,2022-07-04,17.2100,17.7100,0.0282
001207.SZ,2023-03-29,16.1800,16.3800,0.0122
001207.SZ,2024-04-10,14.8600,15.3500,0.0319
001207.SZ,2025-03-31,22.1100,22.4100,0.0134
001207.SZ,2025-10-24,22.3000,22.6000,0.0133
001207.SZ,2026-04-08,20.7900,29.6000,0.2976
001209.SZ,2021-12-24,28.0800,28.5800,0.0175
001209.SZ,2022-06-23,15.0800,21.1100,0.2856
001209.SZ,2023-06-13,15.5900,15.9900,0.0250
001209.SZ,2025-06-16,17.8700,18.0700,0.0111
001210.SZ,2022-07-18,27.1500,27.7000,0.0199
001210.SZ,2023-06-21,22.0400,27.0000,0.1837
001210.SZ,2024-06-18,13.2300,15.9200,0.1690
001210.SZ,2025-06-09,13.4800,16.2800,0.1720
001210.SZ,2025-09-17,16.1000,16.3000,0.0123
001211.SZ,2021-10-08,28.6000,29.1000,0.0172
001211.SZ,2022-08-15,23.8500,24.3500,0.0205
001212.SZ,2021-11-02,29.0400,29.3400,0.0102
001212.SZ,2022-06-15,49.5500,64.7100,0.2343
001212.SZ,2025-05-29,51.5600,72.0500,0.2844
001213.SZ,2024-06-27,3.9300,3.9900,0.0150
001213.SZ,2025-06-27,4.0500,4.1100,0.0146
001216.SZ,2022-04-29,10.8600,11.0700,0.0190
001216.SZ,2023-06-01,12.7900,13.0000,0.0162
001216.SZ,2024-05-30,13.3600,13.6200,0.0191
001216.SZ,2025-06-13,13.0300,13.4300,0.0298
001217.SZ,2022-05-24,13.5300,13.7300,0.0146
001218.SZ,2022-06-06,24.0900,34.6300,0.3044
001218.SZ,2023-06-02,22.7000,23.3000,0.0258
001218.SZ,2024-06-07,15.2100,15.8600,0.0410
001218.SZ,2025-07-04,17.8400,18.3500,0.0278
001219.SZ,2022-06-23,21.5800,28.3500,0.2388
001219.SZ,2023-06-16,18.3700,24.1800,0.2403
001219.SZ,2024-06-27,11.9500,15.8400,0.2456
001219.SZ,2025-06-27,13.4000,13.7000,0.0219
001222.SZ,2023-06-27,14.2400,20.3300,0.2996
001222.SZ,2024-06-19,12.1900,12.3900,0.0161
001223.SZ,2024-05-16,40.7200,41.5200,0.0193
001223.SZ,2025-05-26,37.1600,52.1800,0.2878
001225.SZ,2023-05-22,46.0900,47.3400,0.0264
001225.SZ,2024-04-22,31.1200,32.3700,0.0386
001225.SZ,2025-05-22,33.2600,34.4800,0.0354
001226.SZ,2022-10-18,35.7900,36.3300,0.0149
001226.SZ,2023-11-30,33.0700,33.4700,0.0120
001226.SZ,2025-06-18,26.8200,27.2200,0.0147
001227.SZ,2022-07-21,4.6300,4.7300,0.0211
001227.SZ,2023-07-05,2.7800,2.9000,0.0414
001227.SZ,2024-07-11,2.3000,2.4000,0.0417
001227.SZ,2025-01-24,2.3400,2.3900,0.0209
001227.SZ,2025-07-22,2.5800,2.6300,0.0190
001227.SZ,2026-02-09,2.3300,2.3800,0.0210
001228.SZ,2024-05-21,28.6100,29.2000,0.0202
001228.SZ,2024-11-28,22.0700,22.4200,0.0156
001228.SZ,2025-06-10,23.7300,24.0200,0.0121
001228.SZ,2025-11-26,27.0100,27.3000,0.0106
001229.SZ,2023-06-06,33.9100,34.3100,0.0117
001229.SZ,2024-06-28,29.8100,30.4100,0.0197
001229.SZ,2025-06-24,31.4000,32.0000,0.0188
001230.SZ,2024-06-06,14.1200,17.2700,0.1824
001230.SZ,2025-06-13,21.1700,21.4900,0.0149
001234.SZ,2022-06-23,26.3000,26.8000,0.0187
001234.SZ,2023-06-26,20.7500,21.2500,0.0235
001234.SZ,2024-06-21,16.5500,17.0500,0.0293
001234.SZ,2024-09-25,14.7900,14.9900,0.0133
001234.SZ,2025-07-03,21.0700,21.3700,0.0140
001256.SZ,2024-05-29,14.5300,14.7300,0.0136
001258.SZ,2024-05-30,6.7300,6.8100,0.0117
001259.SZ,2024-05-28,22.6100,23.0100,0.0174
001260.SZ,2023-05-26,21.4000,21.9200,0.0237
001266.SZ,2022-07-14,31.8700,45.2200,0.2952
001266.SZ,2024-06-21,19.2800,19.4800,0.0103
001266.SZ,2025-06-06,24.7200,25.0200,0.0120
001267.SZ,2022-05-25,5.0600,5.1300,0.0136
001267.SZ,2023-05-25,5.7700,5.8300,0.0103
001268.SZ,2024-07-03,16.5500,16.8000,0.0149
001268.SZ,2025-05-27,21.9500,22.4000,0.0201
001269.SZ,2023-06-12,59.4000,83.6600,0.2900
001269.SZ,2024-06-17,32.3200,33.5200,0.0358
001270.SZ,2023-05-12,87.2600,122.5200,0.2878
001270.SZ,2024-05-07,41.1100,53.6400,0.2336
001282.SZ,2024-07-09,18.6900,26.5000,0.2947
001282.SZ,2025-06-26,19.8700,27.9200,0.2883
001283.SZ,2024-06-18,44.6600,45.1200,0.0102
001286.SZ,2023-06-16,10.3700,10.7200,0.0326
001286.SZ,2024-06-26,11.2700,11.6300,0.0310
001286.SZ,2025-06-26,8.7900,9.1500,0.0393
001288.SZ,2024-05-10,23.3500,23.6000,0.0106
001288.SZ,2025-05-16,21.2100,29.9500,0.2918
001289.SZ,2024-08-06,16.5500,16.7700,0.0131
001289.SZ,2025-08-15,16.4800,16.7100,0.0138
001296.SZ,2022-06-24,23.0800,30.4100,0.2410
001296.SZ,2024-05-30,16.0700,22.9000,0.2983
001296.SZ,2025-01-08,17.2600,17.4600,0.0115
001296.SZ,2025-07-04,19.2200,19.4200,0.0103
001298.SZ,2023-05-23,23.4100,34.2400,0.3163
001298.SZ,2024-05-29,15.8100,23.1200,0.3162
001298.SZ,2025-05-28,19.1800,27.8700,0.3118
001298.SZ,2026-04-17,20.9700,30.4700,0.3118
001299.SZ,2024-05-28,13.2000,13.5000,0.0222
001299.SZ,2025-04-29,10.8400,14.8000,0.2676
001299.SZ,2025-09-23,12.1500,12.3000,0.0122
001299.SZ,2026-04-29,11.6700,15.6100,0.2524
001301.SZ,2023-05-29,66.0600,67.0600,0.0149
001301.SZ,2024-06-19,46.9000,47.7000,0.0168
001301.SZ,2025-05-20,51.2800,52.0800,0.0154
001306.SZ,2024-06-03,59.8800,60.5200,0.0106
001308.SZ,2022-06-01,28.9400,38.3700,0.2458
001308.SZ,2023-04-28,26.4600,35.2600,0.2496
001308.SZ,2024-05-27,23.8100,24.4100,0.0246
001308.SZ,2025-11-17,22.2700,22.6300,0.0159
001309.SZ,2023-07-13,77.2600,108.3500,0.2869
001309.SZ,2024-04-26,93.8200,122.1000,0.2316
001309.SZ,2025-07-10,86.7900,121.8000,0.2874
001311.SZ,2023-06-07,57.9900,76.1000,0.2380
001311.SZ,2024-06-11,26.9100,35.8000,0.2483
001311.SZ,2025-06-10,20.5000,27.3200,0.2496
001313.SZ,2025-09-24,7.3000,7.4100,0.0148
001314.SZ,2023-05-23,41.1500,41.6500,0.0120
001316.SZ,2023-07-07,36.2800,36.9000,0.0168
001316.SZ,2024-07-08,28.3600,29.0000,0.0221
001316.SZ,2025-07-07,31.9600,45.1100,0.2915
001316.SZ,2025-09-05,32.0500,32.4000,0.0108
001318.SZ,2023-06-16,13.7700,13.9200,0.0108
001318.SZ,2024-06-28,10.2600,10.4200,0.0154
001318.SZ,2025-06-19,12.6400,12.8200,0.0140
001319.SZ,2022-08-24,30.7700,31.1200,0.0112
001319.SZ,2023-06-29,20.8600,21.1100,0.0118
001319.SZ,2024-06-27,16.2100,16.5900,0.0229
001319.SZ,2025-06-19,25.1100,25.5000,0.0153
001322.SZ,2023-05-31,16.6000,16.7800,0.0107
001322.SZ,2024-05-31,8.8700,9.0000,0.0144
001322.SZ,2025-05-22,8.5100,8.6400,0.0150
001323.SZ,2022-09-19,39.0800,40.0800,0.0250
001323.SZ,2023-05-26,31.8700,32.8700,0.0304
001323.SZ,2024-06-03,30.9000,31.9000,0.0313
001323.SZ,2024-09-27,29.2400,29.9800,0.0247
001323.SZ,2025-06-09,30.3100,31.2900,0.0313
001323.SZ,2025-08-21,29.6300,32.5800,0.0905
001323.SZ,2025-09-26,27.1600,27.6100,0.0163
001326.SZ,2024-05-24,44.5600,45.3600,0.0176
001326.SZ,2024-10-10,36.1100,36.7900,0.0185
001328.SZ,2023-06-28,32.5800,33.1800,0.0181
001328.SZ,2024-07-02,25.3400,25.9900,0.0250
001328.SZ,2025-06-13,53.8800,54.6300,0.0137
001331.SZ,2023-06-07,18.9100,26.8100,0.2947
001331.SZ,2024-07-17,10.7400,12.9900,0.1732
001331.SZ,2025-06-05,9.8500,13.7900,0.2857
001332.SZ,2022-11-29,70.5000,73.0000,0.0342
001332.SZ,2023-05-19,44.4000,60.9400,0.2714
001332.SZ,2024-06-06,24.7200,25.2200,0.0198
001332.SZ,2024-10-16,29.3600,29.8600,0.0167
001332.SZ,2025-05-20,34.5900,35.0900,0.0142
001333.SZ,2023-06-07,25.4600,25.9600,0.0193
001333.SZ,2024-06-18,16.8500,17.2100,0.0209
001333.SZ,2025-06-25,20.1100,20.4700,0.0176
001337.SZ,2025-05-26,24.5500,24.8000,0.0101
001338.SZ,2025-06-19,11.8500,12.1500,0.0247
001358.SZ,2024-04-24,25.7100,37.2000,0.3089
001358.SZ,2025-04-28,22.3700,22.8600,0.0214
001360.SZ,2024-05-21,16.2800,16.5000,0.0133
001360.SZ,2025-05-28,13.3100,13.4600,0.0111
001366.SZ,2023-05-15,15.6100,15.7900,0.0114
001367.SZ,2024-06-18,25.4300,38.1400,0.3332
001367.SZ,2025-05-20,20.1600,30.0100,0.3282
001368.SZ,2024-04-29,20.5200,21.3200,0.0375
001368.SZ,2024-11-26,20.7500,21.4000,0.0304
001368.SZ,2025-12-12,25.3800,25.9800,0.0231
001378.SZ,2024-05-29,27.1800,27.6300,0.0163
001378.SZ,2025-06-13,22.0400,22.4900,0.0200
001380.SZ,2024-05-13,20.9700,30.0800,0.3029
001380.SZ,2025-05-20,22.0400,32.9200,0.3305
001696.SZ,1997-06-25,8.9000,11.9000,0.2521
001696.SZ,1998-04-27,7.8900,12.6200,0.3748
001696.SZ,2005-05-27,4.3600,5.7300,0.2391
001696.SZ,2006-04-21,3.9600,4.7800,0.1715
001696.SZ,2007-08-27,26.8200,53.7500,0.5010
001696.SZ,2009-04-30,9.5300,12.5900,0.2431
001696.SZ,2010-04-27,11.3300,19.3100,0.4133
001696.SZ,2011-04-14,10.1000,10.5000,0.0381
001696.SZ,2012-05-25,7.0100,7.2100,0.0277
001696.SZ,2013-06-14,4.7100,4.7600,0.0105
001696.SZ,2016-07-08,10.8100,11.1700,0.0322
001696.SZ,2019-06-28,6.4600,6.6900,0.0344
001696.SZ,2020-06-23,6.0800,6.3800,0.0470
001696.SZ,2021-06-22,7.1600,7.4600,0.0402
001696.SZ,2022-06-24,6.1000,6.3500,0.0394
001696.SZ,2023-06-21,6.7500,7.0000,0.0357
001696.SZ,2024-06-14,12.9800,13.2300,0.0189
001872.SZ,1994-06-13,4.1800,4.6800,0.1068
001872.SZ,1995-05-30,3.7000,3.9000,0.0513
001872.SZ,1996-06-24,7.1800,7.3700,0.0258
001872.SZ,1997-07-04,11.6600,11.8300,0.0144
001872.SZ,1998-07-20,8.0600,8.2100,0.0183
001872.SZ,1999-07-21,7.7100,7.8000,0.0115
001872.SZ,2000-07-24,11.8500,11.9700,0.0100
001872.SZ,2003-07-24,16.9700,17.2600,0.0168
001872.SZ,2004-06-22,18.3800,24.3900,0.2464
001872.SZ,2005-07-06,20.0600,26.7100,0.2490
001872.SZ,2006-06-19,14.1100,14.8600,0.0505
001872.SZ,2007-07-05,27.4200,28.0000,0.0207
001872.SZ,2008-07-25,16.0700,16.7500,0.0406
001872.SZ,2009-07-17,16.2000,16.7000,0.0299
001872.SZ,2010-08-06,13.1200,13.4400,0.0238
001872.SZ,2011-07-22,14.4400,14.9000,0.0309
001872.SZ,2012-07-20,9.4800,9.8800,0.0405
001872.SZ,2013-07-17,11.3100,11.6700,0.0308
001872.SZ,2014-07-16,12.8500,13.2400,0.0295
001872.SZ,2015-07-22,26.3700,26.6900,0.0120
001872.SZ,2016-07-28,16.3200,16.7300,0.0245
001872.SZ,2017-08-01,27.4900,27.9900,0.0179
001872.SZ,2018-05-23,22.8200,24.1400,0.0547
001872.SZ,2020-07-15,16.8400,17.3000,0.0266
001872.SZ,2021-07-21,16.0600,16.4400,0.0231
001872.SZ,2022-05-17,15.1900,15.6200,0.0275
001872.SZ,2023-06-28,16.9100,17.3600,0.0259
001872.SZ,2024-07-17,20.5900,21.1700,0.0274
001872.SZ,2025-06-25,20.1600,20.9000,0.0354
001896.SZ,1999-07-23,8.6100,8.9600,0.0391
001896.SZ,2000-06-22,11.6400,11.8400,0.0169
001896.SZ,2001-10-18,9.0000,9.2000,0.0217
001896.SZ,2002-06-19,7.8300,7.9300,0.0126
001896.SZ,2003-12-09,6.5000,6.5700,0.0107
001896.SZ,2004-07-15,4.8900,4.9400,0.0101
001914.SZ,1995-07-21,7.1500,9.4900,0.2466
001914.SZ,1996-08-06,8.3000,8.5000,0.0235
001914.SZ,1997-07-23,11.3800,12.6200,0.0983
001914.SZ,1997-08-29,9.5500,10.3800,0.0800
001914.SZ,2003-06-27,8.9300,9.0300,0.0111
001914.SZ,2004-07-09,7.4500,7.5500,0.0132
001914.SZ,2005-07-15,4.7400,4.8400,0.0207
001914.SZ,2006-07-12,8.2300,8.3300,0.0120
001914.SZ,2008-07-03,8.8300,9.0800,0.0275
001914.SZ,2011-06-16,8.3500,12.6800,0.3415
001914.SZ,2012-05-17,5.5200,11.2300,0.5085
001914.SZ,2012-09-11,4.0100,3.9700,0.0101
001914.SZ,2013-06-17,5.4900,5.5900,0.0179
001914.SZ,2014-05-16,5.0800,5.2800,0.0379
001914.SZ,2018-06-06,7.8600,7.9600,0.0126
001914.SZ,2019-06-06,10.5000,10.8000,0.0278
001914.SZ,2024-08-21,8.7200,8.8900,0.0191
001914.SZ,2025-08-13,12.7900,13.0300,0.0184
001965.SZ,2018-08-08,8.5000,8.7200,0.0252
001965.SZ,2019-07-12,8.0500,8.3000,0.0301
001965.SZ,2020-08-24,7.0600,7.3400,0.0381
001965.SZ,2021-06-25,7.5000,7.6800,0.0234
001965.SZ,2022-07-05,7.5800,7.9300,0.0441
001965.SZ,2023-07-18,9.3100,9.7200,0.0422
001965.SZ,2024-07-30,12.1500,12.6800,0.0418
001965.SZ,2025-07-31,11.1700,11.5900,0.0362
001979.SZ,2016-06-24,14.2200,14.4800,0.0180
001979.SZ,2017-07-13,20.6800,21.1800,0.0236
001979.SZ,2018-05-09,22.6100,23.2300,0.0267
001979.SZ,2019-07-11,20.9700,21.7400,0.0354
001979.SZ,2020-07-23,18.0700,18.8800,0.0429
001979.SZ,2021-07-28,9.8300,10.4600,0.0602
001979.SZ,2022-08-23,14.4100,14.9500,0.0361
001979.SZ,2023-05-12,13.5400,13.7700,0.0167
001979.SZ,2024-07-23,9.0300,9.3500,0.0342
001979.SZ,2025-07-17,8.6700,8.8600,0.0214
002001.SZ,2005-05-12,11.3100,11.6100,0.0258
002001.SZ,2005-10-19,8.7200,13.0800,0.3333
002001.SZ,2006-06-23,6.1100,12.3600,0.5057
002001.SZ,2008-10-08,25.2800,26.2800,0.0381
002001.SZ,2010-05-14,35.6500,47.3500,0.2471
002001.SZ,2010-10-18,22.4800,33.7200,0.3333
002001.SZ,2011-05-19,29.6000,30.1000,0.0166
002001.SZ,2012-06-07,21.6100,22.2100,0.0270
002001.SZ,2013-05-09,17.1800,17.6800,0.0283
002001.SZ,2014-05-16,12.9100,19.8700,0.3503
002001.SZ,2015-06-18,26.5500,26.9000,0.0130
002001.SZ,2017-06-09,18.1200,18.7200,0.0321
002001.SZ,2018-05-30,20.8400,36.1300,0.4232
002001.SZ,2019-07-12,19.8600,20.5600,0.0340
002001.SZ,2020-06-17,27.1700,27.6700,0.0181
002001.SZ,2021-05-19,32.8600,40.1300,0.1812
002001.SZ,2022-05-25,20.5100,25.2800,0.1887
002001.SZ,2023-06-14,15.6000,16.1000,0.0311
002001.SZ,2024-05-29,18.8400,19.2900,0.0233
002001.SZ,2025-05-21,22.2100,22.7100,0.0220
002003.SZ,2005-04-28,7.5500,7.7500,0.0258
002003.SZ,2006-06-15,8.5900,8.8900,0.0337
002003.SZ,2007-06-21,26.4200,32.0000,0.1744
002003.SZ,2007-09-25,23.2800,30.2600,0.2307
002003.SZ,2008-06-13,14.8300,19.3800,0.2348
002003.SZ,2009-04-03,17.8000,18.8000,0.0532
002003.SZ,2010-05-26,18.4000,18.6000,0.0108
002003.SZ,2011-02-25,23.0000,26.9000,0.1450
002003.SZ,2011-05-26,18.6100,18.9100,0.0159
002003.SZ,2012-06-06,11.5700,12.2700,0.0570
002003.SZ,2013-05-08,9.0500,9.5500,0.0524
002003.SZ,2014-05-07,8.6800,12.0800,0.2815
002003.SZ,2015-05-15,12.3600,15.4300,0.1990
002003.SZ,2016-05-16,13.1600,13.6600,0.0366
002003.SZ,2017-05-25,10.5900,14.2700,0.2579
002003.SZ,2018-06-08,9.1800,12.4300,0.2615
002003.SZ,2019-05-29,7.0200,7.3700,0.0475
002003.SZ,2020-05-29,5.2900,5.6900,0.0703
002003.SZ,2021-05-26,7.0400,7.4400,0.0538
002003.SZ,2022-05-27,10.3500,13.9600,0.2586
002003.SZ,2023-05-10,8.5600,8.9100,0.0393
002003.SZ,2024-05-23,11.6600,12.1100,0.0372
002003.SZ,2024-09-25,12.4900,12.6900,0.0158
002003.SZ,2025-05-21,11.4000,11.7000,0.0256
002004.SZ,2004-10-18,9.5500,14.5300,0.3427
002004.SZ,2006-05-25,7.4100,7.7100,0.0389
002004.SZ,2009-05-22,20.1200,20.4500,0.0161
002004.SZ,2012-05-15,20.9000,42.2900,0.5058
002004.SZ,2012-09-04,16.4500,24.6700,0.3332
002004.SZ,2013-07-10,13.4000,13.7000,0.0219
002004.SZ,2014-10-27,19.9000,20.2000,0.0149
002004.SZ,2015-05-27,19.3800,48.7400,0.6024
002004.SZ,2016-06-30,8.9100,9.1100,0.0220
002004.SZ,2017-06-16,7.9600,8.1100,0.0185
002004.SZ,2018-06-15,5.7000,5.9000,0.0339
002004.SZ,2019-07-05,4.8100,5.0300,0.0437
002004.SZ,2020-06-19,5.1800,5.4000,0.0407
002004.SZ,2021-04-30,6.2200,6.4400,0.0342
002004.SZ,2022-06-02,5.2700,5.4900,0.0401
002004.SZ,2023-06-15,4.9100,5.1300,0.0429
002004.SZ,2024-06-03,4.4100,4.6300,0.0475
002004.SZ,2025-09-16,4.7000,4.9000,0.0408
002005.SZ,2005-05-25,7.0200,8.0200,0.1247
002005.SZ,2006-07-13,6.1400,9.8300,0.3754
002005.SZ,2008-04-21,6.2600,12.5100,0.4996
002005.SZ,2012-05-24,8.6900,17.4800,0.5029
002006.SZ,2005-06-09,7.0500,7.3000,0.0342
002006.SZ,2006-06-22,5.9200,7.2000,0.1778
002006.SZ,2008-05-15,13.5300,20.3000,0.3335
002006.SZ,2011-09-13,32.9400,65.8800,0.5000
002006.SZ,2012-05-16,14.7300,22.2000,0.3365
002006.SZ,2024-06-19,13.9800,14.1300,0.0106
002007.SZ,2005-05-23,9.2300,14.2400,0.3518
002007.SZ,2006-05-08,15.7200,16.2200,0.0308
002007.SZ,2006-10-20,17.0700,25.6000,0.3332
002007.SZ,2007-06-12,35.3100,42.3700,0.1666
002007.SZ,2007-10-24,45.8300,55.2000,0.1697
002007.SZ,2009-05-06,26.8300,43.1200,0.3778
002007.SZ,2010-05-27,44.1600,70.9500,0.3776
002007.SZ,2014-06-20,25.2800,25.6800,0.0156
002007.SZ,2016-06-07,31.2900,50.4700,0.3800
002007.SZ,2017-06-13,35.9800,36.3800,0.0110
002007.SZ,2019-06-17,27.6000,41.8000,0.3397
002007.SZ,2020-04-27,37.5900,49.2700,0.2371
002007.SZ,2023-06-14,21.8500,22.1500,0.0135
002007.SZ,2024-06-14,17.0600,17.3600,0.0173
002007.SZ,2025-06-17,15.6900,15.8900,0.0126
002007.SZ,2025-10-27,16.2200,16.7200,0.0299
002008.SZ,2005-06-01,8.8300,13.4500,0.3435
002008.SZ,2006-05-25,12.0200,18.2800,0.3425
002008.SZ,2007-05-14,20.0100,30.1100,0.3354
002008.SZ,2008-04-25,12.9300,20.7900,0.3781
002008.SZ,2009-05-26,8.3600,8.4600,0.0118
002008.SZ,2011-06-15,12.1900,18.5300,0.3421
002008.SZ,2012-06-13,6.6600,6.8600,0.0292
002008.SZ,2013-05-30,13.8700,14.0700,0.0142
002008.SZ,2014-06-05,16.6800,16.8800,0.0118
002008.SZ,2022-04-29,26.8000,27.2000,0.0147
002008.SZ,2025-05-21,23.8200,24.1600,0.0141
002009.SZ,2005-06-23,8.0100,8.1100,0.0123
002009.SZ,2006-06-23,8.5400,13.6700,0.3753
002009.SZ,2007-06-08,17.4600,20.9700,0.1674
002009.SZ,2008-03-21,17.6400,35.2900,0.5001
002010.SZ,2005-05-19,11.1100,11.4100,0.0263
002010.SZ,2005-09-28,7.5300,11.3000,0.3336
002010.SZ,2006-06-23,9.1400,9.2400,0.0108
002010.SZ,2007-06-06,14.9600,19.5000,0.2328
002010.SZ,2008-06-06,10.0600,13.0800,0.2309
002010.SZ,2011-05-19,13.3300,26.7000,0.5007
002010.SZ,2013-06-28,7.9000,8.0000,0.0125
002010.SZ,2014-05-15,8.9400,9.0900,0.0165
002010.SZ,2019-06-21,7.9700,8.0700,0.0124
002010.SZ,2020-06-24,5.4900,5.5900,0.0179
002010.SZ,2021-06-25,9.2000,9.3000,0.0108
002010.SZ,2022-06-27,6.0900,6.1900,0.0162
002010.SZ,2023-06-19,5.4200,5.5200,0.0181
002010.SZ,2024-06-24,3.8900,3.9900,0.0251
002010.SZ,2025-06-06,5.5100,5.6100,0.0178
002011.SZ,2004-11-03,9.3600,9.6100,0.0260
002011.SZ,2005-06-22,7.0500,7.3000,0.0342
002011.SZ,2006-06-13,6.6700,6.7700,0.0148
002011.SZ,2008-06-10,13.1000,26.5000,0.5057
002011.SZ,2009-04-29,11.0200,11.2700,0.0222
002011.SZ,2010-05-19,18.9500,19.2500,0.0156
002011.SZ,2011-05-19,14.4100,29.1200,0.5052
002011.SZ,2012-06-05,10.4100,10.6100,0.0189
002011.SZ,2014-06-06,7.7700,7.8700,0.0127
002012.SZ,2005-06-09,6.4400,11.8900,0.4584
002012.SZ,2006-06-07,5.5400,5.6000,0.0107
002012.SZ,2012-04-25,11.2200,11.4200,0.0175
002012.SZ,2012-10-23,5.4200,10.8400,0.5000
002014.SZ,2005-04-13,8.5800,8.8800,0.0338
002014.SZ,2006-04-13,6.8600,7.2600,0.0551
002014.SZ,2007-04-04,13.3600,15.1000,0.1152
002014.SZ,2007-08-30,17.1000,20.5200,0.1667
002014.SZ,2008-04-18,10.2800,10.5800,0.0284
002014.SZ,2009-04-17,11.3700,11.6200,0.0215
002014.SZ,2010-05-14,17.7700,18.2200,0.0247
002014.SZ,2011-03-17,18.0800,23.9000,0.2435
002014.SZ,2012-02-20,13.5300,13.8300,0.0217
002014.SZ,2012-08-23,9.7800,14.6700,0.3333
002014.SZ,2013-04-12,9.7800,10.0800,0.0298
002014.SZ,2014-04-10,8.1300,8.4300,0.0356
002014.SZ,2015-04-15,13.0000,13.3000,0.0226
002014.SZ,2016-03-10,15.1800,15.5800,0.0257
002014.SZ,2017-03-30,16.1100,16.6100,0.0301
002014.SZ,2018-04-18,7.5300,11.7400,0.3586
002014.SZ,2019-04-25,7.7200,8.0700,0.0434
002014.SZ,2020-04-15,9.5600,9.9500,0.0392
002014.SZ,2021-04-14,9.6200,10.1200,0.0494
002014.SZ,2022-04-14,7.0300,8.9200,0.2119
002014.SZ,2023-04-14,8.5900,8.9900,0.0445
002014.SZ,2024-04-12,10.0800,10.6300,0.0517
002014.SZ,2025-04-23,11.6500,12.2700,0.0505
002014.SZ,2025-09-30,11.2000,11.4800,0.0244
002015.SZ,2005-06-21,8.8000,8.9000,0.0112
002015.SZ,2006-07-04,8.0000,16.1000,0.5031
002015.SZ,2008-05-27,7.4100,12.6500,0.4142
002015.SZ,2011-03-03,10.9100,11.8800,0.0816
002015.SZ,2015-06-26,7.1900,8.4100,0.1451
002015.SZ,2021-06-22,9.2500,9.4000,0.0160
002015.SZ,2022-05-17,18.4200,18.6200,0.0107
002015.SZ,2023-06-26,13.5800,13.7700,0.0138
002015.SZ,2024-06-11,8.7100,8.8400,0.0147
002016.SZ,2005-06-03,5.9000,6.2000,0.0484
002016.SZ,2005-10-28,7.9500,9.1400,0.1302
002016.SZ,2008-09-02,5.7900,11.5800,0.5000
002016.SZ,2009-05-14,7.4900,8.9900,0.1669
002016.SZ,2013-05-10,7.9400,11.2700,0.2955
002016.SZ,2014-06-12,5.9200,6.0000,0.0133
002016.SZ,2017-06-01,8.7600,9.1400,0.0416
002016.SZ,2018-05-03,14.2800,15.0000,0.0480
002016.SZ,2019-06-03,8.6300,9.1300,0.0548
002016.SZ,2021-07-20,6.3700,6.4700,0.0155
002016.SZ,2022-07-19,6.3700,6.6700,0.0450
002017.SZ,2005-06-01,10.0600,10.3100,0.0242
002017.SZ,2006-05-15,7.5500,9.8100,0.2304
002017.SZ,2007-05-18,14.6000,14.9000,0.0201
002017.SZ,2008-04-16,10.2300,13.3000,0.2308
002017.SZ,2009-12-15,17.7400,21.6000,0.1787
002017.SZ,2010-05-14,18.5000,18.8000,0.0160
002017.SZ,2011-05-20,19.3500,21.5900,0.1038
002017.SZ,2014-05-15,11.2000,14.6400,0.2350
002017.SZ,2015-06-01,26.9600,32.4000,0.1679
002017.SZ,2019-02-28,11.6400,13.8400,0.1590
002017.SZ,2023-06-21,12.9500,16.9400,0.2355
002017.SZ,2024-06-21,8.3000,8.4500,0.0178
002017.SZ,2025-06-12,11.7900,11.9500,0.0134
002019.SZ,2005-04-07,14.2400,18.7100,0.2389
002019.SZ,2006-07-17,9.0800,9.2300,0.0163
002019.SZ,2007-05-18,48.3900,68.0000,0.2884
002019.SZ,2007-08-28,40.5900,81.1800,0.5000
002019.SZ,2016-05-16,16.1500,40.4800,0.6010
002019.SZ,2018-09-26,11.5300,11.8300,0.0254
002020.SZ,2005-05-16,7.9400,8.1400,0.0246
002020.SZ,2006-05-18,5.9500,8.9300,0.3337
002020.SZ,2012-07-06,13.5700,13.7700,0.0145
002020.SZ,2013-05-27,12.9300,26.0000,0.5027
002020.SZ,2016-05-23,11.5500,23.2400,0.5030
002020.SZ,2018-06-08,12.3800,12.5800,0.0159
002020.SZ,2019-05-29,12.0200,12.3000,0.0228
002020.SZ,2020-06-01,10.3200,10.6400,0.0301
002020.SZ,2021-05-28,9.0500,11.0700,0.1825
002020.SZ,2022-05-25,8.5800,8.8700,0.0327
002020.SZ,2023-05-24,15.5700,15.8700,0.0189
002020.SZ,2024-05-24,11.2000,11.5000,0.0261
002020.SZ,2025-05-29,12.8900,13.2200,0.0250
002021.SZ,2005-06-14,6.8400,11.2400,0.3915
002021.SZ,2006-06-13,6.9200,9.2000,0.2478
002021.SZ,2007-06-04,12.8900,15.5700,0.1721
002021.SZ,2008-06-03,8.9800,9.1300,0.0164
002021.SZ,2009-06-17,4.7600,8.5700,0.4446
002021.SZ,2012-06-08,4.8500,6.3400,0.2350
002021.SZ,2023-12-29,2.8000,3.5300,0.2068
002022.SZ,2005-04-06,12.6800,15.9100,0.2030
002022.SZ,2006-04-20,11.1200,19.4000,0.4268
002022.SZ,2007-04-16,20.4700,30.9600,0.3388
002022.SZ,2008-04-28,22.7500,34.1800,0.3344
002022.SZ,2009-04-27,16.7900,22.0300,0.2379
002022.SZ,2010-05-27,17.5200,21.2200,0.1744
002022.SZ,2011-05-12,14.3000,14.6000,0.0205
002022.SZ,2012-04-24,10.5600,10.9600,0.0365
002022.SZ,2013-04-26,14.9200,15.2800,0.0236
002022.SZ,2014-04-23,22.0600,22.2900,0.0103
002022.SZ,2021-07-16,13.9400,14.1400,0.0141
002022.SZ,2023-05-10,11.6000,12.2000,0.0492
002023.SZ,2004-11-19,19.5600,19.9600,0.0200
002023.SZ,2005-06-01,9.2100,14.0200,0.3431
002023.SZ,2008-04-16,9.0900,14.5500,0.3753
002023.SZ,2010-05-11,12.3600,17.3000,0.2855
002023.SZ,2012-06-07,9.0700,9.2200,0.0163
002023.SZ,2015-05-08,16.6900,33.4800,0.5015
002023.SZ,2017-06-01,9.8600,9.9600,0.0100
002024.SZ,2005-06-03,27.7000,55.5100,0.5010
002024.SZ,2005-10-17,20.1600,36.2900,0.4445
002024.SZ,2006-09-21,24.1400,48.2800,0.5000
002024.SZ,2007-04-06,33.5000,67.0000,0.5000
002024.SZ,2008-09-26,16.8100,33.7100,0.5013
002024.SZ,2009-04-10,12.9800,19.5000,0.3344
002024.SZ,2010-04-16,12.3300,18.5500,0.3353
002024.SZ,2012-05-31,8.9600,9.1100,0.0165
002024.SZ,2019-06-25,11.5000,11.6200,0.0103
002025.SZ,2005-04-13,15.3300,18.5000,0.1714
002025.SZ,2006-04-07,22.5300,33.9900,0.3372
002025.SZ,2008-05-28,11.4800,23.0500,0.5020
002025.SZ,2013-07-03,10.7100,10.8600,0.0138
002025.SZ,2014-07-04,15.5300,15.7300,0.0127
002025.SZ,2015-06-25,33.0300,43.1400,0.2344
002025.SZ,2018-06-27,22.9800,23.2300,0.0108
002026.SZ,2005-05-30,5.9900,6.0900,0.0164
002026.SZ,2006-06-22,5.7100,8.6700,0.3414
002026.SZ,2008-05-23,8.1600,8.2600,0.0121
002026.SZ,2011-04-11,10.9600,14.3500,0.2362
002026.SZ,2013-05-13,6.0600,7.9300,0.2358
002026.SZ,2019-06-12,5.8800,5.9600,0.0134
002026.SZ,2020-06-05,4.9700,5.0500,0.0158
002026.SZ,2022-06-17,12.6100,12.7600,0.0118
002026.SZ,2024-06-21,8.1100,8.2300,0.0146
002027.SZ,2005-05-11,6.1300,12.4500,0.5076
002027.SZ,2006-04-11,5.2200,7.0500,0.2596
002027.SZ,2016-06-30,17.0700,34.3800,0.5035
002027.SZ,2017-07-06,9.4100,13.5800,0.3071
002027.SZ,2018-06-29,8.9600,10.8500,0.1742
002027.SZ,2019-07-19,5.0300,5.1300,0.0195
002027.SZ,2020-07-07,5.9800,6.0500,0.0116
002027.SZ,2021-07-06,8.4300,8.5400,0.0129
002027.SZ,2021-10-22,7.2900,7.5000,0.0280
002027.SZ,2022-08-03,5.7600,5.8900,0.0221
002027.SZ,2023-01-11,6.8900,7.0300,0.0199
002027.SZ,2023-07-03,6.5300,6.8100,0.0411
002027.SZ,2024-06-13,6.0900,6.4200,0.0514
002027.SZ,2024-09-26,5.7600,5.8600,0.0171
002027.SZ,2025-08-22,7.9700,8.2000,0.0280
002027.SZ,2025-10-17,7.4300,7.5300,0.0133
002028.SZ,2005-04-28,13.3000,26.9900,0.5072
002028.SZ,2007-09-18,47.8000,72.0000,0.3361
002028.SZ,2008-04-15,29.6100,47.5800,0.3777
002028.SZ,2009-04-20,19.5300,31.4500,0.3790
002028.SZ,2011-05-06,17.8800,18.6800,0.0428
002028.SZ,2014-05-16,9.9100,14.0700,0.2957
002028.SZ,2016-04-25,10.9200,13.3000,0.1789
002028.SZ,2019-06-10,9.8500,9.9500,0.0101
002029.SZ,2005-05-26,6.1000,8.0800,0.2450
002029.SZ,2007-05-23,25.0800,37.7200,0.3351
002029.SZ,2008-05-08,19.3500,29.0200,0.3332
002029.SZ,2012-05-08,26.5300,40.0000,0.3367
002029.SZ,2013-06-07,9.6800,14.6200,0.3379
002029.SZ,2014-06-20,7.4800,7.5800,0.0132
002029.SZ,2016-06-22,9.3800,9.4800,0.0105
002029.SZ,2017-06-14,9.6300,9.7300,0.0103
002029.SZ,2018-06-12,8.8900,8.9900,0.0111
002029.SZ,2019-06-27,6.4800,6.5800,0.0152
002029.SZ,2020-07-07,5.3500,5.4500,0.0183
002029.SZ,2021-06-24,6.2900,6.3800,0.0141
002029.SZ,2024-06-21,5.0000,5.1200,0.0234
002029.SZ,2025-06-20,6.6400,6.7400,0.0148
002030.SZ,2005-05-18,9.2500,9.4000,0.0160
002030.SZ,2006-05-17,7.6500,11.7300,0.3478
002030.SZ,2008-05-14,13.6900,22.0300,0.3786
002030.SZ,2009-06-10,12.0200,14.4500,0.1682
002030.SZ,2010-06-18,11.8000,14.1900,0.1684
002030.SZ,2011-06-17,10.3300,12.4100,0.1676
002030.SZ,2012-06-15,7.8900,9.4900,0.1686
002030.SZ,2013-06-19,10.7700,11.8600,0.0919
002030.SZ,2014-07-15,19.5100,23.4300,0.1673
002030.SZ,2015-06-17,54.4000,65.3300,0.1673
002030.SZ,2016-06-21,26.7600,29.4600,0.0916
002030.SZ,2018-06-15,15.5000,17.0800,0.0925
002030.SZ,2020-06-18,28.7800,31.6800,0.0915
002030.SZ,2021-05-19,21.8400,35.5000,0.3848
002030.SZ,2022-05-09,18.3500,19.4600,0.0570
002030.SZ,2023-06-13,10.8400,12.5900,0.1390
002031.SZ,2005-06-16,7.4900,9.8900,0.2427
002031.SZ,2006-06-28,7.2600,7.4200,0.0216
002031.SZ,2007-09-18,16.0800,20.9100,0.2310
002031.SZ,2008-07-17,5.6800,5.7800,0.0173
002031.SZ,2011-05-31,7.6900,11.6000,0.3371
002031.SZ,2015-06-15,21.6200,28.1600,0.2322
002031.SZ,2016-06-30,4.7000,14.1900,0.6688
002032.SZ,2005-07-01,8.7000,11.5100,0.2441
002032.SZ,2006-05-29,12.1200,12.3200,0.0162
002032.SZ,2008-03-28,25.4700,50.9300,0.4999
002032.SZ,2009-04-24,14.3800,14.5800,0.0137
002032.SZ,2010-05-27,18.0700,23.6900,0.2372
002032.SZ,2011-05-23,23.7200,24.0000,0.0117
002032.SZ,2012-05-17,14.1200,15.8300,0.1080
002032.SZ,2013-05-17,12.8800,13.2100,0.0250
002032.SZ,2014-05-19,12.7600,13.1300,0.0282
002032.SZ,2015-05-29,28.7200,29.1500,0.0148
002032.SZ,2016-05-13,33.8000,34.3600,0.0163
002032.SZ,2017-05-25,37.0200,48.9000,0.2429
002032.SZ,2018-05-24,49.4600,50.1800,0.0143
002032.SZ,2019-05-24,72.1300,73.1500,0.0139
002032.SZ,2020-06-23,67.5700,68.8900,0.0192
002032.SZ,2021-05-25,73.5200,74.8000,0.0171
002032.SZ,2022-05-26,55.8000,57.7300,0.0334
002032.SZ,2022-12-06,46.9700,48.2200,0.0259
002032.SZ,2023-05-26,49.8000,52.8200,0.0572
002032.SZ,2024-05-28,54.5800,57.2900,0.0473
002032.SZ,2025-05-27,55.9800,58.7700,0.0475
002033.SZ,2005-04-28,9.8800,10.0800,0.0198
002033.SZ,2005-11-14,7.8600,7.9900,0.0163
002033.SZ,2006-04-11,9.0700,9.2700,0.0216
002033.SZ,2007-04-16,18.7700,19.1200,0.0183
002033.SZ,2009-04-29,12.7900,12.9400,0.0116
002033.SZ,2011-04-28,24.5800,31.9500,0.2307
002033.SZ,2013-05-09,12.8200,16.8100,0.2374
002033.SZ,2015-05-22,17.5300,26.4200,0.3365
002033.SZ,2017-04-11,11.5800,15.1600,0.2361
002033.SZ,2018-06-15,7.9000,8.0500,0.0186
002033.SZ,2019-06-10,5.7900,5.9400,0.0253
002033.SZ,2020-06-10,5.8900,6.0100,0.0200
002033.SZ,2021-05-18,6.0200,6.2200,0.0322
002033.SZ,2023-07-12,10.9200,11.1700,0.0224
002033.SZ,2024-05-20,9.7000,10.0500,0.0348
002033.SZ,2025-05-23,8.5500,8.9000,0.0393
002034.SZ,2005-06-09,7.2400,8.8900,0.1856
002034.SZ,2006-06-27,6.9200,7.1200,0.0281
002034.SZ,2007-06-27,9.0500,9.2500,0.0216
002034.SZ,2012-06-28,13.2600,13.5600,0.0221
002034.SZ,2013-06-27,10.6000,10.8900,0.0266
002034.SZ,2014-06-17,13.8700,14.1700,0.0212
002034.SZ,2014-09-12,20.2500,20.6500,0.0194
002034.SZ,2016-09-02,34.9100,35.4100,0.0141
002034.SZ,2018-06-04,27.2600,46.5900,0.4149
002034.SZ,2021-05-31,17.8900,18.3900,0.0272
002034.SZ,2022-05-31,20.1400,20.4400,0.0147
002034.SZ,2023-06-01,16.3200,16.8200,0.0297
002034.SZ,2023-11-23,14.9200,15.1200,0.0132
002034.SZ,2024-06-06,14.0900,14.3900,0.0208
002034.SZ,2024-10-11,14.8500,15.0500,0.0133
002034.SZ,2025-07-11,17.0500,17.3400,0.0167
002034.SZ,2025-10-21,16.7700,16.9700,0.0118
002035.SZ,2005-06-06,4.4100,6.5700,0.3288
002035.SZ,2006-06-19,5.1900,6.4300,0.1928
002035.SZ,2007-05-17,9.8800,12.8900,0.2335
002035.SZ,2010-05-13,7.8700,10.3300,0.2381
002035.SZ,2011-04-13,13.4800,13.7800,0.0218
002035.SZ,2012-04-24,7.8500,8.8300,0.1110
002035.SZ,2013-04-19,11.0700,11.2700,0.0177
002035.SZ,2014-05-05,10.5100,12.8100,0.1795
002035.SZ,2015-06-18,22.0700,22.4700,0.0178
002035.SZ,2016-05-25,20.6400,21.0400,0.0190
002035.SZ,2017-06-09,23.4400,37.8000,0.3799
002035.SZ,2018-07-05,13.4300,20.4400,0.3430
002035.SZ,2019-06-24,11.9900,12.2800,0.0236
002035.SZ,2020-06-22,10.3500,10.6400,0.0273
002035.SZ,2021-06-21,7.1200,7.2700,0.0206
002035.SZ,2022-06-24,5.5600,5.6600,0.0177
002035.SZ,2023-06-21,6.8600,6.9600,0.0144
002035.SZ,2024-06-26,6.4700,6.7600,0.0429
002035.SZ,2025-06-26,6.2900,6.5800,0.0441
002035.SZ,2026-02-04,6.1000,6.2000,0.0161
002036.SZ,2005-04-28,5.1500,5.3000,0.0283
002036.SZ,2006-05-23,7.1200,9.7600,0.2705
002036.SZ,2007-04-18,25.5900,30.9100,0.1721
002036.SZ,2009-05-08,7.4600,11.2900,0.3392
002036.SZ,2010-07-09,9.2200,9.3200,0.0107
002036.SZ,2014-10-30,9.5400,10.8600,0.1215
002036.SZ,2019-06-28,9.0600,11.8100,0.2329
002036.SZ,2020-05-29,11.0900,14.4100,0.2304
002037.SZ,2005-05-30,5.0400,5.3900,0.0649
002037.SZ,2006-05-22,5.9300,6.1400,0.0342
002037.SZ,2007-05-23,18.2300,18.4800,0.0135
002037.SZ,2008-06-20,10.6700,11.7900,0.0950
002037.SZ,2009-05-27,11.4700,12.7200,0.0983
002037.SZ,2010-05-13,13.3200,17.3700,0.2332
002037.SZ,2013-06-07,13.1400,21.2200,0.3808
002037.SZ,2014-06-13,9.1600,9.3100,0.0161
002038.SZ,2005-04-19,10.8500,13.2200,0.1793
002038.SZ,2007-04-18,35.0300,52.7000,0.3353
002038.SZ,2008-05-09,32.4000,64.9000,0.5008
002038.SZ,2011-04-27,35.0900,52.8800,0.3364
002038.SZ,2013-05-28,58.4200,70.3500,0.1696
002038.SZ,2015-07-15,36.1000,54.4500,0.3370
002038.SZ,2018-05-04,43.2300,43.7300,0.0114
002038.SZ,2019-07-04,15.8200,24.0300,0.3417
002038.SZ,2020-07-08,12.9500,13.1500,0.0152
002038.SZ,2022-06-29,9.8400,9.9400,0.0101
002038.SZ,2023-06-28,9.7800,9.8800,0.0101
002038.SZ,2024-07-04,7.2300,7.3800,0.0203
002039.SZ,2005-06-23,6.7800,6.9000,0.0174
002039.SZ,2006-07-21,6.9600,7.1900,0.0320
002039.SZ,2014-05-16,8.5800,12.8700,0.3333
002039.SZ,2015-06-16,23.1900,23.5900,0.0170
002039.SZ,2016-06-15,18.6600,19.1600,0.0261
002039.SZ,2017-06-16,14.1000,14.4000,0.0208
002039.SZ,2018-06-14,14.3900,14.6900,0.0204
002039.SZ,2019-06-17,13.5800,13.8800,0.0216
002039.SZ,2020-06-16,15.3100,15.6400,0.0211
002039.SZ,2021-06-15,14.4900,14.8500,0.0242
002039.SZ,2022-06-16,14.6500,20.7100,0.2926
002039.SZ,2023-06-16,13.6900,13.9900,0.0214
002039.SZ,2024-06-14,18.0800,18.2700,0.0104
002040.SZ,2005-10-17,9.6100,10.0100,0.0400
002040.SZ,2006-06-19,5.6900,9.2000,0.3815
002040.SZ,2019-07-05,8.5300,11.1300,0.2336
002040.SZ,2023-07-13,6.7000,6.7700,0.0103
002040.SZ,2024-07-01,5.3600,5.4600,0.0183
002041.SZ,2006-06-07,16.0500,32.3000,0.5031
002041.SZ,2011-05-19,24.2800,48.7500,0.5019
002041.SZ,2015-06-10,23.8500,59.9800,0.6024
002042.SZ,2006-04-25,2.8300,2.9100,0.0275
002042.SZ,2011-09-01,13.1400,26.2800,0.5000
002042.SZ,2012-05-11,5.9400,9.0100,0.3407
002042.SZ,2018-06-06,8.9100,13.8700,0.3576
002042.SZ,2019-06-18,6.9000,7.2300,0.0456
002042.SZ,2020-05-28,5.7700,5.9000,0.0220
002042.SZ,2021-11-23,4.4100,4.5800,0.0371
002042.SZ,2022-09-21,3.2600,3.4400,0.0523
002043.SZ,2006-07-12,6.2800,6.3800,0.0157
002043.SZ,2007-05-18,11.7400,12.0400,0.0249
002043.SZ,2008-05-27,6.1900,9.2800,0.3330
002043.SZ,2009-07-03,6.6200,6.7200,0.0149
002043.SZ,2012-05-22,4.0500,8.1800,0.5049
002043.SZ,2016-04-28,9.1100,13.7900,0.3394
002043.SZ,2018-06-22,7.9600,8.1900,0.0281
002043.SZ,2019-06-13,5.8800,6.1300,0.0408
002043.SZ,2020-07-07,9.1500,9.3900,0.0256
002043.SZ,2021-07-05,9.6900,9.8800,0.0192
002043.SZ,2022-06-08,9.7300,10.2000,0.0461
002043.SZ,2023-06-07,10.2700,10.7700,0.0464
002043.SZ,2024-05-30,11.4300,11.9700,0.0451
002043.SZ,2024-09-25,10.0000,10.2800,0.0272
002043.SZ,2025-05-29,9.9700,10.2900,0.0311
002043.SZ,2025-09-05,10.4000,10.6800,0.0262
002044.SZ,2005-12-19,4.4100,4.6100,0.0434
002044.SZ,2006-07-06,4.7900,4.8700,0.0164
002044.SZ,2007-06-15,7.8800,8.0000,0.0150
002044.SZ,2008-05-15,7.0800,9.2100,0.2313
002044.SZ,2010-06-25,7.7600,7.8400,0.0102
002044.SZ,2011-05-18,12.1200,16.7700,0.2773
002044.SZ,2012-06-08,8.9400,9.0400,0.0111
002044.SZ,2013-05-13,6.5700,6.7700,0.0295
002044.SZ,2015-06-03,55.0700,68.3700,0.1945
002044.SZ,2016-06-13,14.5200,29.0300,0.4998
002044.SZ,2018-06-11,23.2400,27.9400,0.1682
002044.SZ,2019-07-10,10.0500,12.1000,0.1694
002045.SZ,2005-06-16,10.7400,11.0900,0.0316
002045.SZ,2006-05-15,7.8600,12.7700,0.3845
002045.SZ,2007-06-08,14.2500,17.9400,0.2057
002045.SZ,2008-03-19,11.3500,11.5000,0.0130
002045.SZ,2009-07-17,9.5000,11.4500,0.1703
002045.SZ,2011-05-27,7.9100,11.9800,0.3397
002045.SZ,2012-06-19,5.0700,5.1500,0.0155
002045.SZ,2013-05-23,4.8500,4.9300,0.0162
002045.SZ,2014-04-30,5.0900,5.1700,0.0155
002045.SZ,2019-06-24,5.4000,5.4800,0.0146
002046.SZ,2006-05-29,15.2800,18.4600,0.1723
002046.SZ,2007-05-28,17.7500,22.2900,0.2037
002046.SZ,2012-03-13,16.8800,18.1400,0.0695
002046.SZ,2012-06-27,8.3900,16.8700,0.5027
002046.SZ,2014-08-20,8.0100,8.8900,0.0990
002046.SZ,2023-06-13,10.8200,11.0000,0.0164
002046.SZ,2024-06-13,11.0000,11.2000,0.0179
002046.SZ,2025-06-13,16.1800,16.3900,0.0128
002047.SZ,2005-11-30,7.7200,8.6000,0.1023
002047.SZ,2006-06-15,5.9000,6.2000,0.0484
002047.SZ,2007-05-25,9.9100,10.9500,0.0950
002047.SZ,2008-05-26,6.0400,7.0000,0.1371
002047.SZ,2009-06-09,5.2900,5.3900,0.0186
002047.SZ,2010-04-26,7.0600,11.2900,0.3747
002048.SZ,2005-11-11,6.5300,8.8000,0.2580
002048.SZ,2006-04-21,14.4800,18.9200,0.2347
002048.SZ,2006-09-13,12.4700,22.4500,0.4445
002048.SZ,2008-04-14,12.6800,22.9400,0.4473
002048.SZ,2010-05-27,12.6000,12.7500,0.0118
002048.SZ,2011-06-28,12.1100,12.2700,0.0130
002048.SZ,2012-06-06,7.1900,7.2700,0.0110
002048.SZ,2018-07-12,11.7500,11.9000,0.0126
002048.SZ,2019-07-11,10.9700,11.1200,0.0135
002048.SZ,2021-06-11,17.0500,17.5500,0.0285
002048.SZ,2021-11-23,21.3400,24.5400,0.1304
002048.SZ,2023-06-14,12.9100,13.1600,0.0190
002048.SZ,2024-06-07,13.3100,13.9400,0.0452
002048.SZ,2025-07-16,18.5500,19.0200,0.0247
002049.SZ,2006-07-04,9.6600,9.7800,0.0123
002049.SZ,2008-05-28,9.2700,9.4200,0.0159
002049.SZ,2008-11-03,3.7700,5.6600,0.3339
002049.SZ,2009-05-25,7.0800,7.1900,0.0153
002049.SZ,2014-06-16,24.1700,48.4300,0.5009
002049.SZ,2022-08-24,172.6300,242.0000,0.2867
002049.SZ,2024-06-24,56.6300,57.3000,0.0117
002050.SZ,2006-05-19,7.3100,7.5100,0.0266
002050.SZ,2007-05-23,14.9400,15.1400,0.0132
002050.SZ,2009-05-27,16.1400,16.7400,0.0358
002050.SZ,2010-05-13,22.3500,22.6000,0.0111
002050.SZ,2011-05-30,32.6900,33.1900,0.0151
002050.SZ,2012-04-09,12.7000,25.8900,0.5095
002050.SZ,2014-06-04,9.7800,12.9200,0.2430
002050.SZ,2015-04-21,11.2700,22.6400,0.5022
002050.SZ,2016-05-27,8.7600,8.8600,0.0113
002050.SZ,2017-04-24,11.5900,11.8900,0.0252
002050.SZ,2019-05-10,10.7300,14.1800,0.2433
002050.SZ,2020-06-03,17.3800,22.7200,0.2350
002050.SZ,2021-05-12,20.2000,20.4500,0.0122
002050.SZ,2024-06-13,23.5500,23.8000,0.0105
002051.SZ,2007-06-06,26.9000,27.2000,0.0110
002051.SZ,2008-05-29,17.6200,17.9700,0.0195
002051.SZ,2009-06-03,17.6300,17.9800,0.0195
002051.SZ,2010-12-07,44.7400,67.4600,0.3368
002051.SZ,2011-05-27,26.1200,34.3000,0.2385
002051.SZ,2012-06-19,26.8800,35.2900,0.2383
002051.SZ,2013-06-25,28.3200,28.6200,0.0105
002051.SZ,2014-05-08,15.8100,19.2700,0.1796
002051.SZ,2016-06-17,18.6600,22.6900,0.1776
002051.SZ,2017-06-08,20.5000,24.9500,0.1784
002051.SZ,2018-06-13,15.2700,15.6200,0.0224
002051.SZ,2019-05-08,11.8600,12.1600,0.0247
002051.SZ,2020-08-06,7.9300,8.0800,0.0186
002051.SZ,2022-05-27,8.9400,9.0400,0.0111
002051.SZ,2024-06-21,7.0300,7.1500,0.0168
002051.SZ,2025-07-10,8.4000,8.5200,0.0141
002052.SZ,2006-10-23,22.1200,28.8500,0.2333
002052.SZ,2007-05-25,25.1100,50.2100,0.4999
002052.SZ,2008-04-11,11.2300,14.6000,0.2308
002052.SZ,2013-06-27,8.2000,16.4900,0.5027
002053.SZ,2007-05-25,16.8500,17.1500,0.0175
002053.SZ,2008-11-10,26.1500,26.5000,0.0132
002053.SZ,2016-09-20,14.3500,28.6900,0.4998
002053.SZ,2020-06-18,7.0600,7.1400,0.0112
002053.SZ,2024-05-31,12.8200,12.9800,0.0123
002053.SZ,2025-05-29,11.1800,11.5100,0.0287
002054.SZ,2008-06-11,15.8500,16.0200,0.0106
002054.SZ,2009-05-27,13.9700,14.1300,0.0113
002054.SZ,2009-09-18,19.1700,30.6700,0.3750
002054.SZ,2010-09-28,14.7300,20.6200,0.2856
002054.SZ,2011-05-24,11.4000,11.5200,0.0104
002054.SZ,2012-05-24,8.1600,8.2700,0.0133
002054.SZ,2013-07-04,5.9100,6.0200,0.0183
002054.SZ,2014-06-11,6.9500,7.0700,0.0170
002054.SZ,2015-06-11,15.4500,20.2000,0.2351
002054.SZ,2016-06-16,10.2000,10.3200,0.0116
002054.SZ,2022-04-27,6.7100,6.7900,0.0118
002054.SZ,2023-05-10,6.9000,6.9700,0.0100
002054.SZ,2024-05-15,5.8800,5.9500,0.0118
002054.SZ,2025-04-30,6.1200,6.1900,0.0113
002055.SZ,2007-05-25,18.0700,23.6900,0.2372
002055.SZ,2008-06-19,10.3500,13.5100,0.2339
002055.SZ,2009-06-30,7.7600,10.1100,0.2324
002055.SZ,2010-05-26,12.7900,16.6800,0.2332
002055.SZ,2012-05-07,8.8700,17.8400,0.5028
002056.SZ,2007-05-16,26.0100,26.3100,0.0114
002056.SZ,2008-05-06,15.2800,30.5500,0.4998
002056.SZ,2016-05-06,14.2500,28.7000,0.5035
002056.SZ,2017-04-26,7.2400,14.5300,0.5017
002056.SZ,2018-05-04,8.6600,8.7600,0.0114
002056.SZ,2019-05-23,7.4000,7.5500,0.0199
002056.SZ,2020-05-15,10.8000,10.9500,0.0137
002056.SZ,2021-05-21,13.1100,13.3300,0.0165
002056.SZ,2022-05-20,20.6800,20.9200,0.0115
002056.SZ,2023-05-19,18.2100,18.5700,0.0194
002056.SZ,2024-05-16,13.9200,14.3100,0.0273
002056.SZ,2025-05-30,13.1800,13.6300,0.0330
002056.SZ,2025-09-30,20.1200,20.4900,0.0181
002057.SZ,2007-05-30,16.6200,19.9700,0.1678
002057.SZ,2014-05-27,7.7700,15.5700,0.5010
002057.SZ,2018-06-07,7.9300,12.0500,0.3419
002057.SZ,2019-06-17,11.1300,16.7900,0.3371
002057.SZ,2021-06-18,6.7800,6.8800,0.0145
002057.SZ,2022-06-14,9.5500,9.6900,0.0144
002057.SZ,2023-06-09,9.8200,10.0600,0.0239
002057.SZ,2024-06-26,6.8500,7.0300,0.0256
002058.SZ,2011-04-01,11.1700,22.4000,0.5013
002058.SZ,2013-06-07,6.1800,7.1500,0.1357
002059.SZ,2007-06-25,9.5600,9.6800,0.0124
002059.SZ,2015-05-14,12.0800,24.1600,0.5000
002059.SZ,2019-05-29,6.2800,6.3500,0.0110
002060.SZ,2007-06-08,10.0600,10.1700,0.0108
002060.SZ,2008-04-15,8.4400,8.5600,0.0140
002060.SZ,2009-06-04,7.7200,9.3200,0.1717
002060.SZ,2010-06-29,7.8000,7.8800,0.0102
002060.SZ,2012-06-18,6.6300,7.9800,0.1692
002060.SZ,2013-06-19,4.2000,5.0600,0.1700
002060.SZ,2017-06-05,4.1400,8.3300,0.5030
002060.SZ,2020-06-24,2.9000,2.9600,0.0203
002060.SZ,2021-06-09,3.6700,3.7300,0.0161
002060.SZ,2022-05-24,7.3600,7.4400,0.0108
002060.SZ,2023-05-09,6.7000,6.8500,0.0219
002060.SZ,2024-06-07,3.8500,4.0000,0.0375
002060.SZ,2025-05-29,3.3900,3.5300,0.0397
002061.SZ,2007-05-23,23.4100,23.8100,0.0168
002061.SZ,2008-07-03,7.9700,8.3700,0.0478
002061.SZ,2013-05-16,6.5800,9.9700,0.3400
002061.SZ,2014-05-12,3.7100,4.8700,0.2382
002061.SZ,2019-06-12,6.2100,6.3300,0.0190
002061.SZ,2020-06-03,5.2800,5.4000,0.0222
002061.SZ,2021-07-13,5.1800,5.3000,0.0226
002061.SZ,2022-06-13,6.9200,7.0800,0.0226
002061.SZ,2023-05-29,4.1400,5.9700,0.3065
002061.SZ,2024-06-05,3.8100,3.9300,0.0305
002061.SZ,2025-06-05,3.9300,4.0500,0.0296
002062.SZ,2007-05-25,17.6100,26.5100,0.3357
002062.SZ,2009-04-29,16.3500,24.7300,0.3389
002062.SZ,2010-05-18,11.2100,17.0100,0.3410
002062.SZ,2011-06-14,10.5300,10.7300,0.0186
002062.SZ,2012-05-16,5.5400,7.0200,0.2108
002062.SZ,2013-05-16,4.7800,4.8800,0.0205
002062.SZ,2014-04-30,3.6600,5.1800,0.2934
002062.SZ,2016-04-29,5.7100,8.1000,0.2951
002062.SZ,2018-05-17,4.3400,4.3900,0.0114
002062.SZ,2019-05-17,4.0100,4.0600,0.0123
002062.SZ,2020-06-03,4.6500,4.7000,0.0106
002062.SZ,2021-05-27,4.7900,4.9100,0.0244
002062.SZ,2022-07-20,6.8300,6.9300,0.0144
002062.SZ,2023-06-12,5.3100,5.4100,0.0185
002062.SZ,2024-05-17,4.1900,4.2900,0.0233
002062.SZ,2025-06-05,4.6300,4.7300,0.0211
002063.SZ,2008-05-23,15.9900,16.1900,0.0124
002063.SZ,2009-05-04,14.9400,26.9000,0.4446
002063.SZ,2010-06-01,21.5400,28.1000,0.2335
002063.SZ,2011-05-19,18.3700,23.9500,0.2330
002063.SZ,2012-05-11,14.5900,19.1900,0.2397
002063.SZ,2013-07-16,14.6200,14.8200,0.0135
002063.SZ,2015-07-02,22.1900,28.9700,0.2340
002063.SZ,2018-07-26,6.3900,9.0000,0.2900
002063.SZ,2020-07-10,11.4000,14.8700,0.2334
002063.SZ,2021-06-29,7.7500,9.3500,0.1711
002063.SZ,2022-07-05,6.8300,8.2500,0.1721
002063.SZ,2023-07-03,7.1900,8.6800,0.1717
002064.SZ,2007-04-18,48.6200,63.3000,0.2319
002064.SZ,2008-04-17,16.9800,34.0500,0.5013
002064.SZ,2009-06-18,9.6100,9.7100,0.0103
002064.SZ,2010-05-20,9.5600,19.2200,0.5026
002064.SZ,2011-07-15,9.5000,9.6000,0.0104
002064.SZ,2015-06-01,10.5700,21.1800,0.5009
002064.SZ,2022-06-09,8.1600,8.4600,0.0355
002064.SZ,2023-06-16,6.7800,6.9300,0.0216
002064.SZ,2024-07-05,6.9200,7.0700,0.0212
002064.SZ,2025-05-16,6.9700,7.1200,0.0211
002065.SZ,2007-05-31,26.2300,39.5000,0.3359
002065.SZ,2008-05-29,17.1000,34.3900,0.5028
002065.SZ,2009-05-22,15.6900,23.6400,0.3363
002065.SZ,2011-07-13,20.1700,24.3000,0.1700
002065.SZ,2012-07-18,16.7300,21.9500,0.2378
002065.SZ,2014-06-03,19.9400,40.0800,0.5025
002065.SZ,2017-07-18,9.7700,19.6800,0.5036
002065.SZ,2018-07-11,9.1000,9.2000,0.0109
002065.SZ,2019-07-22,6.6500,6.7500,0.0148
002065.SZ,2024-07-09,4.3200,4.3700,0.0114
002066.SZ,2008-04-15,11.5300,17.2900,0.3331
002066.SZ,2012-05-24,6.8900,13.9200,0.5050
002066.SZ,2013-06-07,4.7900,4.8400,0.0103
002066.SZ,2024-05-29,8.9500,9.0500,0.0110
002066.SZ,2025-06-27,11.7500,11.9000,0.0126
002067.SZ,2007-05-28,12.9600,16.9500,0.2354
002067.SZ,2011-05-31,6.8600,6.9600,0.0144
002067.SZ,2012-07-09,2.7100,5.4100,0.4991
002067.SZ,2017-06-21,5.7800,5.8500,0.0120
002067.SZ,2018-06-01,4.3300,4.3800,0.0114
002068.SZ,2008-04-11,14.4200,26.0000,0.4454
002068.SZ,2009-05-14,8.5300,10.2600,0.1686
002068.SZ,2010-04-01,14.7500,19.2200,0.2326
002068.SZ,2011-09-28,8.6100,13.7800,0.3752
002068.SZ,2013-07-05,4.1600,4.2600,0.0235
002068.SZ,2015-01-09,7.8500,8.7100,0.0987
002068.SZ,2018-06-13,8.6300,8.9300,0.0336
002068.SZ,2019-06-13,5.0800,5.3800,0.0558
002068.SZ,2021-06-15,7.4800,7.5800,0.0132
002068.SZ,2021-11-01,6.2300,6.3800,0.0235
002069.SZ,2008-05-23,36.6600,73.6100,0.5020
002069.SZ,2009-06-25,21.2800,21.6300,0.0162
002069.SZ,2010-04-16,30.2300,60.9500,0.5040
002069.SZ,2011-04-22,24.8700,37.8000,0.3421
002069.SZ,2012-06-15,21.6200,22.0200,0.0182
002069.SZ,2013-07-11,11.3200,11.6200,0.0258
002072.SZ,2008-05-14,6.9300,7.6700,0.0965
002073.SZ,2007-05-31,38.4000,77.0000,0.5013
002073.SZ,2008-04-14,19.1600,38.4100,0.5012
002073.SZ,2009-09-16,17.7300,26.6000,0.3335
002073.SZ,2010-05-13,13.2900,20.0300,0.3365
002073.SZ,2024-06-07,7.3600,7.4600,0.0134
002073.SZ,2025-06-06,7.8400,7.9400,0.0126
002074.SZ,2007-05-25,16.5100,19.9100,0.1708
002074.SZ,2008-06-17,9.3100,15.9300,0.4156
002074.SZ,2011-06-17,8.9300,16.1500,0.4471
002074.SZ,2012-07-17,5.8600,5.9600,0.0168
002074.SZ,2017-11-27,25.9800,29.6300,0.1232
002075.SZ,2007-06-06,13.3600,26.7500,0.5006
002075.SZ,2015-10-16,23.5700,33.0000,0.2858
002075.SZ,2022-06-08,4.8200,4.9000,0.0163
002075.SZ,2023-06-16,4.0000,4.0500,0.0123
002075.SZ,2024-06-26,3.7800,3.8300,0.0131
002076.SZ,2007-04-23,21.5600,38.9100,0.4459
002076.SZ,2012-05-09,7.8300,7.9300,0.0126
002076.SZ,2013-06-28,5.9700,6.1200,0.0245
002076.SZ,2015-05-13,13.3800,20.1500,0.3360
002076.SZ,2017-06-01,7.0700,14.1700,0.5011
002076.SZ,2022-12-21,2.2300,2.6000,0.1423
002077.SZ,2007-06-07,10.4500,14.7300,0.2906
002077.SZ,2008-06-06,9.1500,9.2500,0.0108
002078.SZ,2007-06-08,27.0700,35.2000,0.2310
002078.SZ,2008-06-19,19.9300,28.0000,0.2882
002078.SZ,2009-06-11,12.8900,13.0900,0.0153
002078.SZ,2010-06-11,11.1300,22.4600,0.5045
002078.SZ,2011-07-12,11.0500,11.2000,0.0134
002078.SZ,2012-07-06,5.5200,5.6200,0.0178
002078.SZ,2013-07-10,4.3600,4.4600,0.0224
002078.SZ,2014-05-22,3.2500,6.5900,0.5068
002078.SZ,2015-07-10,4.8000,4.8500,0.0103
002078.SZ,2018-06-22,9.8500,9.9500,0.0101
002078.SZ,2019-05-23,6.6000,6.7000,0.0149
002078.SZ,2022-07-06,12.0200,12.2200,0.0164
002078.SZ,2023-07-07,10.6600,10.8600,0.0184
002078.SZ,2024-07-12,14.3300,14.6300,0.0205
002078.SZ,2025-07-10,13.2700,13.5700,0.0221
002079.SZ,2008-03-25,9.8700,19.7700,0.5008
002079.SZ,2011-05-10,18.6500,24.2500,0.2309
002079.SZ,2012-04-27,6.5400,11.8600,0.4486
002080.SZ,2008-07-03,17.4300,17.6300,0.0113
002080.SZ,2008-11-12,16.3600,16.5600,0.0121
002080.SZ,2011-05-17,15.2900,30.8700,0.5047
002080.SZ,2018-05-15,11.6100,18.8700,0.3847
002080.SZ,2019-05-23,9.0600,12.0200,0.2463
002080.SZ,2020-05-22,12.3900,12.6500,0.0206
002080.SZ,2021-05-28,20.6500,21.0500,0.0190
002080.SZ,2022-06-01,21.9200,22.5500,0.0279
002080.SZ,2023-05-31,19.3400,20.0000,0.0330
002080.SZ,2024-05-31,15.2800,15.8400,0.0354
002080.SZ,2025-05-30,16.8700,17.0900,0.0129
002081.SZ,2008-05-08,28.5300,43.0000,0.3365
002081.SZ,2009-04-22,21.8700,33.0000,0.3373
002081.SZ,2010-04-28,30.5000,46.1500,0.3391
002081.SZ,2011-03-31,43.3400,65.2100,0.3354
002081.SZ,2012-05-22,30.2700,45.6100,0.3363
002081.SZ,2013-05-29,31.3700,47.2500,0.3361
002081.SZ,2014-06-16,12.1300,18.3900,0.3404
002081.SZ,2016-06-03,10.4000,15.8000,0.3418
002081.SZ,2017-06-14,10.4300,10.5800,0.0142
002081.SZ,2018-06-06,12.0200,12.1700,0.0123
002081.SZ,2019-05-31,9.6900,9.8900,0.0202
002081.SZ,2020-05-27,7.8100,8.0100,0.0250
002081.SZ,2021-06-03,8.6100,8.8100,0.0227
002081.SZ,2023-06-06,4.6900,4.7900,0.0209
002081.SZ,2024-06-06,3.1900,3.2900,0.0304
002081.SZ,2025-06-06,3.4400,3.5400,0.0282
002082.SZ,2007-05-28,18.7600,30.1100,0.3770
002082.SZ,2008-06-10,7.9000,12.7400,0.3799
002082.SZ,2009-05-26,8.0500,8.1500,0.0123
002082.SZ,2011-07-05,14.0200,14.1700,0.0106
002082.SZ,2012-06-29,7.9100,8.1100,0.0247
002082.SZ,2013-06-28,5.5800,5.6600,0.0141
002082.SZ,2017-05-12,19.2400,19.4900,0.0128
002082.SZ,2020-07-22,10.3800,10.5300,0.0142
002082.SZ,2021-05-31,12.9900,13.1900,0.0152
002082.SZ,2023-06-05,7.5400,7.6600,0.0157
002082.SZ,2024-07-11,4.0200,4.1000,0.0195
002083.SZ,2007-04-30,15.4400,20.1700,0.2345
002083.SZ,2008-05-13,8.4800,12.8800,0.3416
002083.SZ,2009-07-20,10.3700,10.4900,0.0114
002083.SZ,2012-07-11,4.2200,4.2800,0.0140
002083.SZ,2014-07-09,4.1200,4.2200,0.0237
002083.SZ,2015-07-06,7.0000,7.1000,0.0141
002083.SZ,2016-05-03,6.2000,6.4000,0.0313
002083.SZ,2017-06-12,7.5200,7.7200,0.0259
002083.SZ,2017-10-17,7.2800,7.3800,0.0136
002083.SZ,2018-06-08,5.3200,5.6200,0.0534
002083.SZ,2019-05-29,5.5000,5.6000,0.0179
002083.SZ,2020-07-30,5.4600,5.5500,0.0162
002083.SZ,2022-05-25,4.0200,4.3200,0.0694
002083.SZ,2024-05-21,4.8700,4.9600,0.0181
002083.SZ,2024-09-13,4.2200,4.3700,0.0343
002083.SZ,2025-05-20,4.6700,4.8100,0.0291
002084.SZ,2008-05-19,10.4000,12.4800,0.1667
002084.SZ,2009-05-04,7.1500,7.8600,0.0903
002084.SZ,2010-05-07,9.3500,11.3000,0.1726
002084.SZ,2011-04-15,8.5600,10.2700,0.1665
002084.SZ,2012-04-25,4.8500,5.4300,0.1068
002084.SZ,2013-05-24,5.6400,6.2900,0.1033
002084.SZ,2017-05-10,9.6700,9.7700,0.0102
002084.SZ,2018-05-02,5.4400,5.5400,0.0181
002084.SZ,2020-06-05,7.4600,8.1800,0.0880
002084.SZ,2021-06-01,5.7600,6.3200,0.0886
002084.SZ,2022-05-18,3.8600,4.2300,0.0875
002084.SZ,2024-06-26,2.4100,2.4400,0.0123
002085.SZ,2007-05-28,11.5800,12.7500,0.0918
002085.SZ,2008-05-20,9.0600,9.2100,0.0163
002085.SZ,2009-06-26,8.3000,8.4000,0.0119
002085.SZ,2010-06-17,8.5200,8.6700,0.0173
002085.SZ,2011-09-21,11.7900,12.2900,0.0407
002085.SZ,2012-08-22,9.3900,9.8900,0.0506
002085.SZ,2013-09-18,14.5700,15.0700,0.0332
002085.SZ,2014-09-16,26.2500,26.7500,0.0187
002085.SZ,2015-08-31,18.1800,40.0000,0.5455
002085.SZ,2016-05-04,17.0800,34.2000,0.5006
002085.SZ,2017-05-22,16.2200,19.5600,0.1708
002085.SZ,2018-05-22,10.7600,11.0600,0.0271
002085.SZ,2019-06-12,7.5700,7.8700,0.0381
002085.SZ,2020-09-10,6.9500,7.1400,0.0266
002085.SZ,2021-07-16,5.4400,5.5300,0.0163
002085.SZ,2023-06-08,6.2700,6.3700,0.0157
002085.SZ,2024-06-03,14.8400,14.9900,0.0100
002086.SZ,2009-06-08,9.5800,19.2200,0.5016
002086.SZ,2012-06-27,11.5400,11.7400,0.0170
002086.SZ,2016-06-01,8.6200,17.3000,0.5017
002088.SZ,2007-05-15,27.0400,35.1500,0.2307
002088.SZ,2008-04-09,23.4000,37.5000,0.3760
002088.SZ,2009-05-20,18.4800,18.6800,0.0107
002088.SZ,2013-07-01,6.9200,7.0200,0.0142
002088.SZ,2017-06-21,10.9000,16.4500,0.3374
002088.SZ,2018-06-01,16.5700,17.0700,0.0293
002088.SZ,2019-06-12,13.2500,13.9000,0.0468
002088.SZ,2020-06-17,8.9100,9.2100,0.0326
002088.SZ,2020-10-19,10.6900,11.0400,0.0317
002088.SZ,2021-05-26,19.6200,20.4700,0.0415
002088.SZ,2021-10-20,22.8900,32.0500,0.2858
002088.SZ,2022-07-08,23.6800,24.3800,0.0287
002088.SZ,2023-06-12,17.3500,18.1500,0.0441
002088.SZ,2024-06-14,12.9300,13.7300,0.0583
002088.SZ,2025-06-13,11.2800,12.0800,0.0662
002090.SZ,2007-03-16,24.6000,37.4000,0.3422
002090.SZ,2008-04-21,12.9500,13.2000,0.0189
002090.SZ,2009-06-03,20.0800,20.3300,0.0123
002090.SZ,2010-05-26,14.0000,28.2400,0.5042
002090.SZ,2013-06-17,7.7900,7.8900,0.0127
002090.SZ,2019-05-31,11.8200,20.1800,0.4143
002090.SZ,2021-07-07,8.2800,8.3700,0.0108
002091.SZ,2007-04-30,15.5100,19.6400,0.2103
002091.SZ,2008-04-10,9.7300,14.8000,0.3426
002091.SZ,2010-04-20,25.3200,31.8000,0.2038
002091.SZ,2011-04-29,19.3200,23.3000,0.1708
002091.SZ,2012-04-23,12.5000,12.6500,0.0119
002091.SZ,2013-04-17,11.0800,11.2000,0.0107
002091.SZ,2016-04-22,13.0000,20.0000,0.3500
002091.SZ,2017-05-26,9.4900,12.5400,0.2432
002091.SZ,2018-06-29,6.1700,6.3700,0.0314
002091.SZ,2019-06-28,5.8200,6.0200,0.0332
002091.SZ,2020-06-30,6.0200,6.1200,0.0163
002091.SZ,2020-09-22,6.0000,6.1000,0.0164
002091.SZ,2021-05-27,6.7700,7.0200,0.0356
002091.SZ,2022-05-26,10.2400,10.4900,0.0238
002091.SZ,2023-05-31,7.6700,7.9200,0.0316
002091.SZ,2024-06-20,7.0100,7.3100,0.0410
002091.SZ,2024-11-07,7.3300,7.4300,0.0135
002091.SZ,2025-06-19,7.1800,7.4800,0.0401
002091.SZ,2025-11-18,10.2300,10.4000,0.0163
002092.SZ,2008-03-18,16.4700,33.0100,0.5011
002092.SZ,2010-09-20,14.0000,21.1300,0.3374
002092.SZ,2012-04-18,8.9500,9.0500,0.0110
002092.SZ,2013-03-21,7.4300,7.6300,0.0262
002092.SZ,2014-04-16,5.7600,5.8300,0.0120
002092.SZ,2018-05-18,11.9900,12.1400,0.0124
002092.SZ,2019-05-31,7.8300,8.0000,0.0212
002092.SZ,2022-04-26,7.1400,7.2600,0.0165
002092.SZ,2023-06-16,6.5200,6.6200,0.0151
002093.SZ,2007-08-09,55.0000,110.0000,0.5000
002093.SZ,2008-04-14,18.2800,36.6500,0.5012
002093.SZ,2010-03-31,15.2000,22.8600,0.3351
002093.SZ,2011-09-09,7.0900,14.1700,0.4996
002094.SZ,2008-06-18,6.3500,12.7400,0.5016
002094.SZ,2009-07-03,8.3300,8.5100,0.0212
002094.SZ,2010-10-08,12.0400,18.0800,0.3341
002094.SZ,2018-05-31,13.3200,22.7700,0.4150
002095.SZ,2008-06-10,34.0500,51.1800,0.3347
002095.SZ,2010-04-29,26.8300,40.4400,0.3365
002095.SZ,2011-05-16,17.3700,20.9400,0.1705
002095.SZ,2014-05-07,20.4800,26.8300,0.2367
002095.SZ,2015-06-19,85.2900,102.4000,0.1671
002096.SZ,2007-04-06,22.1500,22.4500,0.0134
002096.SZ,2008-05-21,14.1300,21.5000,0.3428
002096.SZ,2009-05-15,15.8100,23.9900,0.3410
002096.SZ,2010-04-30,28.3300,28.6300,0.0105
002096.SZ,2012-06-15,14.9000,29.9500,0.5025
002096.SZ,2014-06-20,8.9900,9.0900,0.0110
002096.SZ,2024-05-17,13.1700,13.3700,0.0150
002096.SZ,2025-07-28,14.4600,14.6900,0.0157
002097.SZ,2007-08-22,54.0900,108.2000,0.5001
002097.SZ,2010-07-12,13.3500,20.1300,0.3368
002097.SZ,2015-07-08,13.1800,19.8000,0.3343
002097.SZ,2017-07-03,8.7900,8.8900,0.0112
002097.SZ,2019-05-28,6.3200,6.4200,0.0156
002097.SZ,2020-05-13,6.3900,6.4900,0.0154
002097.SZ,2021-06-11,8.3000,8.4000,0.0119
002098.SZ,2008-07-16,9.2500,9.4500,0.0212
002098.SZ,2009-06-04,7.8000,7.9000,0.0127
002098.SZ,2010-08-03,9.4100,9.5100,0.0105
002098.SZ,2011-05-31,11.6500,11.8500,0.0169
002098.SZ,2012-06-19,7.9000,8.2000,0.0366
002098.SZ,2013-07-04,6.6000,6.7000,0.0149
002098.SZ,2014-07-18,10.7300,10.9300,0.0183
002098.SZ,2015-06-04,25.1400,50.3800,0.5010
002098.SZ,2024-07-05,5.2100,5.3200,0.0207
002098.SZ,2025-07-01,8.8200,8.9200,0.0112
002099.SZ,2007-05-29,18.4300,27.7900,0.3368
002099.SZ,2008-06-04,9.1700,9.2700,0.0108
002099.SZ,2009-05-27,8.3000,8.4000,0.0119
002099.SZ,2012-05-22,10.6400,21.5700,0.5067
002099.SZ,2016-03-01,9.4900,19.1700,0.5050
002099.SZ,2018-05-09,5.1300,5.2300,0.0191
002099.SZ,2019-04-10,9.7200,10.0100,0.0290
002099.SZ,2020-02-21,6.9700,7.2600,0.0399
002099.SZ,2022-05-25,6.7200,6.8200,0.0147
002100.SZ,2007-04-19,21.6000,32.4500,0.3344
002100.SZ,2008-04-28,13.9400,16.7600,0.1683
002100.SZ,2009-05-20,14.8300,19.3500,0.2336
002100.SZ,2010-07-13,15.5700,20.3000,0.2330
002100.SZ,2011-05-20,14.2500,18.5700,0.2326
002100.SZ,2012-05-21,9.4900,9.5900,0.0104
002100.SZ,2013-05-22,8.8300,11.5300,0.2342
002100.SZ,2014-06-13,9.8200,9.9400,0.0121
002100.SZ,2015-05-20,11.9300,23.9500,0.5019
002100.SZ,2016-05-23,9.0800,9.2000,0.0130
002100.SZ,2017-05-25,7.6200,7.7200,0.0130
002100.SZ,2018-07-04,6.2300,6.3300,0.0158
002100.SZ,2019-06-10,8.0300,8.1300,0.0123
002100.SZ,2020-06-15,13.6600,13.8600,0.0144
002100.SZ,2021-06-09,9.3800,9.8400,0.0467
002100.SZ,2023-06-16,7.8600,8.0800,0.0272
002100.SZ,2025-06-05,6.3300,6.5500,0.0336
002101.SZ,2007-04-30,21.3800,21.6000,0.0102
002101.SZ,2009-05-22,13.1100,13.3100,0.0150
002101.SZ,2011-04-28,18.7500,37.7000,0.5027
002101.SZ,2013-05-10,8.3800,8.5800,0.0233
002101.SZ,2014-06-13,13.2700,13.4200,0.0112
002101.SZ,2016-04-21,21.4900,25.0000,0.1404
002101.SZ,2018-06-14,9.3900,14.2900,0.3429
002101.SZ,2019-07-01,7.3400,7.6500,0.0405
002101.SZ,2021-07-02,7.8000,7.9500,0.0189
002101.SZ,2024-07-04,10.1700,10.4900,0.0305
002101.SZ,2025-07-07,12.2000,12.5100,0.0248
002102.SZ,2008-07-07,5.7100,8.5600,0.3329
002102.SZ,2011-05-31,7.2700,14.5300,0.4997
002102.SZ,2016-10-12,5.7700,17.3200,0.6669
002102.SZ,2018-07-09,4.0200,4.0700,0.0123
002103.SZ,2007-05-11,14.3300,16.5800,0.1357
002103.SZ,2008-09-24,4.6100,4.7100,0.0212
002103.SZ,2009-05-22,7.5100,7.6400,0.0170
002103.SZ,2010-05-18,7.5400,7.6900,0.0195
002103.SZ,2011-06-24,7.8000,7.9500,0.0189
002103.SZ,2012-07-03,5.6700,5.7700,0.0173
002103.SZ,2016-05-18,16.3500,24.6800,0.3375
002103.SZ,2017-06-08,13.0300,15.7400,0.1722
002104.SZ,2007-06-21,26.6200,45.3500,0.4130
002104.SZ,2008-07-11,9.7000,14.7500,0.3424
002104.SZ,2010-06-09,15.5200,23.3300,0.3348
002104.SZ,2014-07-11,11.6000,18.7100,0.3800
002104.SZ,2021-10-21,5.9800,6.1900,0.0339
002104.SZ,2024-07-29,5.0200,5.1500,0.0252
002105.SZ,2007-06-25,9.2000,9.3200,0.0129
002105.SZ,2008-06-26,5.1500,5.2500,0.0190
002105.SZ,2009-06-23,6.1000,6.2000,0.0161
002105.SZ,2010-06-25,6.9900,7.1100,0.0169
002105.SZ,2012-06-28,4.4100,4.5100,0.0222
002105.SZ,2013-06-05,4.6600,4.7600,0.0210
002105.SZ,2014-06-12,4.7100,5.9100,0.2030
002105.SZ,2015-06-10,14.5900,16.1000,0.0938
002105.SZ,2018-06-12,5.0300,5.0900,0.0118
002105.SZ,2020-06-16,4.9700,5.0700,0.0197
002105.SZ,2021-07-09,7.8300,8.0300,0.0249
002105.SZ,2022-06-17,7.8200,8.0700,0.0310
002105.SZ,2023-05-23,5.9500,6.0500,0.0165
002106.SZ,2007-05-15,31.7400,41.8600,0.2418
002106.SZ,2008-05-13,22.5100,29.7600,0.2436
002106.SZ,2009-05-27,14.4200,14.8200,0.0270
002106.SZ,2010-05-14,24.5800,32.1500,0.2355
002106.SZ,2011-05-23,31.6300,44.4800,0.2889
002106.SZ,2018-06-15,6.4300,6.5300,0.0153
002106.SZ,2019-06-06,7.0600,7.1600,0.0140
002106.SZ,2021-06-11,11.9700,12.1200,0.0124
002106.SZ,2022-05-05,7.0700,7.1700,0.0139
002106.SZ,2023-06-09,8.2700,8.4700,0.0236
002106.SZ,2024-06-20,10.5900,10.8400,0.0231
002107.SZ,2008-05-21,25.9800,26.2600,0.0107
002107.SZ,2009-07-10,24.6700,49.3300,0.4999
002107.SZ,2015-03-19,27.1500,59.9500,0.5471
002107.SZ,2020-05-29,8.7700,14.1500,0.3802
002107.SZ,2021-04-09,7.9100,8.1700,0.0318
002107.SZ,2022-03-08,7.0200,7.2800,0.0357
002107.SZ,2024-05-24,4.5600,4.8100,0.0520
002107.SZ,2025-09-11,6.5300,6.6500,0.0180
002107.SZ,2026-03-05,6.7100,6.8600,0.0219
002108.SZ,2007-04-27,20.5900,20.9900,0.0191
002108.SZ,2008-05-14,15.0800,15.5100,0.0277
002108.SZ,2009-06-23,16.8800,20.5500,0.1786
002108.SZ,2010-05-17,13.9900,23.8800,0.4142
002108.SZ,2011-05-25,9.4000,16.9500,0.4454
002108.SZ,2012-03-29,7.9200,8.0200,0.0125
002108.SZ,2013-05-14,9.5100,9.6900,0.0186
002108.SZ,2014-07-07,12.5500,12.7500,0.0157
002108.SZ,2015-06-09,17.5500,29.8800,0.4127
002108.SZ,2017-06-09,13.3200,22.8000,0.4158
002108.SZ,2018-05-18,6.1800,8.2300,0.2491
002108.SZ,2019-06-06,4.0800,4.1800,0.0239
002108.SZ,2020-06-10,3.5400,3.5900,0.0139
002108.SZ,2021-05-14,4.5600,4.6600,0.0215
002108.SZ,2022-05-31,4.9400,4.9900,0.0100
002108.SZ,2023-05-26,4.3400,4.4400,0.0225
002108.SZ,2024-05-27,3.5100,3.6100,0.0277
002108.SZ,2025-05-27,3.6000,3.7000,0.0270
002109.SZ,2007-03-26,16.6200,16.8700,0.0148
002109.SZ,2008-04-18,11.6400,16.5000,0.2945
002109.SZ,2008-08-27,7.1700,11.4700,0.3749
002109.SZ,2012-05-10,8.6400,8.8400,0.0226
002109.SZ,2013-05-24,6.0900,6.1900,0.0162
002109.SZ,2018-05-07,4.7100,7.0600,0.3329
002109.SZ,2022-06-01,5.8800,6.0300,0.0249
002109.SZ,2023-07-05,4.5200,4.6700,0.0321
002110.SZ,2007-05-23,15.2900,15.6900,0.0255
002110.SZ,2008-06-18,14.4700,14.6700,0.0136
002110.SZ,2017-07-12,15.6600,15.8600,0.0126
002110.SZ,2018-05-22,16.3900,17.8900,0.0838
002110.SZ,2019-05-22,10.5700,17.8500,0.4078
002110.SZ,2020-06-11,6.7300,6.9800,0.0358
002110.SZ,2021-06-18,6.9000,7.3500,0.0612
002110.SZ,2022-06-10,6.5700,7.3800,0.1098
002110.SZ,2023-06-16,4.3100,4.3600,0.0115
002111.SZ,2008-04-18,19.8200,33.9000,0.4153
002111.SZ,2011-09-28,9.9000,17.8200,0.4444
002111.SZ,2013-07-09,7.0500,7.1300,0.0112
002111.SZ,2018-06-28,10.1300,10.2500,0.0117
002111.SZ,2019-07-03,12.6200,12.9700,0.0270
002111.SZ,2020-06-10,14.0200,14.2900,0.0189
002111.SZ,2021-07-08,13.0600,18.6800,0.3009
002111.SZ,2022-07-08,9.1400,9.4400,0.0318
002111.SZ,2023-07-12,9.3100,9.4900,0.0190
002112.SZ,2009-05-12,10.1900,14.3000,0.2874
002112.SZ,2013-06-18,5.0500,9.1100,0.4457
002112.SZ,2022-09-23,7.4200,9.6500,0.2311
002114.SZ,2008-04-30,18.0700,32.8800,0.4504
002115.SZ,2008-04-29,13.8600,20.9900,0.3397
002115.SZ,2010-06-07,14.9900,24.1300,0.3788
002115.SZ,2012-05-18,8.4200,12.7800,0.3412
002115.SZ,2013-06-03,6.6500,8.0800,0.1770
002115.SZ,2016-05-13,9.8700,9.9700,0.0100
002115.SZ,2019-07-01,9.0600,11.8800,0.2374
002116.SZ,2008-06-23,14.8400,15.0500,0.0140
002116.SZ,2009-04-28,13.2400,13.5000,0.0193
002116.SZ,2010-06-28,18.0500,18.3500,0.0163
002116.SZ,2011-06-28,18.7000,19.0200,0.0168
002116.SZ,2012-06-21,12.8500,23.4800,0.4527
002116.SZ,2013-06-26,11.3700,11.6000,0.0198
002116.SZ,2014-06-27,9.8500,15.0000,0.3433
002116.SZ,2015-06-11,19.2100,25.1700,0.2368
002116.SZ,2016-07-29,14.2500,14.5500,0.0206
002116.SZ,2017-06-29,12.1200,12.3200,0.0162
002116.SZ,2018-06-15,7.9300,8.1500,0.0270
002116.SZ,2019-06-28,10.4400,10.6900,0.0234
002116.SZ,2020-06-30,6.8700,6.9400,0.0101
002116.SZ,2021-06-23,6.3000,6.3800,0.0125
002116.SZ,2022-06-24,9.3500,9.4900,0.0148
002116.SZ,2023-05-29,11.0100,11.2000,0.0170
002116.SZ,2024-06-28,9.3100,9.5700,0.0272
002116.SZ,2025-06-26,10.1200,10.4300,0.0297
002117.SZ,2007-06-01,18.6200,18.8900,0.0143
002117.SZ,2008-04-21,12.2800,12.5500,0.0215
002117.SZ,2009-05-21,13.1400,13.4100,0.0201
002117.SZ,2010-03-10,20.9400,21.2400,0.0141
002117.SZ,2011-05-27,18.5800,18.7800,0.0106
002117.SZ,2012-04-25,9.4300,19.2500,0.5101
002117.SZ,2013-04-03,7.1400,8.7700,0.1859
002117.SZ,2014-04-04,14.8000,17.9600,0.1759
002117.SZ,2017-06-02,24.3000,24.6000,0.0122
002117.SZ,2018-04-20,17.9000,18.3000,0.0219
002117.SZ,2019-05-30,11.6400,18.1600,0.3590
002117.SZ,2020-05-22,10.6800,11.0800,0.0361
002117.SZ,2021-04-29,8.0800,8.4800,0.0472
002117.SZ,2022-05-27,6.9000,7.2000,0.0417
002117.SZ,2023-05-12,8.9200,9.1400,0.0241
002117.SZ,2024-05-16,7.7400,7.9900,0.0313
002117.SZ,2025-05-16,11.0900,11.3000,0.0186
002119.SZ,2008-06-10,9.1800,18.3800,0.5005
002119.SZ,2018-06-22,10.7100,15.1000,0.2907
002119.SZ,2019-05-21,12.0700,15.7200,0.2322
002120.SZ,2007-05-21,25.0000,42.8000,0.4159
002120.SZ,2008-05-27,8.6700,11.2700,0.2307
002120.SZ,2013-06-06,7.7000,7.8000,0.0128
002120.SZ,2017-07-06,43.4000,52.1900,0.1684
002120.SZ,2018-08-16,33.1100,43.2800,0.2350
002120.SZ,2019-06-12,29.4700,38.7900,0.2403
002120.SZ,2020-06-12,28.7700,37.6400,0.2357
002120.SZ,2024-06-07,8.5900,8.7600,0.0194
002120.SZ,2025-06-12,6.7100,6.9100,0.0289
002121.SZ,2007-08-29,34.8300,69.6500,0.4999
002121.SZ,2009-05-26,14.9100,29.9100,0.5015
002121.SZ,2011-05-13,17.1700,25.8100,0.3348
002121.SZ,2016-06-17,10.6500,26.6800,0.6008
002122.SZ,2008-05-09,67.0000,134.2000,0.5007
002122.SZ,2009-04-02,33.4900,67.0800,0.5007
002122.SZ,2010-04-26,14.1400,28.3200,0.5007
002122.SZ,2012-06-08,6.9100,7.0100,0.0143
002122.SZ,2013-06-06,5.0800,5.1800,0.0193
002123.SZ,2008-05-16,37.6100,75.2700,0.5003
002123.SZ,2009-04-10,27.5000,44.2000,0.3778
002123.SZ,2010-04-19,33.7300,50.6000,0.3334
002123.SZ,2011-04-29,21.9300,32.9000,0.3334
002123.SZ,2017-07-14,11.1000,11.2200,0.0107
002124.SZ,2008-05-15,13.5500,27.3000,0.5037
002124.SZ,2009-04-21,12.1800,12.3300,0.0122
002124.SZ,2010-04-30,10.0500,15.2800,0.3423
002124.SZ,2011-06-02,9.4600,9.5600,0.0105
002124.SZ,2012-05-02,6.9800,7.0800,0.0141
002124.SZ,2013-05-03,6.5400,6.6400,0.0151
002124.SZ,2014-04-25,8.0600,8.1600,0.0123
002124.SZ,2016-05-17,12.2300,27.1000,0.5487
002124.SZ,2017-06-02,7.8800,8.0000,0.0150
002124.SZ,2018-06-01,6.2800,9.5200,0.3403
002124.SZ,2021-05-20,8.1500,12.0100,0.3214
002125.SZ,2012-06-18,9.3300,14.9600,0.3763
002125.SZ,2016-11-01,14.2300,22.7600,0.3748
002125.SZ,2019-04-16,6.7100,10.8000,0.3787
002125.SZ,2024-06-07,10.4700,10.6400,0.0160
002125.SZ,2025-05-28,9.7700,9.9300,0.0161
002126.SZ,2011-05-12,21.6000,28.1600,0.2330
002126.SZ,2012-06-12,6.6800,13.4000,0.5015
002126.SZ,2016-06-17,8.4100,16.8800,0.5018
002127.SZ,2008-05-19,9.9100,13.9200,0.2881
002127.SZ,2009-06-22,8.4600,10.2500,0.1746
002127.SZ,2010-05-05,8.2800,13.3000,0.3774
002127.SZ,2011-08-10,7.0400,8.5000,0.1718
002127.SZ,2016-05-20,9.6300,19.2500,0.4997
002127.SZ,2018-05-25,10.4700,15.7600,0.3357
002127.SZ,2021-06-07,9.8500,10.0100,0.0160
002127.SZ,2022-06-02,5.4900,5.5700,0.0144
002127.SZ,2024-05-30,2.9000,2.9800,0.0268
002128.SZ,2008-04-25,25.7400,33.7800,0.2380
002128.SZ,2008-12-10,11.2200,11.5200,0.0260
002128.SZ,2009-05-18,22.9200,29.9900,0.2357
002128.SZ,2010-05-20,19.5100,23.7100,0.1771
002128.SZ,2011-05-26,20.4800,20.9800,0.0238
002128.SZ,2012-07-12,13.4700,13.9700,0.0358
002128.SZ,2013-05-30,11.7400,11.9400,0.0168
002128.SZ,2014-05-20,6.8400,6.9400,0.0144
002128.SZ,2016-06-17,6.9300,7.0300,0.0142
002128.SZ,2017-06-15,8.7000,9.0000,0.0333
002128.SZ,2018-06-15,9.4500,9.7500,0.0308
002128.SZ,2019-10-25,7.9500,8.3500,0.0479
002128.SZ,2020-06-24,7.8400,8.2400,0.0485
002128.SZ,2021-07-13,9.7500,10.1500,0.0394
002128.SZ,2022-06-23,13.5800,14.0800,0.0355
002128.SZ,2023-05-31,13.4800,13.9800,0.0358
002128.SZ,2024-05-29,22.2500,22.9300,0.0297
002128.SZ,2025-07-10,18.9900,19.7900,0.0404
002129.SZ,2008-06-26,10.5900,13.3100,0.2044
002129.SZ,2011-06-02,17.8500,26.8100,0.3342
002129.SZ,2015-04-29,22.7600,50.0800,0.5455
002129.SZ,2023-06-16,31.2700,39.1900,0.2021
002129.SZ,2024-07-09,7.8500,8.1100,0.0321
002130.SZ,2008-05-06,22.2400,44.6700,0.5021
002130.SZ,2009-06-02,13.6300,20.5400,0.3364
002130.SZ,2010-06-08,13.7100,20.6700,0.3367
002130.SZ,2011-06-03,16.5600,18.3400,0.0971
002130.SZ,2012-06-01,11.3900,17.1300,0.3351
002130.SZ,2013-05-24,6.7400,8.8100,0.2350
002130.SZ,2017-05-15,6.4400,12.9000,0.5008
002130.SZ,2024-05-29,13.5300,13.7000,0.0124
002131.SZ,2008-04-25,12.1800,24.4000,0.5008
002131.SZ,2009-05-21,14.4000,14.7000,0.0204
002131.SZ,2010-05-24,9.8500,19.7000,0.5000
002131.SZ,2015-08-21,20.1700,60.5000,0.6666
002131.SZ,2017-06-13,3.5600,12.5000,0.7152
002131.SZ,2024-06-05,1.6400,1.6700,0.0180
002132.SZ,2008-05-20,10.7900,16.2100,0.3344
002132.SZ,2009-05-20,8.9700,9.0700,0.0110
002132.SZ,2011-04-07,15.2900,30.6800,0.5016
002132.SZ,2013-10-23,4.1800,4.2300,0.0118
002132.SZ,2015-04-17,8.7200,10.1800,0.1434
002132.SZ,2016-05-19,4.1900,6.3900,0.3443
002132.SZ,2017-06-26,4.6500,4.7000,0.0106
002132.SZ,2019-11-18,2.9900,3.0400,0.0164
002132.SZ,2020-06-11,2.6200,2.6700,0.0187
002132.SZ,2023-06-19,3.5400,3.5900,0.0139
002132.SZ,2024-11-15,2.8100,2.8600,0.0175
002132.SZ,2025-06-30,3.6000,3.6500,0.0137
002133.SZ,2008-05-26,8.5900,17.3700,0.5055
002133.SZ,2009-05-22,7.9200,8.0000,0.0100
002133.SZ,2010-03-25,9.0600,9.1700,0.0120
002133.SZ,2011-05-24,5.9600,6.1100,0.0245
002133.SZ,2012-06-06,5.1000,6.2200,0.1801
002133.SZ,2013-07-04,3.7900,3.8700,0.0207
002133.SZ,2014-04-23,3.7600,3.8400,0.0208
002133.SZ,2015-07-08,5.8700,5.9500,0.0134
002133.SZ,2016-06-01,6.3500,6.4300,0.0124
002133.SZ,2017-05-15,5.5400,5.6200,0.0142
002133.SZ,2018-06-08,4.8700,4.9500,0.0162
002133.SZ,2019-06-06,3.4000,3.4800,0.0230
002133.SZ,2020-06-05,3.0500,3.1300,0.0256
002133.SZ,2021-07-14,2.8700,2.9500,0.0271
002133.SZ,2022-07-29,3.4700,3.5200,0.0142
002133.SZ,2023-07-05,3.3900,3.4600,0.0202
002133.SZ,2024-07-05,2.2200,2.2700,0.0220
002133.SZ,2025-10-17,3.5400,3.5900,0.0139
002134.SZ,2008-05-30,8.8800,11.1100,0.2007
002135.SZ,2011-04-08,11.1800,16.8200,0.3353
002135.SZ,2012-05-09,5.5400,11.1000,0.5009
002135.SZ,2022-05-26,8.3400,8.4400,0.0118
002135.SZ,2023-06-02,6.5300,6.6300,0.0151
002135.SZ,2024-05-30,4.5200,4.6200,0.0216
002135.SZ,2025-05-23,4.1800,4.2500,0.0165
002136.SZ,2011-09-26,17.7000,35.4000,0.5000
002136.SZ,2019-06-05,8.1100,8.2100,0.0122
002136.SZ,2021-05-19,9.7300,9.8300,0.0102
002136.SZ,2022-05-20,13.6900,13.8400,0.0108
002136.SZ,2023-05-19,11.1700,11.3700,0.0176
002136.SZ,2024-06-14,9.6100,9.7100,0.0103
002137.SZ,2008-05-13,15.6900,23.8300,0.3416
002137.SZ,2009-04-22,8.3800,10.9900,0.2375
002137.SZ,2011-04-14,9.9000,11.8800,0.1667
002137.SZ,2013-05-06,3.8000,5.1500,0.2621
002138.SZ,2009-04-14,13.7800,18.2100,0.2433
002138.SZ,2010-03-15,19.2400,19.4900,0.0128
002138.SZ,2010-08-26,18.6700,28.0000,0.3332
002138.SZ,2012-05-11,10.1600,15.3900,0.3398
002138.SZ,2013-05-06,16.8900,17.0900,0.0117
002138.SZ,2015-04-08,19.9700,39.9300,0.4999
002138.SZ,2016-04-06,14.3300,14.5300,0.0138
002138.SZ,2018-05-08,17.5900,17.7900,0.0112
002138.SZ,2019-04-26,19.1800,19.3800,0.0103
002138.SZ,2022-04-20,22.9800,23.2800,0.0129
002138.SZ,2024-03-29,25.6100,25.9000,0.0112
002138.SZ,2025-03-31,28.9600,29.5500,0.0200
002138.SZ,2026-04-01,33.0900,33.8800,0.0233
002139.SZ,2008-08-29,10.3800,20.7500,0.4998
002139.SZ,2009-08-31,12.5900,17.6200,0.2855
002139.SZ,2010-06-25,16.6400,20.1200,0.1730
002139.SZ,2012-05-14,8.2300,10.9000,0.2450
002139.SZ,2013-05-20,7.1900,7.3400,0.0204
002139.SZ,2014-05-28,9.6800,9.7800,0.0102
002139.SZ,2016-06-27,14.4600,21.8400,0.3379
002139.SZ,2017-04-24,8.8300,13.3900,0.3406
002139.SZ,2018-05-24,7.0000,10.6000,0.3396
002139.SZ,2019-05-29,5.6200,5.7200,0.0175
002140.SZ,2008-05-29,42.8800,68.8000,0.3767
002140.SZ,2009-05-25,28.0800,37.3500,0.2482
002140.SZ,2010-05-18,23.8400,47.8300,0.5016
002140.SZ,2011-05-10,24.2800,39.0000,0.3774
002140.SZ,2019-05-29,9.1600,11.0900,0.1740
002140.SZ,2020-06-11,6.7500,6.8500,0.0146
002140.SZ,2021-05-26,6.7400,6.8400,0.0146
002140.SZ,2022-06-17,10.0900,10.2400,0.0146
002140.SZ,2023-06-20,9.0200,9.1200,0.0110
002140.SZ,2024-06-26,7.6400,7.7500,0.0142
002140.SZ,2025-06-17,9.0000,9.1500,0.0164
002141.SZ,2008-07-21,10.3700,10.5200,0.0143
002141.SZ,2009-06-12,7.9600,11.1400,0.2855
002141.SZ,2011-06-10,7.6400,12.2600,0.3768
002141.SZ,2014-07-09,9.1200,9.2200,0.0108
002141.SZ,2016-10-24,8.9400,31.2800,0.7142
002142.SZ,2008-05-29,13.1400,13.3400,0.0150
002142.SZ,2009-05-27,9.8500,10.0500,0.0199
002142.SZ,2010-05-12,11.8000,12.0000,0.0167
002142.SZ,2011-06-10,11.0100,11.2100,0.0178
002142.SZ,2012-06-08,9.3800,9.5800,0.0209
002142.SZ,2013-07-12,8.7500,9.0000,0.0278
002142.SZ,2014-07-11,8.7000,9.1000,0.0440
002142.SZ,2015-07-15,16.8900,20.7200,0.1848
002142.SZ,2016-07-12,14.9000,15.3500,0.0293
002142.SZ,2017-07-11,14.5600,19.2800,0.2448
002142.SZ,2018-07-12,16.2000,16.6000,0.0241
002142.SZ,2019-07-10,22.8300,23.2300,0.0172
002142.SZ,2020-07-09,31.3700,31.8700,0.0157
002142.SZ,2021-07-09,35.3600,35.8600,0.0139
002142.SZ,2021-12-02,37.1700,38.8800,0.0440
002142.SZ,2022-07-12,32.8000,33.3000,0.0150
002142.SZ,2023-07-12,24.2300,24.7300,0.0202
002142.SZ,2024-07-10,21.1000,21.7000,0.0276
002142.SZ,2025-07-16,27.0100,27.9100,0.0322
002142.SZ,2025-12-17,27.9500,28.2500,0.0106
002144.SZ,2011-06-22,12.9400,13.0900,0.0115
002144.SZ,2012-05-28,12.7600,12.9600,0.0154
002144.SZ,2014-05-23,15.9300,16.1300,0.0124
002144.SZ,2018-07-11,11.1300,11.2800,0.0133
002144.SZ,2020-06-23,9.0800,9.1800,0.0109
002144.SZ,2021-06-25,9.1100,9.2100,0.0109
002144.SZ,2022-06-01,8.7600,8.8600,0.0113
002144.SZ,2024-06-20,8.4100,8.5600,0.0175
002145.SZ,2016-05-06,7.7700,23.3100,0.6667
002145.SZ,2022-05-27,7.3900,10.7900,0.3151
002145.SZ,2024-05-21,4.3900,4.4400,0.0113
002146.SZ,2008-04-18,12.1400,24.3800,0.5021
002146.SZ,2010-05-26,9.4300,15.1800,0.3788
002146.SZ,2011-05-31,8.4100,11.0300,0.2375
002146.SZ,2012-06-08,11.8600,11.9800,0.0100
002146.SZ,2014-06-05,9.9100,10.1100,0.0198
002146.SZ,2015-06-10,13.0800,26.3500,0.5036
002146.SZ,2016-06-24,6.8300,7.0800,0.0353
002146.SZ,2017-06-29,10.1600,10.5600,0.0379
002146.SZ,2018-07-04,7.8800,8.3000,0.0506
002146.SZ,2019-07-12,8.9700,9.4200,0.0478
002146.SZ,2020-07-17,8.4300,8.9100,0.0539
002146.SZ,2021-07-23,5.1400,5.4900,0.0638
002148.SZ,2008-05-16,25.8900,39.0300,0.3367
002148.SZ,2011-05-04,21.4800,32.3900,0.3368
002148.SZ,2014-04-04,23.1500,46.4500,0.5016
002148.SZ,2017-05-12,9.3600,20.7000,0.5478
002148.SZ,2018-05-15,7.2200,7.3000,0.0110
002149.SZ,2009-08-20,24.0300,36.2000,0.3362
002149.SZ,2017-06-05,11.3300,22.6500,0.4998
002149.SZ,2018-06-15,8.2900,8.3800,0.0107
002149.SZ,2019-06-20,9.1400,9.2400,0.0108
002149.SZ,2020-07-09,7.5900,7.6900,0.0130
002149.SZ,2021-06-18,14.7000,14.8500,0.0101
002149.SZ,2023-06-16,15.1100,15.3100,0.0131
002149.SZ,2024-06-24,14.1300,14.2800,0.0105
002149.SZ,2025-07-09,18.5300,18.7300,0.0107
002150.SZ,2008-06-11,13.0200,19.8300,0.3434
002150.SZ,2009-06-09,12.9500,13.1500,0.0152
002150.SZ,2010-06-22,11.8200,17.8800,0.3389
002150.SZ,2011-06-02,8.5300,13.7900,0.3814
002150.SZ,2012-06-28,6.1200,6.2200,0.0161
002150.SZ,2013-06-27,4.5600,4.6600,0.0215
002150.SZ,2014-06-26,6.4200,6.5200,0.0153
002150.SZ,2016-06-17,14.7900,14.9400,0.0100
002150.SZ,2017-06-29,11.6900,11.8400,0.0127
002150.SZ,2018-06-26,6.3900,6.5400,0.0229
002150.SZ,2019-06-05,5.4500,7.2300,0.2462
002150.SZ,2020-06-15,6.7600,6.9100,0.0217
002150.SZ,2021-06-17,5.7500,5.9000,0.0254
002150.SZ,2022-06-17,6.1600,6.3100,0.0238
002151.SZ,2008-05-08,27.6900,47.3200,0.4148
002151.SZ,2011-04-28,26.1300,39.5000,0.3385
002151.SZ,2012-06-21,18.1300,21.8600,0.1706
002151.SZ,2014-01-14,29.7400,35.7500,0.1681
002151.SZ,2016-04-28,26.2400,39.5100,0.3359
002152.SZ,2008-05-07,39.7900,79.7800,0.5013
002152.SZ,2009-05-15,28.1600,33.9900,0.1715
002152.SZ,2010-05-12,29.1100,29.5100,0.0136
002152.SZ,2011-05-11,30.0200,39.2300,0.2348
002152.SZ,2012-04-27,16.0700,22.6000,0.2889
002152.SZ,2013-05-20,13.1400,16.0700,0.1823
002152.SZ,2014-05-30,16.5500,20.0600,0.1750
002152.SZ,2015-05-29,47.4300,48.0300,0.0125
002152.SZ,2016-05-30,15.1600,22.9400,0.3391
002152.SZ,2017-06-30,8.4400,12.7600,0.3386
002152.SZ,2018-06-15,6.7800,6.9800,0.0287
002152.SZ,2019-06-19,6.5900,6.7100,0.0179
002152.SZ,2021-06-17,11.7100,11.8600,0.0126
002152.SZ,2022-06-15,8.9800,9.1300,0.0164
002152.SZ,2023-06-09,12.1600,12.3600,0.0162
002152.SZ,2024-05-30,10.7400,10.9400,0.0183
002152.SZ,2025-05-22,11.8400,12.0400,0.0166
002152.SZ,2026-01-14,13.4800,13.6500,0.0125
002153.SZ,2008-03-28,79.5800,159.6600,0.5016
002153.SZ,2009-05-05,34.5400,69.3700,0.5021
002153.SZ,2011-04-22,35.3800,48.9200,0.2768
002153.SZ,2012-05-14,28.5500,28.8500,0.0104
002153.SZ,2016-05-11,28.1800,84.6500,0.6671
002153.SZ,2021-06-16,26.4300,37.0400,0.2864
002153.SZ,2022-06-08,14.8700,20.8500,0.2868
002153.SZ,2023-06-19,15.7800,20.5100,0.2306
002154.SZ,2008-04-24,16.6800,33.4500,0.5013
002154.SZ,2009-05-27,12.1000,15.9300,0.2404
002154.SZ,2011-05-27,12.6900,25.5800,0.5039
002154.SZ,2012-07-05,13.8500,14.0000,0.0107
002154.SZ,2013-07-15,5.8100,5.9700,0.0268
002154.SZ,2015-04-30,8.8600,17.7700,0.5014
002154.SZ,2019-06-18,3.3000,3.4000,0.0294
002154.SZ,2021-06-03,4.9800,5.0400,0.0119
002154.SZ,2021-09-16,5.7600,5.9100,0.0254
002154.SZ,2022-05-19,3.8600,4.1300,0.0654
002154.SZ,2022-09-23,3.6900,3.8900,0.0514
002154.SZ,2023-05-17,5.8400,6.0400,0.0331
002154.SZ,2024-05-16,5.6800,5.9300,0.0422
002154.SZ,2024-09-12,3.2700,3.3400,0.0210
002154.SZ,2025-05-28,3.7500,3.8000,0.0132
002155.SZ,2008-06-17,14.1300,19.9300,0.2910
002155.SZ,2012-06-05,20.3900,28.7000,0.2895
002155.SZ,2013-05-21,11.6500,15.2400,0.2356
002155.SZ,2025-06-13,18.6500,24.4700,0.2378
002156.SZ,2009-05-22,7.4500,9.6800,0.2304
002156.SZ,2011-04-29,8.8300,14.1300,0.3751
002156.SZ,2016-05-31,11.2800,14.6900,0.2321
002157.SZ,2008-05-22,15.1300,30.2600,0.5000
002157.SZ,2008-09-17,5.2700,7.9000,0.3329
002157.SZ,2011-05-23,8.8500,14.1600,0.3750
002157.SZ,2012-06-06,8.7100,8.8100,0.0114
002157.SZ,2016-09-08,8.3200,24.9600,0.6667
002157.SZ,2017-05-18,4.5400,4.5900,0.0109
002157.SZ,2018-07-06,3.5300,3.5800,0.0140
002157.SZ,2021-06-09,12.4500,13.1500,0.0532
002158.SZ,2008-06-18,15.3700,15.6500,0.0179
002158.SZ,2009-06-17,12.3400,13.2100,0.0659
002158.SZ,2010-06-09,24.1500,28.0200,0.1381
002158.SZ,2011-06-09,21.0800,25.6000,0.1766
002158.SZ,2012-05-28,11.2800,11.6800,0.0342
002158.SZ,2013-05-31,12.3800,13.8700,0.1074
002158.SZ,2014-05-30,16.3200,18.3000,0.1082
002158.SZ,2015-05-06,23.9800,24.3800,0.0164
002158.SZ,2016-05-09,10.9400,19.9000,0.4503
002158.SZ,2017-06-08,17.4100,17.6300,0.0125
002158.SZ,2018-06-05,10.8600,11.0800,0.0199
002158.SZ,2019-07-03,9.0700,9.2200,0.0163
002158.SZ,2020-06-04,11.6400,11.8900,0.0210
002158.SZ,2021-06-04,26.0700,26.4000,0.0125
002158.SZ,2022-06-08,17.5800,17.9400,0.0201
002158.SZ,2023-06-09,22.0300,22.4700,0.0196
002158.SZ,2024-06-07,17.8700,18.4500,0.0314
002158.SZ,2025-06-06,17.4800,18.0600,0.0321
002159.SZ,2008-05-16,9.9800,14.9900,0.3342
002159.SZ,2024-07-12,13.0000,13.2200,0.0166
002159.SZ,2025-07-04,15.2000,15.4500,0.0162
002160.SZ,2011-04-18,15.8900,31.8100,0.5005
002160.SZ,2017-07-11,7.6900,7.7900,0.0128
002160.SZ,2018-07-13,4.6800,4.7800,0.0209
002161.SZ,2008-04-21,29.1400,58.7800,0.5043
002161.SZ,2009-06-25,16.3800,32.8600,0.5015
002161.SZ,2011-03-21,24.9700,32.5000,0.2317
002161.SZ,2012-04-23,9.5700,19.2300,0.5023
002162.SZ,2008-06-17,6.3800,6.4800,0.0154
002162.SZ,2010-05-28,11.6600,12.8800,0.0947
002162.SZ,2015-04-10,10.6900,16.0300,0.3331
002162.SZ,2016-05-25,6.4900,8.4400,0.2310
002163.SZ,2008-04-17,9.1600,13.8400,0.3382
002163.SZ,2010-05-20,11.6100,17.5200,0.3373
002163.SZ,2011-05-12,9.7300,19.5500,0.5023
002163.SZ,2012-05-31,4.8100,4.8600,0.0103
002164.SZ,2008-05-29,14.9500,22.5800,0.3379
002164.SZ,2011-05-17,13.3200,26.8300,0.5035
002165.SZ,2008-04-03,22.4000,33.9000,0.3392
002165.SZ,2009-04-09,15.7700,22.3800,0.2954
002165.SZ,2010-04-08,22.6900,36.4000,0.3766
002165.SZ,2012-06-20,5.6500,11.3900,0.5040
002165.SZ,2013-07-10,4.9400,5.0200,0.0159
002165.SZ,2014-06-27,5.2800,5.3400,0.0112
002165.SZ,2015-07-14,7.8100,7.8900,0.0101
002165.SZ,2017-06-28,6.1600,6.2400,0.0128
002165.SZ,2018-06-29,3.9400,4.0000,0.0150
002165.SZ,2021-10-18,6.2100,6.2900,0.0127
002165.SZ,2023-06-13,3.9500,3.9900,0.0100
002165.SZ,2024-06-11,3.4000,3.4700,0.0202
002166.SZ,2010-05-13,16.4600,32.9500,0.5005
002166.SZ,2015-10-20,8.9200,26.8200,0.6674
002166.SZ,2019-04-17,8.7000,10.1400,0.1420
002166.SZ,2023-05-12,7.9000,8.0000,0.0125
002166.SZ,2024-06-03,7.5600,7.7600,0.0258
002166.SZ,2025-06-09,7.9200,8.0200,0.0125
002167.SZ,2009-09-17,27.5900,35.9700,0.2330
002167.SZ,2010-03-10,21.1000,42.2000,0.5000
002167.SZ,2012-06-05,19.2500,38.6000,0.5013
002167.SZ,2015-06-24,15.3000,22.9500,0.3333
002168.SZ,2008-05-14,19.5100,39.5100,0.5062
002168.SZ,2009-03-30,12.9200,26.1300,0.5055
002168.SZ,2010-03-30,16.2700,24.6100,0.3389
002168.SZ,2011-03-28,21.7300,43.4500,0.4999
002168.SZ,2012-05-31,10.9500,13.1400,0.1667
002169.SZ,2008-05-23,15.9800,19.2000,0.1677
002169.SZ,2009-04-29,13.4400,26.9500,0.5013
002169.SZ,2011-04-21,12.3700,18.5900,0.3346
002169.SZ,2017-05-25,7.7500,15.6800,0.5057
002169.SZ,2018-07-13,4.4000,4.4600,0.0135
002169.SZ,2019-07-04,5.5800,5.6400,0.0106
002169.SZ,2022-06-16,7.0700,7.1700,0.0139
002169.SZ,2023-07-14,8.1400,8.2400,0.0121
002169.SZ,2024-07-11,4.1600,4.2600,0.0235
002169.SZ,2025-07-10,6.5200,6.6000,0.0121
002170.SZ,2008-05-08,17.2200,31.1000,0.4463
002170.SZ,2009-05-08,9.1900,16.6100,0.4467
002170.SZ,2011-04-11,13.1200,17.1000,0.2327
002170.SZ,2012-11-19,7.2700,7.3500,0.0109
002170.SZ,2013-05-13,5.8300,10.5900,0.4495
002170.SZ,2014-05-20,5.2700,5.3300,0.0113
002170.SZ,2016-06-27,8.1000,8.2100,0.0134
002170.SZ,2024-07-10,5.8100,5.9600,0.0252
002170.SZ,2025-07-04,10.5700,10.8500,0.0258
002170.SZ,2025-10-28,10.7500,10.9100,0.0147
002171.SZ,2008-06-11,12.3800,14.8700,0.1675
002171.SZ,2011-03-01,16.1400,32.4800,0.5031
002171.SZ,2017-08-04,16.5800,16.7800,0.0119
002171.SZ,2017-09-26,8.5900,17.1700,0.4997
002171.SZ,2018-07-26,6.6800,6.7800,0.0147
002171.SZ,2020-05-26,7.7000,7.8000,0.0128
002171.SZ,2021-05-31,7.9600,8.0600,0.0124
002171.SZ,2022-06-15,8.3000,8.5500,0.0292
002171.SZ,2023-06-15,6.8300,6.9800,0.0215
002171.SZ,2024-06-18,6.7900,6.9400,0.0216
002171.SZ,2024-11-01,6.2900,6.3600,0.0110
002172.SZ,2008-04-17,18.3800,36.9000,0.5019
002172.SZ,2010-04-21,10.1300,15.2000,0.3336
002173.SZ,2009-06-02,14.0100,21.0200,0.3335
002173.SZ,2011-05-06,13.5300,27.0500,0.4998
002174.SZ,2008-06-18,11.2500,11.4500,0.0175
002174.SZ,2016-04-08,48.7900,146.5400,0.6671
002175.SZ,2008-05-29,13.5900,20.5800,0.3397
002175.SZ,2012-06-05,9.8000,9.9100,0.0111
002175.SZ,2015-06-24,63.7500,102.0000,0.3750
002175.SZ,2016-07-29,17.6900,46.0900,0.6162
002176.SZ,2008-09-19,8.2400,13.1900,0.3753
002176.SZ,2011-02-25,20.9000,37.6500,0.4449
002176.SZ,2012-05-28,9.8500,19.7200,0.5005
002176.SZ,2015-09-25,11.5600,25.4500,0.5458
002177.SZ,2008-04-15,23.7600,48.0200,0.5052
002177.SZ,2009-06-03,11.0600,16.5900,0.3333
002177.SZ,2011-04-07,13.3700,17.3800,0.2307
002177.SZ,2012-04-09,7.4200,12.6600,0.4139
002177.SZ,2013-05-28,4.1000,5.3400,0.2322
002178.SZ,2010-06-04,12.3500,14.9200,0.1723
002178.SZ,2011-05-19,11.5000,16.1000,0.2857
002178.SZ,2014-05-16,9.0100,18.9900,0.5255
002178.SZ,2015-04-08,20.8700,37.6200,0.4452
002179.SZ,2008-05-09,20.8700,31.4100,0.3356
002179.SZ,2009-05-08,18.9900,28.5400,0.3346
002179.SZ,2010-06-10,12.5700,18.9000,0.3349
002179.SZ,2015-06-03,48.2400,62.8100,0.2320
002179.SZ,2017-05-12,28.1800,36.7300,0.2328
002179.SZ,2019-05-17,33.3000,43.4100,0.2329
002179.SZ,2022-06-13,63.3400,89.2300,0.2901
002179.SZ,2023-05-16,43.0500,56.5200,0.2383
002179.SZ,2024-05-21,36.6500,37.2500,0.0161
002179.SZ,2025-06-17,38.0500,38.8500,0.0206
002180.SZ,2008-05-15,18.8100,28.7100,0.3448
002180.SZ,2011-05-12,30.3200,45.5800,0.3348
002180.SZ,2014-05-14,13.6500,15.7000,0.1306
002180.SZ,2016-06-07,26.8500,46.9900,0.4286
002181.SZ,2008-09-12,6.0200,7.8200,0.2302
002181.SZ,2013-05-22,9.0400,9.1400,0.0109
002181.SZ,2014-05-09,14.5400,14.6900,0.0102
002181.SZ,2015-06-04,19.9300,31.9200,0.3756
002181.SZ,2020-08-28,5.2200,5.3000,0.0151
002181.SZ,2021-08-19,4.0600,4.1200,0.0146
002181.SZ,2022-07-19,4.1900,4.2400,0.0118
002181.SZ,2024-08-22,3.1900,3.2400,0.0154
002182.SZ,2011-05-11,14.6500,21.9700,0.3332
002182.SZ,2014-05-13,8.1600,8.2600,0.0121
002182.SZ,2017-05-26,8.4900,17.0800,0.5029
002182.SZ,2018-06-21,5.9500,6.0300,0.0133
002182.SZ,2019-05-28,7.4300,7.5300,0.0133
002182.SZ,2020-04-20,9.7500,9.9000,0.0152
002182.SZ,2024-06-14,12.6700,17.8700,0.2910
002183.SZ,2008-05-22,28.3300,57.0600,0.5035
002183.SZ,2009-06-03,15.3700,23.3800,0.3426
002183.SZ,2010-05-18,10.3500,15.6300,0.3378
002183.SZ,2011-05-25,7.1500,10.8300,0.3398
002183.SZ,2012-05-15,6.8500,6.9300,0.0115
002183.SZ,2016-05-27,13.1300,26.5100,0.5047
002184.SZ,2008-06-19,7.9900,16.0800,0.5031
002184.SZ,2013-06-27,4.8600,4.9100,0.0102
002184.SZ,2021-06-16,13.0200,19.2400,0.3233
002184.SZ,2022-07-22,12.4600,12.6600,0.0158
002184.SZ,2024-08-02,8.6700,8.7700,0.0114
002185.SZ,2008-05-16,10.9600,16.4400,0.3333
002185.SZ,2009-05-25,6.6800,7.3500,0.0912
002185.SZ,2010-05-18,8.5800,11.2000,0.2339
002185.SZ,2012-07-12,5.1800,8.3800,0.3819
002185.SZ,2016-06-17,11.6500,15.2000,0.2336
002185.SZ,2017-06-20,7.1300,14.3000,0.5014
002185.SZ,2019-07-11,4.5700,5.1000,0.1039
002186.SZ,2009-05-27,27.4100,27.8500,0.0158
002186.SZ,2010-05-26,28.6900,29.1800,0.0168
002186.SZ,2011-06-03,27.6500,28.1500,0.0178
002186.SZ,2012-05-29,31.1400,31.7400,0.0189
002186.SZ,2013-06-04,17.1500,34.8000,0.5072
002186.SZ,2014-05-30,17.3000,17.5200,0.0126
002186.SZ,2016-06-08,19.5700,19.7900,0.0111
002186.SZ,2017-06-09,20.0600,20.3000,0.0118
002186.SZ,2018-06-08,16.0800,16.3400,0.0159
002186.SZ,2019-06-06,11.3600,11.5400,0.0156
002187.SZ,2009-04-13,22.4000,22.7500,0.0154
002187.SZ,2010-05-20,25.8400,26.2000,0.0137
002187.SZ,2011-05-25,16.9100,25.5600,0.3384
002187.SZ,2012-06-05,9.6600,11.7900,0.1807
002187.SZ,2013-05-08,7.2400,7.4400,0.0269
002187.SZ,2014-05-14,8.9500,9.2500,0.0324
002187.SZ,2015-05-28,23.3600,23.6600,0.0127
002187.SZ,2016-05-31,11.5900,11.8900,0.0252
002187.SZ,2017-05-12,12.2100,12.5100,0.0240
002187.SZ,2018-05-04,9.2900,9.5900,0.0313
002187.SZ,2019-05-22,8.3400,8.6400,0.0347
002187.SZ,2020-05-29,7.6100,7.7800,0.0219
002187.SZ,2022-06-17,9.1600,9.5700,0.0428
002188.SZ,2009-04-22,8.3500,12.5200,0.3331
002188.SZ,2010-05-13,8.1900,10.7000,0.2346
002189.SZ,2021-07-08,16.0100,16.2100,0.0123
002189.SZ,2022-07-13,14.4100,14.6300,0.0150
002190.SZ,2008-05-14,13.4200,16.2000,0.1716
002190.SZ,2009-05-22,12.7000,12.9000,0.0155
002190.SZ,2010-05-14,9.8100,15.8000,0.3791
002190.SZ,2012-05-30,17.0500,22.3200,0.2361
002191.SZ,2008-06-02,12.6400,20.3200,0.3780
002191.SZ,2009-05-20,12.0100,18.3100,0.3441
002191.SZ,2010-07-05,9.4700,9.8700,0.0405
002191.SZ,2011-06-16,8.4600,8.5600,0.0117
002191.SZ,2011-09-20,8.9900,9.3400,0.0375
002191.SZ,2012-11-15,9.3100,9.5100,0.0210
002191.SZ,2015-05-12,14.1100,28.3700,0.5026
002191.SZ,2016-07-08,11.5000,11.6500,0.0129
002191.SZ,2017-05-26,9.1300,9.3800,0.0267
002191.SZ,2018-07-05,7.1700,7.4700,0.0402
002191.SZ,2019-06-28,12.5800,12.8800,0.0233
002191.SZ,2020-06-24,8.9700,9.1200,0.0164
002191.SZ,2021-06-11,10.9400,11.2800,0.0301
002191.SZ,2022-06-17,9.6800,10.0300,0.0349
002191.SZ,2023-08-31,6.0900,6.4800,0.0602
002191.SZ,2024-08-13,3.6900,3.9800,0.0729
002192.SZ,2008-05-23,14.3000,14.5000,0.0138
002192.SZ,2009-04-30,12.1900,24.3700,0.4998
002192.SZ,2016-03-23,38.1500,57.2200,0.3333
002192.SZ,2023-06-16,72.9700,73.9500,0.0133
002193.SZ,2008-05-16,12.0000,24.1000,0.5021
002194.SZ,2008-04-28,20.7500,41.5000,0.5000
002194.SZ,2008-09-12,13.3900,13.6900,0.0219
002194.SZ,2009-04-30,18.4500,24.2800,0.2401
002194.SZ,2009-09-30,16.6700,16.9200,0.0148
002194.SZ,2010-05-27,15.4300,15.6800,0.0159
002194.SZ,2011-05-12,12.6400,12.8900,0.0194
002194.SZ,2012-04-19,8.1200,8.3700,0.0299
002194.SZ,2013-07-04,6.9500,7.1000,0.0211
002194.SZ,2020-06-01,19.4100,23.3000,0.1670
002194.SZ,2021-05-31,12.0500,12.2000,0.0123
002194.SZ,2023-05-16,9.1500,9.4500,0.0317
002194.SZ,2024-05-09,9.0500,9.1700,0.0131
002195.SZ,2008-05-26,16.3800,21.4000,0.2346
002195.SZ,2011-05-27,19.0700,28.7100,0.3358
002195.SZ,2015-03-17,45.0600,112.7500,0.6004
002195.SZ,2016-06-01,12.9200,25.9400,0.5019
002195.SZ,2017-04-18,6.2400,10.6500,0.4141
002195.SZ,2018-06-21,4.0400,5.2800,0.2348
002195.SZ,2019-06-11,3.8000,4.9700,0.2354
002196.SZ,2008-05-28,13.8000,14.1000,0.0213
002196.SZ,2011-04-26,18.6000,28.0500,0.3369
002196.SZ,2012-05-08,13.5500,13.7000,0.0109
002196.SZ,2013-06-07,10.6100,10.7600,0.0139
002196.SZ,2017-06-09,10.7300,18.2900,0.4133
002197.SZ,2008-05-20,18.9400,19.1900,0.0130
002197.SZ,2009-06-19,19.1300,28.8900,0.3378
002197.SZ,2011-06-24,13.3900,21.4300,0.3752
002197.SZ,2012-07-11,8.1600,8.2600,0.0121
002197.SZ,2015-06-19,45.2100,72.4000,0.3756
002198.SZ,2010-09-08,15.5500,31.2000,0.5016
002198.SZ,2011-04-18,13.4600,16.8800,0.2026
002198.SZ,2014-04-03,10.0900,20.2500,0.5017
002199.SZ,2009-05-13,13.6800,17.9300,0.2370
002199.SZ,2010-04-28,18.6500,24.3700,0.2347
002199.SZ,2012-04-26,7.5200,11.3800,0.3392
002200.SZ,2009-05-15,20.5300,37.2600,0.4490
002200.SZ,2025-12-12,6.9400,7.8200,0.1125
002201.SZ,2008-05-27,11.7600,15.3000,0.2314
002201.SZ,2010-05-05,12.5700,16.4400,0.2354
002201.SZ,2011-06-08,9.1500,11.9000,0.2311
002201.SZ,2014-10-21,10.4300,13.5800,0.2320
002201.SZ,2017-06-08,9.5300,12.3900,0.2308
002201.SZ,2021-06-16,14.2700,19.9900,0.2861
002201.SZ,2022-07-06,17.2000,24.1000,0.2863
002202.SZ,2008-02-27,70.9500,142.0000,0.5004
002202.SZ,2009-04-24,30.3000,42.7000,0.2904
002202.SZ,2010-04-06,21.9000,35.1400,0.3768
002202.SZ,2010-07-30,18.7900,19.1400,0.0183
002202.SZ,2011-08-23,11.9600,12.3000,0.0276
002202.SZ,2015-07-03,18.3100,18.7100,0.0214
002202.SZ,2016-08-12,15.3600,15.8400,0.0303
002202.SZ,2017-08-24,11.4900,15.1400,0.2411
002202.SZ,2018-08-09,12.6700,12.8700,0.0155
002202.SZ,2019-03-29,14.6200,16.0500,0.0891
002202.SZ,2019-08-08,11.5000,11.7500,0.0213
002202.SZ,2020-08-12,11.8300,11.9900,0.0133
002202.SZ,2021-08-17,13.2000,13.4500,0.0186
002202.SZ,2022-08-15,14.7100,14.9600,0.0167
002202.SZ,2023-08-18,10.7000,10.8200,0.0111
002202.SZ,2024-08-16,7.6000,7.7000,0.0130
002202.SZ,2025-08-15,10.0800,10.2200,0.0137
002203.SZ,2009-04-10,10.8400,10.9600,0.0109
002203.SZ,2010-07-19,10.5400,10.6600,0.0113
002203.SZ,2011-12-26,10.8800,12.1000,0.1008
002203.SZ,2012-06-06,8.4000,12.7200,0.3396
002203.SZ,2013-07-10,6.8600,6.9600,0.0144
002203.SZ,2014-09-18,6.3500,12.6900,0.4996
002203.SZ,2024-07-17,7.9600,8.1300,0.0209
002203.SZ,2025-07-04,10.4400,10.6100,0.0160
002204.SZ,2012-06-29,15.9500,24.0900,0.3379
002204.SZ,2013-07-01,6.7900,10.2700,0.3389
002204.SZ,2016-06-24,4.1000,8.2100,0.5006
002205.SZ,2009-05-22,14.2900,17.9000,0.2017
002205.SZ,2014-05-30,13.7900,13.9900,0.0143
002205.SZ,2020-06-10,9.0400,14.4900,0.3761
002206.SZ,2009-05-20,20.4800,20.7000,0.0106
002206.SZ,2010-05-25,16.0300,32.3500,0.5045
002206.SZ,2011-05-18,14.0600,21.4200,0.3436
002206.SZ,2012-05-24,8.1000,8.5000,0.0471
002206.SZ,2013-05-28,5.9900,6.1600,0.0276
002206.SZ,2014-04-16,6.5300,6.7500,0.0326
002206.SZ,2015-03-17,10.1400,10.4400,0.0287
002206.SZ,2016-05-24,15.5000,15.9200,0.0264
002206.SZ,2017-05-10,7.2000,18.5000,0.6108
002206.SZ,2018-09-05,4.1300,4.3300,0.0462
002206.SZ,2019-05-13,4.0800,4.2700,0.0445
002206.SZ,2020-07-03,3.3500,3.4400,0.0262
002206.SZ,2021-04-30,5.8800,6.0700,0.0313
002206.SZ,2022-05-26,5.9300,6.0300,0.0166
002206.SZ,2023-05-05,5.3100,5.4600,0.0275
002206.SZ,2024-05-31,4.3200,4.4700,0.0336
002206.SZ,2025-05-23,4.8800,5.0500,0.0337
002207.SZ,2014-06-19,12.2400,24.5300,0.5010
002208.SZ,2008-05-30,14.1300,21.3000,0.3366
002208.SZ,2009-06-18,13.5400,13.7400,0.0146
002208.SZ,2010-06-10,10.9700,22.0000,0.5014
002208.SZ,2011-06-20,8.7700,8.8700,0.0113
002208.SZ,2012-07-10,6.6900,6.7900,0.0147
002208.SZ,2014-04-17,6.8200,6.9200,0.0145
002208.SZ,2019-05-14,8.7600,14.1100,0.3792
002208.SZ,2021-07-21,8.0800,8.1800,0.0122
002208.SZ,2022-07-22,7.9300,8.0300,0.0125
002208.SZ,2024-07-16,4.1300,4.2100,0.0190
002209.SZ,2010-05-06,11.0900,16.7300,0.3371
002210.SZ,2009-06-08,9.4100,14.2200,0.3383
002210.SZ,2010-06-01,9.8300,14.7900,0.3354
002210.SZ,2012-05-04,6.0500,7.9600,0.2399
002210.SZ,2015-04-16,18.8100,28.3300,0.3360
002210.SZ,2016-06-20,17.0300,22.2000,0.2329
002210.SZ,2017-07-13,10.3800,17.7600,0.4155
002211.SZ,2011-04-07,11.3800,17.0700,0.3333
002212.SZ,2009-06-03,18.6700,28.5500,0.3461
002212.SZ,2009-10-21,16.7400,17.0400,0.0176
002212.SZ,2011-05-18,10.0400,20.2000,0.5030
002212.SZ,2012-07-18,4.6400,4.6900,0.0107
002212.SZ,2013-05-29,4.8300,4.9100,0.0163
002213.SZ,2009-05-15,9.2400,9.3400,0.0107
002213.SZ,2010-05-26,9.2000,18.5000,0.5027
002214.SZ,2013-05-28,10.7800,21.6500,0.5021
002214.SZ,2015-05-15,16.3300,32.7000,0.5006
002214.SZ,2021-06-09,19.6100,23.5900,0.1687
002215.SZ,2008-10-17,13.7800,18.0600,0.2370
002215.SZ,2009-06-11,16.4600,21.5800,0.2373
002215.SZ,2011-06-13,15.1700,24.4700,0.3801
002215.SZ,2012-06-18,8.4500,8.5800,0.0152
002215.SZ,2013-05-29,7.7800,11.7700,0.3390
002215.SZ,2014-05-20,7.2300,9.6000,0.2469
002215.SZ,2015-05-25,28.6500,37.3400,0.2327
002215.SZ,2016-05-27,9.8300,9.9300,0.0101
002215.SZ,2018-06-06,7.4500,7.6000,0.0197
002215.SZ,2020-05-29,6.2800,6.4300,0.0233
002215.SZ,2021-06-17,5.7200,5.8200,0.0172
002215.SZ,2022-06-08,5.9900,6.1900,0.0323
002215.SZ,2023-06-07,7.5900,7.7400,0.0194
002215.SZ,2024-06-07,7.7400,7.8900,0.0190
002215.SZ,2025-05-30,11.3400,11.6900,0.0299
002216.SZ,2009-06-05,18.1000,36.4000,0.5027
002216.SZ,2013-04-11,13.8000,27.8000,0.5036
002216.SZ,2015-04-28,15.9400,31.9000,0.5003
002216.SZ,2021-05-19,18.2800,20.7100,0.1173
002216.SZ,2022-05-27,19.7200,19.9200,0.0100
002216.SZ,2023-06-07,15.3500,15.7000,0.0223
002216.SZ,2024-06-07,11.6500,12.1500,0.0412
002216.SZ,2025-06-11,11.3900,11.6900,0.0257
002217.SZ,2008-05-12,18.7500,22.5200,0.1674
002217.SZ,2009-04-30,10.1900,15.4400,0.3400
002217.SZ,2012-05-16,5.8200,8.8300,0.3409
002217.SZ,2017-05-26,9.4100,18.9000,0.5021
002218.SZ,2008-06-12,22.5600,27.1000,0.1675
002218.SZ,2009-05-05,24.3500,36.5500,0.3338
002218.SZ,2011-05-11,16.7700,25.2000,0.3345
002218.SZ,2017-07-06,4.9400,9.9200,0.5020
002219.SZ,2009-09-09,19.4700,39.0000,0.5008
002219.SZ,2010-09-29,15.1300,24.2400,0.3758
002219.SZ,2011-05-19,16.9900,21.2700,0.2012
002219.SZ,2012-05-23,13.9900,16.1100,0.1316
002219.SZ,2014-02-28,24.4600,34.3400,0.2877
002219.SZ,2015-10-28,14.9000,37.2400,0.5999
002219.SZ,2022-06-23,2.4900,3.4000,0.2676
002221.SZ,2013-04-18,10.1800,20.3800,0.5005
002221.SZ,2016-05-19,9.9800,20.0100,0.5012
002221.SZ,2020-07-20,9.5700,9.7700,0.0205
002221.SZ,2021-07-16,11.0500,11.2700,0.0195
002221.SZ,2022-07-12,8.8200,9.0300,0.0233
002222.SZ,2008-05-29,12.9800,13.2400,0.0196
002222.SZ,2009-05-15,8.9900,9.2400,0.0271
002222.SZ,2010-05-07,10.5400,10.7200,0.0168
002222.SZ,2011-05-04,10.9400,16.6100,0.3414
002222.SZ,2012-05-22,7.0300,7.1500,0.0168
002222.SZ,2013-06-18,6.9000,7.0000,0.0143
002222.SZ,2014-05-30,7.4700,7.5700,0.0132
002222.SZ,2016-05-20,11.2100,16.8700,0.3355
002222.SZ,2024-06-28,22.0500,24.3500,0.0945
002223.SZ,2008-06-18,16.7500,16.9500,0.0118
002223.SZ,2009-04-22,25.5100,38.5600,0.3384
002223.SZ,2010-05-27,37.1900,59.6100,0.3761
002223.SZ,2011-05-27,24.6100,39.3800,0.3751
002223.SZ,2012-05-22,15.2100,19.8700,0.2345
002223.SZ,2015-05-21,52.9100,58.2000,0.0909
002223.SZ,2016-05-18,30.8000,31.2000,0.0128
002223.SZ,2017-05-26,22.3300,33.9000,0.3413
002223.SZ,2020-05-20,32.7900,33.1900,0.0121
002223.SZ,2022-05-24,23.3200,23.6200,0.0127
002223.SZ,2023-05-29,33.2800,33.8800,0.0177
002223.SZ,2024-05-29,38.9500,39.7500,0.0201
002223.SZ,2024-10-10,35.6000,36.0000,0.0111
002223.SZ,2025-05-27,36.4100,36.8100,0.0109
002224.SZ,2009-07-01,13.4300,16.1700,0.1694
002224.SZ,2010-06-25,13.2100,19.9100,0.3365
002224.SZ,2011-05-31,10.1800,12.2700,0.1703
002224.SZ,2012-05-09,8.8700,8.9700,0.0111
002224.SZ,2013-09-18,10.9000,16.3500,0.3333
002224.SZ,2014-05-27,5.6000,11.3000,0.5044
002224.SZ,2023-06-16,4.7200,4.7700,0.0105
002225.SZ,2009-05-20,7.2200,9.4700,0.2376
002225.SZ,2011-05-27,9.9100,12.9600,0.2353
002225.SZ,2019-05-13,4.7900,4.8600,0.0144
002225.SZ,2020-05-21,4.1400,4.2100,0.0166
002225.SZ,2021-04-30,4.2400,4.3000,0.0140
002225.SZ,2022-07-07,4.0400,4.0900,0.0122
002225.SZ,2023-07-10,3.7400,3.8000,0.0158
002225.SZ,2024-06-20,3.6900,3.7600,0.0186
002226.SZ,2009-05-27,22.2600,29.0400,0.2335
002226.SZ,2010-04-19,24.4900,48.9700,0.4999
002226.SZ,2011-09-26,16.9300,25.9900,0.3486
002226.SZ,2012-06-27,12.6700,12.8700,0.0155
002226.SZ,2013-05-10,11.0500,11.3500,0.0264
002226.SZ,2014-06-05,10.5200,10.9200,0.0366
002226.SZ,2015-05-28,13.9800,28.4100,0.5079
002226.SZ,2018-04-27,5.3800,5.4400,0.0110
002226.SZ,2021-05-25,5.0100,7.0700,0.2914
002226.SZ,2022-06-16,5.3400,5.4000,0.0111
002226.SZ,2023-06-14,5.1100,5.1700,0.0116
002226.SZ,2024-06-06,4.6500,4.7100,0.0127
002226.SZ,2025-06-26,5.5500,5.6100,0.0107
002227.SZ,2014-05-28,17.1200,34.3400,0.5015
002228.SZ,2009-05-25,12.7800,24.5300,0.4790
002228.SZ,2011-06-10,7.8400,12.6000,0.3778
002228.SZ,2012-05-29,5.4700,5.5700,0.0180
002228.SZ,2013-06-07,5.6200,5.7200,0.0175
002228.SZ,2016-05-18,6.4000,18.0300,0.6450
002228.SZ,2017-05-26,4.4200,4.4700,0.0112
002228.SZ,2018-06-15,4.9200,4.9700,0.0101
002228.SZ,2020-06-04,3.8200,3.9200,0.0255
002228.SZ,2021-07-09,3.5800,3.6800,0.0272
002228.SZ,2022-07-08,3.4500,3.5900,0.0390
002228.SZ,2023-07-14,3.1900,3.3100,0.0363
002228.SZ,2024-06-06,2.5100,2.6200,0.0420
002228.SZ,2025-07-30,3.4500,3.6200,0.0470
002228.SZ,2026-01-08,4.6700,4.7700,0.0210
002229.SZ,2009-04-17,16.7000,16.9500,0.0147
002229.SZ,2009-09-09,15.3400,26.0700,0.4116
002229.SZ,2012-04-06,9.1800,17.7000,0.4814
002229.SZ,2017-05-18,11.9100,17.8800,0.3339
002230.SZ,2009-05-22,22.4300,33.9000,0.3383
002230.SZ,2011-03-03,45.8300,68.9400,0.3352
002230.SZ,2012-05-21,23.7300,35.7400,0.3360
002230.SZ,2014-04-16,27.5300,47.0000,0.4143
002230.SZ,2015-04-16,45.2700,68.0500,0.3348
002230.SZ,2018-05-14,36.8700,55.4000,0.3345
002231.SZ,2010-05-12,10.9400,16.5100,0.3374
002231.SZ,2012-04-09,9.6700,19.4800,0.5036
002232.SZ,2009-04-10,18.0100,36.3100,0.5040
002232.SZ,2010-03-22,16.3000,17.5900,0.0733
002232.SZ,2011-05-11,11.9000,16.6600,0.2857
002233.SZ,2011-05-23,9.9000,19.8800,0.5020
002233.SZ,2012-04-26,10.2600,10.4800,0.0210
002233.SZ,2013-05-10,7.2500,7.3300,0.0109
002233.SZ,2014-05-08,6.1100,6.2900,0.0286
002233.SZ,2015-05-08,10.6100,10.8900,0.0257
002233.SZ,2016-04-28,8.7700,8.9500,0.0201
002233.SZ,2017-04-27,12.7600,12.9700,0.0162
002233.SZ,2018-04-27,11.1900,11.4900,0.0261
002233.SZ,2018-09-14,11.1800,11.6000,0.0362
002233.SZ,2019-04-23,12.2100,12.6400,0.0340
002233.SZ,2019-09-11,10.1000,10.4000,0.0288
002233.SZ,2020-04-29,13.1400,13.6800,0.0395
002233.SZ,2020-09-24,14.3100,14.6300,0.0219
002233.SZ,2021-04-28,11.8500,12.2800,0.0350
002233.SZ,2022-04-29,8.6900,9.3100,0.0666
002233.SZ,2023-04-28,7.9400,8.0600,0.0149
002233.SZ,2024-04-30,7.1800,7.6700,0.0639
002233.SZ,2025-04-29,7.6600,8.1000,0.0543
002233.SZ,2026-04-30,9.0700,9.5500,0.0503
002234.SZ,2012-06-18,14.0000,28.9900,0.5171
002234.SZ,2020-05-29,21.9500,22.5500,0.0266
002234.SZ,2021-05-27,14.6800,14.9800,0.0200
002235.SZ,2009-06-01,11.7700,17.7700,0.3376
002235.SZ,2010-06-11,11.5100,14.9600,0.2306
002235.SZ,2013-05-21,6.9800,7.2300,0.0346
002235.SZ,2016-04-19,20.9900,31.4800,0.3332
002235.SZ,2018-06-05,8.3100,12.4700,0.3336
002236.SZ,2010-05-07,39.3100,79.2100,0.5037
002236.SZ,2011-06-08,40.9300,82.3600,0.5030
002236.SZ,2012-05-29,27.9200,56.0800,0.5021
002236.SZ,2013-04-16,32.4700,65.0900,0.5012
002236.SZ,2016-04-27,13.2300,33.2700,0.6023
002236.SZ,2021-05-12,22.9800,23.2500,0.0116
002236.SZ,2022-06-01,15.9000,16.1700,0.0167
002236.SZ,2023-06-06,20.7100,20.9500,0.0115
002236.SZ,2023-11-16,21.1000,21.4100,0.0145
002236.SZ,2024-05-22,17.4200,17.8000,0.0213
002236.SZ,2024-09-20,13.6900,13.8700,0.0130
002236.SZ,2025-04-30,15.6100,16.0700,0.0286
002237.SZ,2009-05-20,41.6700,83.6800,0.5020
002237.SZ,2012-07-02,19.3400,38.9800,0.5038
002237.SZ,2015-04-16,14.5300,29.2600,0.5034
002237.SZ,2018-07-05,9.8900,9.9900,0.0100
002237.SZ,2024-06-12,11.6700,11.8000,0.0110
002237.SZ,2025-06-12,11.3500,11.4900,0.0122
002238.SZ,2011-06-09,18.2800,22.0400,0.1706
002238.SZ,2015-06-09,29.9100,39.0800,0.2346
002238.SZ,2016-06-20,14.2100,17.2500,0.1762
002238.SZ,2017-06-19,11.8700,12.1700,0.0247
002238.SZ,2018-06-20,6.6700,6.9200,0.0361
002238.SZ,2019-06-19,8.7900,9.2900,0.0538
002238.SZ,2020-06-24,7.7100,11.0200,0.3004
002238.SZ,2021-06-11,6.6000,6.7000,0.0149
002238.SZ,2022-06-24,5.6900,5.7900,0.0173
002238.SZ,2023-06-14,7.6200,7.7200,0.0130
002238.SZ,2024-06-20,8.2500,8.3500,0.0120
002239.SZ,2009-06-09,8.7600,13.2400,0.3384
002239.SZ,2014-07-18,5.0700,10.6700,0.5248
002239.SZ,2017-06-20,4.5300,12.7500,0.6447
002240.SZ,2009-06-29,9.7300,9.8300,0.0102
002240.SZ,2011-04-06,7.4800,11.9700,0.3751
002240.SZ,2023-04-06,33.9300,34.5800,0.0188
002240.SZ,2024-04-26,17.1700,17.4100,0.0138
002241.SZ,2009-05-11,16.7300,33.7500,0.5043
002241.SZ,2010-03-15,21.0400,31.6600,0.3354
002241.SZ,2011-06-03,20.3300,40.8600,0.5024
002241.SZ,2013-05-22,39.5500,71.3400,0.4456
002241.SZ,2017-04-28,17.3700,34.8900,0.5021
002241.SZ,2019-06-13,8.1800,8.2800,0.0121
002242.SZ,2009-04-30,28.8400,55.6000,0.4813
002242.SZ,2010-05-05,16.7900,25.8900,0.3515
002242.SZ,2011-05-04,15.2500,15.7500,0.0317
002242.SZ,2011-09-29,10.1500,10.8500,0.0645
002242.SZ,2012-05-10,8.0900,8.2200,0.0158
002242.SZ,2013-06-03,6.9800,7.4800,0.0668
002242.SZ,2014-05-05,9.4400,9.9400,0.0503
002242.SZ,2015-06-17,19.4500,20.0500,0.0299
002242.SZ,2016-05-17,19.3400,20.0400,0.0349
002242.SZ,2017-12-05,17.4800,18.0800,0.0332
002242.SZ,2018-05-28,16.1100,16.8100,0.0416
002242.SZ,2019-05-15,20.4100,21.2100,0.0377
002242.SZ,2019-10-10,21.1200,21.6200,0.0231
002242.SZ,2020-05-29,31.7300,32.3100,0.0180
002242.SZ,2021-07-13,29.6700,30.6700,0.0326
002242.SZ,2022-05-10,15.4500,16.4500,0.0608
002242.SZ,2022-11-18,15.5000,16.0000,0.0312
002242.SZ,2023-05-30,14.9300,15.2300,0.0197
002242.SZ,2024-05-23,12.1700,12.3200,0.0122
002242.SZ,2025-05-15,9.6200,9.7700,0.0154
002243.SZ,2009-06-11,10.1600,10.2800,0.0117
002243.SZ,2009-09-28,10.9400,17.5200,0.3756
002243.SZ,2010-06-01,9.6800,9.8000,0.0122
002243.SZ,2012-06-05,8.3000,8.4000,0.0119
002243.SZ,2024-06-07,5.1300,5.2200,0.0172
002244.SZ,2008-08-18,8.7100,17.4200,0.5000
002244.SZ,2009-04-29,10.2100,13.3900,0.2375
002244.SZ,2014-06-12,5.9500,6.0600,0.0182
002244.SZ,2015-07-10,7.6700,15.4900,0.5048
002244.SZ,2018-04-25,6.6200,6.7000,0.0119
002244.SZ,2019-05-17,4.3400,4.4000,0.0136
002244.SZ,2020-06-05,4.1600,4.2900,0.0303
002244.SZ,2021-06-04,4.5200,4.7500,0.0484
002244.SZ,2022-07-11,8.5000,8.7300,0.0263
002244.SZ,2023-08-04,10.7000,10.9500,0.0228
002244.SZ,2024-08-16,8.1300,8.2200,0.0109
002245.SZ,2009-06-23,12.1200,24.2900,0.5010
002245.SZ,2010-06-04,11.0200,16.5800,0.3353
002245.SZ,2011-05-24,8.9700,17.9800,0.5011
002245.SZ,2015-03-20,8.7800,19.3900,0.5472
002246.SZ,2011-06-23,14.5300,14.8300,0.0202
002246.SZ,2014-06-06,7.1000,10.7000,0.3364
002247.SZ,2010-05-14,16.1700,24.4500,0.3387
002247.SZ,2011-06-24,18.0100,18.3100,0.0164
002247.SZ,2014-04-10,8.8300,17.7600,0.5028
002247.SZ,2016-04-11,15.0900,30.3800,0.5033
002248.SZ,2010-08-24,25.1800,50.4500,0.5009
002249.SZ,2009-05-19,30.6300,62.0500,0.5064
002249.SZ,2010-06-11,29.7900,51.1500,0.4176
002249.SZ,2012-05-31,9.5900,14.7800,0.3512
002249.SZ,2013-05-31,9.8000,9.9400,0.0141
002249.SZ,2014-06-18,12.3100,12.5200,0.0168
002249.SZ,2015-03-19,9.2900,18.8600,0.5074
002249.SZ,2017-06-05,6.2300,6.3100,0.0127
002249.SZ,2018-06-05,5.1000,5.2100,0.0211
002249.SZ,2021-07-14,5.5300,5.6200,0.0160
002249.SZ,2021-09-28,6.8100,6.9000,0.0130
002249.SZ,2022-08-03,6.3100,6.3900,0.0125
002249.SZ,2022-09-29,5.2600,5.3400,0.0150
002249.SZ,2023-06-09,5.1100,5.1900,0.0154
002249.SZ,2023-10-24,4.8600,4.9400,0.0162
002249.SZ,2024-06-27,4.7000,4.8300,0.0269
002249.SZ,2024-10-16,5.1900,5.2500,0.0114
002249.SZ,2025-06-11,6.4500,6.5800,0.0198
002250.SZ,2009-04-22,18.7200,19.0200,0.0158
002250.SZ,2010-04-27,29.2900,56.0100,0.4771
002250.SZ,2011-08-25,21.4400,32.1600,0.3333
002250.SZ,2012-05-03,15.8100,20.6500,0.2344
002250.SZ,2014-06-18,13.9800,21.0900,0.3371
002250.SZ,2018-07-26,8.2000,8.3000,0.0120
002251.SZ,2009-04-17,29.4300,58.9500,0.5008
002251.SZ,2010-05-18,22.4000,23.0000,0.0261
002251.SZ,2011-05-06,23.3100,23.6100,0.0127
002251.SZ,2012-05-07,23.3800,23.8800,0.0209
002251.SZ,2013-07-04,12.1600,22.8900,0.4688
002251.SZ,2014-05-15,14.1600,14.6600,0.0341
002251.SZ,2015-06-16,31.3600,34.7000,0.0963
002251.SZ,2016-07-12,13.4200,13.5700,0.0111
002251.SZ,2019-06-28,8.0500,8.1500,0.0123
002251.SZ,2021-06-02,7.4500,7.5500,0.0132
002251.SZ,2022-07-20,6.5300,6.6300,0.0151
002252.SZ,2009-05-07,28.2700,29.0700,0.0275
002252.SZ,2010-05-19,40.2500,41.0000,0.0183
002252.SZ,2010-10-19,32.3300,54.9600,0.4118
002252.SZ,2011-05-24,25.2800,25.6800,0.0156
002252.SZ,2012-05-08,14.8800,27.2800,0.4545
002252.SZ,2014-09-25,31.6500,63.3000,0.5000
002252.SZ,2015-09-17,43.5600,87.1200,0.5000
002252.SZ,2016-09-28,21.6300,38.9300,0.4444
002253.SZ,2009-04-02,26.5300,32.3400,0.1797
002253.SZ,2010-05-19,30.9400,37.6300,0.1778
002253.SZ,2012-06-12,15.1600,24.5600,0.3827
002253.SZ,2013-05-17,17.8400,18.0400,0.0111
002253.SZ,2016-05-19,33.8700,51.0000,0.3359
002254.SZ,2008-09-25,25.5400,26.5400,0.0377
002254.SZ,2009-07-13,27.7000,37.0100,0.2516
002254.SZ,2010-06-11,23.5300,38.2500,0.3848
002254.SZ,2011-06-08,17.8700,27.6000,0.3525
002254.SZ,2012-07-18,11.1900,11.4400,0.0219
002254.SZ,2013-05-16,7.9500,10.3400,0.2311
002254.SZ,2015-07-10,11.6800,14.0800,0.1705
002254.SZ,2021-05-21,16.6800,17.3800,0.0403
002254.SZ,2022-05-18,14.0900,14.5900,0.0343
002254.SZ,2023-04-21,20.9600,21.2600,0.0141
002254.SZ,2024-06-06,10.1200,10.4200,0.0288
002255.SZ,2012-05-31,14.7300,29.5500,0.5015
002255.SZ,2015-07-01,11.5300,23.1100,0.5011
002256.SZ,2009-05-19,12.3100,20.0000,0.3845
002256.SZ,2010-05-17,8.8500,13.2700,0.3331
002256.SZ,2012-05-30,5.9300,8.9500,0.3374
002256.SZ,2016-09-27,7.1800,28.7200,0.7500
002256.SZ,2018-04-27,4.5200,4.5900,0.0153
002258.SZ,2009-04-03,20.6600,21.0200,0.0171
002258.SZ,2009-08-27,27.8300,42.1300,0.3394
002258.SZ,2010-04-30,21.4900,21.7400,0.0115
002258.SZ,2016-01-26,16.5700,18.5500,0.1067
002258.SZ,2016-04-08,12.2600,24.7100,0.5038
002258.SZ,2019-04-03,17.4100,17.6100,0.0114
002258.SZ,2022-04-13,21.7200,30.9100,0.2973
002258.SZ,2023-04-20,15.3100,15.8100,0.0316
002258.SZ,2025-05-21,10.5100,10.7100,0.0187
002258.SZ,2025-09-23,11.8000,12.0000,0.0167
002259.SZ,2010-06-25,6.4300,9.0500,0.2895
002259.SZ,2011-09-23,5.2300,9.4200,0.4448
002261.SZ,2009-05-26,27.8000,39.0200,0.2875
002261.SZ,2010-04-28,30.3200,39.5200,0.2328
002261.SZ,2011-06-03,19.1300,28.8000,0.3358
002261.SZ,2012-06-06,11.5100,14.9900,0.2322
002261.SZ,2014-05-08,19.5100,27.3600,0.2869
002261.SZ,2016-03-29,16.9800,34.0000,0.5006
002262.SZ,2009-06-10,12.7900,19.2800,0.3366
002262.SZ,2010-06-01,23.9500,31.1800,0.2319
002262.SZ,2013-06-05,22.6400,31.7700,0.2874
002262.SZ,2014-05-28,20.4600,24.6100,0.1686
002262.SZ,2015-04-08,27.5200,33.0800,0.1681
002262.SZ,2016-06-08,19.5400,25.4600,0.2325
002262.SZ,2017-05-12,12.7100,20.4000,0.3770
002262.SZ,2022-05-13,12.3600,12.5600,0.0159
002262.SZ,2024-05-15,24.3700,24.6900,0.0130
002262.SZ,2025-05-14,21.8500,22.2100,0.0162
002263.SZ,2009-03-31,6.3700,9.5600,0.3337
002263.SZ,2010-03-08,7.9500,8.0500,0.0124
002263.SZ,2012-05-31,7.1400,7.2400,0.0138
002263.SZ,2013-07-02,5.5900,6.7100,0.1669
002263.SZ,2014-06-09,4.6600,5.1300,0.0916
002263.SZ,2015-06-01,11.0700,12.1800,0.0911
002263.SZ,2016-06-20,4.9400,9.9000,0.5010
002264.SZ,2009-05-26,22.8200,23.0700,0.0108
002264.SZ,2009-09-16,30.6800,31.1300,0.0145
002264.SZ,2010-04-16,21.7900,32.7800,0.3353
002264.SZ,2011-09-27,12.3100,24.6200,0.5000
002264.SZ,2012-04-20,7.3000,11.0300,0.3382
002264.SZ,2025-09-24,7.0500,7.1500,0.0140
002266.SZ,2011-06-21,16.2200,32.6700,0.5035
002266.SZ,2012-06-12,8.0000,16.1300,0.5040
002266.SZ,2013-09-16,7.8300,15.7900,0.5041
002266.SZ,2015-07-03,8.9100,11.6000,0.2319
002266.SZ,2022-06-13,4.4900,4.5700,0.0175
002266.SZ,2023-06-13,3.9100,3.9700,0.0151
002266.SZ,2024-06-18,2.9200,2.9700,0.0168
002266.SZ,2025-06-18,3.0800,3.1300,0.0160
002267.SZ,2009-05-22,18.7900,19.1900,0.0208
002267.SZ,2010-06-17,17.3800,17.6800,0.0170
002267.SZ,2011-06-29,17.5500,17.7500,0.0113
002267.SZ,2012-07-16,8.4100,17.0500,0.5067
002267.SZ,2013-06-28,10.0200,10.2200,0.0196
002267.SZ,2014-06-30,9.0500,9.2000,0.0163
002267.SZ,2016-07-04,10.1900,10.3900,0.0192
002267.SZ,2017-07-10,8.7900,8.9400,0.0168
002267.SZ,2018-06-04,8.2200,8.5200,0.0352
002267.SZ,2019-06-24,8.0100,8.1100,0.0123
002267.SZ,2020-06-16,6.0400,6.2400,0.0321
002267.SZ,2021-07-30,6.5800,6.7800,0.0295
002267.SZ,2022-06-21,6.9800,7.2800,0.0412
002267.SZ,2022-11-14,7.4200,7.7200,0.0389
002267.SZ,2023-07-14,7.7900,8.0900,0.0371
002267.SZ,2024-07-17,7.7000,8.0000,0.0375
002267.SZ,2024-12-12,8.3300,8.4300,0.0119
002267.SZ,2025-06-20,7.7400,8.0900,0.0433
002268.SZ,2009-05-07,20.7400,25.0900,0.1734
002268.SZ,2010-05-04,19.1000,31.5600,0.3948
002268.SZ,2011-05-24,18.0200,23.6300,0.2374
002268.SZ,2015-04-15,61.4800,122.9900,0.5001
002268.SZ,2017-06-07,17.1400,27.4800,0.3763
002269.SZ,2009-05-19,18.5900,28.1800,0.3403
002269.SZ,2010-05-27,19.6200,20.0400,0.0210
002269.SZ,2011-05-27,31.9200,32.4500,0.0163
002269.SZ,2012-05-25,22.5000,23.3400,0.0360
002269.SZ,2013-04-01,12.6700,13.4200,0.0559
002269.SZ,2014-06-05,8.4400,8.7200,0.0321
002269.SZ,2015-05-12,8.8400,22.2000,0.6018
002270.SZ,2010-05-14,14.8200,15.0200,0.0133
002270.SZ,2012-03-13,8.1300,10.6200,0.2345
002270.SZ,2018-06-29,5.8100,8.8300,0.3420
002270.SZ,2021-10-22,9.0200,9.1800,0.0174
002270.SZ,2022-05-23,6.7200,6.8600,0.0204
002270.SZ,2022-09-22,7.7600,8.0200,0.0324
002270.SZ,2023-05-15,9.6600,9.9600,0.0301
002270.SZ,2023-09-06,11.8900,12.1600,0.0222
002270.SZ,2024-05-27,20.7400,21.2900,0.0258
002270.SZ,2024-09-30,16.3500,16.6200,0.0162
002270.SZ,2025-07-09,16.4800,16.7000,0.0132
002270.SZ,2025-09-10,18.8500,19.0500,0.0105
002271.SZ,2009-06-03,24.5500,37.1800,0.3397
002271.SZ,2010-04-16,34.2700,68.8300,0.5021
002271.SZ,2011-06-13,16.0900,32.4300,0.5039
002271.SZ,2015-06-01,30.0400,60.2800,0.5017
002271.SZ,2018-06-20,19.6100,33.4800,0.4143
002271.SZ,2019-05-30,19.6800,19.9800,0.0150
002271.SZ,2020-10-22,35.0000,52.5000,0.3333
002271.SZ,2024-05-22,16.6800,17.2600,0.0336
002271.SZ,2024-09-26,10.3600,10.9600,0.0547
002271.SZ,2025-04-01,12.7300,13.6500,0.0674
002271.SZ,2025-08-27,11.8800,12.8000,0.0719
002272.SZ,2009-06-19,20.3600,22.7500,0.1051
002272.SZ,2010-05-19,20.6800,20.9300,0.0119
002272.SZ,2011-05-23,13.1300,19.7000,0.3335
002272.SZ,2012-03-14,10.7600,21.6200,0.5023
002272.SZ,2022-05-19,4.5800,4.6300,0.0108
002272.SZ,2024-07-16,4.2200,4.2700,0.0117
002273.SZ,2009-05-19,22.9900,30.1900,0.2385
002273.SZ,2010-05-21,35.1000,46.1300,0.2391
002273.SZ,2012-04-26,14.8900,30.2800,0.5083
002273.SZ,2013-05-22,25.1900,37.9900,0.3369
002273.SZ,2016-05-16,20.7100,31.1600,0.3354
002273.SZ,2018-05-23,15.7600,20.5900,0.2346
002273.SZ,2019-07-24,10.3100,13.5000,0.2363
002273.SZ,2021-05-14,12.2100,12.4100,0.0161
002273.SZ,2022-04-21,9.7700,9.9700,0.0201
002273.SZ,2023-05-16,11.0900,11.2900,0.0177
002273.SZ,2024-04-23,12.8000,13.1000,0.0229
002273.SZ,2025-05-20,19.5200,19.7200,0.0101
002274.SZ,2009-07-09,20.3100,20.6100,0.0146
002274.SZ,2010-06-25,10.3100,13.4000,0.2306
002274.SZ,2014-06-23,6.1500,9.2800,0.3373
002274.SZ,2017-06-15,7.2300,7.3300,0.0136
002274.SZ,2018-07-06,5.8500,5.9500,0.0168
002274.SZ,2019-06-10,6.7400,10.2600,0.3431
002274.SZ,2020-06-19,4.9600,5.0600,0.0198
002274.SZ,2021-06-04,8.6600,8.7600,0.0114
002274.SZ,2022-05-26,8.8300,9.1300,0.0329
002274.SZ,2023-05-30,7.2600,7.5600,0.0397
002274.SZ,2024-05-31,7.8200,8.1200,0.0369
002274.SZ,2025-06-06,7.0600,7.3600,0.0408
002275.SZ,2010-03-18,29.1400,29.6900,0.0185
002275.SZ,2011-04-21,18.2500,23.9500,0.2380
002275.SZ,2012-05-16,13.5900,13.9900,0.0286
002275.SZ,2013-04-24,15.2600,15.7600,0.0317
002275.SZ,2014-04-29,14.6100,15.1600,0.0363
002275.SZ,2015-06-02,35.1800,35.7800,0.0168
002275.SZ,2016-06-02,19.2800,19.7800,0.0253
002275.SZ,2017-06-12,17.4700,17.8700,0.0224
002275.SZ,2018-05-24,16.0800,16.4800,0.0243
002275.SZ,2019-05-31,13.5000,13.8500,0.0253
002275.SZ,2020-06-01,13.2400,13.4600,0.0163
002275.SZ,2021-06-01,13.8200,14.2100,0.0274
002275.SZ,2021-11-25,12.9600,13.3500,0.0292
002275.SZ,2022-05-30,12.2000,12.7000,0.0394
002275.SZ,2022-12-01,14.6000,15.0000,0.0267
002275.SZ,2023-05-31,19.5300,19.9300,0.0201
002275.SZ,2023-11-27,17.7800,18.0800,0.0166
002275.SZ,2024-05-29,13.6600,13.9600,0.0215
002275.SZ,2024-11-26,14.5400,14.7900,0.0169
002275.SZ,2025-05-30,14.0200,14.3700,0.0244
002275.SZ,2025-11-19,15.2000,15.4000,0.0130
002276.SZ,2010-04-07,17.9700,36.0300,0.5012
002276.SZ,2012-03-28,7.0500,12.7900,0.4488
002277.SZ,2010-04-30,19.5300,35.4500,0.4491
002277.SZ,2012-09-20,9.8500,15.7600,0.3750
002277.SZ,2013-05-08,8.9000,9.0000,0.0111
002277.SZ,2017-03-27,7.8600,15.8200,0.5032
002277.SZ,2019-05-21,3.4600,3.5100,0.0142
002278.SZ,2010-05-27,14.7600,17.8600,0.1736
002278.SZ,2011-04-15,14.2800,17.2800,0.1736
002278.SZ,2012-06-21,11.4300,11.6300,0.0172
002278.SZ,2013-05-30,11.3400,12.6200,0.1014
002278.SZ,2014-06-11,9.7400,10.8600,0.1031
002278.SZ,2015-05-26,16.0900,18.6000,0.1349
002278.SZ,2024-06-24,4.0600,4.1100,0.0122
002279.SZ,2010-05-21,23.5000,42.8000,0.4509
002279.SZ,2011-05-19,21.7400,22.0400,0.0136
002279.SZ,2012-06-08,11.0800,17.9200,0.3817
002279.SZ,2013-05-30,9.4000,9.5000,0.0105
002279.SZ,2014-04-24,16.9400,17.1200,0.0105
002279.SZ,2016-05-12,19.5200,48.9100,0.6009
002279.SZ,2017-05-11,13.2100,17.2000,0.2320
002281.SZ,2017-04-14,23.8500,72.0500,0.6690
002281.SZ,2022-06-17,16.8200,16.9900,0.0100
002282.SZ,2010-03-17,15.4500,15.7500,0.0190
002282.SZ,2011-04-11,16.8700,22.1800,0.2394
002282.SZ,2012-06-21,9.7300,9.8300,0.0102
002282.SZ,2015-04-10,17.8700,26.9100,0.3359
002282.SZ,2022-05-27,7.2800,7.4300,0.0202
002282.SZ,2024-06-05,6.6600,6.8100,0.0220
002282.SZ,2025-04-18,6.9300,7.1300,0.0281
002283.SZ,2011-05-13,14.3600,28.8100,0.5016
002283.SZ,2016-07-28,8.5600,17.1500,0.5009
002283.SZ,2022-07-08,6.5800,6.6800,0.0150
002283.SZ,2024-04-26,4.9600,5.1900,0.0443
002283.SZ,2025-05-15,6.4000,6.6000,0.0303
002284.SZ,2010-05-28,21.8800,43.9600,0.5023
002284.SZ,2011-05-26,12.9500,19.5200,0.3366
002284.SZ,2012-05-08,7.5300,7.6300,0.0131
002284.SZ,2013-05-22,8.8500,8.9500,0.0112
002284.SZ,2014-05-16,9.4000,9.5000,0.0105
002284.SZ,2015-04-24,12.6300,25.3500,0.5018
002284.SZ,2018-06-06,6.8000,6.9000,0.0145
002284.SZ,2022-05-26,6.9900,7.0900,0.0141
002284.SZ,2024-05-22,7.5200,7.6200,0.0131
002285.SZ,2010-05-04,28.4300,48.6300,0.4154
002285.SZ,2011-05-04,18.6300,28.1400,0.3380
002285.SZ,2012-05-15,14.2600,14.5000,0.0166
002285.SZ,2013-05-10,10.9500,14.5400,0.2469
002285.SZ,2014-05-28,8.4100,15.2400,0.4482
002285.SZ,2015-04-27,21.8400,35.0000,0.3760
002285.SZ,2016-04-14,9.8000,13.7600,0.2878
002285.SZ,2017-05-11,7.3500,7.4300,0.0108
002286.SZ,2010-06-03,23.8200,31.0200,0.2321
002286.SZ,2012-05-30,12.8500,16.8000,0.2351
002286.SZ,2014-06-09,7.0100,14.0700,0.5018
002286.SZ,2018-05-31,8.7700,8.8600,0.0102
002286.SZ,2024-03-08,5.7400,5.8200,0.0137
002287.SZ,2010-06-24,19.8100,20.1200,0.0154
002287.SZ,2011-05-20,22.4000,22.6800,0.0123
002287.SZ,2012-06-15,16.1700,16.4500,0.0170
002287.SZ,2013-05-31,19.0800,19.3900,0.0160
002287.SZ,2014-06-26,19.5600,19.9100,0.0176
002287.SZ,2016-07-15,38.7900,39.2000,0.0105
002287.SZ,2018-07-11,29.0100,29.4200,0.0139
002287.SZ,2019-07-11,21.9200,28.8700,0.2407
002287.SZ,2020-07-17,21.0300,21.3800,0.0164
002287.SZ,2021-07-08,26.8600,27.2000,0.0125
002287.SZ,2022-07-19,23.9700,24.5600,0.0240
002287.SZ,2023-07-20,23.0900,23.4800,0.0166
002287.SZ,2024-07-04,19.1500,19.6300,0.0245
002287.SZ,2025-01-24,20.9200,21.1400,0.0104
002287.SZ,2025-07-10,22.1900,22.5700,0.0168
002289.SZ,2010-06-09,27.5800,27.9800,0.0143
002289.SZ,2017-07-05,12.8500,19.2700,0.3332
002290.SZ,2010-03-17,33.2200,59.9900,0.4462
002290.SZ,2012-05-04,12.2400,17.2400,0.2900
002290.SZ,2013-05-08,7.9900,8.0900,0.0124
002290.SZ,2018-07-13,11.0000,11.1200,0.0108
002291.SZ,2010-04-16,18.0900,23.5500,0.2318
002291.SZ,2011-04-29,10.9100,14.1800,0.2306
002291.SZ,2012-05-14,8.0200,8.1200,0.0123
002292.SZ,2010-05-04,28.5000,45.6000,0.3750
002292.SZ,2011-05-11,19.9600,32.2400,0.3809
002292.SZ,2013-04-18,13.3100,20.0100,0.3348
002292.SZ,2015-06-02,37.8500,75.7800,0.5005
002293.SZ,2010-04-30,49.3000,50.0000,0.0140
002293.SZ,2011-05-10,74.0700,75.4900,0.0188
002293.SZ,2012-05-18,67.0400,68.0400,0.0147
002293.SZ,2013-05-31,23.1400,46.9700,0.5073
002293.SZ,2014-05-28,20.8500,21.2000,0.0165
002293.SZ,2015-05-28,30.8200,78.0500,0.6051
002293.SZ,2016-05-04,14.2000,14.4000,0.0139
002293.SZ,2017-06-01,10.9500,11.1500,0.0179
002293.SZ,2018-05-28,15.2200,15.5700,0.0225
002293.SZ,2019-05-29,9.8100,11.1900,0.1233
002293.SZ,2020-05-29,9.4400,9.9400,0.0503
002293.SZ,2021-06-08,13.6400,14.2400,0.0421
002293.SZ,2021-11-25,13.6700,14.2700,0.0420
002293.SZ,2022-07-07,12.3200,12.9200,0.0464
002293.SZ,2023-06-12,10.8500,11.4500,0.0524
002293.SZ,2024-06-17,8.5000,8.9000,0.0449
002293.SZ,2024-10-11,7.2700,7.4700,0.0268
002293.SZ,2025-05-26,9.2200,9.6200,0.0416
002293.SZ,2025-09-05,8.3400,8.5400,0.0234
002294.SZ,2010-04-20,77.4500,155.8900,0.5032
002294.SZ,2011-05-03,38.1200,61.5900,0.3811
002294.SZ,2012-05-04,25.1800,30.6600,0.1787
002294.SZ,2013-05-09,38.9400,59.1100,0.3412
002294.SZ,2014-05-07,28.8300,29.4300,0.0204
002294.SZ,2015-04-24,33.3600,54.0700,0.3830
002294.SZ,2016-05-03,27.4000,28.0000,0.0214
002294.SZ,2017-05-12,29.1400,29.8400,0.0235
002294.SZ,2018-05-04,40.5000,41.3000,0.0194
002294.SZ,2019-04-16,26.3700,27.1700,0.0294
002294.SZ,2020-05-20,19.1500,19.6400,0.0249
002294.SZ,2022-04-27,21.0800,21.4700,0.0182
002294.SZ,2023-05-09,35.5400,36.0300,0.0136
002294.SZ,2024-06-19,27.4600,27.9500,0.0175
002294.SZ,2025-05-14,38.3800,38.8800,0.0129
002295.SZ,2011-05-16,11.8400,17.9100,0.3389
002295.SZ,2018-06-07,7.9000,8.0500,0.0186
002295.SZ,2024-07-26,4.8700,4.9200,0.0102
002296.SZ,2010-04-01,53.3900,91.4600,0.4162
002296.SZ,2011-05-13,30.9700,53.0000,0.4157
002296.SZ,2014-04-24,24.6200,24.9000,0.0112
002296.SZ,2014-10-28,18.6800,31.7500,0.4117
002296.SZ,2025-05-27,10.6900,10.8900,0.0184
002297.SZ,2010-05-17,15.4400,30.9300,0.5008
002297.SZ,2013-07-11,8.0600,12.1300,0.3355
002298.SZ,2010-06-11,13.7900,20.7500,0.3354
002298.SZ,2012-04-09,9.6200,19.2700,0.5008
002299.SZ,2011-02-24,18.9200,38.0800,0.5032
002299.SZ,2012-04-19,14.7400,15.0700,0.0219
002299.SZ,2017-05-25,12.6800,13.1800,0.0379
002299.SZ,2019-04-26,27.7500,28.7500,0.0348
002299.SZ,2020-01-20,23.7400,25.2400,0.0594
002299.SZ,2021-01-20,26.4000,27.4000,0.0365
002299.SZ,2022-05-23,17.1400,17.4400,0.0172
002299.SZ,2024-04-26,15.2900,15.5900,0.0192
002299.SZ,2025-01-10,13.3800,13.5800,0.0147
002299.SZ,2025-05-23,15.1900,15.3900,0.0130
002299.SZ,2025-12-15,16.1000,16.4000,0.0183
002300.SZ,2010-04-28,23.6300,36.1000,0.3454
002300.SZ,2011-06-01,12.1300,18.6500,0.3496
002300.SZ,2012-06-06,9.5200,9.8500,0.0335
002300.SZ,2013-06-26,8.1400,8.4900,0.0412
002300.SZ,2014-06-11,5.8300,9.1500,0.3628
002300.SZ,2015-07-03,9.4300,9.7100,0.0288
002300.SZ,2016-07-05,8.0400,9.8500,0.1838
002300.SZ,2017-07-07,12.8000,13.0100,0.0161
002300.SZ,2018-07-06,6.3800,6.5600,0.0274
002300.SZ,2019-07-03,7.0600,7.8900,0.1052
002300.SZ,2020-07-01,5.7800,6.4800,0.1080
002300.SZ,2021-07-07,5.5400,5.6600,0.0212
002300.SZ,2022-06-24,7.2800,7.4200,0.0189
002300.SZ,2023-07-05,8.1700,9.0900,0.1012
002300.SZ,2024-07-04,5.0900,5.2500,0.0305
002300.SZ,2025-07-10,6.8100,6.9200,0.0159
002301.SZ,2010-07-19,17.8500,27.0800,0.3408
002301.SZ,2012-07-05,6.2300,12.5500,0.5036
002301.SZ,2018-05-28,10.5000,15.8000,0.3354
002301.SZ,2019-05-09,9.7800,10.0700,0.0288
002301.SZ,2024-05-28,5.4500,5.5300,0.0145
002301.SZ,2025-10-15,6.2500,6.3200,0.0111
002302.SZ,2010-07-01,19.1300,28.9900,0.3401
002302.SZ,2013-05-22,11.9100,15.4100,0.2271
002302.SZ,2016-05-04,7.8900,15.8800,0.5031
002302.SZ,2021-05-25,8.3300,8.4200,0.0107
002302.SZ,2022-05-25,7.3900,7.4800,0.0120
002302.SZ,2023-05-26,7.4100,7.5000,0.0120
002302.SZ,2024-07-10,4.8900,5.0000,0.0220
002302.SZ,2025-06-26,5.7700,5.8900,0.0204
002303.SZ,2013-10-09,18.9500,37.8900,0.4999
002303.SZ,2014-06-12,10.6800,21.4300,0.5016
002303.SZ,2015-07-03,23.8100,47.7000,0.5008
002303.SZ,2018-05-07,5.7300,5.8600,0.0222
002303.SZ,2019-05-27,5.2600,5.4600,0.0366
002303.SZ,2020-04-30,4.5800,4.9100,0.0672
002303.SZ,2021-05-31,3.6900,3.8100,0.0315
002303.SZ,2023-06-28,3.1600,3.2300,0.0217
002303.SZ,2024-07-08,2.4400,2.5700,0.0506
002303.SZ,2024-09-18,2.6000,2.9200,0.1096
002303.SZ,2024-11-21,3.3800,3.5000,0.0343
002303.SZ,2025-06-11,3.7000,3.8300,0.0339
002303.SZ,2025-11-25,4.1100,4.1800,0.0167
002304.SZ,2011-05-13,115.5000,232.0000,0.5022
002304.SZ,2012-06-01,142.0800,172.0000,0.1740
002304.SZ,2013-06-07,61.9800,63.9800,0.0313
002304.SZ,2014-06-18,52.6700,54.6800,0.0368
002304.SZ,2015-06-18,75.7600,108.0600,0.2989
002304.SZ,2016-06-17,72.6200,74.4200,0.0242
002304.SZ,2017-06-16,85.4700,87.5700,0.0240
002304.SZ,2018-06-22,140.4400,142.9900,0.0178
002304.SZ,2019-06-27,117.6900,120.8900,0.0265
002304.SZ,2020-06-24,106.7600,109.7500,0.0272
002304.SZ,2021-07-09,195.2000,198.1800,0.0150
002304.SZ,2022-06-22,170.7900,173.7900,0.0173
002304.SZ,2023-06-21,138.4700,142.2100,0.0263
002304.SZ,2024-06-26,82.2200,86.8800,0.0536
002304.SZ,2025-01-27,78.1100,80.4400,0.0290
002304.SZ,2025-06-27,64.8200,67.1400,0.0346
002305.SZ,2011-04-22,8.6900,17.4900,0.5031
002305.SZ,2012-05-02,6.2000,6.2800,0.0127
002305.SZ,2013-03-27,7.0500,7.1500,0.0140
002305.SZ,2014-07-10,5.7600,5.8800,0.0204
002305.SZ,2015-05-25,8.4000,12.7000,0.3386
002305.SZ,2018-07-02,2.9700,3.0200,0.0166
002305.SZ,2019-06-19,2.5700,2.6200,0.0191
002306.SZ,2012-05-11,10.8800,22.2500,0.5110
002306.SZ,2013-07-01,3.1400,6.3500,0.5055
002307.SZ,2011-09-21,8.8900,17.7700,0.4997
002307.SZ,2014-05-28,5.9400,7.7200,0.2306
002307.SZ,2018-05-22,6.8100,10.9000,0.3752
002309.SZ,2010-04-16,37.9100,68.3300,0.4452
002309.SZ,2012-05-16,10.1600,20.4200,0.5024
002310.SZ,2010-03-19,102.4500,153.9800,0.3347
002310.SZ,2010-08-26,108.8900,217.9700,0.5004
002310.SZ,2012-06-08,49.4900,98.7000,0.4986
002310.SZ,2013-05-22,47.3800,94.9800,0.5012
002310.SZ,2014-06-23,16.7300,25.2100,0.3364
002310.SZ,2016-07-18,10.3100,25.8300,0.6009
002310.SZ,2019-08-19,5.2300,5.3200,0.0169
002311.SZ,2010-06-10,25.9500,33.9400,0.2354
002311.SZ,2011-06-03,13.9500,28.0900,0.5034
002311.SZ,2012-05-18,16.5000,21.6000,0.2361
002311.SZ,2013-05-20,15.0300,19.6900,0.2367
002311.SZ,2014-05-21,9.7000,9.8200,0.0122
002311.SZ,2015-06-26,15.2700,21.5300,0.2908
002311.SZ,2016-05-23,17.2400,17.4900,0.0143
002311.SZ,2017-06-30,17.5400,17.8400,0.0168
002311.SZ,2018-06-28,21.2800,21.5300,0.0116
002311.SZ,2024-07-04,46.3900,46.8900,0.0107
002311.SZ,2025-06-27,57.9900,59.0900,0.0186
002312.SZ,2010-05-20,21.6200,43.5400,0.5034
002312.SZ,2011-05-11,15.8000,23.7000,0.3333
002312.SZ,2013-07-08,7.8200,15.8300,0.5060
002312.SZ,2014-10-23,25.1600,28.1000,0.1046
002312.SZ,2015-06-02,55.4900,97.2000,0.4291
002312.SZ,2016-07-18,12.1900,18.3300,0.3350
002312.SZ,2023-06-28,8.1600,8.3800,0.0263
002312.SZ,2024-05-24,7.7800,7.8700,0.0114
002312.SZ,2025-06-18,11.2900,11.4300,0.0122
002313.SZ,2012-04-17,23.1200,46.5400,0.5032
002313.SZ,2013-05-10,19.6800,25.8800,0.2396
002314.SZ,2010-06-21,16.8300,17.0800,0.0146
002314.SZ,2011-06-13,14.4200,14.6700,0.0170
002314.SZ,2012-06-19,9.5000,9.7000,0.0206
002314.SZ,2014-07-18,4.1600,8.4200,0.5059
002314.SZ,2016-06-23,6.8300,7.0200,0.0271
002314.SZ,2017-07-21,6.3300,6.5400,0.0321
002314.SZ,2020-08-20,4.6600,4.7200,0.0127
002314.SZ,2021-07-06,3.1700,3.2700,0.0306
002314.SZ,2023-08-21,3.6400,3.6800,0.0109
002315.SZ,2011-05-06,53.9000,54.7000,0.0146
002315.SZ,2012-06-07,35.6200,36.4200,0.0220
002315.SZ,2013-04-10,28.4800,29.2800,0.0273
002315.SZ,2014-07-30,42.2600,43.2600,0.0231
002315.SZ,2016-05-27,60.3700,61.3700,0.0163
002315.SZ,2017-05-25,26.9100,54.8100,0.5090
002315.SZ,2018-05-23,19.1000,19.6000,0.0255
002315.SZ,2019-03-06,15.5800,16.0800,0.0311
002315.SZ,2020-03-10,19.0500,25.5100,0.2532
002315.SZ,2021-04-23,20.9400,21.4400,0.0233
002315.SZ,2022-04-21,14.3900,15.1900,0.0527
002315.SZ,2023-04-07,21.6300,22.5300,0.0399
002315.SZ,2024-04-10,31.3800,32.3800,0.0309
002315.SZ,2024-09-27,25.9300,26.4800,0.0208
002315.SZ,2025-04-11,35.4900,36.0400,0.0153
002315.SZ,2025-09-26,48.4600,49.0600,0.0122
002315.SZ,2026-04-23,33.6200,44.4000,0.2428
002316.SZ,2010-05-20,20.3500,26.5600,0.2338
002316.SZ,2011-07-06,11.3600,15.9600,0.2882
002316.SZ,2012-07-18,6.7700,10.2000,0.3363
002316.SZ,2013-06-18,8.3300,10.0300,0.1695
002317.SZ,2010-05-13,39.6400,59.9600,0.3389
002317.SZ,2011-05-13,25.5800,38.8700,0.3419
002317.SZ,2012-05-09,22.0300,22.4300,0.0178
002317.SZ,2013-03-11,16.4000,33.2900,0.5074
002317.SZ,2014-05-27,20.0400,20.2900,0.0123
002317.SZ,2015-09-01,12.4000,24.8900,0.5018
002317.SZ,2016-05-19,10.7900,10.9200,0.0119
002317.SZ,2017-06-05,11.3800,11.5600,0.0156
002317.SZ,2018-05-24,12.3200,12.5000,0.0144
002317.SZ,2019-05-23,8.4000,8.6000,0.0233
002317.SZ,2020-05-29,11.7400,11.9400,0.0168
002317.SZ,2021-05-28,8.8200,9.0200,0.0222
002317.SZ,2022-05-27,16.0500,16.2500,0.0123
002317.SZ,2023-05-16,16.5300,16.7300,0.0120
002317.SZ,2024-05-23,14.1900,14.3900,0.0139
002317.SZ,2025-05-29,12.3700,12.5700,0.0159
002318.SZ,2010-05-12,22.0100,28.7100,0.2334
002318.SZ,2012-04-25,11.5900,17.4800,0.3370
002318.SZ,2014-05-20,16.9900,17.1900,0.0116
002318.SZ,2015-10-21,15.3800,38.4500,0.6000
002318.SZ,2018-06-01,6.8700,7.0200,0.0214
002318.SZ,2019-04-18,8.5300,8.8300,0.0340
002318.SZ,2020-04-30,6.8800,7.1800,0.0418
002318.SZ,2021-05-27,11.7600,12.1300,0.0305
002318.SZ,2022-05-26,15.3700,15.7600,0.0247
002318.SZ,2023-04-21,16.0000,16.4300,0.0262
002318.SZ,2024-05-30,24.3700,24.8400,0.0189
002318.SZ,2025-04-24,23.3600,24.3000,0.0387
002319.SZ,2013-03-04,10.6200,21.3400,0.5023
002320.SZ,2010-05-12,38.6200,50.8000,0.2398
002320.SZ,2011-06-10,17.6900,28.9000,0.3879
002320.SZ,2012-04-25,11.6500,15.5500,0.2508
002320.SZ,2013-06-05,11.7100,11.8600,0.0126
002320.SZ,2018-06-06,20.3200,26.6200,0.2367
002320.SZ,2019-05-29,9.3500,14.1800,0.3406
002320.SZ,2020-04-27,11.3500,17.2200,0.3409
002320.SZ,2021-04-29,6.4000,9.7400,0.3429
002320.SZ,2022-05-23,5.2600,5.3600,0.0187
002320.SZ,2024-06-14,5.9100,6.0300,0.0199
002321.SZ,2011-06-10,18.5200,18.7200,0.0107
002321.SZ,2012-04-18,8.3300,16.7500,0.5027
002321.SZ,2022-01-04,2.9700,3.0800,0.0357
002322.SZ,2012-04-17,19.9800,40.1600,0.5025
002322.SZ,2013-05-15,13.5500,27.2000,0.5018
002322.SZ,2017-06-02,22.6200,22.9200,0.0131
002322.SZ,2018-06-01,13.8000,14.1000,0.0213
002322.SZ,2018-10-31,8.7800,8.9700,0.0212
002322.SZ,2019-06-14,12.2700,12.5500,0.0223
002322.SZ,2019-09-24,13.4500,13.6800,0.0168
002322.SZ,2020-05-27,10.9500,11.2800,0.0293
002322.SZ,2021-07-07,10.6800,11.2900,0.0540
002322.SZ,2022-07-11,8.6800,8.8800,0.0225
002322.SZ,2024-05-23,13.0200,13.8300,0.0586
002322.SZ,2024-09-20,13.9300,14.3000,0.0259
002322.SZ,2025-05-30,12.2900,12.6400,0.0277
002322.SZ,2025-09-23,12.7700,13.0300,0.0200
002322.SZ,2026-04-30,12.1200,12.4400,0.0257
002323.SZ,2010-04-30,34.7000,35.3000,0.0170
002323.SZ,2011-07-06,25.1600,25.4600,0.0118
002323.SZ,2012-05-08,20.0300,20.6300,0.0291
002323.SZ,2013-05-17,13.7400,18.2600,0.2475
002323.SZ,2014-04-30,13.4500,13.6000,0.0110
002323.SZ,2016-04-27,15.2600,45.9000,0.6675
002323.SZ,2022-01-06,2.9800,5.3800,0.4461
002324.SZ,2011-04-20,18.9000,37.8900,0.5012
002324.SZ,2014-05-30,13.1500,13.3500,0.0150
002324.SZ,2018-05-28,14.8100,22.3200,0.3365
002324.SZ,2019-05-21,9.6800,12.7900,0.2432
002324.SZ,2020-04-22,13.1400,21.1300,0.3781
002324.SZ,2021-05-28,13.6300,16.4100,0.1694
002326.SZ,2011-06-10,26.0600,46.9000,0.4443
002326.SZ,2013-07-18,9.1500,9.2500,0.0108
002326.SZ,2015-04-29,17.9200,50.2800,0.6436
002326.SZ,2018-06-22,6.9900,7.0900,0.0141
002326.SZ,2019-08-20,7.7800,7.9300,0.0189
002326.SZ,2019-09-30,8.9800,9.6600,0.0704
002327.SZ,2010-07-08,34.3200,45.1200,0.2394
002327.SZ,2011-07-06,44.2600,44.9600,0.0156
002327.SZ,2012-05-11,38.9700,46.7600,0.1666
002327.SZ,2013-05-22,17.7300,35.7500,0.5041
002327.SZ,2014-04-30,10.4500,13.6800,0.2361
002327.SZ,2015-05-14,12.1500,24.4000,0.5020
002327.SZ,2016-06-02,8.1100,8.2100,0.0122
002327.SZ,2017-06-26,8.3500,8.4500,0.0118
002327.SZ,2018-05-25,11.1200,11.3700,0.0220
002327.SZ,2019-05-15,7.8200,8.3100,0.0590
002327.SZ,2020-06-12,7.2400,7.7400,0.0646
002327.SZ,2021-06-08,8.4200,8.9200,0.0561
002327.SZ,2022-06-08,7.6700,8.2700,0.0726
002327.SZ,2023-06-09,8.4700,9.0700,0.0662
002327.SZ,2024-06-19,10.5000,11.1500,0.0583
002327.SZ,2025-06-10,8.1500,8.7700,0.0707
002328.SZ,2011-05-13,15.9500,16.1500,0.0124
002328.SZ,2012-05-16,7.1500,10.8800,0.3428
002328.SZ,2019-06-12,4.8600,8.3700,0.4194
002328.SZ,2020-05-27,4.9700,5.1000,0.0255
002328.SZ,2021-05-27,4.4900,4.6200,0.0281
002328.SZ,2022-05-27,5.2700,5.4000,0.0241
002328.SZ,2023-05-30,5.7200,5.8500,0.0222
002328.SZ,2024-06-26,4.6200,4.7500,0.0274
002328.SZ,2025-06-10,5.5300,5.6500,0.0212
002329.SZ,2011-05-27,19.7000,39.4900,0.5011
002329.SZ,2013-07-04,13.5500,13.7500,0.0145
002329.SZ,2015-09-23,12.5000,35.0000,0.6429
002330.SZ,2012-05-23,13.1600,13.3600,0.0150
002330.SZ,2013-04-24,5.9000,11.8000,0.5000
002331.SZ,2010-05-07,28.5400,37.6000,0.2410
002331.SZ,2011-04-08,16.8600,28.8600,0.4158
002331.SZ,2012-05-28,13.2600,13.4100,0.0112
002331.SZ,2013-05-09,9.0000,14.5000,0.3793
002331.SZ,2015-03-26,14.0900,16.9600,0.1692
002331.SZ,2016-05-12,16.5400,19.9000,0.1688
002332.SZ,2010-05-21,12.7700,13.0700,0.0230
002332.SZ,2011-05-11,15.0400,15.3900,0.0227
002332.SZ,2012-05-18,11.4800,11.7000,0.0188
002332.SZ,2013-06-05,12.6800,12.8800,0.0155
002332.SZ,2014-05-08,7.8500,11.7800,0.3336
002332.SZ,2017-05-18,8.3200,12.5800,0.3386
002332.SZ,2021-06-04,13.2200,13.3700,0.0112
002332.SZ,2022-06-08,9.1700,9.3200,0.0161
002332.SZ,2023-06-02,14.5700,14.8700,0.0202
002332.SZ,2024-06-05,12.1000,12.4000,0.0242
002332.SZ,2025-05-28,9.1000,9.4000,0.0319
002332.SZ,2025-10-22,9.6700,9.7700,0.0102
002333.SZ,2010-06-09,14.8000,23.9800,0.3828
002333.SZ,2012-07-03,10.3800,10.5300,0.0142
002333.SZ,2013-05-28,9.0500,9.2500,0.0216
002333.SZ,2014-06-11,10.0600,10.2600,0.0195
002333.SZ,2015-05-21,20.9800,21.2800,0.0141
002333.SZ,2016-05-27,9.6000,19.4000,0.5052
002333.SZ,2019-07-12,4.5100,4.7100,0.0425
002334.SZ,2010-09-16,52.4600,99.9700,0.4752
002334.SZ,2012-05-29,13.0600,23.7500,0.4501
002334.SZ,2013-05-16,9.1500,14.7400,0.3792
002334.SZ,2015-04-30,13.0200,26.2000,0.5031
002334.SZ,2018-05-10,7.2100,7.3600,0.0204
002335.SZ,2011-04-14,29.2700,59.3400,0.5067
002335.SZ,2012-05-30,11.6100,16.4000,0.2921
002335.SZ,2013-05-29,14.0000,14.1500,0.0106
002335.SZ,2014-06-12,14.7700,14.9200,0.0101
002335.SZ,2018-05-16,25.4700,26.4700,0.0378
002335.SZ,2019-05-31,17.8100,18.8100,0.0532
002335.SZ,2020-06-02,20.6800,21.2800,0.0282
002335.SZ,2020-09-28,17.6200,29.9500,0.4117
002335.SZ,2021-06-02,17.0400,17.3400,0.0173
002337.SZ,2011-05-24,14.9700,24.2000,0.3814
002337.SZ,2013-05-16,9.1500,9.4000,0.0266
002337.SZ,2014-04-29,10.5500,10.8000,0.0231
002337.SZ,2015-03-06,12.1700,36.5000,0.6666
002338.SZ,2010-08-10,38.7000,39.1000,0.0102
002338.SZ,2011-05-05,45.5100,46.0100,0.0109
002338.SZ,2012-05-14,24.1600,36.7900,0.3433
002338.SZ,2013-06-05,20.6600,20.9600,0.0143
002338.SZ,2017-07-07,17.4000,35.0000,0.5029
002339.SZ,2012-04-13,13.0300,26.2500,0.5036
002339.SZ,2013-05-24,10.7400,21.5800,0.5023
002339.SZ,2019-05-23,6.2900,8.2400,0.2367
002340.SZ,2010-06-21,54.8500,71.6100,0.2340
002340.SZ,2011-05-26,22.6300,45.3600,0.5011
002340.SZ,2012-05-29,11.0500,22.3000,0.5045
002340.SZ,2013-06-21,10.2000,13.3100,0.2337
002340.SZ,2015-05-15,16.0500,20.8800,0.2313
002340.SZ,2016-06-01,7.0500,14.1200,0.5007
002340.SZ,2017-05-19,5.4100,7.0400,0.2315
002340.SZ,2024-07-04,6.1900,6.2700,0.0128
002340.SZ,2025-07-04,6.3700,6.4400,0.0109
002342.SZ,2010-03-25,20.8100,25.2700,0.1765
002342.SZ,2011-10-11,6.7200,13.4300,0.4996
002343.SZ,2010-04-08,39.6000,40.2000,0.0149
002343.SZ,2011-05-26,15.4300,31.3500,0.5078
002343.SZ,2012-05-04,11.4000,11.6500,0.0215
002343.SZ,2013-06-06,8.5300,8.8800,0.0394
002343.SZ,2014-06-05,7.9100,8.1600,0.0306
002343.SZ,2018-06-22,17.4100,24.5600,0.2911
002344.SZ,2011-05-26,22.8000,46.0900,0.5053
002344.SZ,2013-05-31,20.0300,40.3000,0.5030
002344.SZ,2014-07-01,12.3200,12.4700,0.0120
002344.SZ,2018-06-15,5.3600,5.4800,0.0219
002344.SZ,2024-07-04,3.1700,3.2100,0.0125
002345.SZ,2010-05-21,31.9700,48.4500,0.3401
002345.SZ,2011-05-27,23.9400,24.2900,0.0144
002345.SZ,2012-05-23,23.2500,23.6000,0.0148
002345.SZ,2013-05-22,11.7100,23.7100,0.5061
002345.SZ,2014-09-26,9.0000,18.0000,0.5000
002345.SZ,2018-06-07,9.0400,9.1400,0.0109
002345.SZ,2020-06-04,3.4300,3.5300,0.0283
002345.SZ,2021-06-03,5.2400,5.4400,0.0368
002345.SZ,2022-06-06,4.3300,4.5300,0.0442
002345.SZ,2023-06-07,6.9000,7.1000,0.0282
002345.SZ,2024-06-06,5.5600,5.8100,0.0430
002345.SZ,2024-10-11,5.1000,5.2000,0.0192
002345.SZ,2025-06-05,17.1400,17.3900,0.0144
002346.SZ,2012-07-20,13.9300,14.0800,0.0107
002346.SZ,2014-03-21,10.5300,21.0500,0.4998
002346.SZ,2018-07-16,13.5700,13.7700,0.0145
002346.SZ,2019-07-22,12.0100,12.2100,0.0164
002346.SZ,2020-06-09,10.4500,10.6500,0.0188
002346.SZ,2021-05-21,10.6200,10.8200,0.0185
002346.SZ,2022-05-26,14.2700,14.4700,0.0138
002346.SZ,2023-07-04,12.2500,12.4500,0.0161
002346.SZ,2024-05-28,8.8900,9.0900,0.0220
002346.SZ,2025-06-13,13.7600,14.2300,0.0330
002347.SZ,2012-04-24,15.3400,15.6400,0.0192
002347.SZ,2013-04-02,8.0600,14.5500,0.4460
002347.SZ,2016-09-23,10.1500,20.3000,0.5000
002347.SZ,2020-06-19,4.2700,4.3700,0.0229
002347.SZ,2021-07-09,4.3800,4.4800,0.0223
002348.SZ,2011-06-10,11.8100,19.1900,0.3846
002348.SZ,2012-06-21,11.5400,11.8400,0.0253
002348.SZ,2013-05-02,6.2500,12.5900,0.5036
002348.SZ,2016-05-11,6.9500,13.9400,0.5014
002349.SZ,2011-03-01,27.6000,34.6000,0.2023
002349.SZ,2012-05-02,10.2700,20.6300,0.5022
002349.SZ,2016-03-08,25.7300,38.7000,0.3351
002349.SZ,2017-03-14,13.8000,27.7500,0.5027
002349.SZ,2024-06-12,7.1000,7.1900,0.0125
002349.SZ,2025-06-06,7.6000,7.6800,0.0104
002350.SZ,2010-05-13,22.7300,27.7800,0.1818
002350.SZ,2011-06-10,18.1400,18.3400,0.0109
002350.SZ,2012-05-23,12.5600,21.6500,0.4199
002350.SZ,2013-06-25,8.1700,8.3500,0.0216
002350.SZ,2017-06-09,19.9800,34.1100,0.4142
002350.SZ,2018-05-28,7.7400,8.7400,0.1144
002350.SZ,2020-05-19,5.0500,5.6200,0.1014
002350.SZ,2021-06-11,5.1000,5.1700,0.0135
002351.SZ,2010-09-21,32.2800,32.7800,0.0153
002351.SZ,2011-05-10,14.2000,28.8000,0.5069
002351.SZ,2012-04-27,9.3700,9.5700,0.0209
002351.SZ,2013-05-17,7.9100,8.1100,0.0247
002351.SZ,2014-05-20,11.0000,11.1800,0.0161
002351.SZ,2016-06-20,13.9200,28.0300,0.5034
002351.SZ,2018-06-21,6.4900,6.5900,0.0152
002351.SZ,2019-07-22,5.5700,5.6700,0.0176
002351.SZ,2020-05-29,18.6000,28.0500,0.3369
002351.SZ,2021-06-11,14.1500,14.3500,0.0139
002351.SZ,2022-06-13,8.3800,8.5600,0.0210
002351.SZ,2024-06-17,12.7400,12.9400,0.0155
002351.SZ,2025-06-27,12.8400,13.0900,0.0191
002352.SZ,2010-07-06,25.1400,25.5900,0.0176
002352.SZ,2011-05-25,24.7400,25.2400,0.0198
002352.SZ,2012-05-24,22.0700,22.5200,0.0200
002352.SZ,2012-09-27,19.7300,19.9800,0.0125
002352.SZ,2013-11-14,22.3500,22.6000,0.0111
002352.SZ,2014-10-14,27.3200,27.6200,0.0109
002352.SZ,2015-07-16,25.3300,38.0000,0.3334
002352.SZ,2015-09-30,21.4800,21.7800,0.0138
002352.SZ,2016-05-26,13.7800,27.7000,0.5025
002352.SZ,2024-05-14,36.7100,37.3000,0.0158
002352.SZ,2024-11-07,44.2600,45.6500,0.0304
002352.SZ,2025-09-16,41.2000,41.6600,0.0110
002353.SZ,2011-04-21,71.3200,143.4300,0.5028
002353.SZ,2012-04-17,39.6100,79.5100,0.5018
002353.SZ,2013-05-28,71.3500,93.0000,0.2328
002353.SZ,2014-06-09,39.9000,60.1000,0.3361
002353.SZ,2023-06-15,24.2000,24.5300,0.0135
002353.SZ,2024-06-19,35.6100,36.1000,0.0136
002353.SZ,2025-05-23,33.5700,34.2600,0.0201
002354.SZ,2012-08-20,9.6700,9.7700,0.0102
002354.SZ,2017-05-12,22.9300,64.6100,0.6451
002355.SZ,2012-02-15,11.9100,12.1600,0.0206
002355.SZ,2013-03-22,6.5300,13.0800,0.5008
002356.SZ,2010-06-09,34.6000,35.2500,0.0184
002356.SZ,2011-06-17,22.9000,23.2000,0.0129
002356.SZ,2012-06-20,17.9800,18.1800,0.0110
002356.SZ,2013-06-05,20.2100,20.4600,0.0122
002356.SZ,2015-05-07,28.9200,86.9000,0.6672
002356.SZ,2018-07-17,10.5100,17.9700,0.4151
002357.SZ,2010-05-21,17.5800,21.2000,0.1708
002357.SZ,2011-05-18,11.8700,23.8400,0.5021
002357.SZ,2012-05-23,9.0700,9.2200,0.0163
002357.SZ,2013-04-26,7.2300,7.4300,0.0269
002357.SZ,2015-09-17,10.4200,16.6700,0.3749
002357.SZ,2016-06-22,15.2300,15.4200,0.0123
002357.SZ,2017-05-26,10.2800,10.4300,0.0144
002357.SZ,2019-07-09,6.5000,6.6000,0.0152
002357.SZ,2022-07-07,5.5300,5.6500,0.0212
002358.SZ,2011-06-21,17.9300,36.1500,0.5040
002358.SZ,2012-05-23,12.5700,25.3300,0.5038
002358.SZ,2015-06-15,34.3400,68.9000,0.5016
002360.SZ,2011-04-26,18.4900,37.2800,0.5040
002360.SZ,2013-04-25,8.2900,12.5400,0.3389
002360.SZ,2014-04-24,6.2600,12.6100,0.5036
002360.SZ,2017-05-19,8.3300,8.4300,0.0119
002360.SZ,2018-05-15,6.2300,6.3800,0.0235
002360.SZ,2019-05-14,5.6400,5.7400,0.0174
002360.SZ,2020-05-25,4.7400,4.8800,0.0287
002360.SZ,2021-05-25,7.4400,7.5400,0.0133
002360.SZ,2024-07-11,4.8500,5.0400,0.0377
002361.SZ,2011-05-30,10.8200,21.7900,0.5034
002361.SZ,2013-04-16,5.5900,11.3700,0.5084
002361.SZ,2014-04-28,5.8300,5.9300,0.0169
002361.SZ,2016-06-08,7.5500,15.2000,0.5033
002361.SZ,2018-05-21,4.6500,4.7000,0.0106
002361.SZ,2019-06-17,4.1400,4.2400,0.0236
002361.SZ,2020-06-11,4.6400,4.7400,0.0211
002361.SZ,2021-06-01,4.7200,4.8200,0.0207
002361.SZ,2022-05-31,3.8000,3.9000,0.0256
002361.SZ,2023-07-12,4.0300,4.1300,0.0242
002361.SZ,2024-06-12,3.2700,3.3700,0.0297
002362.SZ,2011-04-28,26.9900,53.9800,0.5000
002363.SZ,2014-06-17,9.6300,19.3500,0.5023
002363.SZ,2016-02-01,12.5900,14.6300,0.1394
002363.SZ,2020-08-24,7.5400,7.9400,0.0504
002363.SZ,2021-06-07,4.8800,5.0800,0.0394
002363.SZ,2022-04-28,4.9000,5.1000,0.0392
002363.SZ,2023-05-19,7.0400,7.1600,0.0168
002363.SZ,2024-06-28,5.7400,5.8200,0.0137
002364.SZ,2011-05-27,15.9300,24.1000,0.3390
002364.SZ,2013-05-06,11.4300,23.0000,0.5030
002364.SZ,2015-05-19,31.6700,63.3600,0.5002
002364.SZ,2021-06-24,8.5300,8.6300,0.0116
002364.SZ,2022-06-22,7.2800,7.3800,0.0136
002365.SZ,2010-09-21,33.9500,34.4500,0.0145
002365.SZ,2011-05-03,16.8300,33.9600,0.5044
002365.SZ,2012-06-18,11.4800,11.6800,0.0171
002365.SZ,2013-05-15,9.0800,9.2800,0.0216
002365.SZ,2018-05-15,18.2600,27.4900,0.3358
002365.SZ,2020-05-29,9.8700,10.0200,0.0150
002365.SZ,2021-07-09,9.4200,9.5200,0.0105
002365.SZ,2023-07-05,9.6600,9.7600,0.0102
002365.SZ,2024-07-05,6.9600,7.0600,0.0142
002366.SZ,2010-10-19,18.5300,18.8800,0.0185
002366.SZ,2011-09-26,12.9200,13.3700,0.0337
002366.SZ,2012-07-17,8.4600,8.7600,0.0342
002366.SZ,2013-06-26,6.9800,7.1300,0.0210
002366.SZ,2014-05-12,10.0100,10.2600,0.0244
002366.SZ,2017-07-05,23.9300,47.9600,0.5010
002366.SZ,2018-09-14,9.8000,9.9200,0.0121
002367.SZ,2010-04-29,30.7100,37.1000,0.1722
002367.SZ,2011-03-30,19.1700,29.0600,0.3403
002367.SZ,2012-03-28,9.5100,14.5600,0.3468
002367.SZ,2013-05-14,11.8900,12.1500,0.0214
002367.SZ,2014-03-31,7.6400,15.5800,0.5096
002367.SZ,2015-04-29,15.9500,16.2000,0.0154
002367.SZ,2016-09-23,14.7600,14.9600,0.0134
002367.SZ,2018-05-18,8.0200,8.1700,0.0184
002367.SZ,2018-09-26,5.3800,5.9800,0.1003
002367.SZ,2019-05-27,7.6700,8.1700,0.0612
002367.SZ,2020-04-30,7.7800,8.1700,0.0477
002367.SZ,2020-09-18,11.7700,11.9200,0.0126
002367.SZ,2021-05-07,9.2000,9.5000,0.0316
002367.SZ,2022-05-09,6.7800,7.0800,0.0424
002367.SZ,2023-05-11,8.2000,8.4500,0.0296
002367.SZ,2024-05-21,6.9500,7.3000,0.0479
002367.SZ,2025-05-23,6.8800,7.1800,0.0418
002368.SZ,2011-05-24,21.2600,43.1100,0.5068
002368.SZ,2012-06-11,16.6300,20.1000,0.1726
002368.SZ,2015-06-16,65.5200,98.5000,0.3348
002368.SZ,2020-07-09,36.3600,51.1500,0.2891
002368.SZ,2022-07-06,18.5400,18.7300,0.0101
002369.SZ,2010-09-03,34.4000,34.9000,0.0143
002369.SZ,2011-05-17,18.8500,38.2000,0.5065
002369.SZ,2012-06-13,13.4800,13.6800,0.0146
002369.SZ,2013-05-15,14.0000,14.1500,0.0106
002369.SZ,2014-05-15,8.9900,18.0800,0.5028
002370.SZ,2011-07-06,13.2100,22.6000,0.4155
002370.SZ,2017-09-20,15.7000,31.4000,0.5000
002371.SZ,2011-07-01,53.0100,69.0100,0.2319
002371.SZ,2012-03-27,29.8300,53.8000,0.4455
002371.SZ,2013-05-10,18.9500,38.0000,0.5013
002371.SZ,2025-07-03,323.0100,437.1200,0.2610
002372.SZ,2011-05-13,18.4000,18.7000,0.0160
002372.SZ,2012-04-20,17.2300,18.0300,0.0444
002372.SZ,2013-06-19,12.8100,17.4500,0.2659
002372.SZ,2014-05-21,11.6300,15.9200,0.2695
002372.SZ,2015-05-27,21.4300,28.4600,0.2470
002372.SZ,2016-06-20,14.9600,20.0500,0.2539
002372.SZ,2017-04-28,16.0900,21.5200,0.2523
002372.SZ,2018-06-07,20.0500,26.6600,0.2479
002372.SZ,2019-06-06,15.2600,18.9100,0.1930
002372.SZ,2020-05-28,12.2500,12.7500,0.0392
002372.SZ,2021-06-04,22.8700,23.3700,0.0214
002372.SZ,2022-05-19,18.9600,19.5600,0.0307
002372.SZ,2023-05-31,19.6100,20.2100,0.0297
002372.SZ,2024-05-22,17.7900,18.5800,0.0425
002372.SZ,2025-05-28,11.3800,11.8700,0.0413
002373.SZ,2013-05-27,7.3000,14.5900,0.4997
002373.SZ,2016-05-10,16.0700,32.2300,0.5014
002374.SZ,2011-05-10,19.8400,31.8500,0.3771
002374.SZ,2013-05-29,8.7300,16.0200,0.4551
002374.SZ,2016-04-18,7.6900,16.9600,0.5466
002375.SZ,2011-05-13,36.4400,73.1200,0.5016
002375.SZ,2012-06-07,23.8600,35.9200,0.3357
002375.SZ,2014-07-09,18.0800,23.6300,0.2349
002375.SZ,2015-06-04,31.4900,47.3500,0.3350
002375.SZ,2025-06-12,3.8300,3.9000,0.0179
002376.SZ,2011-06-08,17.8200,35.9300,0.5040
002376.SZ,2012-05-25,16.8500,17.0500,0.0117
002376.SZ,2013-06-14,9.3700,18.9400,0.5053
002376.SZ,2016-05-20,11.6500,11.8000,0.0127
002376.SZ,2017-05-22,12.7900,12.9900,0.0154
002376.SZ,2018-05-23,18.2400,18.4400,0.0108
002376.SZ,2019-05-29,12.5300,12.7300,0.0157
002376.SZ,2020-05-27,10.2200,10.4200,0.0192
002376.SZ,2021-06-04,8.9600,9.2100,0.0271
002376.SZ,2022-06-08,6.9100,7.1100,0.0281
002376.SZ,2023-06-08,7.9500,8.1000,0.0185
002376.SZ,2024-05-31,5.6200,5.7700,0.0260
002376.SZ,2025-05-30,7.3900,7.5900,0.0264
002377.SZ,2010-11-05,20.8600,21.1600,0.0142
002377.SZ,2011-06-28,8.8100,17.6200,0.5000
002377.SZ,2014-07-03,6.0800,12.4600,0.5120
002377.SZ,2020-07-06,3.8900,4.0400,0.0371
002378.SZ,2012-05-18,31.2600,31.6600,0.0126
002378.SZ,2015-05-21,17.1500,34.3000,0.5000
002378.SZ,2022-05-24,7.9500,8.0500,0.0124
002378.SZ,2023-06-05,5.8800,7.7700,0.2432
002379.SZ,2011-06-01,15.2600,30.6100,0.5015
002379.SZ,2013-05-03,5.9800,11.9500,0.4996
002379.SZ,2014-06-16,3.3000,6.6000,0.5000
002380.SZ,2014-05-14,21.1800,31.9200,0.3365
002380.SZ,2015-10-09,25.1800,50.4500,0.5009
002380.SZ,2019-05-31,14.0300,14.2300,0.0141
002380.SZ,2020-06-17,13.6700,13.8700,0.0144
002380.SZ,2021-07-12,13.5200,13.8100,0.0210
002381.SZ,2011-05-23,18.9300,28.5900,0.3379
002381.SZ,2012-04-10,13.0800,13.2800,0.0151
002381.SZ,2013-05-13,9.7600,19.8200,0.5076
002381.SZ,2014-04-18,12.2700,12.4700,0.0160
002381.SZ,2015-05-11,14.0600,21.3900,0.3427
002381.SZ,2016-05-11,12.2700,12.4700,0.0160
002381.SZ,2017-06-09,8.5900,8.6900,0.0115
002381.SZ,2018-05-17,7.7200,7.8200,0.0128
002381.SZ,2019-04-03,10.1500,10.3400,0.0184
002381.SZ,2019-09-20,7.8300,8.0300,0.0249
002381.SZ,2020-06-15,9.3500,9.6500,0.0311
002381.SZ,2021-05-12,9.2600,9.7600,0.0512
002381.SZ,2022-05-27,5.9700,6.1700,0.0324
002381.SZ,2023-05-23,7.3500,7.5500,0.0265
002381.SZ,2024-04-29,8.0000,8.2500,0.0303
002381.SZ,2025-05-16,6.4400,6.6400,0.0301
002382.SZ,2011-05-30,18.5700,28.0600,0.3382
002382.SZ,2012-05-30,8.8100,17.6700,0.5014
002382.SZ,2016-05-17,11.7500,23.8900,0.5082
002382.SZ,2017-04-07,12.2200,12.4200,0.0161
002382.SZ,2018-03-16,17.7000,17.9000,0.0112
002382.SZ,2021-07-07,19.9700,20.3700,0.0196
002382.SZ,2023-05-31,7.4000,7.8000,0.0513
002383.SZ,2011-05-26,30.1500,36.5800,0.1758
002383.SZ,2012-05-28,18.4500,24.1900,0.2373
002383.SZ,2017-05-23,14.0400,42.2200,0.6675
002384.SZ,2011-04-22,44.6700,53.6000,0.1666
002384.SZ,2012-06-06,10.5000,21.1000,0.5024
002384.SZ,2014-06-17,10.6600,21.3300,0.5002
002384.SZ,2018-08-28,16.9200,25.4300,0.3346
002384.SZ,2024-05-30,15.2000,15.4500,0.0162
002385.SZ,2012-05-04,18.2500,36.8000,0.5041
002385.SZ,2013-05-28,12.4500,25.0600,0.5032
002385.SZ,2015-05-13,17.5300,26.4000,0.3360
002385.SZ,2016-05-11,7.7000,11.6300,0.3379
002385.SZ,2017-05-12,5.7700,5.8300,0.0103
002385.SZ,2018-05-07,5.3200,5.4000,0.0148
002385.SZ,2019-01-07,3.1100,3.1800,0.0220
002385.SZ,2019-12-24,4.1100,4.1700,0.0144
002385.SZ,2020-05-26,8.6600,8.8900,0.0259
002385.SZ,2024-12-06,4.5500,4.6100,0.0130
002386.SZ,2010-07-15,15.7200,18.9100,0.1687
002386.SZ,2015-06-08,11.3100,15.8400,0.2860
002386.SZ,2019-07-10,6.0300,6.1300,0.0163
002386.SZ,2022-07-05,8.7200,11.6100,0.2489
002386.SZ,2023-07-14,6.4200,6.4900,0.0108
002386.SZ,2024-06-28,3.8100,3.8900,0.0206
002387.SZ,2011-05-26,16.6700,30.1000,0.4462
002387.SZ,2012-05-30,13.7700,18.0000,0.2350
002387.SZ,2015-05-20,25.1100,37.6800,0.3336
002388.SZ,2011-05-20,13.6800,24.6300,0.4446
002388.SZ,2011-09-20,13.7500,13.9000,0.0108
002388.SZ,2012-05-22,9.7000,9.8000,0.0102
002388.SZ,2013-05-22,8.0700,8.1700,0.0122
002388.SZ,2015-08-20,14.3000,28.5900,0.4998
002388.SZ,2020-09-23,6.7500,6.8500,0.0146
002388.SZ,2021-07-23,5.8100,5.9100,0.0169
002389.SZ,2011-04-13,29.2000,58.6000,0.5017
002389.SZ,2012-02-20,17.8200,26.9300,0.3383
002389.SZ,2013-05-15,8.7700,17.6100,0.5020
002390.SZ,2011-05-05,19.2400,38.7700,0.5037
002390.SZ,2014-06-16,21.2500,42.5500,0.5006
002390.SZ,2015-05-25,22.8200,57.1000,0.6004
002390.SZ,2022-05-24,4.8700,4.9300,0.0122
002390.SZ,2023-05-30,4.6600,4.7200,0.0127
002390.SZ,2024-05-17,3.8800,3.9400,0.0152
002391.SZ,2010-08-25,35.8600,57.7800,0.3794
002391.SZ,2011-05-10,22.5600,29.6300,0.2386
002391.SZ,2012-05-18,15.0200,15.3200,0.0196
002391.SZ,2013-05-31,23.4600,23.7600,0.0126
002391.SZ,2014-04-03,15.0400,22.8600,0.3421
002391.SZ,2015-05-29,23.1000,23.4000,0.0128
002391.SZ,2016-06-08,14.1000,14.4000,0.0208
002391.SZ,2017-06-21,13.9500,14.2500,0.0211
002391.SZ,2018-05-11,14.0700,14.3700,0.0209
002391.SZ,2019-05-08,8.8300,13.5400,0.3479
002391.SZ,2020-06-04,8.3500,8.5500,0.0234
002391.SZ,2021-06-03,6.8600,7.0600,0.0283
002391.SZ,2022-06-13,7.1600,7.3600,0.0272
002391.SZ,2023-05-24,7.1000,7.3000,0.0274
002391.SZ,2024-06-21,4.5400,4.7400,0.0422
002392.SZ,2011-05-06,21.4100,43.0700,0.5029
002392.SZ,2011-09-26,11.9300,23.8500,0.4998
002392.SZ,2015-06-24,10.8300,21.7000,0.5009
002392.SZ,2024-05-30,3.6100,3.6700,0.0163
002393.SZ,2011-04-21,44.6400,45.5400,0.0198
002393.SZ,2012-06-29,31.5500,32.4500,0.0277
002393.SZ,2013-07-11,32.6400,33.4400,0.0239
002393.SZ,2014-06-27,29.0800,29.6800,0.0202
002393.SZ,2016-05-30,34.0300,34.4300,0.0116
002393.SZ,2018-06-12,27.4800,27.7800,0.0108
002393.SZ,2019-06-13,23.4500,23.7500,0.0126
002393.SZ,2020-07-08,27.2700,27.5700,0.0109
002393.SZ,2022-06-20,20.5500,20.8500,0.0144
002393.SZ,2023-06-30,24.0700,24.3700,0.0123
002393.SZ,2024-05-28,17.8800,25.6300,0.3024
002393.SZ,2025-04-29,16.1500,16.5000,0.0212
002393.SZ,2026-02-11,21.7900,22.0900,0.0136
002393.SZ,2026-04-28,17.5500,21.6500,0.1894
002394.SZ,2011-06-01,19.0100,38.3200,0.5039
002394.SZ,2012-05-30,13.8000,14.0000,0.0143
002394.SZ,2012-09-07,11.2800,11.4300,0.0131
002394.SZ,2013-05-23,12.0600,12.2600,0.0163
002394.SZ,2013-09-13,11.7400,11.9400,0.0168
002394.SZ,2014-06-05,9.1700,13.9500,0.3427
002394.SZ,2014-09-30,10.8100,11.0100,0.0182
002394.SZ,2015-05-22,19.5500,19.7500,0.0101
002394.SZ,2015-09-29,11.7500,12.0500,0.0249
002394.SZ,2016-05-25,13.6500,13.9500,0.0215
002394.SZ,2016-10-12,16.9800,17.2800,0.0174
002394.SZ,2017-06-05,13.9000,14.2000,0.0211
002394.SZ,2017-10-18,13.9600,14.1600,0.0141
002394.SZ,2018-06-26,9.9000,10.4000,0.0481
002394.SZ,2018-09-21,9.7500,10.0000,0.0250
002394.SZ,2019-05-28,9.9300,10.2300,0.0293
002394.SZ,2019-09-20,9.5800,9.8800,0.0304
002394.SZ,2020-05-28,8.8900,9.0900,0.0220
002394.SZ,2020-09-22,10.1400,10.4400,0.0287
002394.SZ,2021-05-24,8.2700,8.5700,0.0350
002394.SZ,2023-11-22,8.3100,9.1100,0.0878
002394.SZ,2025-05-26,7.9700,8.0700,0.0124
002395.SZ,2011-06-15,23.3000,23.6000,0.0127
002395.SZ,2012-11-02,13.0500,13.3500,0.0225
002395.SZ,2013-06-21,7.5400,15.2800,0.5065
002395.SZ,2020-05-20,17.6500,26.4800,0.3335
002395.SZ,2021-07-06,11.6000,11.7500,0.0128
002396.SZ,2011-06-28,14.3300,28.7500,0.5016
002396.SZ,2012-06-14,16.5100,16.8100,0.0178
002396.SZ,2013-06-21,14.8300,15.0800,0.0166
002396.SZ,2014-06-20,25.8800,26.1800,0.0115
002396.SZ,2015-05-29,37.1100,55.7600,0.3345
002396.SZ,2024-06-03,14.0500,14.3000,0.0175
002396.SZ,2025-05-30,19.2000,19.4500,0.0129
002397.SZ,2010-09-09,43.2500,65.6800,0.3415
002397.SZ,2011-07-06,29.2900,47.3700,0.3817
002397.SZ,2012-05-29,19.4000,19.6000,0.0102
002397.SZ,2013-06-21,12.6000,12.9000,0.0233
002397.SZ,2014-06-17,10.0100,20.5200,0.5122
002397.SZ,2015-05-26,14.9500,33.0700,0.5479
002397.SZ,2016-06-20,8.2400,8.3400,0.0120
002397.SZ,2017-07-07,6.6700,6.7700,0.0148
002397.SZ,2018-07-11,4.6400,4.7000,0.0128
002397.SZ,2019-07-22,5.5000,5.6500,0.0265
002397.SZ,2020-07-17,6.0800,6.2800,0.0318
002397.SZ,2021-06-16,3.9500,4.0100,0.0150
002398.SZ,2011-05-23,20.2700,26.5000,0.2351
002398.SZ,2012-07-05,16.8200,21.9600,0.2341
002398.SZ,2013-05-28,17.3900,22.7100,0.2343
002398.SZ,2015-05-28,26.6900,34.8000,0.2330
002398.SZ,2018-06-11,6.4400,13.0800,0.5076
002398.SZ,2019-05-23,6.0300,6.1000,0.0115
002398.SZ,2021-05-18,7.0000,7.0800,0.0113
002398.SZ,2022-06-08,6.1300,6.2100,0.0129
002398.SZ,2023-05-12,6.2000,6.2800,0.0127
002398.SZ,2024-06-17,3.7000,3.7800,0.0212
002398.SZ,2025-06-13,4.8800,4.9600,0.0161
002399.SZ,2011-04-29,42.8200,87.6300,0.5114
002399.SZ,2012-05-09,25.1700,25.7700,0.0233
002399.SZ,2013-06-05,17.9500,18.5500,0.0323
002399.SZ,2014-06-09,18.7200,19.0200,0.0158
002399.SZ,2016-06-13,17.4900,28.5900,0.3882
002399.SZ,2017-06-28,20.2300,20.4800,0.0122
002399.SZ,2025-07-07,11.8000,12.0500,0.0207
002400.SZ,2011-05-10,20.8800,37.7500,0.4469
002400.SZ,2012-05-08,18.0100,23.6100,0.2372
002400.SZ,2013-05-14,26.7900,53.8000,0.5020
002400.SZ,2014-05-16,21.8300,32.9000,0.3365
002400.SZ,2015-05-15,26.0200,39.1400,0.3352
002400.SZ,2016-05-20,12.8100,16.7200,0.2339
002400.SZ,2017-06-08,7.9100,10.3200,0.2335
002401.SZ,2011-09-29,17.3000,34.6000,0.5000
002401.SZ,2012-07-20,8.3300,15.9200,0.4768
002401.SZ,2014-05-09,8.8900,13.3300,0.3331
002401.SZ,2021-07-08,9.8300,11.9000,0.1739
002401.SZ,2022-07-11,8.8100,8.9300,0.0134
002401.SZ,2024-05-31,15.4400,15.6200,0.0115
002402.SZ,2011-06-01,17.3100,26.2600,0.3408
002402.SZ,2012-05-29,11.7000,11.8500,0.0127
002402.SZ,2013-05-31,12.7700,12.9700,0.0154
002402.SZ,2014-04-17,16.4900,25.0400,0.3415
002402.SZ,2015-05-08,19.9000,39.8900,0.5011
002402.SZ,2016-10-11,11.1100,27.8200,0.6006
002402.SZ,2024-05-09,11.6600,11.8100,0.0127
002403.SZ,2011-05-27,14.0300,14.2300,0.0141
002403.SZ,2014-06-20,9.1700,9.3700,0.0213
002403.SZ,2015-10-13,11.8700,15.6300,0.2406
002403.SZ,2017-06-20,13.0700,13.2700,0.0151
002403.SZ,2018-07-06,8.8000,8.9500,0.0168
002403.SZ,2019-06-26,8.3900,8.5400,0.0176
002404.SZ,2010-08-27,19.6800,19.8800,0.0101
002404.SZ,2011-05-26,13.2200,17.4900,0.2441
002404.SZ,2012-05-16,8.5700,13.1600,0.3488
002404.SZ,2013-04-24,6.5800,6.8000,0.0324
002404.SZ,2014-04-30,7.8300,8.0500,0.0273
002404.SZ,2015-05-20,11.7600,23.7100,0.5040
002404.SZ,2016-05-26,7.1300,7.2300,0.0138
002404.SZ,2017-04-18,8.7100,8.8600,0.0169
002404.SZ,2018-04-19,6.6200,6.8000,0.0265
002404.SZ,2019-04-18,6.5800,6.7800,0.0295
002404.SZ,2020-05-15,5.7500,5.9500,0.0336
002404.SZ,2021-04-29,6.8400,7.0300,0.0270
002404.SZ,2022-05-05,5.1400,5.3300,0.0356
002404.SZ,2023-04-28,6.1100,6.3600,0.0393
002404.SZ,2024-05-15,6.3500,6.6400,0.0437
002404.SZ,2025-04-30,5.9300,6.2300,0.0482
002404.SZ,2026-04-30,6.9200,7.2200,0.0416
002405.SZ,2011-04-18,33.6500,40.5300,0.1698
002405.SZ,2012-04-18,15.6200,18.9100,0.1740
002405.SZ,2013-04-23,11.5500,13.9300,0.1709
002405.SZ,2016-06-20,22.1900,33.3400,0.3344
002405.SZ,2019-06-17,15.8000,23.7200,0.3339
002406.SZ,2011-05-27,17.2500,26.1800,0.3411
002406.SZ,2012-06-28,9.6900,9.8900,0.0202
002406.SZ,2013-06-25,7.0000,7.2000,0.0278
002406.SZ,2014-05-23,9.3100,9.6100,0.0312
002406.SZ,2015-05-28,16.4900,33.1800,0.5030
002406.SZ,2016-08-05,8.6400,8.7400,0.0114
002406.SZ,2017-07-06,8.0400,8.1900,0.0183
002406.SZ,2018-06-25,5.3600,5.4800,0.0219
002406.SZ,2018-10-24,5.3600,5.5600,0.0360
002406.SZ,2020-07-13,6.9300,7.1800,0.0348
002406.SZ,2021-07-13,6.4800,6.7300,0.0371
002406.SZ,2022-07-14,5.0800,5.1600,0.0155
002406.SZ,2023-07-14,5.9700,6.0700,0.0165
002406.SZ,2024-07-09,4.6800,4.7800,0.0209
002406.SZ,2025-07-09,7.3200,7.4700,0.0201
002407.SZ,2011-04-29,49.7700,64.9000,0.2331
002407.SZ,2011-10-18,30.1900,48.3000,0.3749
002407.SZ,2016-05-12,39.2200,98.2000,0.6006
002407.SZ,2018-05-24,17.1800,17.3800,0.0115
002407.SZ,2018-10-22,9.2900,9.4400,0.0159
002407.SZ,2019-07-05,13.4900,13.6900,0.0146
002407.SZ,2023-04-25,23.1200,32.9300,0.2979
002407.SZ,2024-05-14,13.8600,14.1500,0.0205
002407.SZ,2025-07-09,12.1100,12.3000,0.0154
002408.SZ,2011-05-06,35.7800,64.9000,0.4487
002408.SZ,2012-06-12,17.4200,21.2000,0.1783
002408.SZ,2013-06-26,11.4600,11.6100,0.0129
002408.SZ,2014-03-27,14.2900,14.4500,0.0111
002408.SZ,2015-06-12,25.2800,29.7000,0.1488
002408.SZ,2016-06-07,5.7000,12.7300,0.5522
002408.SZ,2019-06-18,8.0200,8.1100,0.0111
002408.SZ,2020-07-16,6.7700,6.8500,0.0117
002408.SZ,2021-06-25,11.2100,11.4600,0.0218
002408.SZ,2021-09-29,12.6400,17.7000,0.2859
002408.SZ,2023-07-19,6.4400,6.6000,0.0242
002408.SZ,2024-06-06,5.2400,5.3100,0.0132
002408.SZ,2024-12-31,5.1700,5.2300,0.0115
002409.SZ,2012-05-08,16.5900,25.0900,0.3388
002409.SZ,2013-05-09,14.5500,14.7000,0.0102
002409.SZ,2016-05-23,15.2700,30.7100,0.5028
002410.SZ,2010-07-15,44.6000,54.1200,0.1759
002410.SZ,2010-09-28,53.5900,80.3800,0.3333
002410.SZ,2011-03-29,37.5700,56.9600,0.3404
002410.SZ,2012-04-20,20.9200,31.8800,0.3438
002410.SZ,2013-06-06,18.8200,24.9600,0.2460
002410.SZ,2014-06-09,24.8700,35.2200,0.2939
002410.SZ,2015-05-08,25.0900,38.0300,0.3403
002410.SZ,2016-06-08,13.2300,13.4300,0.0149
002410.SZ,2017-05-10,15.0700,15.3700,0.0195
002410.SZ,2018-05-04,24.1400,24.3900,0.0103
002410.SZ,2023-05-15,37.2300,52.4400,0.2900
002410.SZ,2025-05-29,13.5100,13.6600,0.0110
002412.SZ,2011-05-23,23.0900,47.1800,0.5106
002412.SZ,2014-05-23,15.6100,31.7200,0.5079
002412.SZ,2017-06-23,16.3800,16.8800,0.0296
002412.SZ,2019-05-30,12.2000,20.7400,0.4118
002412.SZ,2023-06-20,6.5300,6.8300,0.0439
002413.SZ,2011-10-10,12.2000,18.4000,0.3370
002413.SZ,2012-06-18,8.7500,8.8500,0.0113
002413.SZ,2013-07-12,6.6000,6.7000,0.0149
002413.SZ,2014-06-23,7.6600,7.7600,0.0129
002413.SZ,2016-05-13,14.1700,44.4700,0.6814
002414.SZ,2011-09-23,21.4900,21.8900,0.0183
002414.SZ,2012-06-06,17.5500,18.0300,0.0266
002414.SZ,2013-09-04,12.6800,25.3600,0.5000
002414.SZ,2019-05-08,15.4900,23.2700,0.3343
002414.SZ,2020-06-02,27.2600,46.5500,0.4144
002414.SZ,2021-06-01,27.0700,38.1500,0.2904
002414.SZ,2022-05-26,11.6100,16.6000,0.3006
002414.SZ,2023-06-20,7.7100,10.1500,0.2404
002415.SZ,2011-04-20,40.0500,80.6900,0.5037
002415.SZ,2012-06-13,25.6500,51.7000,0.5039
002415.SZ,2013-07-10,18.1800,36.6500,0.5040
002415.SZ,2014-07-09,16.6400,16.8900,0.0148
002415.SZ,2015-04-14,31.6000,32.0000,0.0125
002415.SZ,2016-05-18,21.3700,32.7500,0.3475
002415.SZ,2017-05-16,26.3700,40.1600,0.3434
002415.SZ,2018-05-22,41.5000,42.0000,0.0119
002415.SZ,2019-05-24,23.9600,24.5600,0.0244
002415.SZ,2020-05-29,27.7100,28.4100,0.0246
002415.SZ,2021-05-28,63.5600,64.3600,0.0124
002415.SZ,2022-05-26,31.5100,32.4100,0.0278
002415.SZ,2023-05-19,34.8300,35.5300,0.0197
002415.SZ,2024-05-21,32.9800,33.8800,0.0266
002415.SZ,2025-05-20,28.0700,28.7700,0.0243
002415.SZ,2025-10-10,33.7700,34.1700,0.0117
002416.SZ,2011-11-08,15.1700,30.3400,0.5000
002416.SZ,2012-06-08,8.3500,8.6000,0.0291
002416.SZ,2014-07-15,13.9600,14.1100,0.0106
002416.SZ,2017-07-26,10.0600,10.2100,0.0147
002416.SZ,2018-06-06,6.4300,7.9100,0.1871
002416.SZ,2019-05-23,5.3000,5.5000,0.0364
002416.SZ,2020-05-29,7.1400,7.3400,0.0272
002416.SZ,2021-05-20,8.8800,9.2800,0.0431
002416.SZ,2022-04-29,6.7600,7.2100,0.0624
002416.SZ,2023-05-19,8.0700,8.5700,0.0583
002416.SZ,2024-05-30,9.7300,10.1300,0.0395
002416.SZ,2025-05-28,11.1600,11.6600,0.0429
002418.SZ,2011-06-10,10.4400,16.8500,0.3804
002418.SZ,2012-06-25,6.9900,7.0900,0.0141
002418.SZ,2016-05-19,8.2500,24.8400,0.6679
002419.SZ,2011-04-29,22.0600,44.7100,0.5066
002419.SZ,2012-05-31,14.1600,14.4900,0.0228
002419.SZ,2013-05-17,9.9900,10.3200,0.0320
002419.SZ,2014-05-16,9.9700,10.3300,0.0348
002419.SZ,2015-05-29,18.1500,18.4800,0.0179
002419.SZ,2016-05-06,13.3500,13.9000,0.0396
002419.SZ,2017-04-28,13.4400,13.8000,0.0261
002419.SZ,2018-04-19,12.7000,19.5000,0.3487
002419.SZ,2019-04-24,13.7800,14.1800,0.0282
002419.SZ,2020-05-13,8.6800,9.1000,0.0462
002419.SZ,2021-04-14,8.1000,8.3100,0.0253
002419.SZ,2022-04-20,6.6300,6.7900,0.0236
002419.SZ,2024-04-26,5.0300,5.1900,0.0308
002419.SZ,2025-05-23,5.4400,5.5000,0.0109
002421.SZ,2011-04-29,20.3200,26.4200,0.2309
002421.SZ,2012-04-10,15.3400,15.5400,0.0129
002421.SZ,2012-10-16,13.6500,27.3000,0.5000
002421.SZ,2015-05-12,21.6900,47.8100,0.5463
002421.SZ,2016-10-18,7.2300,21.6800,0.6665
002421.SZ,2021-06-02,3.7600,3.8000,0.0105
002421.SZ,2023-04-27,3.6600,3.7200,0.0161
002422.SZ,2011-04-29,63.7500,128.0000,0.5020
002422.SZ,2014-07-01,26.4000,39.8500,0.3375
002422.SZ,2015-07-22,20.3100,40.8600,0.5029
002422.SZ,2020-05-28,20.5700,20.9900,0.0200
002422.SZ,2021-07-15,18.8500,19.1700,0.0167
002422.SZ,2022-05-16,17.9000,18.3200,0.0229
002422.SZ,2023-05-15,29.9800,30.5900,0.0199
002422.SZ,2024-05-29,32.1400,32.9300,0.0240
002422.SZ,2025-06-13,38.7200,39.2200,0.0127
002423.SZ,2022-07-11,6.4600,6.6400,0.0271
002423.SZ,2023-07-11,7.8800,7.9600,0.0101
002423.SZ,2024-07-11,7.2500,7.3800,0.0176
002423.SZ,2025-07-11,13.0900,13.2500,0.0121
002424.SZ,2010-10-29,31.8500,51.4600,0.3811
002424.SZ,2011-07-15,21.2000,42.9900,0.5069
002424.SZ,2012-07-09,17.6300,17.8300,0.0112
002424.SZ,2013-03-29,16.9100,17.3100,0.0231
002424.SZ,2015-10-20,23.6700,71.0200,0.6667
002424.SZ,2020-05-29,8.4900,8.7100,0.0253
002425.SZ,2011-04-01,20.3900,40.9200,0.5017
002425.SZ,2013-04-02,7.4900,9.8000,0.2357
002425.SZ,2017-06-02,8.6100,13.8200,0.3770
002425.SZ,2018-06-27,4.6000,4.7000,0.0213
002426.SZ,2012-05-29,7.0700,7.1700,0.0139
002426.SZ,2013-05-09,9.5700,9.6700,0.0103
002426.SZ,2014-04-21,9.3300,18.7500,0.5024
002426.SZ,2016-06-21,10.1800,25.4900,0.6006
002427.SZ,2011-06-24,12.7800,16.7200,0.2356
002427.SZ,2015-05-07,12.2400,17.1900,0.2880
002427.SZ,2020-06-01,6.4500,7.0900,0.0903
002428.SZ,2011-05-27,46.6600,60.8100,0.2327
002428.SZ,2012-04-24,21.8800,43.8500,0.5010
002428.SZ,2013-05-13,14.6700,29.4400,0.5017
002429.SZ,2011-07-07,12.6100,19.2100,0.3436
002429.SZ,2012-05-08,12.4500,12.6500,0.0158
002429.SZ,2013-06-21,8.5800,13.0700,0.3435
002429.SZ,2014-06-11,7.6300,11.4400,0.3330
002429.SZ,2017-06-09,3.3000,8.2700,0.6010
002429.SZ,2023-06-14,5.4400,5.5200,0.0145
002429.SZ,2024-06-19,4.7900,4.9000,0.0224
002429.SZ,2025-06-11,4.3300,4.4400,0.0248
002430.SZ,2011-05-25,20.3200,30.6800,0.3377
002430.SZ,2012-05-07,14.7400,20.1000,0.2667
002430.SZ,2013-06-25,7.2600,7.4100,0.0202
002430.SZ,2019-06-13,12.4200,12.6000,0.0143
002430.SZ,2020-07-14,15.2700,15.4500,0.0117
002430.SZ,2022-04-29,24.7000,25.3000,0.0237
002430.SZ,2023-05-08,41.7800,42.5800,0.0188
002430.SZ,2024-05-15,26.0800,26.8800,0.0298
002430.SZ,2025-05-15,20.0700,20.3700,0.0147
002431.SZ,2010-10-21,65.2500,104.8000,0.3774
002431.SZ,2011-04-18,36.2300,72.5600,0.5007
002431.SZ,2013-05-22,21.7600,26.1600,0.1682
002431.SZ,2016-05-06,12.9600,32.4000,0.6000
002432.SZ,2011-05-27,11.6400,23.4800,0.5043
002432.SZ,2012-05-23,8.9000,9.0000,0.0111
002432.SZ,2013-05-31,9.8900,14.8400,0.3336
002432.SZ,2022-06-02,59.1800,59.8400,0.0110
002432.SZ,2023-06-13,37.9400,40.3700,0.0602
002434.SZ,2011-09-14,12.8500,25.6900,0.4998
002434.SZ,2012-05-18,9.0100,9.1100,0.0110
002434.SZ,2013-05-17,7.7900,7.8900,0.0127
002434.SZ,2014-04-22,10.6000,10.7500,0.0140
002434.SZ,2015-05-14,17.8500,26.9800,0.3384
002434.SZ,2016-04-11,11.4500,23.0500,0.5033
002434.SZ,2018-05-22,8.3500,8.5000,0.0176
002434.SZ,2019-07-02,6.9000,7.0500,0.0213
002434.SZ,2020-06-12,8.7300,8.8300,0.0113
002434.SZ,2021-05-19,8.0600,8.5000,0.0518
002434.SZ,2024-06-07,5.0500,5.3500,0.0561
002434.SZ,2025-06-19,6.8400,6.9400,0.0144
002436.SZ,2011-05-13,25.1500,50.7000,0.5039
002436.SZ,2012-05-31,16.0800,16.3800,0.0183
002436.SZ,2013-06-21,17.8300,18.1600,0.0182
002436.SZ,2015-05-20,24.1400,48.4800,0.5021
002436.SZ,2016-10-28,7.6400,22.9200,0.6667
002436.SZ,2019-04-22,5.6800,5.7400,0.0105
002437.SZ,2011-03-29,34.2500,68.9900,0.5036
002437.SZ,2013-05-28,25.6000,26.2000,0.0229
002437.SZ,2014-09-19,23.2900,58.2200,0.6000
002437.SZ,2016-06-03,9.6200,29.1000,0.6694
002438.SZ,2012-05-10,14.9500,30.0000,0.5017
002438.SZ,2017-06-06,8.3700,16.7800,0.5012
002438.SZ,2024-06-14,12.1300,12.2900,0.0130
002438.SZ,2025-06-18,12.0300,12.2000,0.0139
002439.SZ,2011-09-19,19.2400,38.4800,0.5000
002439.SZ,2014-05-14,14.8900,29.8700,0.5015
002439.SZ,2015-05-18,33.4800,67.0000,0.5003
002439.SZ,2024-07-02,16.8400,17.1100,0.0158
002440.SZ,2011-06-24,20.6900,27.4000,0.2449
002440.SZ,2012-07-04,14.4100,14.8100,0.0270
002440.SZ,2013-07-18,23.5600,23.9600,0.0167
002440.SZ,2013-10-15,16.4500,32.8900,0.4998
002440.SZ,2014-07-09,18.9000,19.2500,0.0182
002440.SZ,2015-06-19,30.5700,31.1200,0.0177
002440.SZ,2016-06-28,14.3700,14.7700,0.0271
002440.SZ,2017-06-29,15.1100,15.4600,0.0226
002440.SZ,2018-06-19,13.1900,20.2400,0.3483
002440.SZ,2019-06-06,12.1800,12.6800,0.0394
002440.SZ,2020-06-24,8.7600,9.1100,0.0384
002440.SZ,2021-06-17,9.3100,9.6500,0.0352
002440.SZ,2022-06-16,8.0400,8.3800,0.0406
002440.SZ,2023-06-20,6.6300,6.8700,0.0349
002440.SZ,2024-06-26,5.4500,5.6000,0.0268
002440.SZ,2025-06-18,7.7200,7.8700,0.0191
002441.SZ,2011-04-11,25.3200,51.1300,0.5048
002441.SZ,2012-05-09,15.7100,15.9600,0.0157
002441.SZ,2013-05-15,13.9200,14.2200,0.0211
002441.SZ,2014-05-16,13.6400,13.8900,0.0180
002441.SZ,2015-05-22,19.9300,40.1500,0.5036
002441.SZ,2018-06-27,7.2800,7.4000,0.0162
002441.SZ,2019-07-09,7.7500,7.9600,0.0264
002441.SZ,2020-07-09,8.6500,8.8700,0.0248
002441.SZ,2021-07-09,7.8500,8.1000,0.0309
002441.SZ,2022-07-08,9.1500,9.5000,0.0368
002441.SZ,2023-07-06,11.1200,11.4700,0.0305
002441.SZ,2024-06-26,7.3300,7.6300,0.0393
002441.SZ,2025-06-16,8.6400,8.9400,0.0336
002441.SZ,2025-12-16,9.1800,9.3800,0.0213
002442.SZ,2011-04-29,9.5800,15.5200,0.3827
002442.SZ,2012-04-11,6.2900,9.6400,0.3475
002442.SZ,2019-04-16,8.5100,8.6100,0.0116
002442.SZ,2022-06-22,5.2900,5.3900,0.0186
002442.SZ,2024-06-20,4.4600,4.5800,0.0262
002442.SZ,2025-06-10,6.1600,6.2800,0.0191
002443.SZ,2011-06-02,14.4600,18.9000,0.2349
002443.SZ,2012-06-05,6.9600,11.9900,0.4195
002443.SZ,2013-10-10,7.5500,9.1600,0.1758
002443.SZ,2014-06-20,5.6300,6.8500,0.1781
002443.SZ,2018-07-11,6.9800,7.0800,0.0141
002443.SZ,2019-07-12,6.9500,7.1500,0.0280
002443.SZ,2020-07-16,7.2000,7.5000,0.0400
002443.SZ,2021-07-08,6.0500,6.4000,0.0547
002443.SZ,2022-05-30,8.5400,8.9400,0.0447
002443.SZ,2024-06-28,5.3800,5.4400,0.0110
002443.SZ,2025-05-28,5.9800,6.1800,0.0324
002444.SZ,2011-04-26,19.9800,40.9600,0.5122
002444.SZ,2013-05-14,12.9700,13.2200,0.0189
002444.SZ,2013-09-13,7.5200,15.0300,0.4997
002444.SZ,2014-05-21,8.4800,8.5800,0.0117
002444.SZ,2019-12-10,9.8600,10.0500,0.0189
002445.SZ,2011-08-16,17.4200,35.7100,0.5122
002445.SZ,2015-07-13,28.8900,57.8000,0.5002
002445.SZ,2018-07-16,4.9400,8.4400,0.4147
002446.SZ,2011-05-31,18.3200,24.0100,0.2370
002446.SZ,2015-06-10,38.4500,84.6100,0.5456
002446.SZ,2017-06-09,11.5400,19.6700,0.4133
002448.SZ,2012-06-07,24.8000,25.1000,0.0120
002448.SZ,2013-07-22,13.0500,26.3900,0.5055
002448.SZ,2014-04-29,11.1900,11.3900,0.0176
002448.SZ,2015-06-04,21.6400,54.3000,0.6015
002448.SZ,2018-07-10,6.8500,6.9500,0.0144
002448.SZ,2019-07-10,5.4900,5.5900,0.0179
002448.SZ,2020-06-10,5.3900,5.4700,0.0146
002448.SZ,2021-06-15,5.7700,5.8700,0.0170
002448.SZ,2022-06-24,7.1100,7.2100,0.0139
002448.SZ,2023-06-20,6.7100,6.8200,0.0161
002448.SZ,2024-06-12,5.9400,6.0700,0.0214
002448.SZ,2025-06-27,8.3000,8.4300,0.0154
002449.SZ,2012-05-21,8.5600,17.3700,0.5072
002449.SZ,2013-05-16,7.6000,7.7000,0.0130
002449.SZ,2016-05-13,11.1800,11.3600,0.0158
002449.SZ,2017-05-16,15.6800,15.8800,0.0126
002449.SZ,2018-05-11,13.0900,17.3400,0.2451
002449.SZ,2019-05-15,13.7700,14.0700,0.0213
002449.SZ,2020-06-12,11.3300,11.6300,0.0258
002451.SZ,2012-06-15,7.7100,11.5700,0.3336
002451.SZ,2014-04-24,6.3500,12.6900,0.4996
002452.SZ,2012-05-23,12.8500,16.8600,0.2378
002452.SZ,2014-04-25,8.2900,16.6800,0.5030
002452.SZ,2015-04-30,10.8800,21.8600,0.5023
002452.SZ,2021-05-25,5.6400,5.7100,0.0123
002452.SZ,2022-06-10,6.2200,6.2900,0.0111
002452.SZ,2025-05-28,6.8600,6.9400,0.0115
002453.SZ,2012-09-25,9.6200,19.2400,0.5000
002453.SZ,2013-05-16,11.7900,11.9400,0.0126
002453.SZ,2014-04-21,6.1300,12.3000,0.5016
002454.SZ,2011-06-03,17.7700,23.6000,0.2470
002454.SZ,2012-06-27,11.8500,12.1500,0.0247
002454.SZ,2014-06-09,11.4100,15.1300,0.2459
002454.SZ,2015-06-17,27.2800,27.5800,0.0109
002454.SZ,2018-05-28,6.4700,9.8000,0.3398
002454.SZ,2019-06-03,5.1600,5.2200,0.0115
002454.SZ,2020-06-09,4.8700,4.9300,0.0122
002454.SZ,2021-05-12,5.1700,5.2500,0.0152
002454.SZ,2024-06-14,5.6400,5.7000,0.0105
002454.SZ,2025-06-13,7.5700,7.6700,0.0130
002454.SZ,2025-11-20,8.5700,8.7200,0.0172
002455.SZ,2011-05-26,18.3300,27.8000,0.3406
002455.SZ,2014-05-27,8.0400,14.6800,0.4523
002455.SZ,2015-05-12,9.9300,20.1000,0.5060
002455.SZ,2016-05-26,7.8000,7.9000,0.0127
002455.SZ,2018-05-29,7.9900,8.0900,0.0124
002455.SZ,2019-05-29,6.2900,6.3900,0.0156
002455.SZ,2020-05-29,4.8100,4.9400,0.0263
002455.SZ,2021-05-27,6.7300,6.8300,0.0146
002456.SZ,2011-04-29,24.7200,49.5900,0.5015
002456.SZ,2013-04-16,40.5800,81.3600,0.5012
002456.SZ,2014-04-22,23.4500,47.0900,0.5020
002456.SZ,2017-06-12,16.7600,42.0000,0.6010
002457.SZ,2011-05-17,17.5000,28.3000,0.3816
002457.SZ,2012-05-11,10.6000,16.0000,0.3375
002457.SZ,2019-05-29,8.2800,8.3800,0.0119
002457.SZ,2020-05-29,6.9900,7.1400,0.0210
002457.SZ,2021-05-27,9.0900,9.2700,0.0194
002457.SZ,2022-04-28,9.1200,9.3000,0.0194
002457.SZ,2023-05-04,8.5500,8.7500,0.0229
002457.SZ,2024-05-14,8.0300,8.1200,0.0111
002457.SZ,2024-08-29,8.4700,8.5600,0.0105
002457.SZ,2025-05-23,11.5400,11.6600,0.0103
002458.SZ,2011-05-24,24.8100,32.5500,0.2378
002458.SZ,2012-05-04,16.0600,33.1200,0.5151
002458.SZ,2019-04-09,23.3500,39.8900,0.4146
002458.SZ,2019-09-27,21.3200,21.6200,0.0139
002458.SZ,2020-03-19,18.2900,32.1000,0.4302
002458.SZ,2024-05-27,10.1400,10.3400,0.0193
002458.SZ,2025-01-10,8.6900,8.7900,0.0114
002458.SZ,2025-05-15,8.2500,8.3500,0.0120
002458.SZ,2025-09-10,8.9300,9.0800,0.0165
002459.SZ,2011-05-24,16.6300,22.0200,0.2448
002459.SZ,2022-06-17,69.1800,97.0000,0.2868
002459.SZ,2023-04-25,37.7000,53.0200,0.2889
002459.SZ,2024-05-30,15.5400,16.1000,0.0348
002460.SZ,2011-05-27,28.1700,42.6600,0.3397
002460.SZ,2014-07-04,18.1800,36.5000,0.5019
002460.SZ,2016-06-24,33.3600,66.8600,0.5010
002460.SZ,2018-05-29,45.7500,69.0300,0.3372
002460.SZ,2019-07-26,21.9800,22.2800,0.0135
002460.SZ,2022-07-04,111.9100,156.9700,0.2871
002460.SZ,2023-07-12,61.2200,62.2200,0.0161
002460.SZ,2024-07-24,27.1200,27.9200,0.0287
002461.SZ,2018-05-14,5.8400,11.7800,0.5042
002461.SZ,2019-05-15,6.8100,6.9100,0.0145
002461.SZ,2020-05-15,8.5100,8.6100,0.0116
002461.SZ,2022-06-10,7.8100,7.9300,0.0151
002461.SZ,2023-06-09,8.7300,8.8500,0.0136
002461.SZ,2024-06-07,7.8500,7.9700,0.0151
002461.SZ,2025-06-12,11.2900,11.4600,0.0148
002462.SZ,2011-07-04,11.5500,17.5200,0.3408
002462.SZ,2012-06-18,8.9200,9.0700,0.0165
002462.SZ,2013-06-18,11.4300,11.5500,0.0104
002462.SZ,2020-06-30,13.4600,13.8600,0.0289
002462.SZ,2021-06-18,13.3100,13.6400,0.0242
002462.SZ,2022-06-24,13.6700,14.0400,0.0264
002462.SZ,2023-06-30,13.5300,13.8400,0.0224
002462.SZ,2024-06-27,10.9500,11.2100,0.0232
002462.SZ,2025-06-30,13.3300,13.5000,0.0126
002463.SZ,2011-05-20,12.0000,14.6000,0.1781
002463.SZ,2012-04-10,5.1100,7.2500,0.2952
002463.SZ,2013-04-24,3.8800,4.8500,0.2000
002463.SZ,2014-06-27,3.0800,3.8000,0.1895
002463.SZ,2017-05-22,4.4400,4.4900,0.0111
002463.SZ,2018-05-10,4.4500,4.5000,0.0111
002463.SZ,2021-07-16,13.3400,14.8700,0.1029
002463.SZ,2022-05-13,13.7300,13.8800,0.0108
002463.SZ,2024-05-20,31.9100,32.4100,0.0154
002463.SZ,2025-05-14,30.7800,31.2800,0.0160
002465.SZ,2011-05-26,29.6900,30.2900,0.0198
002465.SZ,2012-05-04,25.3200,25.9200,0.0231
002465.SZ,2013-09-30,18.9000,37.8000,0.5000
002465.SZ,2014-04-30,12.6900,19.1400,0.3370
002465.SZ,2015-09-25,13.2900,26.5700,0.4998
002465.SZ,2016-05-30,11.2300,11.3800,0.0132
002465.SZ,2019-05-31,9.7500,9.8700,0.0122
002465.SZ,2020-05-29,11.8400,11.9600,0.0100
002465.SZ,2021-05-24,9.7300,9.8600,0.0132
002465.SZ,2022-05-12,9.0200,9.1700,0.0164
002465.SZ,2023-05-11,9.5500,9.7000,0.0155
002465.SZ,2024-05-31,10.5400,10.6900,0.0140
002466.SZ,2011-05-24,29.5000,44.3500,0.3348
002466.SZ,2016-05-27,47.7100,181.6000,0.7373
002466.SZ,2017-12-26,52.0400,58.1300,0.1048
002466.SZ,2019-12-26,24.4500,29.0600,0.1586
002466.SZ,2023-06-30,68.3100,71.3100,0.0421
002466.SZ,2024-06-07,34.4500,35.8000,0.0377
002467.SZ,2011-06-01,25.6400,26.0400,0.0154
002467.SZ,2012-06-01,13.6100,27.6200,0.5072
002467.SZ,2013-05-31,20.7400,21.0400,0.0143
002467.SZ,2014-05-30,11.4500,23.3000,0.5086
002467.SZ,2015-05-06,16.3500,24.7000,0.3381
002467.SZ,2019-05-15,7.2500,12.4300,0.4167
002467.SZ,2021-06-04,4.5000,4.6500,0.0323
002467.SZ,2023-05-15,5.0500,5.2100,0.0307
002468.SZ,2011-04-07,19.3200,23.4800,0.1772
002468.SZ,2012-04-24,8.2800,10.1900,0.1874
002468.SZ,2013-05-10,6.9700,8.3600,0.1663
002468.SZ,2014-06-04,7.3100,8.7800,0.1674
002468.SZ,2019-05-30,24.3200,24.8200,0.0201
002469.SZ,2011-04-29,33.8300,57.8100,0.4148
002469.SZ,2012-03-29,19.6100,29.5100,0.3355
002469.SZ,2013-04-03,15.4000,23.2000,0.3362
002469.SZ,2014-04-16,11.5200,15.0700,0.2356
002469.SZ,2016-04-27,9.5600,14.4900,0.3402
002469.SZ,2017-04-27,7.9700,8.0700,0.0124
002469.SZ,2019-04-26,4.7200,4.8200,0.0207
002469.SZ,2020-05-26,4.4400,4.5400,0.0220
002469.SZ,2021-04-30,5.9100,6.0600,0.0248
002469.SZ,2022-04-28,4.9400,5.1900,0.0482
002469.SZ,2023-05-25,6.5600,6.8100,0.0367
002469.SZ,2024-04-26,5.6200,5.9200,0.0507
002469.SZ,2024-09-06,4.7800,4.8800,0.0205
002469.SZ,2025-04-30,9.4100,9.7100,0.0309
002469.SZ,2025-09-19,8.7500,8.8500,0.0113
002470.SZ,2015-05-22,29.0500,58.2500,0.5013
002470.SZ,2016-05-12,7.9100,15.9200,0.5031
002470.SZ,2017-07-17,7.5100,7.6100,0.0131
002470.SZ,2018-06-19,7.3900,7.4700,0.0107
002471.SZ,2011-05-06,16.4600,21.7000,0.2415
002471.SZ,2012-06-05,12.9000,13.0500,0.0115
002471.SZ,2013-06-18,6.8400,13.8700,0.5068
002471.SZ,2014-06-18,8.2000,8.3000,0.0120
002471.SZ,2015-10-20,7.6300,19.0900,0.6003
002471.SZ,2024-08-23,1.9300,1.9600,0.0153
002472.SZ,2011-05-31,19.2800,35.0000,0.4491
002472.SZ,2012-05-16,10.1100,13.4400,0.2478
002472.SZ,2014-06-09,9.4000,9.5000,0.0105
002472.SZ,2016-09-26,12.4000,24.8000,0.5000
002472.SZ,2019-06-06,5.5200,5.5800,0.0108
002474.SZ,2011-04-29,39.6000,40.2000,0.0149
002474.SZ,2012-04-24,17.4000,35.1000,0.5043
002474.SZ,2013-04-19,9.8200,14.8800,0.3401
002474.SZ,2014-05-08,6.2800,12.6100,0.5020
002475.SZ,2011-05-26,31.8400,48.0600,0.3375
002475.SZ,2012-06-08,24.8600,35.0000,0.2897
002475.SZ,2013-06-21,21.5100,32.3700,0.3355
002475.SZ,2014-05-21,28.0900,39.4000,0.2871
002475.SZ,2015-06-19,35.3100,53.0500,0.3344
002475.SZ,2016-06-13,19.5400,29.4000,0.3354
002475.SZ,2017-07-06,19.2800,29.0000,0.3352
002475.SZ,2018-07-17,18.8200,24.5200,0.2325
002475.SZ,2019-07-05,19.6200,25.5600,0.2324
002475.SZ,2020-06-17,42.4200,55.2700,0.2325
002476.SZ,2011-05-26,16.3900,24.6900,0.3362
002476.SZ,2012-06-04,6.9800,14.0000,0.5014
002476.SZ,2013-05-27,8.2600,14.0900,0.4138
002478.SZ,2013-06-21,10.0000,10.1800,0.0177
002478.SZ,2014-06-27,9.0500,9.2500,0.0216
002478.SZ,2015-05-04,17.0000,17.2000,0.0116
002478.SZ,2016-05-06,11.6400,11.8400,0.0169
002478.SZ,2017-04-26,6.9700,14.9400,0.5335
002478.SZ,2018-07-04,4.3700,4.4700,0.0224
002478.SZ,2019-07-17,6.2900,6.4100,0.0187
002478.SZ,2020-07-15,5.2400,5.3700,0.0242
002478.SZ,2021-05-28,4.1400,4.2400,0.0236
002478.SZ,2022-06-01,4.1900,4.2700,0.0187
002478.SZ,2023-05-17,6.5000,6.6800,0.0269
002478.SZ,2024-05-24,5.7000,5.9800,0.0468
002478.SZ,2025-05-28,5.1400,5.3600,0.0410
002479.SZ,2011-03-09,23.5000,47.5000,0.5053
002479.SZ,2012-02-17,16.8100,17.2100,0.0232
002479.SZ,2013-03-28,9.7600,16.9000,0.4225
002479.SZ,2016-05-03,11.0900,11.2400,0.0133
002479.SZ,2018-06-13,6.2000,6.3000,0.0159
002479.SZ,2020-06-04,6.0000,6.1500,0.0244
002479.SZ,2021-05-19,6.5100,6.6600,0.0225
002479.SZ,2022-05-17,4.5600,4.7600,0.0420
002479.SZ,2023-05-05,4.6000,4.8000,0.0417
002479.SZ,2024-05-23,4.0700,4.2200,0.0355
002479.SZ,2025-05-27,5.0000,5.1500,0.0291
002480.SZ,2011-05-13,30.8500,62.0000,0.5024
002480.SZ,2012-05-23,11.9000,12.1000,0.0165
002480.SZ,2014-05-15,6.4300,12.8500,0.4996
002481.SZ,2011-03-02,29.6000,59.4900,0.5024
002481.SZ,2012-05-11,14.4200,26.0000,0.4454
002481.SZ,2013-07-04,10.8800,21.7800,0.5005
002481.SZ,2015-10-27,13.8800,34.7100,0.6001
002482.SZ,2011-05-20,33.3300,66.8500,0.5014
002482.SZ,2012-06-05,16.1900,26.0000,0.3773
002482.SZ,2014-06-25,11.6700,11.8200,0.0127
002482.SZ,2016-06-27,7.5600,19.0100,0.6023
002483.SZ,2011-04-29,16.2600,29.2600,0.4443
002483.SZ,2013-07-10,6.6500,6.7700,0.0177
002483.SZ,2014-04-29,9.6600,9.7800,0.0123
002483.SZ,2017-05-24,6.7400,10.8900,0.3811
002483.SZ,2018-06-22,3.9000,3.9500,0.0127
002483.SZ,2019-07-04,4.3000,4.3500,0.0115
002483.SZ,2020-06-15,4.4500,4.5000,0.0111
002483.SZ,2021-05-31,4.7700,4.8200,0.0104
002483.SZ,2024-05-15,5.5000,5.6000,0.0179
002483.SZ,2025-06-06,5.9700,6.2700,0.0478
002484.SZ,2011-06-01,24.1000,24.4700,0.0151
002484.SZ,2012-05-23,13.1500,17.1000,0.2310
002484.SZ,2014-05-21,14.0300,22.6000,0.3792
002484.SZ,2016-05-11,11.8900,19.1200,0.3781
002484.SZ,2017-05-16,9.6500,12.6500,0.2372
002484.SZ,2019-06-06,6.2700,6.3500,0.0126
002484.SZ,2024-06-17,14.0500,14.3100,0.0182
002484.SZ,2025-05-30,18.6500,18.9100,0.0137
002485.SZ,2011-06-23,21.1400,21.6400,0.0231
002485.SZ,2012-05-16,12.4100,20.3500,0.3902
002485.SZ,2013-04-10,7.0900,7.2900,0.0274
002485.SZ,2018-06-12,14.2200,24.1700,0.4117
002486.SZ,2011-05-27,14.0800,14.2300,0.0105
002486.SZ,2012-06-06,7.9800,8.1000,0.0148
002486.SZ,2013-04-11,4.0900,8.2500,0.5042
002486.SZ,2014-04-23,3.9100,7.8900,0.5044
002487.SZ,2012-05-16,11.7100,17.6700,0.3373
002487.SZ,2013-04-17,5.1400,10.3100,0.5015
002487.SZ,2015-04-08,11.5300,17.3000,0.3335
002488.SZ,2011-04-06,16.1300,24.5000,0.3416
002488.SZ,2012-06-21,9.0700,9.3700,0.0320
002488.SZ,2013-05-21,8.2000,8.3500,0.0180
002488.SZ,2015-05-20,36.8400,92.3000,0.6009
002488.SZ,2018-10-12,6.9300,10.5400,0.3425
002489.SZ,2011-04-28,33.7500,34.7500,0.0288
002489.SZ,2012-05-04,12.9000,26.6900,0.5167
002489.SZ,2013-05-17,9.9900,10.3400,0.0338
002489.SZ,2014-05-16,10.1800,10.6800,0.0468
002489.SZ,2015-05-21,37.6900,49.5000,0.2386
002489.SZ,2015-09-24,8.1000,28.7100,0.7179
002489.SZ,2019-06-04,3.4600,3.5200,0.0170
002489.SZ,2020-05-21,3.7800,3.9000,0.0308
002489.SZ,2021-05-26,3.5100,3.6600,0.0410
002489.SZ,2025-06-06,3.8200,3.8600,0.0104
002490.SZ,2012-07-20,8.1000,16.3000,0.5031
002491.SZ,2012-05-18,12.1400,12.3400,0.0162
002491.SZ,2013-05-17,13.5700,13.8700,0.0216
002491.SZ,2014-05-27,11.2700,14.8500,0.2411
002491.SZ,2015-05-20,26.2200,78.7600,0.6671
002492.SZ,2011-05-13,17.1000,17.3000,0.0116
002492.SZ,2013-03-22,12.5000,12.6500,0.0119
002492.SZ,2014-04-02,9.1800,18.3900,0.5008
002492.SZ,2017-04-28,7.9900,12.0400,0.3364
002492.SZ,2023-05-12,5.9500,6.0300,0.0133
002492.SZ,2024-05-24,4.7600,4.8800,0.0246
002493.SZ,2011-04-15,37.9300,76.6600,0.5052
002493.SZ,2012-04-26,18.1500,18.6500,0.0268
002493.SZ,2013-05-29,9.7300,9.8300,0.0102
002493.SZ,2014-05-16,7.8000,7.9000,0.0127
002493.SZ,2015-09-25,7.2000,14.3900,0.4997
002493.SZ,2017-05-18,9.2100,13.9400,0.3393
002493.SZ,2018-05-08,10.2200,15.4500,0.3385
002493.SZ,2020-05-28,11.5100,11.6300,0.0103
002493.SZ,2021-06-01,17.5200,26.4300,0.3371
002493.SZ,2023-05-26,11.8800,12.0300,0.0125
002493.SZ,2025-05-28,8.6400,8.7300,0.0103
002494.SZ,2013-04-09,12.5700,12.7700,0.0157
002494.SZ,2014-05-22,11.9500,15.6400,0.2359
002494.SZ,2015-04-09,13.8400,27.6800,0.5000
002495.SZ,2011-05-27,13.0600,23.7000,0.4489
002495.SZ,2012-06-28,6.2100,9.5600,0.3504
002495.SZ,2013-06-07,5.5000,5.6000,0.0179
002495.SZ,2014-05-30,7.9600,8.0500,0.0112
002495.SZ,2015-03-10,9.6600,23.1000,0.5818
002495.SZ,2016-09-26,6.9500,9.7300,0.2857
002496.SZ,2011-05-19,21.8600,35.5700,0.3854
002496.SZ,2013-05-16,14.6500,22.2800,0.3425
002496.SZ,2014-04-30,12.0400,15.7900,0.2375
002496.SZ,2015-03-24,24.4300,27.3000,0.1051
002496.SZ,2016-05-31,6.5000,24.8100,0.7380
002496.SZ,2017-06-27,4.9300,4.9800,0.0100
002496.SZ,2018-07-18,2.8500,2.8800,0.0104
002497.SZ,2011-04-27,19.7200,39.7300,0.5036
002497.SZ,2012-04-26,15.1500,15.4500,0.0194
002497.SZ,2012-10-17,10.1200,15.1800,0.3333
002497.SZ,2013-05-08,12.9800,13.1800,0.0152
002497.SZ,2014-05-09,8.8900,9.1400,0.0274
002497.SZ,2015-05-08,8.4600,17.0200,0.5029
002497.SZ,2023-06-29,17.4100,17.8800,0.0263
002498.SZ,2011-06-16,19.0700,28.8100,0.3381
002498.SZ,2012-10-19,9.0900,9.2400,0.0162
002498.SZ,2013-06-18,7.0900,10.7900,0.3429
002498.SZ,2014-06-12,6.9700,7.1000,0.0183
002498.SZ,2015-10-16,7.1500,22.4700,0.6818
002498.SZ,2017-06-28,3.6300,3.6700,0.0109
002498.SZ,2018-06-07,2.6400,2.6800,0.0149
002498.SZ,2019-06-18,2.8700,2.9100,0.0137
002498.SZ,2021-06-22,3.5400,3.5800,0.0112
002498.SZ,2022-06-15,3.8300,3.8700,0.0103
002498.SZ,2024-06-12,3.5400,3.5800,0.0112
002498.SZ,2025-06-17,3.3300,3.3700,0.0119
002500.SZ,2011-06-10,8.7500,8.9000,0.0169
002500.SZ,2014-06-05,6.4500,6.5300,0.0123
002500.SZ,2016-07-13,16.6000,16.8000,0.0119
002500.SZ,2018-06-08,7.3900,7.4800,0.0120
002500.SZ,2020-05-29,6.9200,7.0200,0.0142
002500.SZ,2020-06-29,6.1000,6.3900,0.0454
002500.SZ,2021-06-25,6.6700,6.7800,0.0162
002500.SZ,2022-06-29,5.5800,5.7000,0.0211
002500.SZ,2023-06-30,5.5200,5.6000,0.0143
002500.SZ,2024-06-28,4.7300,4.8200,0.0187
002501.SZ,2011-05-03,24.5900,49.4700,0.5029
002501.SZ,2012-04-19,18.7500,18.9500,0.0106
002501.SZ,2013-04-15,12.8200,23.3000,0.4498
002501.SZ,2014-05-20,12.4800,12.6100,0.0103
002501.SZ,2015-04-09,19.7200,39.6200,0.5023
002506.SZ,2011-04-18,24.2000,48.7900,0.5040
002506.SZ,2012-07-06,7.1400,11.5300,0.3807
002506.SZ,2015-08-12,1.2200,1.9100,0.3613
002507.SZ,2011-06-03,18.8000,19.1000,0.0157
002507.SZ,2012-05-11,18.7800,19.1300,0.0183
002507.SZ,2013-06-07,23.6500,24.0000,0.0146
002507.SZ,2014-07-10,23.4600,30.7000,0.2358
002507.SZ,2015-07-03,22.7600,36.5200,0.3768
002507.SZ,2016-05-11,10.7400,17.3900,0.3824
002507.SZ,2017-05-26,10.9300,16.5000,0.3376
002507.SZ,2022-05-18,33.9300,34.2800,0.0102
002507.SZ,2023-06-16,18.8400,24.8700,0.2425
002507.SZ,2024-06-18,12.8900,13.1900,0.0227
002507.SZ,2025-06-04,13.2600,13.6800,0.0307
002507.SZ,2026-01-16,12.9000,13.1000,0.0153
002508.SZ,2011-05-13,18.8400,30.4500,0.3813
002508.SZ,2012-04-26,17.1700,17.3700,0.0115
002508.SZ,2014-05-16,30.0800,38.1000,0.2105
002508.SZ,2015-05-14,37.9900,57.4900,0.3392
002508.SZ,2016-06-02,33.8000,51.3000,0.3411
002508.SZ,2017-05-10,40.9200,53.7000,0.2380
002508.SZ,2018-05-15,37.2900,38.0400,0.0197
002508.SZ,2019-05-27,26.2500,27.0500,0.0296
002508.SZ,2020-06-01,33.5300,34.0300,0.0147
002508.SZ,2021-05-31,43.8900,44.3900,0.0113
002508.SZ,2022-06-16,28.5000,29.0000,0.0172
002508.SZ,2023-05-30,24.0000,24.5000,0.0204
002508.SZ,2024-01-10,20.8500,21.3500,0.0234
002508.SZ,2024-05-29,24.7400,25.2400,0.0198
002508.SZ,2024-09-05,17.9800,18.4800,0.0271
002508.SZ,2025-06-04,19.0900,19.5900,0.0255
002508.SZ,2025-09-12,19.7700,20.2700,0.0247
002510.SZ,2012-05-10,11.3900,11.5400,0.0130
002510.SZ,2013-05-08,9.1600,9.3100,0.0161
002510.SZ,2014-05-08,7.4200,15.0200,0.5060
002510.SZ,2016-04-29,6.8300,13.7500,0.5033
002511.SZ,2012-06-19,16.6200,21.8000,0.2376
002511.SZ,2013-06-27,12.4100,18.7700,0.3388
002511.SZ,2014-06-05,8.0800,10.5000,0.2305
002511.SZ,2015-06-05,14.1800,17.0300,0.1674
002511.SZ,2017-06-01,11.7900,17.7800,0.3369
002511.SZ,2018-05-17,9.3000,15.9100,0.4155
002512.SZ,2011-06-29,15.2600,27.7500,0.4501
002512.SZ,2012-06-14,9.5500,14.4200,0.3377
002512.SZ,2015-09-22,14.0000,35.0100,0.6001
002513.SZ,2011-09-30,20.5300,37.2600,0.4490
002513.SZ,2012-04-27,11.0900,17.9500,0.3822
002513.SZ,2013-06-14,9.7700,9.8700,0.0101
002514.SZ,2011-06-07,26.7900,27.3700,0.0212
002514.SZ,2012-06-11,11.8000,18.8800,0.3750
002514.SZ,2014-04-28,11.1900,22.5800,0.5044
002514.SZ,2016-05-27,12.0900,24.1700,0.4998
002515.SZ,2011-05-12,28.7700,37.6000,0.2348
002515.SZ,2012-05-09,15.0900,22.7800,0.3376
002515.SZ,2015-05-22,35.9100,71.9000,0.5006
002515.SZ,2016-04-14,9.5900,16.3500,0.4135
002515.SZ,2017-05-22,8.7700,14.0300,0.3749
002516.SZ,2011-06-08,13.8200,17.3800,0.2048
002516.SZ,2012-05-29,8.4400,8.6400,0.0231
002516.SZ,2013-06-14,7.5600,7.6800,0.0156
002516.SZ,2014-06-12,10.9700,11.1700,0.0179
002516.SZ,2015-05-15,15.6800,39.2900,0.6009
002516.SZ,2016-05-27,5.9600,11.9700,0.5021
002516.SZ,2018-05-25,4.4900,4.5900,0.0218
002516.SZ,2018-09-26,3.2500,3.4500,0.0580
002516.SZ,2019-05-17,3.2800,3.5200,0.0682
002516.SZ,2020-05-22,3.1800,3.4300,0.0729
002516.SZ,2021-05-20,3.2600,3.3100,0.0151
002516.SZ,2022-05-17,4.1600,4.2100,0.0119
002516.SZ,2023-05-09,4.7100,4.9100,0.0407
002516.SZ,2024-04-22,4.2200,4.3200,0.0231
002516.SZ,2025-04-25,4.5800,4.6600,0.0172
002517.SZ,2011-05-18,20.8000,21.1000,0.0142
002517.SZ,2012-05-29,9.8500,19.8900,0.5048
002517.SZ,2017-09-27,18.2300,36.5500,0.5012
002517.SZ,2018-06-13,8.8700,13.4200,0.3390
002517.SZ,2024-09-03,8.7800,8.8800,0.0113
002518.SZ,2012-05-14,11.8700,21.6700,0.4522
002518.SZ,2013-05-16,11.6400,11.7900,0.0127
002518.SZ,2014-04-10,18.2900,25.7000,0.2883
002518.SZ,2016-04-28,24.0100,36.2700,0.3380
002518.SZ,2017-04-27,13.1100,17.2400,0.2396
002518.SZ,2018-06-01,12.5000,12.7000,0.0157
002518.SZ,2019-04-26,10.8600,11.0600,0.0181
002518.SZ,2020-04-30,11.3800,11.5800,0.0173
002518.SZ,2021-06-02,12.7100,12.9100,0.0155
002518.SZ,2022-05-26,22.5100,22.7600,0.0110
002518.SZ,2024-05-16,21.2100,21.6600,0.0208
002518.SZ,2025-05-27,22.0800,22.3100,0.0103
002519.SZ,2011-04-29,21.2400,42.9700,0.5057
002519.SZ,2012-05-30,14.4200,14.8200,0.0270
002519.SZ,2013-04-24,9.7100,15.0700,0.3557
002519.SZ,2014-11-21,24.6800,25.0800,0.0159
002519.SZ,2015-05-14,18.8100,38.0100,0.5051
002519.SZ,2016-05-24,20.7000,20.9500,0.0119
002519.SZ,2017-05-26,8.7200,14.9700,0.4175
002519.SZ,2023-04-28,4.9000,5.0000,0.0200
002519.SZ,2024-04-23,5.1400,5.2400,0.0191
002520.SZ,2011-05-03,31.5700,48.3600,0.3472
002520.SZ,2012-05-15,18.1700,28.2600,0.3570
002520.SZ,2013-05-14,9.0300,14.3400,0.3703
002520.SZ,2015-05-21,28.1700,42.3500,0.3348
002520.SZ,2016-06-08,13.3900,20.1400,0.3352
002520.SZ,2019-06-28,7.5200,7.6200,0.0131
002521.SZ,2011-05-09,19.7200,27.7100,0.2883
002521.SZ,2012-04-26,14.1200,14.4200,0.0208
002521.SZ,2013-04-17,7.2500,14.7900,0.5098
002521.SZ,2014-05-12,8.5700,8.7700,0.0228
002521.SZ,2015-06-18,19.8300,20.1300,0.0149
002521.SZ,2016-05-18,8.6100,8.8100,0.0227
002521.SZ,2017-05-10,10.5300,10.8300,0.0277
002521.SZ,2018-05-10,7.6700,7.8700,0.0254
002521.SZ,2020-05-28,5.1700,5.2700,0.0190
002521.SZ,2021-05-20,6.8700,6.9700,0.0143
002521.SZ,2022-05-31,5.1300,5.2300,0.0191
002521.SZ,2023-06-19,6.1600,6.2600,0.0160
002521.SZ,2024-05-17,13.7500,13.9500,0.0143
002521.SZ,2025-05-19,9.1800,9.4800,0.0316
002521.SZ,2025-09-17,9.5800,9.6800,0.0103
002522.SZ,2011-05-11,24.0000,38.6000,0.3782
002522.SZ,2012-05-02,19.4600,19.7600,0.0152
002522.SZ,2013-05-08,15.8500,16.6500,0.0480
002522.SZ,2014-01-20,13.0100,14.9900,0.1321
002522.SZ,2014-05-22,6.7400,13.7800,0.5109
002522.SZ,2015-05-06,30.1000,60.3000,0.5008
002522.SZ,2020-05-28,6.0700,6.1400,0.0114
002522.SZ,2021-04-26,5.6600,5.7400,0.0139
002523.SZ,2012-05-21,6.5500,10.5800,0.3809
002523.SZ,2013-05-13,4.6100,6.0400,0.2368
002523.SZ,2015-04-20,8.3000,10.8400,0.2343
002523.SZ,2016-05-11,5.3100,8.0200,0.3379
002523.SZ,2017-05-11,5.3900,6.4900,0.1695
002523.SZ,2018-05-11,4.0900,5.7700,0.2912
002523.SZ,2020-05-29,2.4100,2.4400,0.0123
002524.SZ,2011-04-27,15.9200,31.8900,0.5008
002524.SZ,2012-05-15,7.5000,9.0200,0.1685
002524.SZ,2013-05-28,7.4700,14.2200,0.4747
002526.SZ,2011-05-11,24.4800,24.7800,0.0121
002526.SZ,2012-05-22,7.3600,14.7400,0.5007
002526.SZ,2018-05-28,3.7200,6.3300,0.4123
002526.SZ,2018-09-20,2.8500,4.8500,0.4124
002527.SZ,2012-06-14,13.0300,13.1900,0.0121
002527.SZ,2013-07-11,10.2500,17.6100,0.4179
002527.SZ,2015-06-12,30.5200,45.9500,0.3358
002527.SZ,2018-06-29,6.9300,7.0000,0.0100
002527.SZ,2022-06-14,6.2700,6.3400,0.0110
002528.SZ,2011-07-05,22.5100,36.3200,0.3802
002528.SZ,2012-07-13,9.4600,14.3900,0.3426
002528.SZ,2013-06-07,9.9600,10.1600,0.0197
002528.SZ,2014-05-28,12.8500,16.9000,0.2396
002528.SZ,2015-06-19,17.1900,25.8900,0.3360
002528.SZ,2016-05-23,8.1500,10.5900,0.2304
002529.SZ,2011-05-05,18.3400,18.6500,0.0166
002529.SZ,2012-06-04,11.0000,11.1900,0.0170
002529.SZ,2015-04-21,12.4100,15.5100,0.1999
002530.SZ,2011-05-13,15.5500,15.7500,0.0127
002530.SZ,2012-03-30,7.7100,15.5400,0.5039
002530.SZ,2013-04-02,5.8700,5.9300,0.0101
002530.SZ,2018-06-08,12.6000,20.2100,0.3765
002531.SZ,2011-06-17,18.3000,18.5000,0.0108
002531.SZ,2012-06-06,15.2000,15.4000,0.0130
002531.SZ,2013-05-20,10.2900,20.8800,0.5072
002531.SZ,2014-06-05,13.1800,13.3300,0.0113
002531.SZ,2015-05-26,16.0600,32.2100,0.5014
002531.SZ,2016-06-15,6.1800,11.1800,0.4472
002531.SZ,2017-06-07,6.8600,6.9800,0.0172
002531.SZ,2020-07-10,6.4400,6.5400,0.0153
002531.SZ,2021-07-02,8.1800,8.3300,0.0180
002532.SZ,2011-05-11,18.8500,37.8000,0.5013
002532.SZ,2014-05-22,9.6800,19.4600,0.5026
002532.SZ,2017-06-06,8.3800,13.4600,0.3774
002532.SZ,2018-05-09,6.1000,6.3000,0.0317
002532.SZ,2019-05-07,6.4200,6.6200,0.0302
002532.SZ,2021-07-01,8.1900,8.3900,0.0238
002532.SZ,2021-12-22,8.4100,8.6100,0.0232
002532.SZ,2022-06-21,6.7000,6.9000,0.0290
002532.SZ,2023-04-19,8.0900,8.2900,0.0241
002532.SZ,2024-05-22,8.3400,8.4900,0.0177
002532.SZ,2024-11-21,8.5100,8.7100,0.0230
002532.SZ,2025-05-22,8.0100,8.2100,0.0244
002532.SZ,2025-10-30,13.6000,13.8000,0.0145
002533.SZ,2011-04-25,17.4500,35.0900,0.5027
002533.SZ,2012-04-09,7.0300,8.5400,0.1768
002533.SZ,2013-06-17,5.7400,5.8600,0.0205
002533.SZ,2014-04-29,4.3300,7.0400,0.3849
002533.SZ,2017-05-10,8.0300,8.1800,0.0183
002533.SZ,2018-05-21,5.6600,5.7600,0.0174
002533.SZ,2019-05-08,5.1200,5.2700,0.0285
002533.SZ,2020-05-19,5.5700,5.8200,0.0430
002533.SZ,2021-05-26,5.2900,5.5400,0.0451
002533.SZ,2022-05-11,6.1200,6.4200,0.0467
002533.SZ,2023-05-19,7.8300,8.1800,0.0428
002533.SZ,2024-05-22,9.5500,9.9500,0.0402
002533.SZ,2024-10-30,9.8200,10.0200,0.0200
002533.SZ,2025-05-22,9.7500,10.0000,0.0250
002534.SZ,2011-05-05,25.6600,25.9600,0.0116
002534.SZ,2012-05-11,19.9300,20.2300,0.0148
002534.SZ,2013-04-25,13.2000,13.5000,0.0222
002534.SZ,2014-04-29,10.8200,10.9700,0.0137
002534.SZ,2016-05-06,10.7700,16.2600,0.3376
002534.SZ,2017-05-25,9.4600,11.5000,0.1774
002534.SZ,2018-05-04,7.8000,8.0000,0.0250
002534.SZ,2019-05-14,6.2900,6.4900,0.0308
002534.SZ,2020-05-25,7.5300,7.9200,0.0492
002534.SZ,2021-05-20,14.5700,14.9600,0.0261
002534.SZ,2022-05-20,14.2300,14.4200,0.0132
002534.SZ,2025-05-29,11.3600,11.5600,0.0173
002535.SZ,2011-05-16,16.4900,33.1000,0.5018
002535.SZ,2012-06-07,8.8200,11.5700,0.2377
002535.SZ,2013-06-14,6.3500,6.4500,0.0155
002535.SZ,2014-05-13,7.2000,7.3000,0.0137
002535.SZ,2016-04-29,7.0300,9.1400,0.2309
002536.SZ,2012-06-12,16.5300,16.7300,0.0120
002536.SZ,2013-06-21,15.7000,15.9000,0.0126
002536.SZ,2014-06-11,18.6600,18.8600,0.0106
002536.SZ,2016-03-29,22.0300,66.3000,0.6677
002536.SZ,2018-05-22,12.9500,13.2500,0.0226
002536.SZ,2019-06-20,7.1200,11.1800,0.3631
002536.SZ,2020-06-23,6.8200,6.9200,0.0145
002536.SZ,2021-06-16,9.0900,9.1900,0.0109
002536.SZ,2022-06-24,6.9000,7.0000,0.0143
002536.SZ,2023-06-16,13.0800,13.2800,0.0151
002536.SZ,2024-06-14,10.0900,10.3900,0.0289
002536.SZ,2025-06-13,14.0700,14.3700,0.0209
002537.SZ,2011-06-10,26.9200,27.2200,0.0110
002537.SZ,2012-04-06,13.1100,19.6600,0.3332
002537.SZ,2015-05-15,18.1400,36.3300,0.5007
002537.SZ,2017-05-16,11.9300,26.3000,0.5464
002538.SZ,2012-04-05,12.0200,24.2300,0.5039
002538.SZ,2014-04-22,9.0200,9.1200,0.0110
002538.SZ,2015-03-02,10.8100,21.7200,0.5023
002538.SZ,2017-07-05,9.0000,9.1000,0.0110
002538.SZ,2018-05-25,7.1700,7.3200,0.0205
002538.SZ,2019-05-30,5.4200,5.5200,0.0181
002538.SZ,2020-05-08,5.1900,5.2700,0.0152
002538.SZ,2021-05-31,5.9800,6.2300,0.0401
002538.SZ,2022-07-06,12.2200,12.4800,0.0208
002538.SZ,2023-05-29,6.7500,7.0100,0.0371
002538.SZ,2024-06-17,4.7100,4.8300,0.0248
002538.SZ,2024-10-08,5.5300,5.6500,0.0212
002538.SZ,2025-06-12,5.1100,5.2300,0.0229
002539.SZ,2011-05-26,28.6100,28.9100,0.0104
002539.SZ,2011-09-23,15.7400,31.4700,0.4998
002539.SZ,2012-04-13,12.3200,12.5700,0.0199
002539.SZ,2013-05-13,8.4300,8.6800,0.0288
002539.SZ,2014-04-10,9.8100,10.0100,0.0200
002539.SZ,2015-09-21,10.0600,25.1600,0.6002
002539.SZ,2017-07-18,7.5800,7.6600,0.0104
002539.SZ,2018-07-05,4.2800,4.3600,0.0183
002539.SZ,2018-09-14,4.3000,4.3600,0.0138
002539.SZ,2019-05-29,4.7400,4.8400,0.0207
002539.SZ,2020-06-17,6.8600,7.0100,0.0214
002539.SZ,2021-05-19,8.6300,8.8300,0.0227
002539.SZ,2022-06-08,16.3900,16.7900,0.0238
002539.SZ,2023-05-12,10.0900,10.3900,0.0289
002539.SZ,2024-05-16,8.2800,8.4800,0.0236
002539.SZ,2025-03-13,7.8500,7.9500,0.0126
002539.SZ,2025-07-03,9.6500,9.7500,0.0103
002540.SZ,2011-05-09,23.0700,30.1900,0.2358
002540.SZ,2012-05-29,13.0600,13.3100,0.0188
002540.SZ,2013-05-06,7.9600,16.1200,0.5062
002540.SZ,2014-05-07,10.3300,10.5300,0.0190
002540.SZ,2015-04-13,19.2900,48.2200,0.6000
002540.SZ,2018-06-21,5.4200,5.4800,0.0109
002540.SZ,2019-06-12,4.9500,5.2700,0.0607
002540.SZ,2019-09-25,4.2200,4.3800,0.0365
002540.SZ,2020-05-29,4.2500,4.3300,0.0185
002540.SZ,2020-11-05,4.8300,4.9900,0.0321
002540.SZ,2021-06-23,4.8000,4.8600,0.0123
002540.SZ,2022-07-08,6.5900,6.6900,0.0149
002540.SZ,2023-05-26,5.4100,5.6500,0.0425
002540.SZ,2023-09-15,5.9000,6.0600,0.0264
002540.SZ,2024-05-30,5.9700,6.2900,0.0509
002540.SZ,2024-09-26,4.9800,5.1400,0.0311
002540.SZ,2025-05-29,5.8100,6.0100,0.0333
002540.SZ,2025-09-23,6.6800,6.7800,0.0147
002541.SZ,2012-04-12,14.4300,29.2200,0.5062
002541.SZ,2018-06-12,9.0700,13.6700,0.3365
002541.SZ,2019-06-14,7.8700,7.9500,0.0101
002541.SZ,2022-06-15,33.0300,43.2700,0.2367
002541.SZ,2024-05-21,20.6500,21.1700,0.0246
002541.SZ,2025-06-20,16.2900,16.6500,0.0216
002542.SZ,2011-05-20,21.9300,33.0000,0.3355
002542.SZ,2012-05-18,12.7600,25.6200,0.5020
002542.SZ,2014-04-23,7.7100,15.5200,0.5032
002542.SZ,2015-06-05,18.9300,37.9000,0.5005
002542.SZ,2016-04-29,9.0400,13.5900,0.3348
002542.SZ,2021-07-07,2.9600,2.9900,0.0100
002543.SZ,2012-07-06,18.5300,18.8300,0.0159
002543.SZ,2013-05-29,10.7800,21.8500,0.5066
002543.SZ,2014-06-18,10.2700,11.4500,0.1031
002543.SZ,2014-10-17,11.1500,11.4000,0.0219
002543.SZ,2016-05-27,16.5900,16.8400,0.0148
002543.SZ,2016-09-23,18.2400,18.7400,0.0267
002543.SZ,2017-05-23,23.5300,24.2600,0.0301
002543.SZ,2018-07-12,14.6200,19.5000,0.2503
002543.SZ,2019-07-05,10.3300,13.8600,0.2547
002543.SZ,2020-06-18,8.0700,8.4000,0.0393
002543.SZ,2021-06-08,7.5800,7.9100,0.0417
002543.SZ,2022-06-16,6.7500,7.0800,0.0466
002543.SZ,2023-06-05,8.3700,8.7700,0.0456
002543.SZ,2024-06-18,10.4000,10.8000,0.0370
002543.SZ,2024-10-11,10.1700,10.3700,0.0193
002543.SZ,2025-06-13,11.8700,12.1100,0.0198
002544.SZ,2011-06-10,14.5200,29.2800,0.5041
002544.SZ,2012-07-12,10.9900,11.1100,0.0108
002544.SZ,2013-06-06,9.0700,18.3300,0.5052
002544.SZ,2014-06-12,8.3800,12.6300,0.3365
002545.SZ,2011-09-09,19.8200,29.7300,0.3333
002545.SZ,2012-06-20,15.8400,16.0400,0.0125
002545.SZ,2013-06-21,15.2100,15.4100,0.0130
002545.SZ,2015-10-19,8.4300,26.7900,0.6853
002545.SZ,2019-07-12,6.1800,6.3000,0.0190
002545.SZ,2021-07-14,7.6000,7.7000,0.0130
002545.SZ,2022-07-05,11.6000,11.8500,0.0211
002545.SZ,2023-05-30,7.6000,8.0100,0.0512
002545.SZ,2024-07-12,6.6200,6.9200,0.0434
002545.SZ,2025-07-16,9.4000,9.7000,0.0309
002546.SZ,2011-05-13,37.9500,38.4500,0.0130
002546.SZ,2011-08-30,21.5700,43.1300,0.4999
002546.SZ,2012-03-21,19.1700,19.4200,0.0129
002546.SZ,2013-04-01,16.1400,16.5400,0.0242
002546.SZ,2014-04-29,10.7200,16.4800,0.3495
002546.SZ,2015-05-06,20.1900,20.4900,0.0146
002546.SZ,2016-03-24,14.8400,41.8600,0.6455
002546.SZ,2018-05-28,4.3600,4.4800,0.0268
002546.SZ,2019-05-07,4.4400,4.5600,0.0263
002546.SZ,2021-04-29,3.6500,3.7700,0.0318
002546.SZ,2022-03-31,4.4400,4.5600,0.0263
002546.SZ,2023-05-18,5.1900,5.3100,0.0226
002546.SZ,2024-05-20,3.7900,3.9100,0.0307
002546.SZ,2025-05-14,4.9200,5.0400,0.0238
002546.SZ,2026-04-24,8.6100,8.7300,0.0137
002547.SZ,2012-05-09,9.4000,18.7900,0.4997
002547.SZ,2012-12-07,8.4500,8.5500,0.0117
002547.SZ,2015-10-22,9.6900,29.0800,0.6668
002548.SZ,2011-04-28,23.7500,24.0500,0.0125
002548.SZ,2012-05-02,11.5100,17.5600,0.3445
002548.SZ,2013-07-05,10.0500,10.3500,0.0290
002548.SZ,2014-05-14,12.5600,12.7600,0.0157
002548.SZ,2014-09-16,10.8500,24.0800,0.5494
002548.SZ,2017-06-09,12.6900,12.8400,0.0117
002548.SZ,2018-05-28,8.7200,8.8200,0.0113
002548.SZ,2020-06-15,6.9600,9.0700,0.2326
002549.SZ,2011-06-16,27.0500,40.7000,0.3354
002549.SZ,2012-04-06,13.9100,20.9900,0.3373
002549.SZ,2013-03-20,9.9800,15.0900,0.3386
002549.SZ,2014-05-28,12.4100,18.6100,0.3332
002549.SZ,2015-06-03,16.1500,22.6100,0.2857
002549.SZ,2017-07-07,7.5200,8.3700,0.1016
002549.SZ,2019-05-21,6.1300,6.2300,0.0161
002549.SZ,2020-06-10,7.9600,8.0600,0.0124
002550.SZ,2012-05-30,21.4500,21.8000,0.0161
002550.SZ,2013-05-17,33.3800,33.8800,0.0148
002550.SZ,2014-04-18,18.1800,36.8600,0.5068
002550.SZ,2015-05-26,27.1700,54.6400,0.5027
002550.SZ,2016-05-31,8.1800,16.5000,0.5042
002550.SZ,2017-06-01,5.9200,6.0000,0.0133
002550.SZ,2018-06-21,5.6000,5.6800,0.0141
002550.SZ,2019-05-28,4.5400,4.6600,0.0258
002550.SZ,2020-05-27,4.2800,4.5200,0.0531
002550.SZ,2021-05-21,4.0400,4.1600,0.0288
002550.SZ,2022-05-25,5.3100,5.4300,0.0221
002550.SZ,2023-05-26,5.5300,5.6500,0.0212
002550.SZ,2024-05-29,5.6300,5.7500,0.0209
002550.SZ,2025-05-29,6.9500,7.0700,0.0170
002551.SZ,2011-06-24,27.4500,41.3800,0.3366
002551.SZ,2012-06-29,15.6800,23.7200,0.3390
002551.SZ,2013-07-05,21.9200,33.0800,0.3374
002551.SZ,2014-08-20,26.0800,34.0100,0.2332
002551.SZ,2015-07-16,24.8400,29.9000,0.1692
002551.SZ,2017-07-07,10.8300,16.3600,0.3380
002552.SZ,2011-06-21,13.1900,19.9800,0.3398
002552.SZ,2012-06-28,10.6000,10.8000,0.0185
002552.SZ,2014-05-29,6.5900,13.2300,0.5019
002552.SZ,2024-10-31,12.5600,12.7000,0.0110
002552.SZ,2025-11-04,16.1000,16.3000,0.0123
002553.SZ,2014-03-19,13.2300,26.9000,0.5082
002553.SZ,2015-05-12,13.7300,27.6500,0.5034
002553.SZ,2017-05-24,10.2200,10.4200,0.0192
002553.SZ,2018-05-28,8.0900,8.2900,0.0241
002553.SZ,2019-05-27,6.0600,6.2600,0.0319
002553.SZ,2020-04-28,4.9000,5.0000,0.0200
002553.SZ,2022-06-23,10.1400,10.3400,0.0193
002554.SZ,2011-06-09,18.6900,28.2400,0.3382
002554.SZ,2012-05-09,10.0500,15.2200,0.3397
002554.SZ,2013-05-16,12.7100,19.1100,0.3349
002554.SZ,2016-06-28,6.7700,13.7400,0.5073
002555.SZ,2011-06-17,13.6600,27.5100,0.5035
002555.SZ,2013-06-06,10.8600,11.1600,0.0269
002555.SZ,2015-05-15,46.8000,126.4700,0.6300
002555.SZ,2016-06-06,18.1000,36.2900,0.5012
002555.SZ,2019-07-16,13.6600,13.8600,0.0144
002555.SZ,2021-08-18,17.4100,17.6100,0.0114
002555.SZ,2022-05-27,20.6500,21.0200,0.0176
002555.SZ,2022-09-26,17.3000,17.6500,0.0198
002555.SZ,2023-06-02,31.7400,32.1900,0.0140
002555.SZ,2023-09-28,21.6500,22.1000,0.0204
002555.SZ,2024-05-21,16.1500,16.5200,0.0224
002555.SZ,2024-05-24,15.2200,15.4300,0.0136
002555.SZ,2024-09-04,13.5100,13.7200,0.0153
002555.SZ,2024-11-08,16.9500,17.1600,0.0122
002555.SZ,2025-05-21,14.7300,15.1000,0.0245
002555.SZ,2025-05-27,14.5300,14.7400,0.0142
002555.SZ,2025-09-04,19.4600,19.6700,0.0107
002556.SZ,2011-05-23,21.7600,35.0200,0.3786
002556.SZ,2012-06-08,7.0300,14.2600,0.5070
002556.SZ,2013-07-02,5.4300,5.5300,0.0181
002556.SZ,2014-07-16,9.0100,9.1100,0.0110
002556.SZ,2016-07-01,10.0100,15.1100,0.3375
002556.SZ,2018-07-13,5.1700,5.2400,0.0134
002556.SZ,2019-06-27,5.6100,5.6800,0.0123
002556.SZ,2020-06-12,7.9800,8.0800,0.0124
002556.SZ,2021-12-09,11.4500,11.6500,0.0172
002556.SZ,2022-05-27,10.6700,10.8700,0.0184
002556.SZ,2023-06-07,7.6400,7.9300,0.0366
002556.SZ,2024-05-29,4.9600,5.1500,0.0369
002556.SZ,2025-05-29,5.8600,6.0500,0.0314
002557.SZ,2011-08-24,26.4600,35.1000,0.2462
002557.SZ,2012-05-07,21.0400,28.0500,0.2499
002557.SZ,2013-05-28,19.4800,20.1800,0.0347
002557.SZ,2014-06-10,17.1200,17.6200,0.0284
002557.SZ,2015-05-28,22.3400,34.2100,0.3470
002557.SZ,2016-05-23,18.7300,19.2300,0.0260
002557.SZ,2017-05-24,13.2800,13.6800,0.0292
002557.SZ,2018-05-30,17.3300,17.6800,0.0198
002557.SZ,2019-05-31,22.2200,22.7200,0.0220
002557.SZ,2020-06-11,54.0000,54.7000,0.0128
002557.SZ,2021-06-11,48.0600,48.8600,0.0164
002557.SZ,2022-06-22,53.9300,54.7800,0.0155
002557.SZ,2023-06-20,41.4900,42.4900,0.0235
002557.SZ,2024-06-14,29.8100,30.8000,0.0321
002557.SZ,2025-01-17,27.6400,27.9300,0.0104
002557.SZ,2025-06-20,21.8600,22.8400,0.0429
002558.SZ,2012-05-11,23.3500,23.7500,0.0168
002558.SZ,2014-07-16,24.6200,27.1800,0.0942
002558.SZ,2016-09-22,49.7200,149.1600,0.6667
002558.SZ,2017-06-22,44.9200,54.1000,0.1697
002558.SZ,2021-06-09,14.0300,14.1800,0.0106
002558.SZ,2022-06-02,8.6400,8.7900,0.0171
002558.SZ,2024-09-27,10.1200,10.2500,0.0127
002558.SZ,2025-05-26,13.8100,13.9500,0.0100
002559.SZ,2012-04-20,25.0600,25.4100,0.0138
002559.SZ,2012-09-18,11.5800,23.1600,0.5000
002559.SZ,2013-05-21,9.4700,9.6700,0.0207
002559.SZ,2014-05-09,13.3300,13.5800,0.0184
002559.SZ,2015-04-21,15.5100,31.2600,0.5038
002559.SZ,2017-05-15,10.7600,10.9300,0.0156
002559.SZ,2018-06-04,8.6900,8.8600,0.0192
002559.SZ,2019-05-29,5.9400,9.1600,0.3515
002559.SZ,2021-06-03,6.3000,6.4500,0.0233
002559.SZ,2022-05-11,6.0400,6.1900,0.0242
002559.SZ,2023-06-06,8.4300,8.5800,0.0175
002559.SZ,2024-05-21,9.0000,9.1000,0.0110
002560.SZ,2011-05-09,20.8100,27.2600,0.2366
002560.SZ,2013-06-07,12.8900,13.0900,0.0153
002560.SZ,2014-07-15,17.4100,17.6100,0.0114
002560.SZ,2016-05-09,14.2400,42.7300,0.6667
002560.SZ,2019-08-27,6.6600,6.7600,0.0148
002560.SZ,2024-10-22,5.9100,6.0100,0.0166
002561.SZ,2011-09-08,16.2700,16.5900,0.0193
002561.SZ,2012-03-01,12.9800,13.3400,0.0270
002561.SZ,2013-05-14,8.3300,8.6900,0.0414
002561.SZ,2014-04-29,9.7900,10.1500,0.0355
002561.SZ,2015-04-30,15.9500,16.3100,0.0221
002561.SZ,2016-05-06,13.0400,13.4000,0.0269
002561.SZ,2017-05-11,14.0700,14.4300,0.0249
002561.SZ,2018-05-15,10.8300,11.1900,0.0322
002561.SZ,2019-05-16,8.7700,9.1300,0.0394
002561.SZ,2020-05-20,7.3100,7.6700,0.0469
002561.SZ,2021-05-13,7.1600,7.2800,0.0165
002561.SZ,2022-06-29,11.1200,11.2800,0.0142
002561.SZ,2023-05-11,8.9900,9.1100,0.0132
002561.SZ,2024-05-14,8.0300,8.1500,0.0147
002562.SZ,2012-04-27,14.5000,29.1000,0.5017
002562.SZ,2016-07-11,13.2600,26.5100,0.4998
002562.SZ,2018-05-29,7.1300,11.6000,0.3853
002562.SZ,2019-06-21,4.3700,4.4700,0.0224
002562.SZ,2023-05-10,4.6300,4.7300,0.0211
002563.SZ,2012-05-10,31.9000,32.9000,0.0304
002563.SZ,2013-05-23,23.4000,24.4000,0.0410
002563.SZ,2014-04-18,30.5500,31.5500,0.0317
002563.SZ,2015-04-30,28.6300,58.2500,0.5085
002563.SZ,2015-09-25,10.9900,21.9800,0.5000
002563.SZ,2016-05-09,11.1900,11.4400,0.0219
002563.SZ,2017-04-27,9.1200,9.4900,0.0390
002563.SZ,2018-05-25,12.5900,12.8400,0.0195
002563.SZ,2019-05-28,10.8500,11.2000,0.0312
002563.SZ,2020-05-27,7.1900,7.6400,0.0589
002563.SZ,2021-05-21,11.3900,11.6400,0.0215
002563.SZ,2021-09-28,7.6800,7.9300,0.0315
002563.SZ,2022-05-11,5.7400,6.2400,0.0801
002563.SZ,2023-05-18,6.3200,6.5200,0.0307
002563.SZ,2024-05-10,6.3700,6.6700,0.0450
002563.SZ,2025-05-19,5.6500,6.0000,0.0583
002563.SZ,2025-10-15,5.5000,5.6500,0.0265
002564.SZ,2011-05-18,19.4500,31.2200,0.3770
002564.SZ,2014-05-23,6.4600,12.9500,0.5012
002565.SZ,2011-09-16,17.0300,27.5500,0.3819
002565.SZ,2012-08-28,7.5200,12.1600,0.3816
002565.SZ,2014-06-10,8.5500,17.2200,0.5035
002565.SZ,2016-11-24,8.2600,8.3600,0.0120
002565.SZ,2018-08-06,4.9200,5.1200,0.0391
002565.SZ,2019-06-03,9.7200,14.5300,0.3310
002565.SZ,2024-07-08,2.3900,2.4200,0.0124
002566.SZ,2012-04-18,14.5800,29.3500,0.5032
002566.SZ,2014-05-22,12.4500,18.7700,0.3367
002566.SZ,2024-05-22,7.0400,7.1900,0.0209
002566.SZ,2025-05-22,7.4500,7.5500,0.0132
002567.SZ,2012-06-05,12.0000,24.3400,0.5070
002567.SZ,2013-05-22,9.0200,13.7100,0.3421
002567.SZ,2014-06-27,6.8400,6.9300,0.0130
002567.SZ,2017-06-06,9.7000,14.7000,0.3401
002567.SZ,2018-06-14,5.0700,5.2200,0.0287
002567.SZ,2020-06-19,8.9900,9.2200,0.0249
002567.SZ,2021-05-14,7.0300,7.1600,0.0182
002568.SZ,2011-08-31,25.9400,26.3400,0.0152
002568.SZ,2012-09-27,15.2800,31.1600,0.5096
002568.SZ,2013-10-08,16.7000,16.9500,0.0147
002568.SZ,2015-09-29,42.9000,86.8000,0.5058
002568.SZ,2018-09-25,10.7000,10.8200,0.0111
002568.SZ,2019-08-22,20.4600,20.8600,0.0192
002568.SZ,2021-06-08,88.5400,124.3900,0.2882
002568.SZ,2022-06-16,27.5600,39.0300,0.2939
002568.SZ,2023-08-25,32.6500,33.1500,0.0151
002568.SZ,2025-06-05,29.4600,29.7600,0.0101
002569.SZ,2011-09-20,16.8500,17.2500,0.0232
002569.SZ,2013-05-22,9.0700,13.7000,0.3380
002570.SZ,2012-09-10,23.8200,24.5200,0.0285
002570.SZ,2013-05-20,26.9600,41.0200,0.3428
002570.SZ,2014-05-14,13.9500,22.9700,0.3927
002571.SZ,2012-06-01,12.2400,24.4700,0.4998
002571.SZ,2013-03-11,13.8200,27.7000,0.5011
002572.SZ,2011-08-26,46.5000,93.7900,0.5042
002572.SZ,2012-05-14,19.9000,40.3000,0.5062
002572.SZ,2013-06-17,15.1300,30.6100,0.5057
002572.SZ,2014-04-30,15.8500,16.1000,0.0155
002572.SZ,2016-03-03,41.7000,42.2000,0.0118
002572.SZ,2017-04-24,36.5700,73.8300,0.5047
002572.SZ,2018-04-25,31.9800,32.4300,0.0139
002572.SZ,2019-04-04,26.0700,26.5600,0.0184
002572.SZ,2020-04-24,18.7000,19.2500,0.0286
002572.SZ,2021-05-24,27.2300,27.8300,0.0216
002572.SZ,2022-05-27,20.8000,21.4000,0.0280
002572.SZ,2023-05-16,17.5300,18.2300,0.0384
002572.SZ,2024-05-21,19.9800,20.9700,0.0472
002572.SZ,2025-05-29,14.1600,15.1600,0.0660
002573.SZ,2011-09-19,20.9600,41.9200,0.5000
002573.SZ,2013-06-06,16.2600,29.4700,0.4483
002573.SZ,2015-05-27,28.7800,57.7500,0.5016
002573.SZ,2019-06-26,7.9700,8.0700,0.0124
002573.SZ,2020-05-28,5.5700,5.7200,0.0262
002573.SZ,2021-06-04,5.2700,5.3700,0.0186
002573.SZ,2022-07-26,6.3000,6.4000,0.0156
002573.SZ,2023-07-04,5.4600,5.5600,0.0180
002573.SZ,2024-07-18,3.5000,3.6000,0.0278
002574.SZ,2012-06-06,19.1400,19.3900,0.0129
002574.SZ,2014-08-28,11.2700,24.8000,0.5456
002574.SZ,2024-07-10,3.9300,4.0300,0.0248
002575.SZ,2013-05-07,7.1500,14.3400,0.5014
002575.SZ,2015-03-19,9.0200,19.9500,0.5479
002576.SZ,2012-05-15,8.9500,11.9000,0.2479
002577.SZ,2012-05-09,15.1400,26.4300,0.4272
002577.SZ,2013-04-08,9.4600,12.6400,0.2516
002578.SZ,2012-07-03,12.4600,12.7100,0.0197
002578.SZ,2015-05-28,17.3400,43.5600,0.6019
002578.SZ,2017-05-23,4.4200,8.8400,0.5000
002578.SZ,2024-06-06,2.7600,2.8000,0.0143
002579.SZ,2011-09-20,15.9200,16.1200,0.0124
002579.SZ,2012-05-25,7.8500,12.6100,0.3775
002579.SZ,2013-05-17,5.5500,8.3500,0.3353
002579.SZ,2015-06-26,18.6500,28.0000,0.3339
002579.SZ,2018-06-27,8.4700,8.5700,0.0117
002579.SZ,2019-06-04,9.8200,9.9200,0.0101
002579.SZ,2021-06-15,10.2000,12.2700,0.1687
002579.SZ,2022-05-31,6.5500,6.6300,0.0121
002580.SZ,2012-05-11,14.0700,19.8500,0.2912
002580.SZ,2015-05-04,17.7200,32.0000,0.4463
002580.SZ,2017-04-18,10.1200,16.2400,0.3768
002581.SZ,2011-07-08,23.6200,24.0200,0.0167
002581.SZ,2012-04-18,17.7800,18.2800,0.0274
002581.SZ,2013-05-22,13.1400,17.5800,0.2526
002581.SZ,2014-06-06,16.6500,17.1500,0.0292
002581.SZ,2015-07-10,38.9800,77.9600,0.5000
002582.SZ,2012-04-27,18.5700,37.4400,0.5040
002582.SZ,2017-05-26,12.3700,24.8000,0.5012
002582.SZ,2021-05-31,11.7700,12.6800,0.0718
002582.SZ,2022-05-30,7.0700,7.1700,0.0139
002582.SZ,2023-06-02,8.0000,8.1000,0.0123
002582.SZ,2024-05-27,6.3300,6.9100,0.0839
002582.SZ,2024-09-04,4.7600,5.1500,0.0757
002582.SZ,2025-05-26,10.6700,11.6400,0.0833
002583.SZ,2014-09-15,12.5000,31.2500,0.6000
002583.SZ,2015-09-30,8.5000,18.7000,0.5455
002584.SZ,2011-10-13,13.5100,13.6600,0.0110
002584.SZ,2012-06-29,9.8200,9.9700,0.0150
002584.SZ,2013-04-12,8.5200,8.8200,0.0340
002584.SZ,2016-04-27,14.9500,37.4700,0.6010
002585.SZ,2012-05-28,15.6900,32.3800,0.5154
002585.SZ,2013-05-28,9.8100,9.9100,0.0101
002585.SZ,2015-06-09,19.4300,25.2900,0.2317
002585.SZ,2017-06-28,7.8100,10.1700,0.2321
002585.SZ,2019-04-19,6.5400,6.7400,0.0297
002585.SZ,2021-06-08,16.3900,16.5900,0.0121
002585.SZ,2022-05-17,14.2200,14.5200,0.0207
002585.SZ,2023-06-29,11.9500,12.1500,0.0165
002586.SZ,2012-06-12,13.0000,24.8000,0.4758
002586.SZ,2013-05-27,12.5300,18.8900,0.3367
002586.SZ,2014-06-06,11.3700,11.5200,0.0130
002586.SZ,2015-06-05,12.4500,24.9900,0.5018
002586.SZ,2019-07-19,3.5900,3.7400,0.0401
002587.SZ,2012-06-21,11.1600,14.8100,0.2465
002587.SZ,2013-05-15,14.8400,15.0400,0.0133
002587.SZ,2014-06-30,12.8900,25.9800,0.5038
002587.SZ,2015-06-17,15.5000,26.5000,0.4151
002587.SZ,2017-06-06,7.2900,11.0400,0.3397
002587.SZ,2018-06-20,5.8200,5.9200,0.0169
002587.SZ,2019-06-05,5.6200,5.7200,0.0175
002587.SZ,2020-06-15,5.7100,5.7900,0.0138
002587.SZ,2022-05-16,3.9500,4.0000,0.0125
002587.SZ,2024-05-31,5.5900,5.6500,0.0106
002588.SZ,2012-05-02,27.4900,35.9400,0.2351
002588.SZ,2013-05-08,30.6700,40.0700,0.2346
002588.SZ,2014-05-09,22.0000,29.1000,0.2440
002588.SZ,2015-05-04,28.1300,56.7500,0.5043
002588.SZ,2016-05-31,11.9500,24.0900,0.5039
002588.SZ,2017-06-08,7.7000,7.8000,0.0128
002588.SZ,2021-06-11,5.2300,5.3000,0.0132
002588.SZ,2022-06-10,6.8900,6.9600,0.0101
002588.SZ,2024-06-07,6.7900,6.9200,0.0188
002588.SZ,2025-06-05,8.7700,9.0300,0.0288
002589.SZ,2014-07-14,28.3600,56.8500,0.5011
002589.SZ,2015-09-23,52.0900,104.1800,0.5000
002589.SZ,2017-05-15,16.4300,37.8800,0.5663
002590.SZ,2012-06-05,9.8400,12.8900,0.2366
002590.SZ,2014-05-13,10.3100,17.5800,0.4135
002590.SZ,2015-05-29,22.0800,44.2400,0.5009
002590.SZ,2020-06-05,7.0500,7.1500,0.0140
002591.SZ,2012-06-18,12.3300,15.5100,0.2050
002591.SZ,2013-06-18,10.0200,13.0500,0.2322
002591.SZ,2014-07-28,6.8900,13.8800,0.5036
002591.SZ,2018-06-21,6.9700,7.2700,0.0413
002592.SZ,2012-06-18,13.9800,18.4700,0.2431
002592.SZ,2013-06-13,8.5400,15.6800,0.4554
002592.SZ,2014-04-01,11.9300,12.2300,0.0245
002592.SZ,2018-06-13,14.5100,14.7600,0.0169
002592.SZ,2025-11-10,7.6900,7.8900,0.0253
002593.SZ,2012-06-18,10.1400,10.2900,0.0146
002593.SZ,2013-06-03,7.6900,7.8100,0.0154
002593.SZ,2016-05-17,8.3200,25.0500,0.6679
002593.SZ,2018-07-03,3.2900,3.3400,0.0150
002593.SZ,2019-05-24,4.8000,4.8500,0.0103
002593.SZ,2020-06-22,3.4600,3.5100,0.0142
002593.SZ,2021-05-18,3.5400,3.5900,0.0139
002593.SZ,2022-06-24,3.5200,3.5700,0.0140
002593.SZ,2024-05-28,3.1900,3.2400,0.0154
002594.SZ,2024-07-29,251.8500,254.9500,0.0122
002594.SZ,2025-07-29,111.0100,337.0000,0.6706
002595.SZ,2012-05-02,19.5300,20.1300,0.0298
002595.SZ,2013-07-12,27.4900,28.0900,0.0214
002595.SZ,2014-05-07,44.0000,44.6000,0.0135
002595.SZ,2014-09-03,24.0900,48.1800,0.5000
002595.SZ,2015-04-10,29.0600,58.6100,0.5042
002595.SZ,2016-05-11,19.7000,19.9500,0.0125
002595.SZ,2017-05-12,21.2800,21.6500,0.0171
002595.SZ,2018-07-06,16.7600,17.1300,0.0216
002595.SZ,2019-06-19,20.4800,20.8500,0.0177
002595.SZ,2020-10-15,27.6100,27.9800,0.0132
002595.SZ,2021-09-29,25.9000,26.2700,0.0141
002595.SZ,2022-06-30,22.3600,22.7300,0.0163
002595.SZ,2023-06-29,34.7800,35.1500,0.0105
002595.SZ,2024-07-10,37.4700,38.0900,0.0163
002596.SZ,2012-06-07,11.5600,11.7600,0.0170
002596.SZ,2013-06-14,10.6600,17.1600,0.3788
002596.SZ,2017-04-28,8.7100,26.1500,0.6669
002597.SZ,2012-05-30,15.2200,24.6500,0.3826
002597.SZ,2013-05-31,9.7600,12.8900,0.2428
002597.SZ,2014-04-22,10.6600,10.9100,0.0229
002597.SZ,2015-04-21,12.0000,24.2900,0.5060
002597.SZ,2016-05-12,13.5800,13.7500,0.0124
002597.SZ,2017-04-27,19.0800,19.4800,0.0205
002597.SZ,2018-04-11,24.3200,24.9200,0.0241
002597.SZ,2019-04-26,20.3900,20.7500,0.0173
002597.SZ,2020-04-16,19.6500,20.1900,0.0267
002597.SZ,2021-05-21,32.8300,33.2800,0.0135
002597.SZ,2022-04-29,36.9200,37.5600,0.0170
002597.SZ,2023-05-31,23.0600,23.8500,0.0331
002597.SZ,2025-05-22,24.5200,25.3200,0.0316
002598.SZ,2012-05-03,8.7300,17.8500,0.5109
002598.SZ,2013-05-10,6.7300,6.9300,0.0289
002598.SZ,2014-07-04,8.0500,8.2500,0.0242
002598.SZ,2016-05-10,10.3300,10.5300,0.0190
002598.SZ,2017-07-11,11.4700,11.6700,0.0171
002598.SZ,2019-05-10,6.8800,7.0800,0.0282
002598.SZ,2020-06-17,6.2700,6.4600,0.0294
002598.SZ,2022-05-20,8.0000,8.1000,0.0123
002598.SZ,2024-07-05,7.1200,7.2200,0.0139
002599.SZ,2012-06-25,9.2800,9.4400,0.0169
002599.SZ,2017-06-07,15.4900,31.0000,0.5003
002599.SZ,2019-08-02,5.2700,8.9100,0.4085
002600.SZ,2013-06-24,9.8800,9.9800,0.0100
002600.SZ,2015-04-10,11.0800,22.2600,0.5022
002600.SZ,2017-07-17,5.6800,11.4600,0.5044
002600.SZ,2020-09-24,11.2700,11.4700,0.0174
002600.SZ,2023-07-07,6.6600,6.7800,0.0177
002601.SZ,2012-07-23,36.4500,73.6000,0.5048
002601.SZ,2016-04-27,14.4600,50.9700,0.7163
002601.SZ,2016-12-08,13.8300,14.1300,0.0212
002601.SZ,2017-05-12,15.8300,16.0300,0.0125
002601.SZ,2017-12-07,16.1900,16.6900,0.0300
002601.SZ,2018-05-04,17.8700,18.4200,0.0299
002601.SZ,2018-10-25,12.7000,13.3500,0.0487
002601.SZ,2019-06-19,15.8400,16.4400,0.0365
002601.SZ,2019-12-13,12.9200,13.0700,0.0115
002601.SZ,2020-06-10,16.4000,17.3000,0.0520
002601.SZ,2021-05-17,33.5500,34.4500,0.0261
002601.SZ,2022-05-16,18.6900,19.6900,0.0508
002601.SZ,2022-11-18,17.4600,17.6600,0.0113
002601.SZ,2023-05-29,16.1700,16.7700,0.0358
002601.SZ,2023-11-08,18.1100,18.4100,0.0163
002601.SZ,2024-05-30,21.1900,21.7900,0.0275
002601.SZ,2024-12-11,18.0900,18.3900,0.0163
002601.SZ,2025-06-11,16.3000,16.8000,0.0298
002602.SZ,2012-06-07,9.5100,14.5700,0.3473
002602.SZ,2013-06-06,7.3200,7.4200,0.0135
002602.SZ,2015-06-18,13.2400,26.5800,0.5019
002602.SZ,2018-10-31,20.2500,32.5000,0.3769
002602.SZ,2019-06-06,11.0300,17.5900,0.3729
002602.SZ,2020-07-13,14.3000,17.1200,0.1647
002603.SZ,2012-06-11,25.7000,33.5100,0.2331
002603.SZ,2015-05-20,26.1900,52.4800,0.5010
002603.SZ,2021-07-07,19.9400,28.9200,0.3105
002603.SZ,2022-07-19,25.3800,25.6800,0.0117
002603.SZ,2023-07-17,24.5000,25.0000,0.0200
002603.SZ,2024-07-19,15.7400,16.0400,0.0187
002603.SZ,2025-10-22,17.1300,17.4300,0.0172
002605.SZ,2012-07-04,22.8200,23.4800,0.0281
002605.SZ,2013-04-12,12.2600,25.2000,0.5135
002605.SZ,2014-09-15,16.5400,33.0700,0.4998
002605.SZ,2018-06-28,8.1600,8.2600,0.0121
002605.SZ,2020-06-18,35.2300,35.6300,0.0112
002605.SZ,2021-06-18,21.6500,22.1500,0.0226
002605.SZ,2022-08-05,13.5500,13.8500,0.0217
002605.SZ,2024-06-20,21.4900,22.3900,0.0402
002605.SZ,2025-06-05,28.2700,28.7700,0.0174
002606.SZ,2012-05-18,9.5500,19.3000,0.5052
002606.SZ,2017-05-12,20.8700,41.8400,0.5012
002607.SZ,2012-05-29,12.0600,24.4200,0.5061
002607.SZ,2013-06-19,7.1200,9.4000,0.2426
002607.SZ,2014-06-20,6.0300,7.2800,0.1717
002607.SZ,2015-05-28,8.8200,11.4700,0.2310
002607.SZ,2017-06-09,4.5200,8.1900,0.4481
002607.SZ,2019-01-08,7.4200,7.8100,0.0499
002607.SZ,2019-05-13,11.9900,12.2200,0.0188
002608.SZ,2013-07-15,13.1500,19.8700,0.3382
002608.SZ,2014-07-14,9.3100,15.9200,0.4152
002608.SZ,2021-06-30,6.4000,6.6000,0.0303
002608.SZ,2023-07-13,7.4900,7.5900,0.0132
002608.SZ,2024-07-05,7.7000,7.8000,0.0128
002608.SZ,2025-07-18,7.4500,7.5500,0.0132
002609.SZ,2012-06-18,12.0300,12.3300,0.0243
002609.SZ,2013-06-07,9.4700,14.3200,0.3387
002609.SZ,2014-05-29,12.1800,19.5200,0.3760
002609.SZ,2015-06-24,26.4800,53.0000,0.5004
002609.SZ,2018-10-15,5.6200,5.9100,0.0491
002609.SZ,2019-06-04,7.5900,7.7400,0.0194
002609.SZ,2024-06-05,7.8100,7.9300,0.0151
002611.SZ,2012-06-12,10.7200,14.0400,0.2365
002611.SZ,2013-05-21,8.5800,8.7800,0.0228
002611.SZ,2014-04-22,7.9300,15.9500,0.5028
002611.SZ,2015-05-26,17.7300,28.4000,0.3757
002611.SZ,2018-06-22,6.1700,9.9100,0.3774
002611.SZ,2025-06-05,12.3400,12.4700,0.0104
002612.SZ,2012-04-25,36.3500,36.9500,0.0162
002612.SZ,2013-04-23,23.1000,23.6500,0.0233
002612.SZ,2013-10-16,26.0400,26.3900,0.0133
002612.SZ,2014-06-05,19.3200,19.9200,0.0301
002612.SZ,2014-10-20,22.9100,23.3100,0.0172
002612.SZ,2016-05-12,37.6300,75.4600,0.5013
002612.SZ,2018-05-10,12.6100,12.7600,0.0118
002612.SZ,2018-10-18,8.3400,8.4400,0.0118
002612.SZ,2019-05-08,8.8100,8.9600,0.0167
002612.SZ,2019-09-23,8.7900,8.9900,0.0222
002612.SZ,2020-05-21,8.0500,8.1700,0.0147
002612.SZ,2024-05-31,16.3500,16.8000,0.0268
002612.SZ,2025-05-22,17.4100,17.8100,0.0225
002613.SZ,2012-06-06,6.5900,10.1800,0.3527
002613.SZ,2014-06-06,5.6300,6.8100,0.1733
002613.SZ,2015-05-22,9.5300,14.3000,0.3336
002613.SZ,2017-05-10,5.0500,6.5600,0.2302
002613.SZ,2024-06-28,3.4700,3.5300,0.0170
002614.SZ,2012-03-29,15.5500,31.5000,0.5063
002614.SZ,2014-05-23,16.8700,25.4000,0.3358
002614.SZ,2015-05-28,26.6000,40.0000,0.3350
002614.SZ,2020-05-29,8.5400,8.7400,0.0229
002614.SZ,2021-04-30,16.9600,17.2600,0.0174
002614.SZ,2022-05-31,8.0800,8.3800,0.0358
002614.SZ,2023-05-29,7.6500,7.9500,0.0377
002614.SZ,2024-05-29,6.5400,6.8400,0.0439
002614.SZ,2025-05-29,6.5400,6.6400,0.0151
002615.SZ,2012-06-15,16.8400,17.2400,0.0232
002615.SZ,2013-05-10,12.5400,12.6900,0.0118
002615.SZ,2014-05-08,21.3700,21.6900,0.0148
002615.SZ,2015-04-30,17.9600,36.4200,0.5069
002615.SZ,2016-05-30,17.3000,26.0000,0.3346
002615.SZ,2017-06-07,10.5500,16.0300,0.3419
002615.SZ,2018-06-14,6.7400,6.9400,0.0288
002615.SZ,2019-05-31,5.3700,5.4500,0.0147
002615.SZ,2020-06-01,4.5400,4.6200,0.0173
002615.SZ,2022-06-02,5.4300,5.5800,0.0269
002615.SZ,2023-06-20,5.7100,5.9100,0.0338
002615.SZ,2024-06-04,6.7600,6.8600,0.0146
002615.SZ,2025-03-11,7.9900,8.0900,0.0124
002615.SZ,2025-05-28,7.2900,7.4400,0.0202
002616.SZ,2013-06-04,15.0700,15.4200,0.0227
002616.SZ,2015-04-30,21.2600,42.8600,0.5040
002616.SZ,2015-10-19,26.4300,26.7800,0.0131
002616.SZ,2017-05-19,13.6400,27.2800,0.5000
002616.SZ,2018-10-23,5.0400,5.2400,0.0382
002616.SZ,2020-06-03,9.7600,9.9600,0.0201
002616.SZ,2021-04-30,6.3900,6.5900,0.0303
002616.SZ,2024-05-10,5.1400,5.2400,0.0191
002616.SZ,2025-09-24,6.8500,7.0000,0.0214
002617.SZ,2013-05-31,9.7000,14.6500,0.3379
002617.SZ,2015-09-28,13.6100,27.2300,0.5002
002617.SZ,2016-05-27,15.6000,26.5600,0.4127
002617.SZ,2018-05-25,8.1500,12.2500,0.3347
002620.SZ,2012-07-12,18.2700,27.5200,0.3361
002620.SZ,2017-07-10,16.0200,40.3000,0.6025
002620.SZ,2018-07-13,6.9800,7.1300,0.0210
002622.SZ,2012-06-08,14.5700,14.8700,0.0202
002622.SZ,2015-03-23,24.0300,68.2700,0.6480
002622.SZ,2016-05-19,10.3900,20.7800,0.5000
002623.SZ,2012-07-06,21.5400,21.8400,0.0137
002623.SZ,2024-05-28,19.1400,19.6200,0.0245
002623.SZ,2025-05-28,14.3500,14.8300,0.0324
002624.SZ,2012-06-01,10.5200,21.2900,0.5059
002624.SZ,2020-07-21,41.3700,62.2800,0.3357
002624.SZ,2022-05-26,13.3600,14.5400,0.0812
002624.SZ,2023-05-12,19.4200,19.7600,0.0172
002624.SZ,2024-06-05,8.8300,9.2800,0.0485
002624.SZ,2025-06-09,14.2200,14.4500,0.0159
002625.SZ,2012-06-21,10.3000,15.5500,0.3376
002625.SZ,2014-06-16,8.1700,12.3200,0.3369
002625.SZ,2015-03-26,7.0900,12.0600,0.4121
002625.SZ,2018-06-06,13.6800,23.2600,0.4119
002626.SZ,2012-05-28,17.5400,35.6800,0.5084
002626.SZ,2013-05-09,12.2900,12.5900,0.0238
002626.SZ,2014-06-06,21.0900,34.2500,0.3842
002626.SZ,2015-06-09,18.2100,36.7200,0.5041
002626.SZ,2017-06-12,12.6600,12.8600,0.0156
002626.SZ,2018-05-11,19.4100,19.8100,0.0202
002626.SZ,2019-05-28,13.0300,13.8300,0.0578
002626.SZ,2020-05-29,22.1700,22.7600,0.0259
002626.SZ,2021-06-18,45.1200,45.7100,0.0129
002626.SZ,2022-06-17,23.4900,24.0800,0.0245
002626.SZ,2023-05-26,19.5700,19.7700,0.0101
002626.SZ,2024-06-06,13.9700,14.1700,0.0141
002626.SZ,2025-06-20,17.3700,17.7700,0.0225
002627.SZ,2012-06-15,13.2100,13.5100,0.0222
002627.SZ,2013-06-17,9.8000,10.0000,0.0200
002627.SZ,2014-06-30,12.6800,12.8800,0.0155
002627.SZ,2018-07-05,10.7900,18.5000,0.4168
002627.SZ,2019-06-06,7.1900,7.3400,0.0204
002627.SZ,2020-06-19,5.5400,9.5200,0.4181
002627.SZ,2022-07-11,5.5400,5.6400,0.0177
002627.SZ,2024-06-14,4.7600,4.8500,0.0186
002627.SZ,2025-06-27,5.2900,5.3900,0.0186
002628.SZ,2012-03-29,12.5700,25.2500,0.5022
002628.SZ,2013-05-08,9.1500,9.3000,0.0161
002628.SZ,2013-09-27,5.2300,9.4200,0.4448
002628.SZ,2014-04-18,4.9000,4.9900,0.0180
002629.SZ,2012-05-25,16.5900,16.9100,0.0189
002629.SZ,2013-05-10,11.0300,16.7500,0.3415
002629.SZ,2014-07-17,10.7900,17.3000,0.3763
002629.SZ,2015-06-04,12.8300,19.2700,0.3342
002630.SZ,2014-04-30,16.6100,29.9900,0.4461
002630.SZ,2015-07-08,10.5800,21.2500,0.5021
002630.SZ,2018-05-18,9.2800,14.8800,0.3763
002631.SZ,2012-05-10,14.7200,15.0200,0.0200
002631.SZ,2013-07-18,9.3100,9.4100,0.0106
002631.SZ,2014-04-28,8.2800,16.6500,0.5027
002631.SZ,2015-04-28,19.7300,39.5100,0.5006
002632.SZ,2012-05-02,18.5300,18.7300,0.0107
002632.SZ,2013-06-20,10.6600,14.0100,0.2391
002632.SZ,2015-04-17,19.8400,39.7300,0.5006
002632.SZ,2016-05-27,10.6300,21.3100,0.5012
002632.SZ,2019-06-13,6.9700,7.3200,0.0478
002632.SZ,2020-09-28,7.7400,7.8700,0.0165
002632.SZ,2023-05-25,6.6900,7.1400,0.0630
002632.SZ,2024-05-30,8.1000,8.4000,0.0357
002632.SZ,2024-09-19,6.6300,6.7600,0.0192
002632.SZ,2025-05-22,8.4900,8.6200,0.0151
002632.SZ,2025-09-15,10.0200,10.1500,0.0128
002633.SZ,2012-05-25,8.8700,13.5100,0.3434
002634.SZ,2012-06-15,12.1500,18.5200,0.3440
002634.SZ,2013-06-28,9.0400,9.2400,0.0216
002634.SZ,2014-05-30,14.2300,14.4300,0.0139
002634.SZ,2014-12-31,15.5400,18.5000,0.1600
002634.SZ,2016-05-12,12.2400,44.2500,0.7234
002635.SZ,2013-05-20,58.3200,87.8800,0.3364
002635.SZ,2015-04-24,21.4100,43.0500,0.5027
002635.SZ,2017-05-19,33.0300,49.8500,0.3374
002635.SZ,2021-05-31,14.1800,14.3800,0.0139
002635.SZ,2022-05-17,13.3100,13.5100,0.0148
002635.SZ,2023-06-20,13.6100,13.8100,0.0145
002635.SZ,2024-06-11,14.2000,14.5000,0.0207
002635.SZ,2025-05-13,13.5500,13.7500,0.0145
002636.SZ,2015-05-22,21.4200,55.6800,0.6153
002637.SZ,2012-04-10,15.7600,31.9100,0.5061
002637.SZ,2016-05-05,12.4300,24.9500,0.5018
002637.SZ,2017-06-13,10.2800,10.4300,0.0144
002637.SZ,2018-05-30,9.2600,9.4600,0.0211
002637.SZ,2019-07-04,7.1400,7.2400,0.0138
002637.SZ,2021-05-19,14.4700,14.6200,0.0103
002637.SZ,2022-06-20,16.4600,16.6500,0.0114
002637.SZ,2024-06-18,8.5800,8.6800,0.0115
002637.SZ,2025-06-18,9.6800,9.8000,0.0122
002638.SZ,2012-05-29,14.8000,29.7000,0.5017
002638.SZ,2016-07-04,8.5800,21.4400,0.5998
002639.SZ,2012-07-09,12.3500,12.4800,0.0104
002639.SZ,2015-10-08,8.6400,25.9200,0.6667
002640.SZ,2012-07-05,12.5300,25.1500,0.5018
002640.SZ,2015-09-29,27.8400,83.5300,0.6667
002640.SZ,2016-06-14,15.9100,31.8800,0.5009
002641.SZ,2013-05-30,12.3900,22.4800,0.4488
002641.SZ,2014-05-22,7.8200,9.5100,0.1777
002641.SZ,2015-05-29,12.9900,26.0700,0.5017
002641.SZ,2017-06-09,5.4100,7.0800,0.2359
002641.SZ,2020-06-04,7.5900,7.7300,0.0181
002641.SZ,2021-06-30,6.6500,6.7700,0.0177
002641.SZ,2022-06-24,4.7900,4.8600,0.0144
002641.SZ,2024-06-28,3.9000,4.0000,0.0250
002641.SZ,2025-07-04,4.1200,4.1700,0.0120
002642.SZ,2012-04-26,14.7600,29.8100,0.5049
002642.SZ,2013-05-23,9.3700,14.2600,0.3429
002642.SZ,2016-06-24,24.9300,37.4500,0.3343
002643.SZ,2012-04-27,19.6100,20.1100,0.0249
002643.SZ,2013-04-26,13.7900,27.8700,0.5052
002643.SZ,2014-05-12,10.2300,10.4100,0.0173
002643.SZ,2017-05-15,14.9700,37.7700,0.6037
002643.SZ,2018-06-05,8.2900,8.4400,0.0178
002643.SZ,2019-06-20,9.9600,10.1400,0.0178
002643.SZ,2020-06-18,16.1800,16.3800,0.0122
002643.SZ,2021-06-09,16.2400,16.4400,0.0122
002643.SZ,2022-06-06,19.5700,19.8200,0.0126
002643.SZ,2023-06-09,15.8100,16.1000,0.0180
002643.SZ,2024-06-06,11.0000,11.3000,0.0265
002644.SZ,2012-06-06,14.6200,16.1200,0.0931
002644.SZ,2014-05-21,15.9800,32.0000,0.5006
002644.SZ,2015-08-14,25.2000,63.0000,0.6000
002644.SZ,2021-07-09,8.8800,9.0000,0.0133
002645.SZ,2012-05-14,12.4900,22.6900,0.4495
002645.SZ,2014-05-26,11.5000,15.0300,0.2349
002645.SZ,2018-06-20,10.9400,18.6700,0.4140
002645.SZ,2019-06-12,6.7000,8.8300,0.2412
002645.SZ,2023-06-01,11.8500,12.0500,0.0166
002646.SZ,2013-06-28,20.7500,21.0000,0.0119
002646.SZ,2014-07-10,15.4200,15.7200,0.0191
002646.SZ,2024-06-25,10.1400,10.2700,0.0127
002647.SZ,2014-07-18,8.4100,11.0200,0.2368
002647.SZ,2017-06-13,34.8900,59.3100,0.4117
002647.SZ,2018-06-01,17.5100,26.2700,0.3335
002647.SZ,2025-03-13,5.2500,5.9600,0.1191
002648.SZ,2012-05-17,23.9000,48.8000,0.5102
002648.SZ,2013-05-03,16.8000,17.1000,0.0175
002648.SZ,2014-05-07,12.8800,26.1100,0.5067
002648.SZ,2020-05-18,13.6200,13.8000,0.0130
002648.SZ,2021-06-03,32.8100,46.1100,0.2884
002648.SZ,2022-06-06,27.3700,38.6400,0.2917
002648.SZ,2022-10-13,14.0800,20.1100,0.2999
002648.SZ,2024-05-14,19.1900,19.5900,0.0204
002648.SZ,2025-06-09,16.5400,17.0400,0.0293
002649.SZ,2012-05-18,14.0900,21.4600,0.3434
002649.SZ,2017-06-05,10.7900,32.5400,0.6684
002649.SZ,2021-04-22,10.3000,10.5200,0.0209
002649.SZ,2022-05-13,9.6600,9.9600,0.0301
002649.SZ,2023-05-26,12.8000,13.0000,0.0154
002649.SZ,2025-05-29,13.0700,13.2400,0.0128
002650.SZ,2012-05-21,18.3800,22.6600,0.1889
002650.SZ,2013-06-18,16.9300,20.9100,0.1903
002650.SZ,2014-06-16,9.1500,18.9000,0.5159
002650.SZ,2015-09-24,6.0400,15.1000,0.6000
002650.SZ,2022-11-11,4.0600,4.1500,0.0217
002651.SZ,2012-06-07,17.4100,17.7300,0.0180
002651.SZ,2013-07-10,13.4300,14.6500,0.0833
002651.SZ,2014-06-05,17.8700,18.5500,0.0367
002651.SZ,2015-09-28,10.3900,25.9800,0.6001
002651.SZ,2018-07-26,5.3700,5.4300,0.0110
002651.SZ,2019-07-18,4.9000,4.9600,0.0121
002651.SZ,2020-07-16,5.6600,5.7200,0.0105
002651.SZ,2021-09-30,12.4500,12.6000,0.0119
002652.SZ,2013-05-21,8.4700,12.8500,0.3409
002652.SZ,2015-04-14,14.3200,28.6800,0.5007
002652.SZ,2017-05-11,10.1300,16.3000,0.3785
002653.SZ,2012-03-08,19.4600,20.0600,0.0299
002653.SZ,2013-03-11,19.0900,38.9200,0.5095
002653.SZ,2013-09-12,21.9300,29.6100,0.2594
002653.SZ,2014-05-19,17.7200,17.9700,0.0139
002653.SZ,2016-04-26,15.8400,16.0900,0.0155
002653.SZ,2017-06-09,12.8500,13.3100,0.0346
002653.SZ,2018-07-02,11.7200,12.0000,0.0233
002653.SZ,2019-05-15,11.9900,12.1800,0.0156
002653.SZ,2021-04-28,26.3300,26.7000,0.0139
002653.SZ,2022-07-05,15.9000,16.0900,0.0118
002654.SZ,2013-04-24,8.4700,17.0400,0.5029
002654.SZ,2016-03-01,13.7200,41.2200,0.6672
002655.SZ,2013-06-06,9.4700,19.0200,0.5021
002655.SZ,2014-06-10,8.1100,12.1800,0.3342
002656.SZ,2013-05-16,19.1100,38.5800,0.5047
002656.SZ,2014-05-27,14.6400,14.8200,0.0121
002656.SZ,2016-05-26,12.9200,20.7800,0.3782
002656.SZ,2018-05-31,9.8000,15.7000,0.3758
002657.SZ,2013-06-14,20.2900,30.5800,0.3365
002657.SZ,2014-09-22,41.8300,50.2000,0.1667
002657.SZ,2015-03-20,47.1500,94.3500,0.5003
002658.SZ,2013-07-04,17.7400,35.6400,0.5022
002658.SZ,2015-04-17,26.4800,58.4000,0.5466
002658.SZ,2019-05-23,7.5800,7.6800,0.0130
002658.SZ,2020-05-19,5.9300,6.0300,0.0166
002658.SZ,2021-05-17,10.3200,10.4400,0.0115
002658.SZ,2021-10-19,9.0000,9.1500,0.0164
002658.SZ,2022-05-10,6.4800,6.7800,0.0442
002658.SZ,2023-05-12,7.5200,7.9100,0.0493
002658.SZ,2024-05-22,5.9400,6.2300,0.0465
002658.SZ,2025-04-30,6.4800,6.7300,0.0371
002659.SZ,2013-06-18,5.3900,10.8600,0.5037
002660.SZ,2012-07-10,19.4400,19.6400,0.0102
002660.SZ,2013-06-18,11.7700,23.6300,0.5019
002660.SZ,2014-06-11,9.0300,11.7700,0.2328
002660.SZ,2023-06-01,9.2600,9.3600,0.0107
002660.SZ,2024-06-14,7.5600,7.6600,0.0131
002660.SZ,2025-06-13,9.1800,9.2800,0.0108
002661.SZ,2012-04-24,28.1100,28.6100,0.0175
002661.SZ,2013-04-18,31.8700,32.3700,0.0154
002661.SZ,2014-04-17,30.6100,31.1100,0.0161
002661.SZ,2016-04-28,19.0800,57.7500,0.6696
002661.SZ,2017-06-01,15.7300,15.9300,0.0126
002661.SZ,2018-03-30,11.4600,11.6600,0.0172
002661.SZ,2019-06-06,13.2500,13.5000,0.0185
002661.SZ,2020-05-21,18.5900,18.8300,0.0127
002661.SZ,2021-05-26,14.4400,14.7400,0.0204
002661.SZ,2022-06-17,11.1900,11.3800,0.0167
002661.SZ,2023-06-05,11.3200,11.5100,0.0165
002661.SZ,2024-09-27,8.6600,8.8500,0.0215
002661.SZ,2025-04-30,10.2100,10.4800,0.0258
002661.SZ,2026-01-08,9.0700,9.2100,0.0152
002662.SZ,2012-09-21,9.3000,18.9900,0.5103
002662.SZ,2013-06-17,7.0600,7.3100,0.0342
002662.SZ,2014-06-19,8.0200,8.2800,0.0314
002662.SZ,2015-06-15,17.8400,18.1400,0.0165
002662.SZ,2016-05-17,12.1500,12.4500,0.0241
002662.SZ,2017-04-19,8.8800,18.1000,0.5094
002662.SZ,2018-06-15,3.9000,3.9600,0.0152
002662.SZ,2023-04-28,3.1900,3.2600,0.0215
002662.SZ,2024-04-29,3.2000,3.3000,0.0303
002662.SZ,2025-05-16,3.5100,3.5800,0.0196
002663.SZ,2012-09-07,26.6400,42.6800,0.3758
002663.SZ,2013-05-30,18.7800,37.7000,0.5019
002663.SZ,2015-06-01,13.6200,34.0500,0.6000
002664.SZ,2014-09-01,34.3900,51.5900,0.3334
002664.SZ,2015-04-23,26.1500,52.5000,0.5019
002666.SZ,2012-10-26,13.4900,13.6800,0.0139
002666.SZ,2013-06-14,8.5000,17.2900,0.5084
002666.SZ,2014-07-21,10.1300,10.2800,0.0146
002666.SZ,2015-07-09,9.4800,19.0700,0.5029
002666.SZ,2018-07-19,4.0200,4.0700,0.0123
002666.SZ,2019-05-08,4.5400,4.8100,0.0561
002666.SZ,2021-07-08,4.9000,5.0100,0.0220
002666.SZ,2024-05-21,4.5100,4.5800,0.0153
002666.SZ,2025-10-21,5.2600,5.3500,0.0168
002667.SZ,2015-05-29,23.7900,47.6500,0.5007
002667.SZ,2018-05-02,8.1200,13.8200,0.4124
002668.SZ,2014-06-17,17.7500,17.9800,0.0128
002668.SZ,2017-05-11,22.1900,62.3800,0.6443
002668.SZ,2018-07-06,11.7900,20.1000,0.4134
002669.SZ,2013-05-24,11.4200,11.7300,0.0264
002669.SZ,2014-05-19,12.8300,25.7800,0.5023
002669.SZ,2021-05-17,12.1000,12.3000,0.0163
002670.SZ,2012-07-12,7.5800,7.7800,0.0257
002670.SZ,2013-06-06,7.6300,7.8800,0.0317
002670.SZ,2014-05-23,9.1000,9.4000,0.0319
002670.SZ,2015-06-04,18.3000,18.7000,0.0214
002670.SZ,2017-04-28,15.9100,25.4800,0.3756
002670.SZ,2018-06-29,10.6600,13.8800,0.2320
002671.SZ,2013-09-12,17.3900,34.9800,0.5029
002671.SZ,2014-05-20,8.4900,16.9000,0.4976
002672.SZ,2013-06-26,34.4000,52.0000,0.3385
002672.SZ,2014-06-25,26.5300,40.0900,0.3382
002672.SZ,2015-06-26,24.4200,61.2100,0.6010
002672.SZ,2018-07-04,13.4300,13.5900,0.0118
002672.SZ,2019-07-10,10.7600,10.9000,0.0128
002672.SZ,2020-07-30,9.8600,10.0100,0.0150
002672.SZ,2021-07-09,7.5100,7.6200,0.0144
002673.SZ,2012-12-11,11.5500,12.0000,0.0375
002673.SZ,2015-06-12,37.0400,74.2200,0.5009
002673.SZ,2017-04-11,15.9800,18.2800,0.1258
002673.SZ,2018-06-22,6.7600,6.8300,0.0102
002673.SZ,2022-06-28,6.5100,6.6200,0.0166
002673.SZ,2024-06-26,6.2700,6.3600,0.0142
002674.SZ,2013-06-17,9.6500,9.8500,0.0203
002674.SZ,2014-06-04,11.1300,11.3800,0.0220
002674.SZ,2017-06-05,12.1000,12.2500,0.0122
002674.SZ,2018-05-10,10.6400,11.1400,0.0449
002674.SZ,2019-05-08,14.0000,14.6000,0.0411
002674.SZ,2020-05-22,8.9900,9.5800,0.0616
002674.SZ,2022-05-27,9.5400,9.8400,0.0305
002674.SZ,2023-06-09,10.9300,11.4300,0.0437
002674.SZ,2024-05-29,11.3000,11.9000,0.0504
002674.SZ,2025-07-15,10.2100,10.3600,0.0145
002675.SZ,2013-07-01,14.5300,23.5000,0.3817
002675.SZ,2016-08-30,17.7400,53.2300,0.6667
002675.SZ,2020-05-27,18.6500,18.9000,0.0132
002675.SZ,2021-06-04,20.4200,20.6700,0.0121
002675.SZ,2022-06-09,11.9200,12.0700,0.0124
002675.SZ,2023-07-10,14.0200,14.1700,0.0106
002676.SZ,2012-11-08,10.4100,10.6100,0.0189
002676.SZ,2013-05-20,10.4500,10.5700,0.0114
002676.SZ,2016-03-11,16.9300,42.3300,0.6000
002676.SZ,2017-06-07,14.9300,26.8800,0.4446
002677.SZ,2013-05-29,9.2200,9.4700,0.0264
002677.SZ,2014-05-15,11.4400,11.7900,0.0297
002677.SZ,2015-06-04,27.4000,55.3000,0.5045
002677.SZ,2016-06-16,10.9400,17.7500,0.3837
002677.SZ,2017-04-25,15.4000,15.7100,0.0197
002677.SZ,2018-04-10,17.3600,17.8200,0.0258
002677.SZ,2019-04-24,13.7800,14.2400,0.0323
002677.SZ,2020-05-20,10.8400,11.3800,0.0475
002677.SZ,2021-05-18,20.5400,21.1400,0.0284
002677.SZ,2022-05-13,13.5900,14.2500,0.0463
002677.SZ,2023-05-23,10.9000,11.5200,0.0538
002677.SZ,2024-05-24,9.6300,10.3800,0.0723
002677.SZ,2025-05-28,7.2000,7.5000,0.0400
002678.SZ,2013-07-04,6.7400,13.6000,0.5044
002678.SZ,2018-07-03,6.4400,8.4500,0.2379
002679.SZ,2018-07-18,14.7100,25.5000,0.4231
002681.SZ,2012-08-22,10.0900,10.2400,0.0146
002681.SZ,2013-05-14,10.9400,11.1400,0.0180
002681.SZ,2014-04-22,27.9900,56.2800,0.5027
002681.SZ,2015-06-15,46.0300,83.0000,0.4454
002681.SZ,2016-05-27,14.8100,29.7200,0.5017
002681.SZ,2018-07-04,6.1700,8.6800,0.2892
002682.SZ,2013-06-21,7.4800,9.9300,0.2467
002682.SZ,2015-07-03,24.2600,29.7000,0.1832
002682.SZ,2018-07-06,5.1200,7.7700,0.3411
002682.SZ,2019-07-19,4.7000,4.7700,0.0147
002682.SZ,2020-06-24,3.9700,4.0400,0.0173
002683.SZ,2013-05-02,19.1400,19.3600,0.0114
002683.SZ,2014-05-19,23.7800,24.0800,0.0125
002683.SZ,2015-07-10,14.0700,35.4800,0.6034
002683.SZ,2018-06-20,8.9400,9.0400,0.0111
002683.SZ,2019-06-21,10.4700,10.6200,0.0141
002683.SZ,2022-06-08,23.5700,23.8700,0.0126
002683.SZ,2024-05-10,21.8600,22.4200,0.0250
002683.SZ,2025-05-26,30.2800,30.7300,0.0146
002683.SZ,2026-04-29,36.0000,36.4500,0.0123
002685.SZ,2015-04-23,16.5300,46.3000,0.6430
002686.SZ,2013-05-28,15.1400,22.8800,0.3383
002686.SZ,2014-06-27,9.6000,19.3500,0.5039
002686.SZ,2015-08-14,13.7400,20.6900,0.3359
002687.SZ,2013-04-22,10.4700,21.4400,0.5117
002687.SZ,2014-05-09,8.8200,10.8300,0.1856
002687.SZ,2015-05-07,11.5000,17.5500,0.3447
002687.SZ,2016-05-09,14.4700,14.6200,0.0103
002687.SZ,2017-05-24,7.4200,7.5700,0.0198
002687.SZ,2018-05-23,6.6000,6.7500,0.0222
002687.SZ,2019-05-21,6.3800,6.5300,0.0230
002687.SZ,2021-05-19,5.4200,5.6100,0.0339
002687.SZ,2022-06-21,4.6300,6.9200,0.3309
002687.SZ,2023-06-06,4.7600,4.9100,0.0305
002687.SZ,2024-04-09,5.7300,5.9800,0.0418
002688.SZ,2013-04-12,23.1600,23.6600,0.0211
002688.SZ,2014-05-13,12.6500,25.5500,0.5049
002688.SZ,2016-05-17,10.5200,26.5000,0.6030
002688.SZ,2017-05-18,8.3600,8.5100,0.0176
002688.SZ,2019-04-30,5.5600,5.8100,0.0430
002688.SZ,2020-05-21,7.1800,7.4300,0.0336
002688.SZ,2021-04-30,6.2800,6.3800,0.0157
002688.SZ,2023-06-05,4.8600,4.9600,0.0202
002688.SZ,2024-05-31,4.6000,4.7000,0.0213
002688.SZ,2025-06-06,6.2900,6.3900,0.0156
002689.SZ,2013-06-06,6.1100,8.2400,0.2585
002689.SZ,2014-05-21,5.6000,7.5800,0.2612
002689.SZ,2015-05-29,16.2100,29.4800,0.4501
002689.SZ,2018-07-10,3.3700,3.8100,0.1155
002690.SZ,2013-06-07,25.4200,33.3500,0.2378
002690.SZ,2014-05-20,32.6400,42.7300,0.2361
002690.SZ,2015-05-22,50.5000,101.2000,0.5010
002690.SZ,2016-05-24,20.7700,21.0700,0.0142
002690.SZ,2017-06-08,19.4300,19.7300,0.0152
002690.SZ,2018-05-16,20.7400,21.2400,0.0235
002690.SZ,2019-05-21,27.3600,28.0600,0.0249
002690.SZ,2020-05-22,43.5100,44.3100,0.0181
002690.SZ,2021-05-20,47.2300,48.0300,0.0167
002690.SZ,2022-05-13,18.0200,24.2200,0.2560
002690.SZ,2023-05-11,24.1600,24.8600,0.0282
002690.SZ,2024-05-17,17.7900,18.4900,0.0379
002690.SZ,2025-05-14,16.7900,17.4900,0.0400
002691.SZ,2018-06-11,10.5200,17.9000,0.4123
002692.SZ,2013-05-13,8.0000,14.7000,0.4558
002692.SZ,2014-06-18,7.1500,7.2300,0.0111
002692.SZ,2016-05-24,7.9100,17.5500,0.5493
002693.SZ,2013-05-16,12.7700,19.5100,0.3455
002693.SZ,2014-05-22,9.4900,14.4300,0.3423
002693.SZ,2015-03-10,12.0700,18.2000,0.3368
002694.SZ,2013-05-23,12.6500,15.6800,0.1932
002694.SZ,2014-06-17,7.5400,15.1800,0.5033
002694.SZ,2015-07-22,13.9500,14.3000,0.0245
002694.SZ,2017-05-19,21.9100,35.0700,0.3752
002695.SZ,2014-06-11,26.3300,26.6000,0.0102
002695.SZ,2016-09-22,18.6300,74.6600,0.7505
002695.SZ,2024-05-06,8.0400,8.2200,0.0219
002695.SZ,2025-05-16,10.0100,10.1200,0.0109
002696.SZ,2013-06-19,18.7200,19.0200,0.0158
002696.SZ,2014-06-16,10.5300,21.2600,0.5047
002696.SZ,2018-06-12,12.7900,22.1000,0.4213
002697.SZ,2013-04-10,15.3400,15.5600,0.0141
002697.SZ,2013-09-30,8.4400,16.9700,0.5027
002697.SZ,2014-09-12,7.5500,15.1500,0.5017
002697.SZ,2015-09-28,5.9900,10.2300,0.4145
002697.SZ,2021-05-14,6.1300,6.2100,0.0129
002697.SZ,2021-09-16,4.8600,4.9300,0.0142
002697.SZ,2023-05-23,5.6600,6.1000,0.0721
002697.SZ,2024-05-14,5.2500,5.3700,0.0223
002697.SZ,2025-05-28,5.4900,5.6000,0.0196
002698.SZ,2015-09-24,18.3100,31.2500,0.4141
002698.SZ,2019-05-31,8.9300,13.5300,0.3400
002698.SZ,2020-06-18,11.9700,12.1500,0.0148
002698.SZ,2021-06-22,12.6500,12.8500,0.0156
002698.SZ,2022-06-17,11.1300,11.3800,0.0220
002698.SZ,2023-07-11,18.4500,18.7000,0.0134
002698.SZ,2024-06-20,13.2000,13.4500,0.0186
002698.SZ,2025-06-20,14.8900,15.1400,0.0165
002700.SZ,2013-10-16,36.7700,58.8300,0.3750
002700.SZ,2014-05-26,17.5200,35.1500,0.5016
002700.SZ,2015-04-30,16.0600,28.9800,0.4458
002700.SZ,2023-06-15,4.4900,4.5500,0.0132
002701.SZ,2013-05-06,34.0000,34.9800,0.0280
002701.SZ,2014-05-15,23.0800,47.1500,0.5105
002701.SZ,2015-04-24,25.6500,41.7000,0.3849
002701.SZ,2016-05-06,9.8700,24.1300,0.5910
002701.SZ,2018-07-13,5.5600,5.7400,0.0314
002701.SZ,2019-10-25,4.3800,4.4900,0.0245
002701.SZ,2020-06-18,3.9300,3.9900,0.0150
002701.SZ,2020-10-20,5.8000,5.9200,0.0203
002701.SZ,2022-07-14,4.9600,5.1000,0.0275
002701.SZ,2023-07-12,4.4500,4.5700,0.0263
002701.SZ,2024-07-19,4.1200,4.2400,0.0283
002701.SZ,2025-06-27,5.9900,6.1100,0.0196
002702.SZ,2013-04-26,17.4100,35.1000,0.5040
002702.SZ,2015-05-07,17.6400,35.3700,0.5013
002702.SZ,2017-04-27,8.5200,14.4900,0.4120
002702.SZ,2023-06-09,5.3700,5.4700,0.0183
002702.SZ,2024-06-06,3.7300,3.7700,0.0106
002703.SZ,2017-07-31,11.2600,28.2500,0.6014
002705.SZ,2014-06-12,13.6500,13.8500,0.0144
002705.SZ,2015-05-29,23.4000,23.6500,0.0106
002705.SZ,2016-05-31,15.1000,19.9300,0.2423
002705.SZ,2017-06-09,14.3200,18.9700,0.2451
002705.SZ,2018-06-13,10.3900,10.6900,0.0281
002705.SZ,2019-06-13,9.4700,9.8200,0.0356
002705.SZ,2020-06-05,33.2400,33.6400,0.0119
002705.SZ,2021-06-17,27.7800,28.3800,0.0211
002705.SZ,2022-06-10,19.0800,19.2800,0.0104
002705.SZ,2023-06-09,16.8600,17.2600,0.0232
002705.SZ,2024-06-14,14.6800,15.0800,0.0265
002705.SZ,2025-06-11,13.9000,14.3500,0.0314
002706.SZ,2014-04-22,30.9400,31.7400,0.0252
002706.SZ,2015-04-30,43.0600,56.3300,0.2356
002706.SZ,2016-05-17,25.9900,52.4700,0.5047
002706.SZ,2017-04-26,12.5400,25.4800,0.5078
002706.SZ,2018-04-25,6.9400,10.6600,0.3490
002706.SZ,2019-04-24,6.6200,6.8700,0.0364
002706.SZ,2020-04-28,12.1800,12.4200,0.0193
002706.SZ,2021-04-27,23.9900,31.4500,0.2372
002706.SZ,2022-09-23,12.5200,12.7200,0.0157
002706.SZ,2023-05-05,11.4300,11.6300,0.0172
002706.SZ,2024-05-14,7.6300,7.8800,0.0317
002706.SZ,2025-05-13,8.5800,8.7900,0.0239
002707.SZ,2015-05-14,67.6000,203.0000,0.6670
002707.SZ,2015-09-29,40.1400,80.2700,0.4999
002707.SZ,2016-04-22,21.0500,42.1500,0.5006
002708.SZ,2014-04-29,15.5900,21.9300,0.2891
002708.SZ,2015-10-09,10.2700,22.6000,0.5456
002709.SZ,2016-05-13,55.4600,138.8200,0.6005
002709.SZ,2019-07-03,16.2100,26.0300,0.3773
002709.SZ,2021-04-27,61.4600,104.6800,0.4129
002709.SZ,2022-05-16,38.2800,77.0500,0.5032
002709.SZ,2023-05-16,46.2900,46.8900,0.0128
002709.SZ,2024-04-29,20.5600,20.8600,0.0144
002712.SZ,2016-06-17,38.0200,114.2000,0.6671
002712.SZ,2018-09-27,9.3300,15.8600,0.4117
002713.SZ,2014-05-30,33.3100,33.8100,0.0148
002713.SZ,2015-05-21,44.1100,88.8100,0.5033
002713.SZ,2016-05-30,29.1000,29.5000,0.0136
002713.SZ,2017-04-28,24.0400,24.8400,0.0322
002713.SZ,2018-06-08,24.1000,25.2000,0.0437
002713.SZ,2019-06-21,11.2600,18.8900,0.4039
002713.SZ,2025-12-30,8.1400,11.0000,0.2600
002714.SZ,2015-06-10,48.3700,96.8000,0.5003
002714.SZ,2016-07-08,26.8700,54.1000,0.5033
002714.SZ,2017-07-11,29.1300,29.8200,0.0231
002714.SZ,2018-07-03,24.1900,44.2300,0.4531
002714.SZ,2020-06-04,70.4400,120.2900,0.4144
002714.SZ,2021-06-03,65.4600,93.1100,0.2970
002714.SZ,2023-07-13,41.5100,42.2400,0.0173
002714.SZ,2024-12-30,38.5400,39.3600,0.0208
002714.SZ,2025-06-26,41.4700,42.0300,0.0133
002714.SZ,2025-10-16,52.3500,53.2700,0.0173
002715.SZ,2020-09-25,18.2300,27.3400,0.3332
002716.SZ,2015-06-25,13.8700,30.6200,0.5470
002716.SZ,2018-07-24,9.8500,16.8400,0.4151
002717.SZ,2014-08-26,25.8400,49.1000,0.4737
002717.SZ,2015-04-09,18.5100,37.1000,0.5011
002717.SZ,2018-04-24,12.4400,28.7800,0.5678
002717.SZ,2019-05-30,5.0900,7.7100,0.3398
002718.SZ,2015-05-29,74.0600,119.0000,0.3776
002718.SZ,2019-06-11,18.1300,27.4900,0.3405
002718.SZ,2020-06-19,14.2000,14.3500,0.0105
002718.SZ,2023-05-30,14.3800,14.8600,0.0323
002718.SZ,2024-05-28,11.9000,12.1000,0.0165
002719.SZ,2018-07-06,15.3400,24.6000,0.3764
002721.SZ,2015-09-30,20.0100,60.0300,0.6667
002722.SZ,2019-05-20,14.8100,15.0100,0.0133
002722.SZ,2020-06-17,11.8000,12.0000,0.0167
002722.SZ,2022-07-22,14.1600,14.3100,0.0105
002722.SZ,2024-07-04,11.1000,11.2900,0.0168
002722.SZ,2025-07-09,16.0200,16.2500,0.0142
002723.SZ,2014-05-23,30.3000,30.7000,0.0130
002723.SZ,2015-06-26,22.6000,45.3900,0.5021
002723.SZ,2021-06-28,13.9900,19.6000,0.2862
002724.SZ,2017-06-20,13.8800,20.8800,0.3352
002724.SZ,2018-06-26,5.5100,6.7100,0.1788
002724.SZ,2019-06-25,5.9300,6.0300,0.0166
002724.SZ,2020-05-25,5.8800,5.9800,0.0167
002724.SZ,2021-05-28,10.7200,10.8700,0.0138
002724.SZ,2022-06-27,11.0500,11.2500,0.0178
002725.SZ,2014-05-16,30.9100,31.3100,0.0128
002725.SZ,2015-05-08,23.5600,38.0900,0.3815
002725.SZ,2018-05-09,10.5300,16.8500,0.3751
002725.SZ,2019-05-14,9.7300,9.8300,0.0102
002726.SZ,2015-04-27,14.7400,29.6200,0.5024
002726.SZ,2017-08-25,11.1200,18.9000,0.4116
002726.SZ,2019-10-11,7.0800,9.2100,0.2313
002726.SZ,2021-04-30,11.8700,12.0500,0.0149
002727.SZ,2016-04-13,24.9100,50.3200,0.5050
002727.SZ,2019-04-03,25.8000,26.1000,0.0115
002727.SZ,2020-04-30,26.6500,26.9500,0.0111
002727.SZ,2022-04-29,18.7000,19.0000,0.0158
002727.SZ,2023-05-26,26.7300,27.1300,0.0147
002727.SZ,2024-05-30,20.8800,21.2800,0.0188
002727.SZ,2025-06-04,17.5100,17.8000,0.0163
002727.SZ,2025-09-25,14.2400,14.4400,0.0139
002728.SZ,2015-07-03,25.2200,50.5900,0.5015
002728.SZ,2018-04-20,17.6800,18.1800,0.0275
002728.SZ,2019-03-29,16.1600,16.8100,0.0387
002728.SZ,2020-04-28,14.9200,15.6700,0.0479
002728.SZ,2021-06-03,16.4900,17.1400,0.0379
002728.SZ,2022-05-10,12.8500,13.5000,0.0481
002728.SZ,2023-05-26,18.0400,25.9000,0.3035
002728.SZ,2024-04-24,9.7700,14.1800,0.3110
002729.SZ,2021-10-13,44.4300,62.2000,0.2857
002729.SZ,2022-06-08,44.4900,62.3200,0.2861
002729.SZ,2022-09-29,35.9600,50.3400,0.2857
002730.SZ,2016-04-20,19.1900,42.3100,0.5464
002730.SZ,2020-06-05,7.3000,7.4000,0.0135
002730.SZ,2022-06-07,8.7100,8.8200,0.0125
002730.SZ,2023-06-07,8.7700,8.8800,0.0124
002730.SZ,2024-05-29,7.1400,7.2700,0.0179
002731.SZ,2019-07-08,13.2200,22.5200,0.4130
002732.SZ,2018-06-22,22.2200,22.8200,0.0263
002732.SZ,2020-06-15,21.6400,22.0400,0.0181
002732.SZ,2024-06-20,14.8000,14.9500,0.0100
002733.SZ,2015-05-12,28.7900,43.4000,0.3366
002733.SZ,2015-09-15,12.4300,18.6400,0.3332
002733.SZ,2020-06-01,20.2900,20.5400,0.0122
002733.SZ,2024-06-12,10.9000,11.0500,0.0136
002734.SZ,2015-05-04,25.2800,33.1600,0.2376
002734.SZ,2016-05-30,27.6600,27.9600,0.0107
002734.SZ,2017-05-11,28.2500,28.6000,0.0122
002734.SZ,2018-06-12,14.2800,24.7800,0.4237
002734.SZ,2019-05-21,13.5500,13.9000,0.0252
002734.SZ,2020-05-26,12.2900,16.2800,0.2451
002734.SZ,2021-06-02,12.5000,12.7500,0.0196
002734.SZ,2022-05-24,9.8100,10.1100,0.0297
002734.SZ,2023-06-16,9.0100,9.2600,0.0270
002734.SZ,2024-06-12,6.9500,7.1400,0.0266
002734.SZ,2024-10-18,7.4700,7.6100,0.0184
002734.SZ,2025-05-28,17.0800,17.3300,0.0144
002735.SZ,2019-06-10,14.2100,24.4000,0.4176
002735.SZ,2021-07-15,17.4900,24.6100,0.2893
002735.SZ,2023-05-16,13.4900,18.9500,0.2881
002736.SZ,2016-06-24,17.1400,17.7400,0.0338
002736.SZ,2017-06-09,13.1100,13.3100,0.0150
002736.SZ,2018-06-15,9.8300,9.9800,0.0150
002736.SZ,2020-04-29,10.4800,10.6800,0.0187
002736.SZ,2021-06-17,10.4100,10.6400,0.0216
002736.SZ,2022-06-22,9.6000,10.1000,0.0495
002736.SZ,2023-06-21,8.8400,9.1100,0.0296
002736.SZ,2024-06-19,8.9700,9.2400,0.0292
002736.SZ,2025-06-16,11.0500,11.4000,0.0307
002737.SZ,2015-06-11,66.9300,134.2000,0.5013
002737.SZ,2018-04-18,19.7000,40.4000,0.5124
002737.SZ,2019-04-23,17.2000,18.2000,0.0549
002737.SZ,2020-05-28,14.0000,15.0000,0.0667
002737.SZ,2021-07-12,15.5500,15.9000,0.0220
002737.SZ,2022-06-02,15.7200,16.4200,0.0426
002737.SZ,2023-06-07,25.2200,26.2200,0.0381
002737.SZ,2024-06-14,27.7400,29.2400,0.0513
002737.SZ,2025-07-18,15.7000,16.2000,0.0309
002738.SZ,2016-06-20,21.4500,32.2800,0.3355
002738.SZ,2022-06-01,71.7500,100.5500,0.2864
002738.SZ,2023-05-31,52.9800,75.1700,0.2952
002738.SZ,2024-05-30,31.4900,32.4800,0.0305
002738.SZ,2025-07-04,34.0700,34.5700,0.0145
002739.SZ,2015-09-28,81.5000,163.0000,0.5000
002739.SZ,2018-08-08,34.5600,52.0400,0.3359
002741.SZ,2015-11-02,17.7800,53.5400,0.6679
002742.SZ,2015-05-20,39.2900,59.1300,0.3355
002742.SZ,2016-05-24,21.9100,33.1200,0.3385
002742.SZ,2017-09-08,18.9500,37.8900,0.4999
002742.SZ,2019-08-22,6.2600,6.3600,0.0157
002742.SZ,2025-12-10,4.6400,4.8500,0.0433
002743.SZ,2016-05-12,14.1600,28.3800,0.5011
002743.SZ,2022-07-07,5.8000,5.8800,0.0136
002743.SZ,2024-08-09,3.6700,3.7400,0.0187
002745.SZ,2018-04-11,21.6700,43.5900,0.5029
002745.SZ,2019-05-29,11.8400,11.9700,0.0109
002745.SZ,2020-06-10,12.9000,13.0500,0.0115
002745.SZ,2022-05-27,8.8000,8.9400,0.0157
002745.SZ,2023-05-29,8.9200,9.0200,0.0111
002745.SZ,2024-05-22,8.4300,8.7700,0.0388
002745.SZ,2024-11-08,8.6000,8.9600,0.0402
002746.SZ,2018-05-24,14.8300,25.6100,0.4209
002746.SZ,2019-05-28,18.9900,28.9900,0.3449
002746.SZ,2020-04-24,14.6500,15.0500,0.0266
002746.SZ,2021-06-09,7.0900,10.9400,0.3519
002746.SZ,2022-06-30,9.2200,9.3200,0.0107
002746.SZ,2023-06-29,7.7800,7.8800,0.0127
002746.SZ,2024-05-30,6.2200,6.3700,0.0235
002746.SZ,2025-01-10,5.5500,5.6500,0.0177
002746.SZ,2025-06-12,5.9500,6.1000,0.0246
002746.SZ,2025-09-26,6.0600,6.1600,0.0162
002747.SZ,2016-05-25,27.4200,55.2400,0.5036
002747.SZ,2017-06-07,11.4600,34.5700,0.6685
002748.SZ,2016-05-27,15.2300,30.5400,0.5013
002748.SZ,2018-06-20,9.2100,9.4100,0.0213
002748.SZ,2019-07-15,8.1000,8.2000,0.0122
002748.SZ,2024-10-24,5.9000,6.0000,0.0167
002749.SZ,2016-06-01,73.7200,74.7200,0.0134
002749.SZ,2017-05-11,71.6000,74.6000,0.0402
002749.SZ,2018-05-02,39.7100,69.5000,0.4286
002749.SZ,2018-10-09,20.4100,34.6900,0.4116
002749.SZ,2019-05-28,11.7200,20.1600,0.4187
002749.SZ,2020-05-29,12.1200,14.2800,0.1513
002749.SZ,2021-06-04,9.7900,10.0100,0.0220
002749.SZ,2022-05-27,9.7900,10.0100,0.0220
002749.SZ,2023-05-19,10.5900,10.7900,0.0185
002749.SZ,2024-01-31,13.7900,14.0900,0.0213
002749.SZ,2024-05-29,15.9600,16.2100,0.0154
002749.SZ,2024-08-28,13.1700,13.4700,0.0223
002749.SZ,2025-01-21,13.7900,14.0900,0.0213
002749.SZ,2025-04-28,14.8000,15.1000,0.0199
002749.SZ,2025-08-19,15.2000,15.6000,0.0256
002749.SZ,2025-11-25,14.0200,14.3200,0.0209
002752.SZ,2016-05-24,16.5900,24.9900,0.3361
002752.SZ,2017-06-09,12.7100,16.5700,0.2330
002752.SZ,2023-07-17,4.7500,4.8000,0.0104
002752.SZ,2024-07-10,4.7900,4.8900,0.0204
002752.SZ,2025-07-10,5.6000,5.7000,0.0175
002753.SZ,2016-04-22,25.2600,38.0700,0.3365
002753.SZ,2017-06-13,15.9400,23.9900,0.3356
002753.SZ,2018-06-05,13.4900,20.3900,0.3384
002753.SZ,2019-06-14,9.1900,9.4400,0.0265
002753.SZ,2022-06-06,7.6200,7.8300,0.0268
002753.SZ,2024-06-26,5.6700,5.8100,0.0241
002753.SZ,2025-06-17,6.6300,6.7800,0.0221
002755.SZ,2018-05-31,12.8400,21.8700,0.4129
002755.SZ,2019-06-27,11.6600,11.7800,0.0102
002755.SZ,2020-06-19,17.9300,18.1500,0.0121
002755.SZ,2021-06-18,12.9300,13.1300,0.0152
002755.SZ,2022-06-20,9.6200,9.7200,0.0103
002756.SZ,2016-06-20,24.8800,44.9800,0.4469
002756.SZ,2018-06-11,21.4200,22.4200,0.0446
002756.SZ,2019-05-23,15.9000,16.9000,0.0592
002756.SZ,2020-04-22,16.2700,16.7300,0.0275
002756.SZ,2023-04-21,67.7500,93.0800,0.2721
002756.SZ,2023-09-27,45.2100,46.2100,0.0216
002756.SZ,2024-05-30,43.4600,45.4300,0.0434
002756.SZ,2024-10-10,38.3000,38.7900,0.0126
002756.SZ,2025-05-09,31.5100,32.0000,0.0153
002757.SZ,2019-06-18,19.3800,29.5700,0.3446
002757.SZ,2020-06-23,16.7300,25.3900,0.3411
002757.SZ,2021-05-31,14.6200,14.9200,0.0201
002757.SZ,2022-05-24,12.4400,12.8400,0.0312
002757.SZ,2023-06-06,14.4300,15.0300,0.0399
002757.SZ,2023-09-26,13.9000,14.2000,0.0211
002757.SZ,2024-05-28,12.8100,13.0100,0.0154
002757.SZ,2024-08-28,10.8600,11.1600,0.0269
002758.SZ,2016-06-08,32.0400,80.3900,0.6014
002758.SZ,2017-05-12,15.8600,23.9000,0.3364
002758.SZ,2021-06-07,9.6300,9.8100,0.0183
002758.SZ,2022-05-30,12.7000,13.0000,0.0231
002758.SZ,2023-05-26,12.7000,13.0000,0.0231
002758.SZ,2024-05-28,8.9300,9.2300,0.0325
002758.SZ,2025-05-27,8.8300,9.1200,0.0318
002759.SZ,2016-06-17,14.4200,36.1800,0.6014
002759.SZ,2022-03-29,27.5400,27.9200,0.0136
002759.SZ,2023-05-12,14.6700,14.9400,0.0181
002759.SZ,2024-05-24,9.0800,9.1800,0.0109
002761.SZ,2018-06-20,20.5800,35.0200,0.4123
002761.SZ,2019-04-30,12.3700,21.0500,0.4124
002761.SZ,2020-07-24,9.8200,10.0200,0.0200
002761.SZ,2021-08-03,7.4100,7.6100,0.0263
002761.SZ,2023-08-04,16.9400,17.1400,0.0117
002762.SZ,2015-08-11,79.8600,140.0000,0.4296
002762.SZ,2016-07-14,38.0100,64.7700,0.4132
002762.SZ,2018-06-20,7.5500,13.3600,0.4349
002762.SZ,2019-06-18,5.5300,5.6200,0.0160
002762.SZ,2020-05-29,5.5100,5.6200,0.0196
002763.SZ,2017-05-10,29.1100,29.5100,0.0136
002763.SZ,2017-09-22,18.0300,32.4600,0.4445
002763.SZ,2018-05-21,12.9300,13.2300,0.0227
002763.SZ,2019-05-27,9.0700,9.5200,0.0473
002763.SZ,2020-06-05,7.4800,7.8800,0.0508
002763.SZ,2021-06-09,9.9800,10.9800,0.0911
002763.SZ,2023-06-07,8.2100,8.7100,0.0574
002763.SZ,2024-05-10,7.3900,7.7900,0.0513
002763.SZ,2025-05-29,6.7800,6.9300,0.0216
002763.SZ,2025-09-24,6.7400,7.0400,0.0426
002765.SZ,2017-05-12,13.0000,26.0900,0.5017
002766.SZ,2017-07-13,16.5400,33.1800,0.5015
002767.SZ,2016-05-31,31.3900,47.1800,0.3347
002768.SZ,2016-03-30,33.0800,99.4500,0.6674
002768.SZ,2021-05-21,26.0500,26.3600,0.0118
002768.SZ,2022-05-27,23.6400,23.8900,0.0105
002768.SZ,2023-05-30,23.9300,24.1800,0.0103
002768.SZ,2025-06-17,25.9600,26.2300,0.0103
002769.SZ,2015-09-25,48.7100,97.4100,0.4999
002769.SZ,2016-07-11,34.8300,87.2600,0.6008
002771.SZ,2017-06-16,28.8500,58.0000,0.5026
002771.SZ,2019-06-11,10.1600,13.2800,0.2349
002772.SZ,2016-04-15,27.6300,56.7900,0.5135
002772.SZ,2019-05-22,9.1000,9.2000,0.0109
002772.SZ,2021-05-20,7.8100,7.9000,0.0114
002772.SZ,2022-05-19,6.6400,6.7400,0.0148
002772.SZ,2023-05-09,10.4600,10.7600,0.0279
002772.SZ,2024-05-16,6.9700,7.2700,0.0413
002772.SZ,2025-05-19,8.1300,8.4200,0.0344
002773.SZ,2016-06-08,48.6600,73.1900,0.3352
002773.SZ,2019-06-06,35.4800,46.4000,0.2353
002773.SZ,2024-05-28,22.5000,22.8800,0.0166
002773.SZ,2025-06-06,29.9000,30.5000,0.0197
002774.SZ,2022-06-22,8.3600,9.0600,0.0773
002774.SZ,2023-05-23,7.1400,7.3900,0.0338
002774.SZ,2024-05-15,7.0600,7.4600,0.0536
002774.SZ,2025-05-07,7.8300,8.1900,0.0440
002775.SZ,2016-07-07,23.9700,48.1400,0.5021
002775.SZ,2018-04-03,15.7500,17.0000,0.0735
002775.SZ,2018-07-09,8.0000,12.9000,0.3798
002775.SZ,2019-05-22,6.4100,6.6100,0.0303
002775.SZ,2019-09-18,5.9500,6.1500,0.0325
002775.SZ,2020-05-29,4.8500,5.1400,0.0564
002775.SZ,2020-10-26,5.2900,5.6800,0.0687
002775.SZ,2021-05-17,4.6700,5.1600,0.0950
002777.SZ,2017-09-21,39.5000,79.0000,0.5000
002777.SZ,2019-06-04,23.3100,30.5500,0.2370
002777.SZ,2020-06-16,27.4800,38.6700,0.2894
002777.SZ,2022-05-26,12.7000,16.7100,0.2400
002778.SZ,2021-06-04,17.6400,24.7900,0.2884
002778.SZ,2022-05-23,12.8400,12.9900,0.0115
002779.SZ,2016-07-01,44.1000,66.2700,0.3345
002779.SZ,2025-06-11,68.7900,96.4200,0.2866
002780.SZ,2017-05-16,30.5400,45.8700,0.3342
002780.SZ,2019-05-22,20.9100,27.2000,0.2312
002782.SZ,2016-06-08,36.4500,91.2300,0.6005
002782.SZ,2018-04-26,13.2500,13.4500,0.0149
002782.SZ,2021-05-12,10.0300,10.1800,0.0147
002782.SZ,2025-05-28,11.9500,12.1000,0.0124
002783.SZ,2017-05-26,26.6800,67.5000,0.6047
002783.SZ,2018-05-29,11.1400,18.0300,0.3821
002783.SZ,2019-06-12,12.5500,12.7500,0.0157
002783.SZ,2021-07-15,8.8000,8.9000,0.0112
002783.SZ,2023-06-29,8.1100,8.2100,0.0122
002783.SZ,2024-06-25,7.0300,7.1300,0.0140
002783.SZ,2025-06-19,8.3700,8.4700,0.0118
002786.SZ,2016-05-31,25.7600,77.3900,0.6671
002787.SZ,2017-06-12,18.9100,38.3200,0.5065
002787.SZ,2018-06-06,11.4200,11.6200,0.0172
002787.SZ,2020-06-05,6.9300,7.0300,0.0142
002787.SZ,2025-05-21,8.6200,8.7200,0.0115
002788.SZ,2018-05-25,21.0200,31.7300,0.3375
002788.SZ,2019-05-29,9.0200,15.5300,0.4192
002788.SZ,2020-06-08,7.9800,8.1300,0.0185
002788.SZ,2020-09-17,8.8600,9.5000,0.0674
002788.SZ,2021-06-03,8.3500,8.5500,0.0234
002788.SZ,2022-07-06,8.1600,8.4600,0.0355
002788.SZ,2023-06-14,9.0300,9.3300,0.0322
002788.SZ,2024-07-04,7.7100,8.0100,0.0375
002788.SZ,2025-07-10,8.3600,8.7100,0.0402
002789.SZ,2018-08-24,20.1400,34.3800,0.4142
002790.SZ,2017-06-01,32.6500,33.0500,0.0121
002790.SZ,2018-05-25,14.4700,23.6500,0.3882
002790.SZ,2019-05-30,7.6900,12.6100,0.3902
002790.SZ,2020-06-23,6.2500,6.4500,0.0310
002790.SZ,2021-06-30,5.3600,5.5100,0.0272
002790.SZ,2022-05-30,6.4500,6.6000,0.0227
002790.SZ,2023-06-01,8.2800,8.4800,0.0236
002790.SZ,2024-06-18,9.7900,10.0400,0.0249
002790.SZ,2025-06-19,6.9600,7.1600,0.0279
002791.SZ,2017-06-08,24.6300,37.2000,0.3379
002792.SZ,2016-06-07,60.8700,91.7000,0.3362
002792.SZ,2019-06-18,20.7800,31.2100,0.3342
002792.SZ,2021-05-27,17.2400,17.5400,0.0171
002792.SZ,2024-06-18,10.8600,14.3100,0.2411
002793.SZ,2017-06-01,26.1900,52.9800,0.5057
002793.SZ,2019-04-24,12.3100,12.6100,0.0238
002793.SZ,2019-09-23,12.0200,20.4400,0.4119
002795.SZ,2017-05-11,29.4500,59.4000,0.5042
002795.SZ,2018-06-22,19.5700,19.8200,0.0126
002795.SZ,2019-04-02,16.5800,17.0800,0.0293
002795.SZ,2022-06-01,8.1500,11.4100,0.2857
002795.SZ,2023-06-01,9.2900,13.0100,0.2859
002796.SZ,2019-04-01,32.8600,49.4900,0.3360
002796.SZ,2020-05-28,22.7100,34.1100,0.3342
002797.SZ,2017-05-26,9.5000,15.2400,0.3766
002798.SZ,2018-05-18,34.9500,59.6200,0.4138
002798.SZ,2018-09-25,16.9700,28.8500,0.4118
002798.SZ,2019-06-06,18.7800,19.0800,0.0157
002798.SZ,2021-04-30,18.8600,19.0600,0.0105
002798.SZ,2022-06-02,9.1800,9.3800,0.0213
002799.SZ,2017-06-27,20.0900,30.3300,0.3376
002799.SZ,2020-07-14,19.0200,22.9200,0.1702
002799.SZ,2021-05-27,14.4700,20.3400,0.2886
002800.SZ,2021-05-26,13.6700,19.2100,0.2884
002800.SZ,2024-07-02,9.9600,13.9500,0.2860
002801.SZ,2017-04-20,50.4400,101.1800,0.5015
002801.SZ,2018-05-25,30.6400,31.1400,0.0161
002801.SZ,2019-06-06,25.5300,25.8300,0.0116
002801.SZ,2020-07-03,32.2400,42.2100,0.2362
002801.SZ,2021-06-03,25.5700,38.6500,0.3384
002801.SZ,2021-10-26,16.6700,16.8700,0.0119
002801.SZ,2022-04-22,23.1900,23.6900,0.0211
002801.SZ,2023-05-17,23.0100,23.5100,0.0213
002801.SZ,2024-06-13,20.8500,21.1500,0.0142
002801.SZ,2025-05-28,31.2200,31.5700,0.0111
002802.SZ,2018-06-15,27.1000,27.4500,0.0128
002802.SZ,2019-07-17,22.4200,23.4000,0.0419
002802.SZ,2020-05-28,19.4500,19.9400,0.0246
002802.SZ,2020-09-16,27.0800,27.3700,0.0106
002802.SZ,2021-06-04,35.3100,35.8000,0.0137
002802.SZ,2022-06-08,14.3800,19.1000,0.2471
002802.SZ,2023-05-12,10.2200,13.8900,0.2642
002802.SZ,2024-07-22,7.8000,8.0500,0.0311
002803.SZ,2018-12-18,17.5100,29.7600,0.4116
002803.SZ,2019-07-02,21.0400,21.4800,0.0205
002803.SZ,2020-06-09,25.2400,43.0000,0.4130
002803.SZ,2023-03-10,16.7500,17.0100,0.0153
002803.SZ,2023-09-25,17.1000,17.3000,0.0116
002803.SZ,2024-04-30,15.3400,15.7000,0.0229
002803.SZ,2024-12-17,15.2500,15.4300,0.0117
002803.SZ,2025-05-22,14.5000,14.6600,0.0109
002803.SZ,2025-10-15,17.7700,17.9500,0.0100
002805.SZ,2019-06-19,13.1800,19.8000,0.3343
002805.SZ,2023-05-26,20.8600,29.3100,0.2883
002806.SZ,2017-05-18,26.2800,44.7700,0.4130
002807.SZ,2018-05-22,6.7200,6.8200,0.0147
002807.SZ,2019-04-17,5.4500,6.5900,0.1730
002807.SZ,2020-06-09,3.9600,4.1400,0.0435
002807.SZ,2021-05-13,4.0600,4.2400,0.0425
002807.SZ,2022-05-13,4.0100,4.1900,0.0430
002807.SZ,2023-06-07,3.8300,4.0100,0.0449
002807.SZ,2024-05-10,3.7300,3.9200,0.0485
002807.SZ,2025-04-30,4.2200,4.4200,0.0452
002807.SZ,2025-12-03,4.8100,4.9100,0.0204
002808.SZ,2017-06-13,18.2300,29.2700,0.3772
002808.SZ,2019-06-28,9.6100,13.5100,0.2887
002808.SZ,2024-06-14,1.6700,1.6900,0.0118
002809.SZ,2017-05-11,37.7700,56.9500,0.3368
002809.SZ,2019-06-12,17.8200,18.0200,0.0111
002809.SZ,2020-05-27,12.3600,21.0800,0.4137
002809.SZ,2022-06-02,9.2700,9.3700,0.0107
002809.SZ,2024-06-07,6.6800,6.8300,0.0220
002809.SZ,2025-06-19,12.7100,13.0100,0.0231
002810.SZ,2018-06-27,14.8300,17.8000,0.1669
002810.SZ,2019-05-29,14.8100,23.8900,0.3801
002810.SZ,2020-07-07,33.4900,33.8900,0.0118
002810.SZ,2021-06-02,50.1500,85.2500,0.4117
002810.SZ,2023-06-16,17.2600,17.5600,0.0171
002810.SZ,2024-07-05,11.1500,11.3500,0.0176
002810.SZ,2025-01-03,12.5300,12.6800,0.0118
002811.SZ,2018-06-21,16.0700,16.2700,0.0123
002811.SZ,2019-07-23,14.4300,14.6300,0.0137
002811.SZ,2020-06-03,11.0900,16.9300,0.3449
002811.SZ,2021-06-15,8.3300,8.7300,0.0458
002811.SZ,2022-07-07,8.3100,8.8100,0.0568
002811.SZ,2024-05-29,6.8700,7.0600,0.0269
002811.SZ,2024-09-05,6.4400,6.6300,0.0287
002811.SZ,2025-05-27,13.9600,14.1500,0.0134
002811.SZ,2025-09-25,11.7600,12.0000,0.0200
002812.SZ,2018-04-17,61.0500,123.2000,0.5045
002812.SZ,2019-07-09,29.8400,51.1000,0.4160
002812.SZ,2024-06-03,38.0400,39.5700,0.0387
002815.SZ,2017-05-12,36.1900,36.6400,0.0123
002815.SZ,2018-05-04,17.4200,35.3800,0.5076
002815.SZ,2019-04-23,17.0600,17.4000,0.0195
002815.SZ,2020-06-03,19.4800,19.7800,0.0152
002815.SZ,2021-05-20,11.2600,11.5100,0.0217
002815.SZ,2022-05-20,11.2000,11.5100,0.0269
002815.SZ,2023-05-19,11.4300,11.7200,0.0247
002815.SZ,2024-05-24,8.4800,8.6800,0.0230
002815.SZ,2025-05-22,10.2400,10.3600,0.0116
002817.SZ,2020-06-09,13.2000,22.5300,0.4141
002817.SZ,2021-06-09,9.9000,14.4200,0.3135
002817.SZ,2022-04-29,5.9800,8.4500,0.2923
002817.SZ,2024-06-27,5.4300,5.5100,0.0145
002818.SZ,2017-05-16,40.6000,41.1000,0.0122
002818.SZ,2018-05-02,27.3300,27.9300,0.0215
002818.SZ,2018-10-22,21.2000,21.7000,0.0230
002818.SZ,2019-05-06,14.4600,25.0800,0.4234
002818.SZ,2019-11-19,11.8100,12.0100,0.0167
002818.SZ,2020-06-09,11.9700,12.1200,0.0124
002818.SZ,2021-05-07,14.0000,14.6000,0.0411
002818.SZ,2022-05-13,11.7600,12.5600,0.0637
002818.SZ,2022-09-29,12.8000,13.2000,0.0303
002818.SZ,2023-05-12,13.4000,14.0800,0.0483
002818.SZ,2023-09-28,14.1300,14.5300,0.0275
002818.SZ,2024-05-14,13.7300,14.4100,0.0472
002818.SZ,2024-10-17,12.7700,13.1700,0.0304
002818.SZ,2025-04-03,13.4800,14.1600,0.0480
002818.SZ,2025-09-30,11.7700,12.1300,0.0297
002819.SZ,2019-06-11,18.0800,23.5500,0.2323
002820.SZ,2018-04-27,14.3100,23.2000,0.3832
002820.SZ,2019-06-18,12.4800,12.6800,0.0158
002820.SZ,2020-06-09,11.1500,11.3500,0.0176
002820.SZ,2021-06-09,10.6600,10.8100,0.0139
002820.SZ,2022-06-07,8.1000,8.2500,0.0182
002820.SZ,2023-06-09,11.2700,11.4200,0.0131
002820.SZ,2024-06-06,7.7000,7.8900,0.0241
002820.SZ,2025-06-13,11.0100,11.1600,0.0134
002821.SZ,2017-06-14,73.7900,148.0700,0.5017
002821.SZ,2022-07-21,191.5700,269.0000,0.2878
002821.SZ,2023-06-28,123.5800,125.3800,0.0144
002821.SZ,2024-06-28,65.7700,67.5000,0.0256
002821.SZ,2025-06-26,84.5400,85.6400,0.0128
002822.SZ,2017-06-14,13.1600,26.5100,0.5036
002822.SZ,2025-12-30,3.8400,4.0700,0.0565
002823.SZ,2017-06-06,21.4300,42.8000,0.4993
002823.SZ,2018-05-31,13.8100,13.9700,0.0115
002823.SZ,2019-05-30,10.0400,10.3000,0.0252
002823.SZ,2024-11-27,15.0100,15.1900,0.0118
002823.SZ,2025-05-20,13.7600,13.9100,0.0108
002823.SZ,2025-09-24,16.5200,16.7000,0.0108
002824.SZ,2017-06-16,23.8800,35.9900,0.3365
002824.SZ,2023-07-06,22.7400,32.1600,0.2929
002824.SZ,2024-07-16,12.4500,12.6400,0.0150
002824.SZ,2025-07-08,16.3900,16.5600,0.0103
002825.SZ,2018-06-26,14.0900,19.8300,0.2895
002825.SZ,2020-06-23,13.6000,13.8000,0.0145
002825.SZ,2021-04-27,15.0600,15.4600,0.0259
002825.SZ,2022-06-02,10.7200,15.2600,0.2975
002825.SZ,2023-07-07,8.7700,12.5700,0.3023
002825.SZ,2024-06-28,6.2100,6.3300,0.0190
002825.SZ,2025-06-12,10.4100,10.5300,0.0114
002827.SZ,2017-05-23,27.0700,27.3700,0.0110
002827.SZ,2018-06-25,13.9400,14.3400,0.0279
002827.SZ,2019-07-04,10.7800,16.5700,0.3494
002827.SZ,2020-07-13,14.6200,14.7700,0.0102
002827.SZ,2021-06-25,10.4300,10.5800,0.0142
002827.SZ,2022-08-24,10.3200,10.4700,0.0143
002827.SZ,2023-07-05,11.8800,12.0300,0.0125
002828.SZ,2018-05-25,21.7000,37.0000,0.4135
002828.SZ,2024-06-20,8.8200,8.9100,0.0101
002829.SZ,2017-04-13,44.9000,90.0000,0.5011
002829.SZ,2023-07-04,36.1300,43.7200,0.1736
002830.SZ,2017-05-23,29.8800,60.0000,0.5020
002830.SZ,2019-05-30,14.5900,14.7500,0.0108
002830.SZ,2020-05-26,11.4000,11.5300,0.0113
002830.SZ,2021-06-09,9.8000,9.9200,0.0121
002830.SZ,2022-06-08,10.4500,10.6000,0.0142
002830.SZ,2024-06-07,9.4100,9.6500,0.0249
002830.SZ,2025-06-06,14.2700,14.5200,0.0172
002831.SZ,2018-05-21,46.3300,46.9300,0.0128
002831.SZ,2019-05-13,22.8900,50.7800,0.5492
002831.SZ,2020-06-12,26.9300,27.2100,0.0103
002831.SZ,2023-06-08,23.7400,24.0600,0.0133
002831.SZ,2023-09-26,23.4400,23.7600,0.0135
002831.SZ,2024-05-29,25.0900,25.7000,0.0237
002831.SZ,2024-10-11,24.2800,24.6000,0.0130
002831.SZ,2025-05-30,24.0100,24.6000,0.0240
002831.SZ,2025-09-23,26.0800,26.5000,0.0158
002832.SZ,2018-06-11,41.6500,71.8000,0.4199
002832.SZ,2019-07-09,26.6500,45.8000,0.4181
002832.SZ,2020-05-22,12.8600,22.3700,0.4251
002832.SZ,2021-07-07,25.0000,25.3000,0.0119
002832.SZ,2022-07-07,24.8500,25.1500,0.0119
002832.SZ,2024-08-16,19.0800,20.0800,0.0498
002832.SZ,2025-08-05,16.0500,16.5500,0.0302
002833.SZ,2020-06-02,24.9000,40.4400,0.3843
002833.SZ,2021-06-03,36.5100,51.9200,0.2968
002833.SZ,2022-06-23,16.4600,23.5600,0.3014
002833.SZ,2023-06-01,16.5200,16.9200,0.0236
002833.SZ,2023-10-11,18.7400,19.3400,0.0310
002833.SZ,2024-06-21,18.4200,19.0200,0.0315
002833.SZ,2024-10-18,16.0400,16.3400,0.0184
002833.SZ,2025-06-13,16.3000,16.7000,0.0240
002833.SZ,2025-10-22,16.0300,16.3300,0.0184
002835.SZ,2017-05-25,17.6500,35.4400,0.5020
002835.SZ,2022-07-11,9.9800,10.1000,0.0119
002835.SZ,2024-05-30,17.1900,17.4000,0.0121
002835.SZ,2025-07-09,18.5600,18.8800,0.0169
002836.SZ,2017-04-14,31.0500,62.3000,0.5016
002836.SZ,2018-05-29,19.3400,19.5900,0.0128
002836.SZ,2019-05-28,16.7800,17.2800,0.0289
002836.SZ,2021-06-16,8.7200,9.0200,0.0333
002836.SZ,2022-07-11,8.0200,9.7200,0.1749
002836.SZ,2023-06-08,7.8900,9.8700,0.2006
002836.SZ,2024-05-31,6.4200,6.5200,0.0153
002836.SZ,2025-05-27,8.8300,9.0700,0.0265
002837.SZ,2017-06-01,26.5100,65.5500,0.5956
002837.SZ,2020-05-29,25.4300,38.3700,0.3372
002837.SZ,2022-05-31,21.3800,27.9800,0.2359
002837.SZ,2023-05-19,27.4800,35.9200,0.2350
002837.SZ,2024-05-27,24.0200,31.4300,0.2358
002837.SZ,2025-05-30,24.7700,32.4000,0.2355
002838.SZ,2017-06-28,37.1300,55.9500,0.3364
002838.SZ,2018-04-26,22.5300,45.2100,0.5017
002838.SZ,2019-06-10,10.5600,16.9900,0.3785
002838.SZ,2021-05-26,17.9300,18.1300,0.0110
002839.SZ,2018-05-18,7.6800,7.7800,0.0129
002839.SZ,2019-06-12,5.7400,5.8900,0.0255
002839.SZ,2020-06-30,5.5200,5.6700,0.0265
002839.SZ,2021-07-08,5.3500,5.5100,0.0290
002839.SZ,2022-05-05,5.0700,6.2400,0.1875
002839.SZ,2023-06-01,4.2600,4.4600,0.0448
002839.SZ,2024-06-06,4.0200,4.2200,0.0474
002839.SZ,2025-05-16,4.2400,4.4400,0.0450
002839.SZ,2025-10-15,4.3200,4.4200,0.0226
002840.SZ,2018-06-26,34.3000,51.5700,0.3349
002840.SZ,2020-07-01,11.8100,18.9400,0.3765
002841.SZ,2018-05-21,58.9400,94.9000,0.3789
002841.SZ,2022-05-24,69.9400,70.8400,0.0127
002841.SZ,2023-06-07,62.4400,63.4900,0.0165
002841.SZ,2024-05-29,31.9600,32.8000,0.0256
002841.SZ,2025-06-13,33.9200,34.6000,0.0197
002841.SZ,2026-04-30,36.9100,37.6300,0.0191
002842.SZ,2018-05-24,24.0100,41.0200,0.4147
002842.SZ,2019-06-11,14.0800,22.6200,0.3775
002842.SZ,2022-06-10,8.1700,8.2700,0.0121
002843.SZ,2018-06-22,14.4400,14.5900,0.0103
002843.SZ,2019-05-31,9.5500,15.3300,0.3770
002843.SZ,2020-06-10,7.9900,8.2900,0.0362
002843.SZ,2021-06-11,8.2300,8.3200,0.0108
002843.SZ,2022-03-30,8.9900,9.1400,0.0164
002843.SZ,2024-05-13,16.2400,16.4400,0.0122
002845.SZ,2017-09-29,38.6900,77.3700,0.4999
002845.SZ,2022-07-05,13.4100,18.9300,0.2916
002846.SZ,2017-10-31,24.0400,38.6600,0.3782
002846.SZ,2021-03-30,11.0200,17.7800,0.3802
002847.SZ,2022-05-13,70.8000,71.8000,0.0139
002847.SZ,2023-05-18,84.3700,128.0500,0.3411
002847.SZ,2024-05-24,48.2600,69.0700,0.3013
002847.SZ,2024-09-06,41.1100,41.7100,0.0144
002847.SZ,2025-07-10,78.7000,79.7000,0.0125
002849.SZ,2018-06-11,21.3900,32.2000,0.3357
002849.SZ,2023-06-01,14.1700,19.8800,0.2872
002850.SZ,2018-05-25,34.0100,51.3200,0.3373
002850.SZ,2019-05-27,19.3000,19.5000,0.0103
002850.SZ,2024-05-24,95.6800,97.1800,0.0154
002850.SZ,2025-05-30,112.0400,114.0400,0.0175
002851.SZ,2018-05-22,27.2700,41.0600,0.3358
002851.SZ,2019-05-23,19.6700,29.6300,0.3361
002852.SZ,2017-10-16,46.2900,79.1100,0.4149
002852.SZ,2018-06-08,19.3400,33.1100,0.4159
002852.SZ,2019-05-22,14.6700,15.0700,0.0265
002852.SZ,2023-11-27,11.2700,11.4900,0.0191
002852.SZ,2024-11-11,8.5400,8.6300,0.0104
002852.SZ,2025-04-22,9.3800,9.5100,0.0137
002852.SZ,2025-08-28,11.4100,11.5900,0.0155
002852.SZ,2026-04-21,9.6500,9.7700,0.0123
002853.SZ,2017-09-01,46.5600,116.7100,0.6011
002853.SZ,2019-06-12,17.5900,17.7900,0.0112
002853.SZ,2020-06-18,21.6400,21.9000,0.0119
002853.SZ,2021-07-14,20.7600,21.0100,0.0119
002853.SZ,2024-07-09,8.4300,8.6300,0.0232
002856.SZ,2018-06-20,26.4700,31.9100,0.1705
002857.SZ,2018-05-31,13.5900,21.8000,0.3766
002858.SZ,2018-05-10,22.6400,45.4800,0.5022
002859.SZ,2017-09-15,43.0000,107.9000,0.6015
002859.SZ,2020-06-03,24.9400,39.9800,0.3762
002860.SZ,2018-04-27,24.0600,36.3900,0.3388
002860.SZ,2020-05-07,15.3500,26.3100,0.4166
002860.SZ,2022-06-21,12.5600,17.7200,0.2912
002861.SZ,2017-06-20,32.1500,32.6500,0.0153
002861.SZ,2018-05-30,24.8200,25.1200,0.0119
002861.SZ,2021-05-25,13.9500,18.1800,0.2327
002861.SZ,2024-05-30,9.0100,9.1600,0.0164
002862.SZ,2020-05-29,21.3800,32.0900,0.3337
002862.SZ,2025-05-16,17.7400,24.8700,0.2867
002863.SZ,2018-04-27,10.4500,17.8500,0.4146
002865.SZ,2023-04-17,93.4200,131.2000,0.2880
002865.SZ,2024-04-26,51.3200,52.0600,0.0142
002866.SZ,2018-07-10,19.2200,32.8000,0.4140
002867.SZ,2017-07-19,28.4000,29.0000,0.0207
002867.SZ,2018-05-23,33.1800,33.7800,0.0178
002867.SZ,2019-07-10,21.7700,33.3000,0.3462
002867.SZ,2020-06-03,20.4100,20.8600,0.0216
002867.SZ,2021-06-18,18.2400,27.9600,0.3476
002867.SZ,2021-11-25,18.2100,18.5100,0.0162
002867.SZ,2022-06-07,13.8500,14.3500,0.0348
002867.SZ,2023-06-05,16.4100,17.0000,0.0347
002867.SZ,2023-09-26,17.8200,18.1200,0.0166
002867.SZ,2024-07-10,13.1800,13.8200,0.0463
002867.SZ,2024-10-21,11.7000,12.0000,0.0250
002867.SZ,2025-06-11,13.4700,14.1100,0.0454
002867.SZ,2025-11-11,13.2500,13.5000,0.0185
002868.SZ,2018-06-11,21.6900,21.9400,0.0114
002868.SZ,2019-05-24,15.8200,16.0700,0.0156
002868.SZ,2020-05-28,13.0200,17.0300,0.2355
002868.SZ,2021-05-21,10.8600,11.0000,0.0127
002869.SZ,2018-07-13,24.7000,25.0000,0.0120
002869.SZ,2020-07-03,46.0900,71.3200,0.3538
002869.SZ,2021-07-05,22.6400,23.7000,0.0447
002871.SZ,2018-05-25,29.6100,50.6400,0.4153
002871.SZ,2020-05-28,16.0700,16.5200,0.0272
002871.SZ,2021-05-28,10.0800,15.0600,0.3307
002871.SZ,2022-05-27,9.5400,9.8900,0.0354
002871.SZ,2023-04-28,11.8400,15.6900,0.2454
002871.SZ,2024-06-11,7.7400,8.0300,0.0361
002871.SZ,2025-05-29,10.3600,10.7000,0.0318
002872.SZ,2018-08-22,11.1600,16.9700,0.3424
002873.SZ,2018-07-04,26.1400,44.6400,0.4144
002873.SZ,2021-11-10,13.3700,18.7200,0.2858
002873.SZ,2022-10-28,15.4700,21.6600,0.2858
002875.SZ,2018-05-28,22.3300,29.2300,0.2361
002875.SZ,2020-07-01,10.6700,13.8700,0.2307
002876.SZ,2019-06-25,26.9400,35.0600,0.2316
002876.SZ,2021-04-23,56.0800,78.3400,0.2841
002876.SZ,2022-05-19,28.2000,28.5000,0.0105
002877.SZ,2018-04-18,19.2300,32.7700,0.4132
002877.SZ,2019-05-24,9.2100,14.8000,0.3777
002878.SZ,2018-06-14,27.6800,47.4600,0.4168
002878.SZ,2019-05-24,27.2800,27.5800,0.0109
002878.SZ,2020-06-19,23.6500,40.5500,0.4168
002878.SZ,2021-05-14,18.8400,19.2000,0.0187
002878.SZ,2022-06-06,18.0900,18.4500,0.0195
002878.SZ,2023-05-31,16.9200,17.4200,0.0287
002879.SZ,2018-06-04,23.4800,33.0200,0.2889
002879.SZ,2019-05-15,13.8600,14.0600,0.0142
002879.SZ,2020-04-14,16.1600,16.3600,0.0122
002879.SZ,2021-05-28,15.2700,15.4800,0.0136
002879.SZ,2022-04-29,11.5600,11.7800,0.0187
002879.SZ,2023-05-08,13.9200,14.0700,0.0107
002879.SZ,2024-04-23,12.9800,13.2200,0.0182
002879.SZ,2025-04-17,14.6700,14.8600,0.0128
002879.SZ,2026-04-21,22.3800,22.8700,0.0214
002880.SZ,2020-04-29,47.9500,72.2400,0.3362
002880.SZ,2021-06-16,36.8900,51.9000,0.2892
002881.SZ,2018-06-05,22.2600,37.9400,0.4133
002881.SZ,2022-06-10,32.1400,41.8000,0.2311
002882.SZ,2019-06-03,12.4600,12.6100,0.0119
002882.SZ,2020-05-29,9.3200,9.6200,0.0312
002882.SZ,2021-07-23,8.7900,9.0900,0.0330
002882.SZ,2022-07-13,9.5600,9.7600,0.0205
002882.SZ,2023-07-10,15.5200,15.7200,0.0127
002882.SZ,2024-05-30,18.0500,18.2500,0.0110
002882.SZ,2025-06-06,24.5900,24.8900,0.0121
002883.SZ,2018-07-06,26.0000,41.8000,0.3780
002883.SZ,2020-07-06,16.3900,24.7600,0.3380
002883.SZ,2022-06-21,11.0700,13.4000,0.1739
002884.SZ,2018-07-02,28.2100,45.9400,0.3859
002884.SZ,2019-05-24,16.8100,28.4000,0.4081
002884.SZ,2020-03-31,14.0100,15.8900,0.1183
002884.SZ,2020-07-21,20.4900,21.4900,0.0465
002884.SZ,2021-05-26,21.7100,31.7000,0.3151
002884.SZ,2022-05-24,20.6500,21.6500,0.0462
002884.SZ,2023-05-17,14.7900,15.7900,0.0633
002884.SZ,2024-05-16,21.6100,22.6100,0.0442
002884.SZ,2025-05-19,15.9100,16.9100,0.0591
002911.SZ,2026-01-15,12.1300,12.3800,0.0202
002911.SZ,2026-04-24,13.7600,14.0300,0.0192
002920.SZ,2026-04-07,103.6500,104.8900,0.0118
002968.SZ,2025-12-24,11.7600,11.9100,0.0126
002972.SZ,2026-04-29,13.1800,13.3300,0.0113
002993.SZ,2025-12-25,45.2600,45.8500,0.0129
003038.SZ,2022-03-29,29.7482,35.8677,0.1706
003038.SZ,2022-03-30,33.7428,27.9858,0.2057
300019.SZ,2026-04-30,17.9100,18.2100,0.0165
300033.SZ,2026-04-10,216.4100,308.0800,0.2976
300091.SZ,2026-02-12,2.7900,3.1600,0.1171
300099.SZ,2026-04-30,8.8500,8.9900,0.0156
300125.SZ,2025-12-29,6.2200,7.8600,0.2087
300146.SZ,2026-04-21,10.6800,11.1300,0.0404
300159.SZ,2024-12-02,3.6300,3.0839,0.1771
300159.SZ,2025-12-24,2.8800,3.3900,0.1504
300206.SZ,2026-04-30,14.7200,15.0300,0.0206
300259.SZ,2026-01-08,4.5500,4.6000,0.0109
300400.SZ,2026-01-26,22.6900,23.1000,0.0177
300458.SZ,2026-04-30,34.4800,41.5700,0.1706
300501.SZ,2026-04-28,13.6100,20.1300,0.3239
300715.SZ,2019-12-30,9.5800,10.7006,0.1047
300715.SZ,2020-01-02,10.6749,9.5570,0.1170
300750.SZ,2026-04-22,440.6900,447.6000,0.0154
300770.SZ,2025-12-31,42.6700,43.7700,0.0251
300795.SZ,2026-04-30,10.8700,11.0700,0.0181
300824.SZ,2026-04-28,9.9400,10.0500,0.0109
300857.SZ,2026-04-22,217.3100,304.5700,0.2865
300996.SZ,2026-04-30,12.4200,17.4800,0.2895
301016.SZ,2026-04-30,15.6900,22.1200,0.2907
301082.SZ,2026-04-23,13.2700,17.3300,0.2343
301087.SZ,2026-04-10,56.6700,57.8500,0.0204
301116.SZ,2022-01-19,34.9778,35.6200,0.0180
301117.SZ,2022-01-19,61.8143,87.5000,0.2936
301122.SZ,2022-01-27,53.1509,72.4600,0.2665
301127.SZ,2021-12-31,16.1858,23.2700,0.3044
301138.SZ,2026-01-16,42.1600,42.6600,0.0117
301158.SZ,2022-01-19,33.9024,36.0000,0.0583
301171.SZ,2026-04-28,34.3800,44.7100,0.2310
301172.SZ,2023-07-28,32.0228,45.6100,0.2979
301190.SZ,2021-12-27,36.2894,37.4600,0.0312
301203.SZ,2026-03-31,41.3400,42.1400,0.0190
301206.SZ,2025-12-30,26.8100,27.3000,0.0179
301210.SZ,2023-07-03,36.1515,51.3300,0.2957
301216.SZ,2022-03-30,20.3184,31.8100,0.3613
301258.SZ,2022-03-30,63.3126,66.5200,0.0482
301262.SZ,2026-01-13,27.4500,27.9700,0.0186
301263.SZ,2022-03-30,18.2439,34.9400,0.4779
301277.SZ,2026-04-30,11.3300,11.5300,0.0173
301280.SZ,2026-04-30,42.2800,59.3900,0.2881
301291.SZ,2023-07-03,31.2329,32.6000,0.0419
301301.SZ,2026-04-29,9.5800,9.7500,0.0174
301331.SZ,2026-01-08,27.5400,27.8900,0.0125
301362.SZ,2023-08-07,49.6607,55.4300,0.1041
301489.SZ,2023-10-25,49.7502,70.1500,0.2908
301511.SZ,2023-08-18,31.2345,43.8400,0.2875
301519.SZ,2023-07-28,33.4610,34.1100,0.0190
301548.SZ,2023-09-21,53.5682,79.7800,0.3286
301550.SZ,2023-09-18,25.7484,55.0800,0.5325
301567.SZ,2024-01-18,64.6353,65.4000,0.0117
301568.SZ,2023-11-29,64.3968,66.7800,0.0357
301587.SZ,2024-04-10,36.0642,36.8300,0.0208
600000.SH,2002-08-22,12.1300,18.4000,0.3408
600000.SH,2004-05-20,9.2800,9.3900,0.0117
600000.SH,2005-05-12,6.9400,7.0600,0.0170
600000.SH,2006-05-25,9.8700,10.0000,0.0130
600000.SH,2008-04-24,27.0200,35.2900,0.2343
600000.SH,2009-06-09,21.6900,30.5900,0.2909
600000.SH,2010-06-10,14.1200,18.5000,0.2368
600000.SH,2011-06-03,10.0400,13.2100,0.2400
600000.SH,2012-06-26,8.0500,8.3500,0.0359
600000.SH,2013-06-03,9.9200,10.4700,0.0525
600000.SH,2014-06-24,9.0000,9.6600,0.0683
600000.SH,2015-06-23,16.3100,17.0700,0.0445
600000.SH,2016-06-23,15.8000,17.8900,0.1168
600000.SH,2017-05-25,11.7500,15.4700,0.2405
600000.SH,2018-07-13,9.4700,9.5700,0.0104
600000.SH,2019-06-11,11.2600,11.6100,0.0301
600000.SH,2020-07-23,11.0200,11.6200,0.0516
600000.SH,2021-07-21,9.5100,9.9900,0.0480
600000.SH,2022-07-21,7.3800,7.7900,0.0526
600000.SH,2023-07-21,7.1000,7.4200,0.0431
600000.SH,2024-07-18,8.7200,9.0400,0.0354
600000.SH,2025-07-16,13.5200,13.9300,0.0294
600000.SH,2026-04-17,10.0000,9.8600,0.0142
600004.SH,2004-07-13,8.3000,8.4000,0.0119
600004.SH,2005-07-15,7.9900,8.2400,0.0303
600004.SH,2006-07-21,6.6100,6.7100,0.0149
600004.SH,2008-08-05,10.8300,11.0100,0.0163
600004.SH,2009-08-06,10.8000,10.9700,0.0155
600004.SH,2010-08-19,10.3300,10.5900,0.0246
600004.SH,2011-08-17,7.2800,7.5800,0.0396
600004.SH,2012-07-25,6.4900,6.8400,0.0512
600004.SH,2013-07-26,6.1300,6.4600,0.0511
600004.SH,2014-08-08,7.0600,7.4300,0.0498
600004.SH,2015-06-12,19.7100,20.0000,0.0145
600004.SH,2016-08-05,13.1800,13.5000,0.0237
600004.SH,2017-07-14,13.3300,19.7000,0.3234
600004.SH,2018-07-13,14.2300,14.4700,0.0166
600004.SH,2025-06-27,9.1000,9.2600,0.0173
600006.SH,2000-06-26,5.9300,6.0300,0.0166
600006.SH,2001-06-13,10.0200,10.2200,0.0196
600006.SH,2002-05-22,12.6400,12.8400,0.0156
600006.SH,2003-06-02,13.1400,13.3400,0.0150
600006.SH,2004-06-11,4.9100,10.0200,0.5100
600006.SH,2005-06-28,2.9500,3.0200,0.0232
600006.SH,2006-06-20,3.8200,3.9000,0.0205
600006.SH,2007-07-19,6.8200,6.9400,0.0173
600006.SH,2008-06-23,3.9800,4.1300,0.0363
600006.SH,2009-06-22,4.7900,4.8800,0.0184
600006.SH,2010-06-21,4.8000,4.8600,0.0123
600006.SH,2011-06-21,4.1900,4.3100,0.0278
600006.SH,2012-06-18,3.3700,3.4200,0.0146
600006.SH,2019-06-20,4.8500,4.9300,0.0162
600006.SH,2020-07-17,4.1800,4.2500,0.0165
600006.SH,2021-07-14,7.6100,7.6900,0.0104
600007.SH,1999-06-29,9.6900,9.7900,0.0102
600007.SH,2000-07-14,10.7200,10.8400,0.0111
600007.SH,2002-06-19,8.1600,8.2600,0.0121
600007.SH,2003-06-12,6.9500,7.0500,0.0142
600007.SH,2004-06-11,5.9300,6.0800,0.0247
600007.SH,2005-06-16,4.7100,4.9000,0.0388
600007.SH,2006-06-16,5.3500,5.5500,0.0360
600007.SH,2008-05-26,12.6400,12.7900,0.0117
600007.SH,2009-06-09,9.3400,9.4900,0.0158
600007.SH,2010-05-31,9.8700,10.0100,0.0140
600007.SH,2012-05-30,10.7100,10.8400,0.0120
600007.SH,2013-06-04,11.2300,11.3900,0.0140
600007.SH,2014-06-26,9.4300,9.6000,0.0177
600007.SH,2015-06-19,18.9000,19.1000,0.0105
600007.SH,2016-06-08,18.0000,18.2000,0.0110
600007.SH,2017-06-19,20.4400,20.7400,0.0145
600007.SH,2018-05-11,14.1900,14.5100,0.0221
600007.SH,2019-06-21,14.0400,14.3600,0.0223
600007.SH,2020-07-10,14.5500,14.9300,0.0255
600007.SH,2021-06-04,19.2100,19.6100,0.0204
600007.SH,2022-06-16,13.6000,14.2000,0.0423
600007.SH,2023-06-15,18.4100,19.1100,0.0366
600007.SH,2024-06-24,22.4400,23.7400,0.0548
600007.SH,2025-06-26,21.2400,22.3400,0.0492
600008.SH,2001-06-01,18.6500,18.9800,0.0174
600008.SH,2002-04-30,14.1300,14.4900,0.0248
600008.SH,2003-04-29,10.8800,11.2300,0.0312
600008.SH,2004-06-01,11.5500,11.8600,0.0261
600008.SH,2005-06-17,4.2800,8.6700,0.5063
600008.SH,2006-06-02,5.2700,5.4500,0.0330
600008.SH,2007-06-04,13.9900,14.1600,0.0120
600008.SH,2008-06-20,7.3100,7.4700,0.0214
600008.SH,2009-05-07,6.4700,6.5800,0.0167
600008.SH,2010-05-04,7.0700,7.1900,0.0167
600008.SH,2011-05-31,6.0000,6.1300,0.0212
600008.SH,2012-06-01,5.4000,5.5300,0.0235
600008.SH,2013-05-23,8.2500,8.4000,0.0179
600008.SH,2014-05-21,6.0500,6.2000,0.0242
600008.SH,2015-06-01,14.7100,14.8600,0.0101
600008.SH,2016-05-23,3.9900,8.1200,0.5086
600008.SH,2017-05-31,6.9900,7.0700,0.0113
600008.SH,2018-05-10,4.8700,4.9500,0.0162
600008.SH,2019-05-23,3.4500,3.5300,0.0227
600008.SH,2020-05-21,3.2000,3.2800,0.0244
600008.SH,2020-09-29,2.9500,3.1500,0.0635
600008.SH,2021-05-28,2.9600,3.0300,0.0231
600008.SH,2022-05-27,2.9000,3.0000,0.0333
600008.SH,2023-06-15,2.8400,2.9700,0.0438
600008.SH,2024-06-07,2.7500,2.8500,0.0351
600008.SH,2025-06-13,3.0800,3.2500,0.0523
600008.SH,2026-01-09,2.9900,3.0300,0.0132
600009.SH,1998-12-03,10.0000,15.0000,0.3333
600009.SH,2001-06-29,10.1500,10.4400,0.0278
600009.SH,2002-07-26,9.6000,9.7500,0.0154
600009.SH,2003-08-11,11.4700,11.6700,0.0171
600009.SH,2003-12-26,10.0500,13.0600,0.2305
600009.SH,2006-08-21,12.9800,13.1300,0.0114
600009.SH,2012-08-13,12.2900,12.8900,0.0465
600009.SH,2013-08-16,12.8200,13.1900,0.0281
600009.SH,2014-08-15,13.6600,13.9600,0.0215
600009.SH,2015-08-20,29.3700,29.7200,0.0118
600009.SH,2016-08-18,28.6500,29.0800,0.0148
600009.SH,2017-08-24,36.8800,37.3200,0.0118
600009.SH,2020-08-20,77.7300,78.5200,0.0101
600010.SH,2001-06-22,7.1100,7.2100,0.0139
600010.SH,2002-06-20,4.9600,5.0600,0.0198
600010.SH,2003-04-16,5.4500,5.6000,0.0268
600010.SH,2004-06-08,4.6100,4.8600,0.0514
600010.SH,2005-11-14,2.0000,4.1900,0.5227
600010.SH,2006-07-11,2.4500,2.5300,0.0316
600010.SH,2008-06-12,4.7600,4.8600,0.0206
600010.SH,2009-07-14,4.1600,4.2100,0.0119
600010.SH,2014-09-29,2.8400,5.6900,0.5009
600010.SH,2017-05-31,2.1400,2.9900,0.2843
600011.SH,2002-06-20,11.8300,12.1300,0.0247
600011.SH,2003-06-20,14.6900,15.0300,0.0226
600011.SH,2004-05-24,10.2800,21.0500,0.5116
600011.SH,2005-06-22,6.3000,6.5500,0.0382
600011.SH,2006-06-23,4.7400,4.9900,0.0501
600011.SH,2007-06-04,13.2100,13.4900,0.0208
600011.SH,2008-06-13,8.2100,8.5100,0.0353
600011.SH,2009-07-01,7.8600,7.9600,0.0126
600011.SH,2010-07-06,6.1100,6.3200,0.0332
600011.SH,2011-06-23,5.1600,5.3600,0.0373
600011.SH,2013-07-04,5.0500,5.2600,0.0399
600011.SH,2014-07-18,5.7700,6.1500,0.0618
600011.SH,2015-07-13,11.7900,12.1700,0.0312
600011.SH,2016-07-08,7.3000,7.7700,0.0605
600011.SH,2017-06-30,7.4300,7.7200,0.0376
600011.SH,2018-05-17,6.5200,6.6200,0.0151
600011.SH,2019-06-28,6.2700,6.3700,0.0157
600011.SH,2020-07-06,4.3400,4.4700,0.0291
600011.SH,2021-07-07,4.0600,4.2400,0.0425
600011.SH,2024-07-11,9.1500,9.3500,0.0214
600011.SH,2025-07-10,7.1700,7.4400,0.0363
600012.SH,2004-06-18,5.1200,5.1800,0.0116
600012.SH,2005-07-15,6.6400,6.7400,0.0148
600012.SH,2006-07-18,5.3800,5.6600,0.0495
600012.SH,2007-06-26,8.1300,8.3800,0.0298
600012.SH,2008-06-25,5.0900,5.2900,0.0378
600012.SH,2009-06-02,5.1900,5.4200,0.0424
600012.SH,2010-06-21,5.4600,5.6600,0.0353
600012.SH,2011-06-14,5.5100,5.7200,0.0367
600012.SH,2012-07-16,4.0600,4.2700,0.0492
600012.SH,2013-06-24,3.7200,3.9200,0.0510
600012.SH,2014-07-11,4.1900,4.4100,0.0499
600012.SH,2015-07-20,11.8200,12.0500,0.0191
600012.SH,2016-07-19,15.1600,15.3900,0.0149
600012.SH,2017-07-18,12.5800,12.8100,0.0180
600012.SH,2018-07-17,5.8800,6.1100,0.0376
600012.SH,2019-07-16,6.1800,6.4300,0.0389
600012.SH,2020-07-22,5.4700,5.7000,0.0404
600012.SH,2021-07-21,5.9500,6.1800,0.0372
600012.SH,2022-07-20,7.2100,7.7600,0.0709
600012.SH,2023-07-19,9.6100,10.1600,0.0541
600012.SH,2024-07-12,13.7500,14.3500,0.0418
600012.SH,2025-07-30,16.0900,16.6900,0.0359
600015.SH,2003-11-04,6.8700,7.2200,0.0485
600015.SH,2004-05-21,6.0200,7.2300,0.1674
600015.SH,2005-06-02,3.7000,3.8000,0.0263
600015.SH,2006-04-06,5.9400,6.0500,0.0182
600015.SH,2009-06-16,11.6800,11.8100,0.0110
600015.SH,2010-05-20,10.6800,10.8100,0.0120
600015.SH,2011-04-21,12.9400,13.1400,0.0152
600015.SH,2012-05-18,10.2300,10.4800,0.0239
600015.SH,2013-07-24,6.7800,9.2800,0.2694
600015.SH,2014-07-10,7.6900,8.1200,0.0530
600015.SH,2015-07-08,13.3100,16.4100,0.1889
600015.SH,2016-07-08,9.6600,10.0200,0.0359
600015.SH,2017-06-29,9.3100,11.3500,0.1797
600015.SH,2018-06-29,7.3600,7.5100,0.0200
600015.SH,2019-07-11,7.4700,7.6400,0.0223
600015.SH,2020-06-19,6.0900,6.3400,0.0394
600015.SH,2021-07-09,5.8500,6.1500,0.0488
600015.SH,2022-06-08,5.0700,5.4100,0.0628
600015.SH,2023-06-21,5.3900,5.7700,0.0659
600015.SH,2024-06-21,6.2200,6.6000,0.0576
600015.SH,2025-01-22,7.4300,7.5300,0.0133
600015.SH,2025-06-26,8.0000,8.3000,0.0361
600015.SH,2026-01-23,6.3400,6.4400,0.0155
600016.SH,2001-05-31,15.2900,20.0800,0.2385
600016.SH,2002-06-19,10.2200,11.8200,0.1354
600016.SH,2003-04-14,10.7300,14.0100,0.2341
600016.SH,2004-04-19,7.6800,10.4900,0.2679
600016.SH,2005-04-18,4.7800,5.8100,0.1773
600016.SH,2005-10-26,4.8100,5.5600,0.1349
600016.SH,2006-04-17,4.0800,5.7600,0.2917
600016.SH,2007-06-11,10.6900,12.7200,0.1596
600016.SH,2008-04-07,8.8800,11.5900,0.2338
600016.SH,2009-05-26,6.3600,6.4400,0.0124
600016.SH,2010-07-15,5.3200,6.4300,0.1726
600016.SH,2011-06-09,5.6500,5.7500,0.0174
600016.SH,2012-06-26,5.9600,6.2600,0.0479
600016.SH,2012-09-03,5.8200,5.9700,0.0251
600016.SH,2013-06-27,8.1500,8.3000,0.0181
600016.SH,2013-09-10,10.0400,10.2000,0.0157
600016.SH,2014-06-25,6.2500,7.6000,0.1776
600016.SH,2015-07-07,9.7500,9.8600,0.0112
600016.SH,2016-06-24,8.9300,9.0900,0.0176
600016.SH,2016-09-26,9.2700,9.3800,0.0117
600016.SH,2017-07-06,8.0400,8.2000,0.0195
600016.SH,2017-09-26,8.0400,8.1600,0.0147
600016.SH,2018-07-05,5.5900,6.8000,0.1779
600016.SH,2019-07-05,6.1000,6.4400,0.0528
600016.SH,2020-07-13,5.9000,6.2700,0.0590
600016.SH,2021-06-24,4.4200,4.6300,0.0454
600016.SH,2022-06-24,3.7200,3.9300,0.0534
600016.SH,2023-06-26,3.7100,3.9200,0.0536
600016.SH,2024-07-12,3.6700,3.8900,0.0566
600016.SH,2024-11-13,3.7600,3.8900,0.0334
600016.SH,2025-07-14,5.3400,5.4000,0.0111
600016.SH,2025-09-16,4.1900,4.3300,0.0323
600017.SH,2007-03-23,9.2500,9.4000,0.0160
600017.SH,2008-09-24,6.2000,12.4000,0.5000
600017.SH,2010-09-16,4.3500,6.5200,0.3328
600017.SH,2012-06-15,2.9100,2.9700,0.0202
600017.SH,2014-05-19,2.6700,2.7100,0.0148
600017.SH,2021-06-04,2.7400,2.7700,0.0108
600017.SH,2022-05-31,3.0400,3.0800,0.0130
600017.SH,2023-05-31,3.0100,3.0500,0.0131
600017.SH,2024-06-14,2.6400,2.7000,0.0222
600017.SH,2025-06-13,3.1100,3.2000,0.0281
600018.SH,2008-06-12,5.3900,5.4700,0.0146
600018.SH,2009-06-22,5.8200,5.9200,0.0169
600018.SH,2010-07-02,3.7900,3.8800,0.0232
600018.SH,2011-07-14,3.8900,4.0000,0.0275
600018.SH,2012-07-11,2.5700,2.6900,0.0446
600018.SH,2013-07-24,2.5400,2.6700,0.0487
600018.SH,2014-07-29,4.4800,4.6100,0.0282
600018.SH,2015-05-15,9.1900,9.3400,0.0161
600018.SH,2016-07-19,5.2000,5.3500,0.0280
600018.SH,2017-07-18,6.5400,6.7000,0.0239
600018.SH,2018-06-08,6.4600,6.6300,0.0256
600018.SH,2019-06-28,6.9100,7.0600,0.0212
600018.SH,2020-07-31,4.3900,4.5300,0.0309
600018.SH,2021-07-02,4.6300,4.7600,0.0273
600018.SH,2022-08-19,5.2200,5.4100,0.0351
600018.SH,2023-08-11,5.2400,5.3800,0.0260
600018.SH,2024-05-15,5.6400,5.8100,0.0293
600018.SH,2025-07-17,5.6000,5.7400,0.0244
600019.SH,2002-06-19,3.9700,4.0900,0.0293
600019.SH,2003-06-18,5.3200,5.5200,0.0362
600019.SH,2004-06-21,5.9500,6.2000,0.0403
600019.SH,2005-06-13,4.7600,5.0800,0.0630
600019.SH,2006-05-25,4.5000,4.8200,0.0664
600019.SH,2007-05-29,12.7700,13.1200,0.0267
600019.SH,2008-05-13,13.7400,14.0900,0.0248
600019.SH,2009-06-15,6.4200,6.6000,0.0273
600019.SH,2010-05-24,6.5400,6.7400,0.0297
600019.SH,2011-06-09,6.1900,6.4900,0.0462
600019.SH,2012-06-11,4.6000,4.8000,0.0417
600019.SH,2013-06-18,4.3700,4.5100,0.0310
600019.SH,2014-06-30,4.0800,4.1800,0.0239
600019.SH,2015-05-14,8.5800,8.7600,0.0205
600019.SH,2016-06-08,5.1700,5.2300,0.0115
600019.SH,2017-06-14,6.3700,6.5800,0.0319
600019.SH,2018-06-08,8.7400,9.1900,0.0490
600019.SH,2019-05-31,6.4200,6.9200,0.0723
600019.SH,2020-06-03,4.6200,4.9000,0.0571
600019.SH,2021-06-18,7.0500,7.3500,0.0408
600019.SH,2021-10-15,7.7000,8.0400,0.0423
600019.SH,2022-06-30,5.9800,6.2300,0.0401
600019.SH,2022-10-13,5.0700,5.2500,0.0343
600019.SH,2023-06-14,5.7200,5.8200,0.0172
600019.SH,2023-10-16,5.9500,6.0600,0.0182
600019.SH,2024-06-13,6.6900,6.8900,0.0290
600019.SH,2024-09-25,5.8900,6.0000,0.0183
600019.SH,2025-06-11,6.5800,6.6800,0.0150
600019.SH,2025-09-24,6.8000,6.9200,0.0173
600020.SH,2004-07-09,7.1700,7.6700,0.0652
600020.SH,2005-07-27,8.5600,8.6600,0.0115
600020.SH,2006-06-30,4.1500,6.3300,0.3444
600020.SH,2007-07-05,7.4500,8.7200,0.1456
600020.SH,2008-07-07,3.6100,4.1700,0.1343
600020.SH,2009-06-12,3.9900,4.0800,0.0221
600020.SH,2010-06-01,3.9100,3.9700,0.0151
600020.SH,2011-07-27,3.2500,3.3500,0.0299
600020.SH,2012-06-28,2.4900,2.6200,0.0496
600020.SH,2013-07-02,2.0600,2.1600,0.0463
600020.SH,2014-07-10,2.1400,2.1900,0.0228
600020.SH,2015-06-18,9.6600,9.7800,0.0123
600020.SH,2016-07-18,4.5100,4.6700,0.0343
600020.SH,2017-07-04,5.0500,5.1400,0.0175
600020.SH,2018-07-13,3.6600,3.8300,0.0444
600020.SH,2019-07-12,5.0100,5.1200,0.0215
600020.SH,2020-07-10,3.8600,3.9200,0.0153
600020.SH,2022-07-15,3.1800,3.2800,0.0305
600020.SH,2024-05-28,3.7800,3.9300,0.0382
600020.SH,2025-07-15,4.8500,5.0200,0.0339
600021.SH,2005-05-17,5.1000,5.3100,0.0395
600021.SH,2006-05-15,4.5700,4.7700,0.0419
600021.SH,2007-05-22,10.3600,10.5600,0.0189
600021.SH,2008-06-17,4.6100,5.5300,0.1664
600021.SH,2013-07-17,4.1000,4.2500,0.0353
600021.SH,2014-07-30,4.6000,4.8000,0.0417
600021.SH,2015-07-22,20.6100,20.8600,0.0120
600021.SH,2016-07-29,11.1500,11.4000,0.0219
600021.SH,2017-06-23,12.4000,12.5800,0.0143
600021.SH,2018-05-18,8.1800,8.3800,0.0239
600021.SH,2019-06-13,8.4500,8.7800,0.0376
600021.SH,2020-05-28,7.3200,7.4500,0.0174
600021.SH,2021-05-28,7.0500,7.1600,0.0154
600021.SH,2024-06-21,9.6400,9.8400,0.0203
600021.SH,2025-05-30,8.8400,9.1200,0.0307
600022.SH,2005-05-27,5.4300,5.9300,0.0843
600022.SH,2006-06-23,3.9900,5.1900,0.2312
600022.SH,2007-06-28,14.1600,17.2900,0.1810
600022.SH,2008-04-24,13.1000,13.7000,0.0438
600022.SH,2009-04-23,4.5200,8.1900,0.4481
600022.SH,2017-06-08,2.0400,2.6500,0.2302
600022.SH,2021-06-17,1.6900,1.7300,0.0231
600022.SH,2022-06-10,1.6800,1.7400,0.0345
600022.SH,2023-06-14,1.4200,1.4500,0.0207
600023.SH,2014-06-19,4.6800,6.2800,0.2548
600023.SH,2015-06-23,10.4600,10.7100,0.0233
600023.SH,2016-06-23,5.2400,5.5100,0.0490
600023.SH,2017-06-15,5.5200,5.7500,0.0400
600023.SH,2018-07-23,5.0500,5.2200,0.0326
600023.SH,2019-06-18,4.3900,4.5700,0.0394
600023.SH,2020-07-07,3.6400,3.8400,0.0521
600023.SH,2021-07-06,3.4400,3.6600,0.0601
600023.SH,2024-07-09,7.5300,7.7800,0.0321
600023.SH,2025-07-09,5.3500,5.6400,0.0514
600025.SH,2018-06-27,3.0200,3.0700,0.0163
600025.SH,2019-07-05,4.1200,4.2700,0.0351
600025.SH,2020-06-19,3.5100,3.6600,0.0410
600025.SH,2021-06-18,5.6200,5.7800,0.0277
600025.SH,2022-06-20,6.8300,7.0000,0.0243
600025.SH,2023-06-19,6.8700,7.0400,0.0241
600025.SH,2024-06-19,10.3100,10.4900,0.0172
600025.SH,2025-06-19,9.8300,10.0300,0.0199
600026.SH,2003-06-18,5.8300,5.9300,0.0169
600026.SH,2004-06-21,8.5300,8.6800,0.0173
600026.SH,2005-06-21,7.0300,7.1800,0.0209
600026.SH,2006-06-12,6.2800,6.5800,0.0456
600026.SH,2007-06-25,24.0600,24.3600,0.0123
600026.SH,2008-06-25,20.3000,20.8000,0.0240
600026.SH,2009-06-22,13.8500,14.1500,0.0212
600026.SH,2010-07-02,7.9800,8.0800,0.0124
600026.SH,2011-06-13,8.4900,8.6600,0.0196
600026.SH,2012-06-01,5.8900,5.9900,0.0167
600026.SH,2016-06-14,5.9800,6.0800,0.0164
600026.SH,2017-07-03,6.4400,6.6300,0.0287
600026.SH,2018-07-13,4.0700,4.1200,0.0121
600026.SH,2021-07-16,6.1200,6.3200,0.0316
600026.SH,2023-07-18,14.4400,14.5900,0.0103
600026.SH,2024-07-17,13.9100,14.2600,0.0245
600026.SH,2024-12-13,12.5900,12.8100,0.0172
600026.SH,2025-07-17,10.0400,10.2500,0.0205
600027.SH,2006-06-26,3.2300,3.2900,0.0182
600027.SH,2008-07-18,4.3000,4.3600,0.0138
600027.SH,2013-07-22,2.9900,3.0500,0.0197
600027.SH,2014-06-17,3.0700,3.2900,0.0669
600027.SH,2015-06-19,10.0900,10.3600,0.0261
600027.SH,2016-06-24,5.0500,5.3500,0.0561
600027.SH,2017-07-31,4.6000,4.7400,0.0295
600027.SH,2019-07-30,3.8500,3.9200,0.0179
600027.SH,2020-07-29,3.6400,3.7900,0.0396
600027.SH,2021-07-23,3.2100,3.4600,0.0723
600027.SH,2022-07-28,4.3300,4.5800,0.0546
600027.SH,2023-07-19,6.0500,6.2500,0.0320
600027.SH,2024-07-25,5.9300,6.0800,0.0247
600027.SH,2024-10-16,5.4800,5.5600,0.0144
600027.SH,2025-07-14,5.4200,5.5500,0.0234
600027.SH,2025-11-12,5.3800,5.4700,0.0165
600028.SH,2002-07-22,3.6300,3.7100,0.0216
600028.SH,2003-06-23,3.8700,3.9300,0.0153
600028.SH,2004-06-07,4.8800,4.9400,0.0121
600028.SH,2005-06-06,3.2400,3.3200,0.0241
600028.SH,2006-06-19,5.7700,5.8600,0.0154
600028.SH,2010-06-17,8.2300,8.3400,0.0132
600028.SH,2011-06-20,8.0200,8.1500,0.0160
600028.SH,2011-09-19,7.1000,7.2000,0.0139
600028.SH,2012-05-28,6.7900,6.9900,0.0286
600028.SH,2012-09-17,6.0400,6.1400,0.0163
600028.SH,2013-06-19,4.7300,6.3500,0.2551
600028.SH,2013-09-12,4.6000,4.6900,0.0192
600028.SH,2014-06-03,4.9500,5.1000,0.0294
600028.SH,2014-09-24,5.2500,5.3400,0.0169
600028.SH,2015-06-19,7.2100,7.3200,0.0150
600028.SH,2015-09-23,4.9500,5.0400,0.0179
600028.SH,2016-06-24,4.6500,4.7100,0.0127
600028.SH,2016-09-21,4.7700,4.8500,0.0165
600028.SH,2017-07-19,6.1100,6.2800,0.0271
600028.SH,2017-09-20,5.8500,5.9500,0.0168
600028.SH,2018-06-05,6.6500,7.0500,0.0567
600028.SH,2018-09-12,6.6200,6.7800,0.0236
600028.SH,2019-06-11,5.2800,5.5400,0.0469
600028.SH,2019-09-17,5.2300,5.3500,0.0224
600028.SH,2020-06-10,4.1000,4.2900,0.0443
600028.SH,2020-10-23,3.8500,3.9200,0.0179
600028.SH,2021-06-17,4.5700,4.7000,0.0277
600028.SH,2021-09-17,4.4900,4.6500,0.0344
600028.SH,2022-06-10,4.2100,4.5200,0.0686
600028.SH,2022-09-19,4.1400,4.3000,0.0372
600028.SH,2023-06-21,6.1300,6.3200,0.0301
600028.SH,2023-09-15,6.1900,6.3300,0.0221
600028.SH,2024-07-16,6.3500,6.5500,0.0305
600028.SH,2024-09-13,6.1800,6.3300,0.0237
600028.SH,2025-06-18,5.8200,5.9600,0.0235
600028.SH,2025-09-12,5.5400,5.6300,0.0160
600029.SH,2008-08-29,3.4900,5.2400,0.3340
600029.SH,2012-07-09,4.5700,4.7700,0.0419
600029.SH,2013-07-19,2.6300,2.6800,0.0187
600029.SH,2014-07-31,2.4700,2.5100,0.0159
600029.SH,2016-07-01,6.9800,7.0600,0.0113
600029.SH,2017-07-26,8.2100,8.3100,0.0120
600029.SH,2018-07-12,7.4000,7.5000,0.0133
600030.SH,2004-06-11,7.0500,7.1600,0.0154
600030.SH,2008-04-24,29.2100,58.9200,0.5042
600030.SH,2009-06-11,27.7000,28.2000,0.0177
600030.SH,2010-06-24,13.5700,20.8600,0.3495
600030.SH,2011-06-16,12.1900,12.6900,0.0394
600030.SH,2012-08-02,12.0000,12.4300,0.0346
600030.SH,2013-08-08,10.8200,11.1200,0.0270
600030.SH,2014-08-15,13.0200,13.1700,0.0114
600030.SH,2015-08-14,21.8800,22.1600,0.0126
600030.SH,2016-08-19,16.9700,17.4700,0.0286
600030.SH,2017-08-18,16.8100,17.1600,0.0204
600030.SH,2018-08-24,15.8800,16.2800,0.0246
600030.SH,2019-08-02,22.5700,22.9200,0.0153
600030.SH,2020-08-21,31.4800,31.9800,0.0156
600030.SH,2021-08-20,24.2400,24.6400,0.0162
600030.SH,2022-01-27,24.2300,25.7000,0.0572
600030.SH,2022-08-26,19.5800,20.1200,0.0268
600030.SH,2023-08-25,23.0700,23.5600,0.0208
600030.SH,2024-08-26,18.6300,19.1000,0.0246
600030.SH,2026-02-09,27.8700,28.1600,0.0103
600031.SH,2004-05-11,27.0000,27.5000,0.0182
600031.SH,2005-06-30,7.7400,15.6700,0.5061
600031.SH,2007-04-24,32.4000,64.9900,0.5015
600031.SH,2008-07-10,21.3900,32.1300,0.3343
600031.SH,2010-06-24,19.0700,28.7600,0.3369
600031.SH,2010-10-22,19.0200,40.0800,0.5254
600031.SH,2011-04-22,18.3700,27.6200,0.3349
600031.SH,2012-08-08,12.0800,12.3800,0.0242
600031.SH,2013-08-22,7.1300,7.3800,0.0339
600031.SH,2014-08-08,5.7200,5.8400,0.0205
600031.SH,2018-08-21,8.9300,9.0900,0.0176
600031.SH,2019-07-17,13.1600,13.4200,0.0194
600031.SH,2020-07-22,22.4400,22.8600,0.0184
600031.SH,2021-06-16,27.5000,28.1000,0.0214
600031.SH,2022-06-10,16.9600,17.4100,0.0258
600031.SH,2023-05-31,14.8900,15.0500,0.0106
600031.SH,2024-06-21,15.4900,15.7100,0.0140
600031.SH,2025-06-11,17.8200,18.1800,0.0198
600031.SH,2025-10-15,22.7300,23.0400,0.0135
600033.SH,2002-06-27,9.6000,9.7200,0.0123
600033.SH,2003-04-30,8.3800,10.1100,0.1711
600033.SH,2004-06-03,6.4200,7.8500,0.1822
600033.SH,2005-06-16,7.5500,7.9000,0.0443
600033.SH,2006-06-01,8.4500,8.8000,0.0398
600033.SH,2006-09-19,4.1500,6.2200,0.3328
600033.SH,2007-07-05,7.6700,7.9200,0.0316
600033.SH,2008-04-17,8.2700,8.5200,0.0293
600033.SH,2009-05-21,6.5000,6.6500,0.0226
600033.SH,2010-06-17,4.3100,6.5600,0.3430
600033.SH,2011-08-08,3.1000,3.2000,0.0313
600033.SH,2012-06-11,2.4300,2.5300,0.0395
600033.SH,2013-06-14,2.1000,2.2000,0.0455
600033.SH,2014-06-20,2.1300,2.2300,0.0448
600033.SH,2015-07-17,4.6200,4.7200,0.0212
600033.SH,2016-06-08,3.2400,3.3400,0.0299
600033.SH,2017-06-28,3.8300,3.9800,0.0377
600033.SH,2018-06-15,3.2700,3.3900,0.0354
600033.SH,2019-06-28,3.2800,3.4300,0.0437
600033.SH,2020-08-20,2.7700,2.8200,0.0177
600033.SH,2021-06-28,2.6000,2.7000,0.0370
600033.SH,2022-06-29,2.7800,2.9300,0.0512
600033.SH,2023-07-28,3.2400,3.3900,0.0442
600033.SH,2024-06-27,3.3100,3.4300,0.0350
600033.SH,2024-12-20,3.7200,3.7700,0.0133
600033.SH,2025-07-11,3.5700,3.6200,0.0138
600033.SH,2025-12-31,4.2600,4.3100,0.0116
600035.SH,2005-06-16,3.0800,3.1400,0.0191
600035.SH,2006-07-13,5.0400,5.1100,0.0137
600035.SH,2006-12-26,5.3000,5.4600,0.0293
600035.SH,2007-07-19,6.2800,6.4000,0.0188
600035.SH,2008-07-22,5.3500,5.5100,0.0290
600035.SH,2009-07-07,5.5600,5.6900,0.0228
600035.SH,2010-07-06,5.4400,5.5200,0.0145
600035.SH,2011-08-18,4.3200,4.4000,0.0182
600035.SH,2012-07-05,3.1800,3.2600,0.0245
600035.SH,2013-07-31,2.8900,2.9600,0.0236
600035.SH,2014-05-14,2.4400,3.2600,0.2515
600035.SH,2015-04-16,8.6500,10.4500,0.1722
600035.SH,2016-06-15,5.0600,5.1500,0.0175
600035.SH,2017-05-24,5.5000,5.6000,0.0179
600035.SH,2018-06-08,3.6200,3.7500,0.0347
600035.SH,2019-06-18,3.3800,3.4900,0.0315
600035.SH,2020-08-05,3.0800,3.2400,0.0494
600035.SH,2021-06-09,2.9400,3.0100,0.0233
600035.SH,2022-06-15,3.2400,3.3800,0.0414
600035.SH,2023-06-16,3.9300,4.0700,0.0344
600035.SH,2024-06-07,4.1700,4.3600,0.0436
600035.SH,2025-06-27,4.3000,4.4700,0.0380
600036.SH,2004-05-11,8.7600,10.6000,0.1736
600036.SH,2005-06-20,5.8600,8.9000,0.3416
600036.SH,2006-02-27,7.0700,7.6800,0.0794
600036.SH,2006-06-16,6.9400,7.0200,0.0114
600036.SH,2006-09-21,9.3600,9.5400,0.0189
600036.SH,2008-07-28,24.7200,25.0000,0.0112
600036.SH,2009-07-03,17.6000,22.9800,0.2341
600036.SH,2010-03-15,15.2800,16.1200,0.0521
600036.SH,2010-07-01,12.8000,13.0100,0.0161
600036.SH,2011-06-10,12.6700,12.9600,0.0224
600036.SH,2012-06-07,11.2600,11.6800,0.0360
600036.SH,2013-06-13,12.5400,13.1700,0.0478
600036.SH,2013-09-05,10.4600,10.6600,0.0188
600036.SH,2014-07-11,9.6400,10.2600,0.0604
600036.SH,2015-07-03,17.9800,18.6500,0.0359
600036.SH,2016-07-13,17.0200,17.7100,0.0390
600036.SH,2017-06-14,21.7500,22.4900,0.0329
600036.SH,2018-07-12,25.7600,26.6000,0.0316
600036.SH,2019-07-12,34.9600,35.9000,0.0262
600036.SH,2020-07-10,38.7100,39.9100,0.0301
600036.SH,2021-07-13,49.1500,50.4000,0.0248
600036.SH,2022-07-15,34.9600,36.4800,0.0417
600036.SH,2023-07-13,31.4600,33.2000,0.0524
600036.SH,2024-07-11,32.7100,34.6800,0.0568
600036.SH,2025-07-11,46.2400,48.2400,0.0415
600036.SH,2026-01-16,39.1000,40.1100,0.0252
600037.SH,2002-10-15,19.4900,25.3400,0.2309
600037.SH,2004-12-09,19.9000,20.2000,0.0149
600037.SH,2005-09-30,12.8800,20.6000,0.3748
600037.SH,2006-06-29,14.7500,15.0500,0.0199
600037.SH,2007-05-10,21.4600,34.4400,0.3769
600037.SH,2009-06-18,11.8400,11.9900,0.0125
600037.SH,2012-05-28,8.1200,8.2200,0.0122
600037.SH,2013-06-28,6.0300,6.1300,0.0163
600037.SH,2016-05-17,14.7400,14.9200,0.0121
600037.SH,2017-06-09,14.1900,14.3700,0.0125
600037.SH,2018-06-08,11.6200,11.8000,0.0153
600037.SH,2019-06-21,10.4900,10.6700,0.0169
600037.SH,2020-06-19,15.0100,15.6700,0.0421
600038.SH,2002-05-16,16.3800,26.3000,0.3772
600038.SH,2003-09-09,23.8800,25.7100,0.0712
600038.SH,2004-07-14,7.9800,10.4700,0.2378
600038.SH,2005-07-06,4.8800,4.9800,0.0201
600038.SH,2006-08-24,13.4800,13.8200,0.0246
600038.SH,2022-07-21,45.2500,45.7100,0.0101
600039.SH,2004-06-08,5.3000,6.4100,0.1732
600039.SH,2007-01-08,3.7400,4.9000,0.2367
600039.SH,2012-05-15,5.5100,10.0100,0.4496
600039.SH,2013-06-18,6.1000,6.2500,0.0240
600039.SH,2014-10-09,4.6200,9.2300,0.4995
600039.SH,2016-07-07,3.9400,3.9900,0.0125
600039.SH,2017-06-22,4.1600,4.2100,0.0119
600039.SH,2018-07-09,3.0900,3.1400,0.0159
600039.SH,2019-07-18,3.5300,3.5800,0.0140
600039.SH,2020-07-08,4.0700,4.1400,0.0169
600039.SH,2021-07-08,6.1400,6.3900,0.0391
600039.SH,2022-06-15,10.8400,11.3100,0.0416
600039.SH,2023-06-15,9.7800,14.6000,0.3301
600039.SH,2024-07-16,7.0800,7.6000,0.0684
600039.SH,2025-07-11,8.6700,9.0500,0.0420
600048.SH,2007-04-02,27.8300,55.6900,0.5003
600048.SH,2008-03-11,30.5200,61.1100,0.5006
600048.SH,2009-04-30,17.9400,23.4500,0.2350
600048.SH,2010-04-27,12.8400,16.7900,0.2353
600048.SH,2011-05-17,10.1400,13.3900,0.2427
600048.SH,2012-06-18,11.8000,14.3700,0.1788
600048.SH,2013-06-03,12.2400,12.4700,0.0184
600048.SH,2014-05-22,4.8300,7.5400,0.3594
600048.SH,2015-06-11,13.3200,13.5400,0.0162
600048.SH,2016-05-17,8.6200,8.9600,0.0379
600048.SH,2017-06-09,9.7400,10.0500,0.0308
600048.SH,2018-06-08,13.4000,13.8000,0.0290
600048.SH,2019-05-28,12.1800,12.6800,0.0394
600048.SH,2020-05-29,14.6700,15.4900,0.0529
600048.SH,2021-08-16,11.2900,12.0200,0.0607
600048.SH,2022-07-06,16.4300,17.0100,0.0341
600048.SH,2023-06-09,13.5600,14.0100,0.0321
600048.SH,2024-07-30,8.1800,8.5900,0.0477
600048.SH,2025-08-20,7.8200,7.9900,0.0213
600050.SH,2004-07-07,3.4200,3.5500,0.0366
600050.SH,2005-06-24,2.6300,2.6600,0.0113
600050.SH,2006-06-23,2.3800,2.4200,0.0165
600050.SH,2007-06-27,5.7400,5.8100,0.0120
600050.SH,2008-06-30,6.5800,6.6500,0.0105
600050.SH,2013-07-01,3.0800,3.1200,0.0128
600050.SH,2014-05-27,3.1500,3.2000,0.0156
600050.SH,2016-06-30,3.8000,3.8600,0.0155
600050.SH,2020-06-24,4.9000,4.9600,0.0121
600050.SH,2021-06-30,4.3600,4.4300,0.0158
600050.SH,2021-11-17,3.9700,4.0200,0.0124
600050.SH,2022-06-29,3.4500,3.4900,0.0115
600050.SH,2022-11-09,3.4700,3.5400,0.0198
600050.SH,2023-12-08,4.2100,4.2900,0.0186
600050.SH,2024-07-19,4.7600,4.8100,0.0104
600050.SH,2024-10-30,5.0200,5.1100,0.0176
600050.SH,2025-06-27,5.2900,5.3500,0.0112
600050.SH,2025-10-24,5.4400,5.5500,0.0198
600051.SH,1997-06-09,24.3400,34.2800,0.2900
600051.SH,1998-04-15,15.7700,28.3900,0.4445
600051.SH,2002-06-20,8.5100,8.6100,0.0116
600051.SH,2003-06-03,6.7100,6.8100,0.0147
600051.SH,2004-06-17,5.0400,5.2000,0.0308
600051.SH,2005-06-09,3.3700,3.4700,0.0288
600051.SH,2007-06-14,13.7800,14.2800,0.0350
600051.SH,2009-06-10,7.9900,8.1900,0.0244
600051.SH,2010-06-09,9.1900,9.3400,0.0161
600051.SH,2011-06-09,14.3300,14.4800,0.0104
600051.SH,2012-05-30,9.4700,9.5700,0.0104
600051.SH,2013-06-13,7.1400,7.2400,0.0138
600051.SH,2014-05-13,7.6700,7.8300,0.0204
600051.SH,2018-07-06,5.9200,6.0500,0.0215
600051.SH,2019-05-24,6.1400,6.2900,0.0238
600051.SH,2020-05-08,8.4400,8.6400,0.0231
600051.SH,2021-06-16,6.8900,7.0900,0.0282
600051.SH,2022-06-10,6.5300,6.6300,0.0151
600051.SH,2023-06-16,7.2600,7.3800,0.0163
600051.SH,2024-06-07,5.1800,5.3000,0.0226
600051.SH,2025-06-17,7.2100,7.3300,0.0164
600052.SH,1997-07-07,10.6600,19.1800,0.4442
600052.SH,1999-05-13,7.1500,7.2500,0.0138
600052.SH,1999-07-12,9.1000,9.7500,0.0667
600052.SH,2000-05-25,13.8300,20.7500,0.3335
600052.SH,2002-07-23,8.1500,8.2600,0.0133
600052.SH,2007-04-13,8.5100,9.0400,0.0586
600052.SH,2011-06-24,4.3300,4.3800,0.0114
600052.SH,2013-07-02,2.9300,2.9600,0.0101
600052.SH,2014-05-26,3.3800,3.4200,0.0117
600052.SH,2019-07-12,2.9600,3.0400,0.0263
600052.SH,2020-07-31,3.6400,3.7300,0.0241
600052.SH,2024-07-11,4.0900,4.1400,0.0121
600053.SH,1998-05-06,8.8500,11.5100,0.2311
600053.SH,2000-04-28,11.4900,12.8700,0.1072
600053.SH,2009-05-12,6.7800,8.1900,0.1722
600053.SH,2011-06-09,8.7700,10.5200,0.1663
600053.SH,2017-07-06,34.6000,35.0300,0.0123
600053.SH,2019-06-28,23.8400,24.5800,0.0301
600053.SH,2023-06-20,12.9800,13.1400,0.0122
600054.SH,1999-06-22,12.3900,12.5900,0.0159
600054.SH,1999-12-14,11.2300,14.6000,0.2308
600054.SH,2000-05-26,13.2500,13.4000,0.0112
600054.SH,2005-06-23,7.6800,7.7800,0.0129
600054.SH,2006-11-02,8.8800,13.3200,0.3333
600054.SH,2016-06-27,16.1800,24.4500,0.3382
600054.SH,2017-06-26,16.8100,17.0000,0.0112
600054.SH,2018-07-02,11.4100,11.6500,0.0206
600054.SH,2019-06-26,9.4200,9.5500,0.0136
600054.SH,2020-07-07,8.5700,8.6800,0.0127
600054.SH,2024-06-27,11.0000,11.2100,0.0187
600054.SH,2025-06-25,11.3000,11.4700,0.0148
600055.SH,1998-04-07,12.1900,24.3800,0.5000
600055.SH,1999-06-22,12.9800,13.1300,0.0114
600055.SH,1999-11-04,10.9500,11.5300,0.0503
600055.SH,2004-06-14,6.7400,8.8800,0.2410
600055.SH,2005-06-13,4.8500,4.9300,0.0162
600055.SH,2006-08-10,4.5700,4.6200,0.0108
600055.SH,2008-06-06,7.3100,10.9900,0.3348
600055.SH,2016-06-27,16.7000,26.7700,0.3762
600055.SH,2017-06-02,11.1100,15.7000,0.2924
600055.SH,2019-06-19,9.7900,9.8900,0.0101
600056.SH,1998-11-13,15.3000,15.7000,0.0255
600056.SH,2000-10-30,22.0700,24.9400,0.1151
600056.SH,2003-06-10,8.9600,14.4300,0.3791
600056.SH,2004-05-25,6.6300,6.7300,0.0149
600056.SH,2006-05-19,9.9800,10.5800,0.0567
600056.SH,2006-06-13,8.1900,9.3900,0.1278
600056.SH,2008-06-10,16.2500,16.6500,0.0240
600056.SH,2010-05-13,16.3400,21.4400,0.2379
600056.SH,2013-05-09,19.9100,20.2600,0.0173
600056.SH,2014-06-19,10.3000,20.8900,0.5069
600056.SH,2016-05-30,14.8500,15.0300,0.0120
600056.SH,2017-06-14,25.6500,25.9200,0.0104
600056.SH,2018-06-15,19.7600,20.1200,0.0179
600056.SH,2019-06-14,13.3600,13.7900,0.0312
600056.SH,2020-06-30,14.1600,14.4400,0.0194
600056.SH,2021-06-25,12.3800,12.7500,0.0290
600056.SH,2022-06-24,15.1600,21.4100,0.2919
600056.SH,2023-06-28,12.9100,13.0600,0.0115
600056.SH,2024-06-27,10.0800,10.2900,0.0204
600057.SH,1998-08-24,18.5400,31.5200,0.4118
600057.SH,1999-07-01,32.9900,35.4600,0.0697
600057.SH,1999-09-08,18.6500,33.7000,0.4466
600057.SH,2003-06-02,14.0100,17.1900,0.1850
600057.SH,2004-06-11,8.9500,9.2700,0.0345
600057.SH,2017-12-28,7.8400,8.2800,0.0531
600057.SH,2018-06-07,5.9300,8.8800,0.3322
600057.SH,2019-06-04,4.4700,4.5900,0.0261
600057.SH,2019-10-08,4.1800,4.3000,0.0279
600057.SH,2020-06-03,6.1400,6.3900,0.0391
600057.SH,2021-06-18,5.9800,6.2800,0.0478
600057.SH,2022-06-13,8.7600,9.2700,0.0550
600057.SH,2023-07-06,7.8900,8.5000,0.0718
600057.SH,2024-06-21,7.0000,7.3000,0.0411
600057.SH,2025-06-17,6.7800,7.0300,0.0356
600057.SH,2025-11-25,8.1200,8.2200,0.0122
600058.SH,1998-05-29,11.7500,15.2800,0.2310
600058.SH,2000-07-20,16.7000,17.0000,0.0176
600058.SH,2002-06-25,15.3200,15.6200,0.0192
600058.SH,2003-06-13,10.6800,14.1800,0.2468
600058.SH,2004-10-21,7.0500,10.5800,0.3336
600058.SH,2005-06-24,6.5400,6.7400,0.0297
600058.SH,2006-07-17,8.0900,8.3900,0.0358
600058.SH,2008-03-03,40.4500,47.1900,0.1428
600058.SH,2008-06-06,32.2600,32.7600,0.0153
600058.SH,2009-06-12,18.5000,18.8200,0.0170
600059.SH,1997-09-01,17.1300,30.8300,0.4444
600059.SH,1999-07-16,12.1100,12.3100,0.0162
600059.SH,1999-08-18,11.0700,11.9900,0.0767
600059.SH,2000-07-06,14.9300,15.1300,0.0132
600059.SH,2001-04-24,14.8200,15.0200,0.0133
600059.SH,2002-07-05,14.2800,14.4800,0.0138
600059.SH,2003-08-15,10.0700,10.2700,0.0195
600059.SH,2004-07-06,6.3400,6.5400,0.0306
600059.SH,2005-06-27,6.6200,6.8200,0.0293
600059.SH,2006-06-19,7.3300,7.5300,0.0266
600059.SH,2008-04-25,19.1400,30.8300,0.3792
600059.SH,2009-04-29,6.8200,10.2300,0.3333
600059.SH,2014-05-13,8.1200,8.2200,0.0122
600059.SH,2014-06-12,7.5200,7.8600,0.0433
600059.SH,2017-06-06,8.8600,8.9600,0.0112
600059.SH,2018-05-16,8.7200,8.8200,0.0113
600059.SH,2019-06-12,9.0500,9.1500,0.0109
600059.SH,2020-06-17,9.1600,9.2600,0.0108
600059.SH,2024-05-31,8.4900,8.6300,0.0162
600060.SH,1998-06-29,19.8500,22.5000,0.1178
600060.SH,1999-06-04,11.8200,16.5500,0.2858
600060.SH,2001-01-15,12.7300,13.0600,0.0253
600060.SH,2005-07-15,5.8000,5.9000,0.0169
600060.SH,2008-07-15,8.0400,8.1600,0.0147
600060.SH,2009-07-03,11.4500,11.5900,0.0121
600060.SH,2010-05-14,13.9300,21.0500,0.3382
600060.SH,2011-05-27,12.8700,13.0700,0.0153
600060.SH,2012-07-05,11.2900,16.9300,0.3331
600060.SH,2013-05-24,13.3500,13.7200,0.0270
600060.SH,2014-06-13,9.8200,10.1800,0.0354
600060.SH,2015-06-26,27.6200,27.9400,0.0115
600060.SH,2016-07-08,17.3000,17.6400,0.0193
600060.SH,2017-07-18,13.5900,13.9900,0.0286
600060.SH,2018-07-05,12.9700,13.1900,0.0167
600060.SH,2019-07-11,8.8300,8.9200,0.0101
600060.SH,2021-07-07,15.0000,15.2700,0.0177
600060.SH,2023-08-11,21.9200,22.5600,0.0284
600060.SH,2024-07-31,16.8500,17.6600,0.0459
600060.SH,2025-08-08,21.7200,22.6000,0.0389
600061.SH,1998-05-28,9.9600,11.9500,0.1665
600061.SH,1999-07-28,10.6600,10.8100,0.0139
600061.SH,2000-09-08,13.9200,15.7000,0.1134
600061.SH,2001-04-13,13.0500,26.1500,0.5010
600061.SH,2002-07-17,7.4300,9.6800,0.2324
600061.SH,2006-07-24,3.6100,4.1500,0.1301
600061.SH,2016-11-08,16.4500,16.6600,0.0126
600061.SH,2020-06-19,11.8900,12.0300,0.0116
600061.SH,2021-06-18,8.5600,13.2000,0.3515
600061.SH,2022-06-23,6.2900,6.4400,0.0233
600061.SH,2023-06-15,7.1800,7.2700,0.0124
600061.SH,2024-07-03,5.5600,5.6700,0.0194
600061.SH,2025-07-17,7.5700,7.7000,0.0169
600062.SH,1999-03-17,9.6200,14.4300,0.3333
600062.SH,1999-07-29,10.7100,11.0100,0.0272
600062.SH,2000-04-27,10.1300,13.2700,0.2366
600062.SH,2001-07-13,16.9100,18.0800,0.0647
600062.SH,2002-05-13,12.5200,16.3800,0.2357
600062.SH,2006-07-03,6.4100,6.5900,0.0273
600062.SH,2009-07-16,21.3000,25.6900,0.1709
600062.SH,2012-07-20,17.9800,18.3600,0.0207
600062.SH,2013-06-28,20.0300,20.3500,0.0157
600062.SH,2014-07-10,16.6000,16.9400,0.0201
600062.SH,2017-07-17,21.0600,25.3700,0.1699
600062.SH,2018-08-16,18.0300,21.7300,0.1703
600062.SH,2019-07-19,12.8900,13.1700,0.0213
600062.SH,2020-07-17,13.4000,13.7000,0.0219
600062.SH,2021-07-13,11.4500,11.7400,0.0247
600062.SH,2022-06-16,20.1300,20.6100,0.0233
600062.SH,2022-09-28,17.5300,17.8200,0.0163
600062.SH,2023-07-13,16.7700,17.0600,0.0170
600062.SH,2024-07-15,17.4600,17.7200,0.0147
600062.SH,2025-07-11,18.5300,18.9000,0.0196
600063.SH,1998-10-20,9.1300,12.9800,0.2966
600063.SH,1999-11-18,8.4200,10.1000,0.1663
600063.SH,2000-05-30,9.5900,10.1400,0.0542
600063.SH,2001-06-12,13.1400,13.2900,0.0113
600063.SH,2002-05-09,9.7700,10.0700,0.0298
600063.SH,2003-04-17,7.9900,8.1100,0.0148
600063.SH,2004-06-02,5.9300,6.0800,0.0247
600063.SH,2005-06-28,3.5500,3.6300,0.0220
600063.SH,2008-05-19,11.5400,17.3600,0.3353
600063.SH,2011-09-26,6.3000,12.6700,0.5028
600063.SH,2012-06-12,2.8100,4.5000,0.3756
600063.SH,2020-06-17,3.3200,3.3800,0.0178
600063.SH,2021-05-14,4.3500,4.4500,0.0225
600063.SH,2022-06-06,7.0200,7.1200,0.0140
600063.SH,2023-05-19,5.2300,5.3800,0.0279
600063.SH,2024-06-28,3.5400,3.5900,0.0139
600063.SH,2025-05-21,4.3300,4.3900,0.0137
600063.SH,2025-12-12,5.8100,5.8900,0.0136
600064.SH,1997-10-07,14.3900,14.5700,0.0124
600064.SH,1998-04-06,14.5800,17.5000,0.1669
600064.SH,1998-08-13,23.7900,27.2400,0.1267
600064.SH,1998-09-08,17.8500,25.7000,0.3054
600064.SH,1999-03-11,15.2300,18.2700,0.1664
600064.SH,2000-05-16,17.6800,18.4800,0.0433
600064.SH,2003-08-15,7.8800,8.0800,0.0248
600064.SH,2005-06-17,3.9400,4.1400,0.0483
600064.SH,2006-06-27,6.5600,6.8600,0.0437
600064.SH,2008-05-19,22.8600,23.1600,0.0130
600064.SH,2009-06-15,17.8100,18.2100,0.0220
600064.SH,2010-05-17,13.7300,20.6900,0.3364
600064.SH,2012-07-02,11.3000,11.5000,0.0174
600064.SH,2013-07-10,9.5200,9.7700,0.0256
600064.SH,2014-07-11,10.7100,10.9700,0.0237
600064.SH,2015-04-29,21.7000,32.6500,0.3354
600064.SH,2016-07-08,14.9800,15.3300,0.0228
600064.SH,2017-06-15,14.8600,15.2600,0.0262
600064.SH,2018-05-17,8.8300,14.2300,0.3795
600064.SH,2019-07-05,10.8500,11.1000,0.0225
600064.SH,2020-07-07,11.2600,11.7100,0.0384
600064.SH,2021-06-28,9.6200,10.1200,0.0494
600064.SH,2022-07-15,7.0100,10.4200,0.3273
600064.SH,2023-07-20,6.2700,6.6900,0.0628
600064.SH,2024-07-17,5.8300,6.1100,0.0458
600064.SH,2025-07-23,7.8200,8.1200,0.0369
600066.SH,1998-06-05,22.2700,22.8700,0.0262
600066.SH,1998-08-21,16.1600,17.4100,0.0718
600066.SH,1998-10-12,13.4000,17.4200,0.2308
600066.SH,1999-07-06,16.5800,17.0800,0.0293
600066.SH,2000-10-19,14.9800,16.4800,0.0910
600066.SH,2001-07-10,17.0200,17.6200,0.0341
600066.SH,2002-04-12,14.8000,15.4000,0.0390
600066.SH,2004-04-15,10.9200,16.7800,0.3492
600066.SH,2005-04-19,7.4700,10.2100,0.2684
600066.SH,2006-04-20,6.4600,10.6900,0.3957
600066.SH,2007-04-05,17.0700,17.5700,0.0285
600066.SH,2008-05-15,21.2900,28.3800,0.2498
600066.SH,2009-05-15,13.3400,13.9400,0.0430
600066.SH,2010-05-18,16.5200,17.5200,0.0571
600066.SH,2011-05-16,21.1600,21.4600,0.0140
600066.SH,2012-02-21,22.2400,24.6000,0.0959
600066.SH,2012-05-09,23.9300,24.2300,0.0124
600066.SH,2013-05-15,17.5100,32.2200,0.4565
600066.SH,2014-05-26,14.7900,15.2900,0.0327
600066.SH,2015-05-20,21.4500,33.1800,0.3535
600066.SH,2016-05-23,20.3100,21.8100,0.0688
600066.SH,2017-06-14,22.0500,23.0500,0.0434
600066.SH,2018-07-27,17.2700,17.7700,0.0281
600066.SH,2019-05-15,13.2300,13.7300,0.0364
600066.SH,2020-05-20,12.7200,13.7200,0.0729
600066.SH,2021-05-21,13.4600,13.9600,0.0358
600066.SH,2022-05-25,7.9500,8.4500,0.0592
600066.SH,2023-05-19,12.5800,13.5800,0.0736
600066.SH,2024-05-16,27.1100,28.6100,0.0524
600066.SH,2024-12-05,23.0600,23.5600,0.0212
600066.SH,2025-05-14,25.6800,26.6800,0.0375
600066.SH,2025-09-11,28.7500,29.2500,0.0171
600067.SH,1997-09-05,10.7900,17.2700,0.3752
600067.SH,1999-06-15,14.7000,14.9000,0.0134
600067.SH,2000-05-29,18.7600,22.8300,0.1783
600067.SH,2002-10-31,9.5100,15.2700,0.3772
600067.SH,2004-05-27,8.3700,13.4400,0.3772
600067.SH,2005-07-20,4.2400,5.1400,0.1751
600067.SH,2006-08-02,5.1900,5.9900,0.1336
600067.SH,2007-07-30,23.1700,25.1200,0.0776
600067.SH,2008-04-18,11.7700,13.5500,0.1314
600067.SH,2010-04-19,11.3700,13.6900,0.1695
600067.SH,2012-04-20,5.5100,8.9500,0.3844
600067.SH,2013-06-21,8.0000,8.2100,0.0256
600067.SH,2015-06-18,13.8200,14.0200,0.0143
600067.SH,2016-05-30,6.4000,6.5000,0.0154
600067.SH,2017-05-26,6.3800,6.4800,0.0154
600067.SH,2018-05-10,5.0800,5.2000,0.0231
600067.SH,2019-06-04,4.5500,4.6500,0.0215
600067.SH,2021-08-13,4.3200,4.3900,0.0159
600067.SH,2025-08-26,3.1200,3.3400,0.0659
600071.SH,1998-04-28,11.7600,19.9900,0.4117
600071.SH,1999-10-13,10.3500,11.0600,0.0642
600071.SH,2001-04-18,17.5100,29.8400,0.4132
600071.SH,2001-10-10,15.7500,20.5000,0.2317
600071.SH,2004-05-12,6.7300,6.8300,0.0146
600071.SH,2006-06-09,3.5500,3.7000,0.0405
600071.SH,2009-06-05,5.4800,5.5800,0.0179
600071.SH,2010-05-17,8.9200,9.0200,0.0111
600072.SH,1998-07-13,17.2500,17.4500,0.0115
600072.SH,1999-07-02,13.7900,15.4400,0.1069
600072.SH,1999-11-03,9.0300,14.4500,0.3751
600072.SH,2002-07-25,9.5100,11.4100,0.1665
600072.SH,2003-07-07,6.5400,7.1900,0.0904
600072.SH,2010-06-10,12.2000,13.4200,0.0909
600072.SH,2011-06-28,24.9900,29.9900,0.1667
600073.SH,1998-06-08,7.4300,8.9100,0.1661
600073.SH,2000-07-24,18.9400,19.3300,0.0202
600073.SH,2007-06-18,10.5300,11.5800,0.0907
600073.SH,2012-06-25,6.4100,9.6700,0.3371
600073.SH,2013-06-05,7.3100,8.1100,0.0986
600073.SH,2019-06-06,9.3300,9.4300,0.0106
600073.SH,2020-07-09,10.0300,10.1500,0.0118
600073.SH,2021-07-01,8.0600,8.1900,0.0159
600073.SH,2022-06-20,7.6800,7.7800,0.0129
600073.SH,2023-06-27,7.0900,7.2500,0.0221
600073.SH,2024-06-06,5.9800,6.0500,0.0116
600075.SH,1997-10-15,8.6500,15.5700,0.4444
600075.SH,1998-12-28,14.5600,17.6000,0.1727
600075.SH,1999-05-14,8.5600,10.7300,0.2022
600075.SH,2004-06-30,6.6700,6.7700,0.0148
600075.SH,2006-05-12,11.3500,12.3300,0.0795
600075.SH,2006-07-11,7.6700,15.3700,0.5010
600075.SH,2017-06-09,8.7000,12.2800,0.2915
600075.SH,2019-06-03,5.1400,5.2400,0.0191
600075.SH,2021-06-04,7.4200,7.5200,0.0133
600075.SH,2022-06-01,6.1600,6.2600,0.0160
600075.SH,2023-06-19,4.7300,4.8300,0.0207
600076.SH,1998-08-27,16.7400,26.7900,0.3751
600076.SH,2001-12-17,13.6800,14.1900,0.0359
600076.SH,2006-08-08,2.4500,3.5300,0.3059
600076.SH,2018-06-25,4.6400,4.7500,0.0232
600078.SH,1998-04-14,9.7300,11.6800,0.1670
600078.SH,1999-06-09,9.4200,11.3000,0.1664
600078.SH,1999-11-01,9.7900,10.2600,0.0458
600078.SH,2001-11-21,12.7000,13.0000,0.0231
600078.SH,2003-04-15,11.1400,11.7900,0.0551
600078.SH,2003-10-21,5.4400,11.0700,0.5086
600078.SH,2007-03-06,6.6400,10.6700,0.3777
600079.SH,1999-09-27,15.5600,17.6500,0.1184
600079.SH,2000-08-31,16.9900,32.3600,0.4750
600079.SH,2002-06-10,9.7400,9.9300,0.0191
600079.SH,2003-05-30,7.2700,10.2000,0.2873
600079.SH,2006-08-07,5.3200,5.7700,0.0780
600079.SH,2007-06-13,9.7100,14.5800,0.3340
600079.SH,2015-07-22,19.7800,39.7000,0.5018
600079.SH,2018-07-05,12.2800,12.4400,0.0129
600079.SH,2024-06-24,17.1400,17.6000,0.0261
600079.SH,2025-08-19,20.8100,21.1300,0.0151
600080.SH,1997-08-19,14.8100,23.7000,0.3751
600080.SH,1998-04-24,16.5600,26.5000,0.3751
600080.SH,2000-07-25,15.0900,16.9200,0.1082
600080.SH,2006-06-14,2.4200,3.2000,0.2438
600080.SH,2021-06-17,7.0100,7.1000,0.0127
600081.SH,1998-08-25,14.7400,25.0500,0.4116
600081.SH,1999-08-27,14.9600,21.0000,0.2876
600081.SH,1999-12-15,12.7400,12.9600,0.0170
600081.SH,2000-10-12,23.9300,36.0000,0.3353
600081.SH,2002-06-25,24.6100,24.8600,0.0101
600081.SH,2002-11-14,16.0900,19.3100,0.1668
600081.SH,2004-05-25,9.5200,12.3800,0.2310
600081.SH,2005-05-31,3.4400,3.5900,0.0418
600081.SH,2011-07-13,11.0700,11.1900,0.0107
600081.SH,2013-06-25,5.5300,5.6300,0.0178
600081.SH,2014-07-24,14.7600,14.9300,0.0114
600081.SH,2015-07-23,17.5500,17.7500,0.0113
600081.SH,2018-07-27,10.1900,10.3200,0.0126
600081.SH,2019-06-19,10.8400,10.9800,0.0128
600081.SH,2020-07-07,10.8300,10.9700,0.0128
600081.SH,2022-08-17,12.0600,12.2100,0.0123
600081.SH,2023-08-10,11.1700,11.6400,0.0404
600082.SH,1998-07-03,7.6500,9.9400,0.2304
600082.SH,2004-06-16,6.7400,12.1800,0.4466
600082.SH,2008-06-11,9.1500,9.2500,0.0108
600082.SH,2009-05-11,7.0700,14.1900,0.5018
600082.SH,2012-06-21,4.3600,4.4100,0.0113
600084.SH,1999-06-10,11.7400,17.1800,0.3166
600084.SH,1999-08-17,11.4000,11.7100,0.0265
600084.SH,2000-05-09,13.3800,17.4000,0.2310
600084.SH,2001-04-17,15.3500,20.0600,0.2348
600084.SH,2004-06-29,4.1900,8.4100,0.5018
600085.SH,1998-06-04,15.6800,15.9800,0.0188
600085.SH,1999-06-02,12.9800,15.8800,0.1826
600085.SH,2001-02-13,20.1200,22.8500,0.1195
600085.SH,2001-06-11,20.5200,26.3900,0.2224
600085.SH,2002-07-12,18.7400,18.9900,0.0132
600085.SH,2003-07-11,20.8100,21.1100,0.0142
600085.SH,2004-06-11,19.1000,19.4000,0.0155
600085.SH,2004-09-23,19.0100,21.4100,0.1121
600085.SH,2005-07-07,18.3600,22.2800,0.1759
600085.SH,2006-07-19,15.5500,15.8000,0.0158
600085.SH,2008-07-24,17.8300,21.4900,0.1703
600085.SH,2009-08-12,18.3200,18.5200,0.0108
600085.SH,2011-07-12,16.3200,41.1400,0.6033
600085.SH,2013-08-09,23.8100,24.0600,0.0104
600085.SH,2014-08-13,19.3000,19.5000,0.0103
600085.SH,2019-12-09,25.6100,26.1100,0.0191
600085.SH,2024-06-28,38.0600,38.5600,0.0130
600085.SH,2024-10-10,38.6200,39.1200,0.0128
600085.SH,2025-06-30,36.0900,36.5900,0.0137
600088.SH,1998-08-06,17.5600,17.7800,0.0124
600088.SH,1999-09-08,22.5800,25.5000,0.1145
600088.SH,2000-09-01,23.2900,23.7300,0.0185
600088.SH,2001-07-09,21.0800,27.5000,0.2335
600088.SH,2010-08-03,15.7400,22.1300,0.2887
600088.SH,2018-06-28,9.2500,11.1700,0.1719
600089.SH,1998-09-04,19.3100,21.5000,0.1019
600089.SH,1998-12-04,14.0900,22.5500,0.3752
600089.SH,2000-04-04,20.8100,33.3000,0.3751
600089.SH,2000-06-08,18.7000,19.6200,0.0469
600089.SH,2002-06-24,9.2900,9.3900,0.0106
600089.SH,2003-07-17,8.6200,8.7200,0.0115
600089.SH,2004-09-30,10.1600,10.7500,0.0549
600089.SH,2005-07-25,5.6800,7.4800,0.2406
600089.SH,2006-05-08,9.5400,10.4900,0.0906
600089.SH,2007-09-21,25.8000,51.6000,0.5000
600089.SH,2008-05-20,19.6800,25.6100,0.2316
600089.SH,2009-06-03,20.3900,30.6900,0.3356
600089.SH,2011-06-07,13.6900,17.9000,0.2352
600089.SH,2012-05-31,7.8300,7.9100,0.0101
600089.SH,2013-05-31,9.1700,9.2900,0.0129
600089.SH,2014-01-27,9.6400,10.2400,0.0586
600089.SH,2014-06-16,8.7500,8.8800,0.0146
600089.SH,2015-07-23,15.3300,15.4900,0.0103
600089.SH,2016-07-06,8.6500,8.8300,0.0204
600089.SH,2017-05-22,9.9100,10.1200,0.0208
600089.SH,2017-06-09,9.3200,9.6600,0.0352
600089.SH,2018-07-05,6.7100,6.9200,0.0303
600089.SH,2019-07-04,7.1200,7.3000,0.0247
600089.SH,2020-07-06,7.0200,7.1800,0.0223
600089.SH,2021-06-18,10.9600,11.1700,0.0188
600089.SH,2022-06-23,25.4700,26.0500,0.0223
600089.SH,2023-07-18,16.6300,22.7300,0.2684
600089.SH,2024-07-04,13.5100,13.7100,0.0146
600089.SH,2025-07-10,12.2100,12.4600,0.0201
600094.SH,1998-06-12,9.7600,11.8100,0.1736
600094.SH,1999-07-12,9.0500,9.1500,0.0109
600094.SH,2000-06-09,12.3000,18.5500,0.3369
600094.SH,2000-08-23,11.2500,12.4500,0.0964
600094.SH,2007-03-19,4.2700,5.4600,0.2179
600094.SH,2011-10-11,5.8300,4.3700,0.3341
600095.SH,1998-06-23,16.3500,16.7000,0.0210
600095.SH,1999-07-14,16.3000,19.0300,0.1435
600095.SH,1999-09-10,15.4800,25.7000,0.3977
600095.SH,2006-07-28,3.5200,4.8600,0.2757
600095.SH,2022-06-01,7.2200,7.3500,0.0177
600096.SH,1998-04-23,8.3200,8.4900,0.0200
600096.SH,1999-09-16,12.2400,12.4400,0.0161
600096.SH,2001-11-08,9.0200,9.2200,0.0217
600096.SH,2003-08-19,9.5900,9.9900,0.0400
600096.SH,2004-11-15,10.5500,13.7900,0.2350
600096.SH,2005-06-20,8.5000,8.9000,0.0449
600096.SH,2006-04-05,9.5900,10.5900,0.0944
600096.SH,2007-06-11,25.4100,25.8100,0.0155
600096.SH,2009-06-29,22.6400,23.0400,0.0174
600096.SH,2012-07-03,13.4900,13.6900,0.0146
600096.SH,2014-08-22,9.2500,9.3500,0.0107
600096.SH,2023-05-19,18.2500,19.2500,0.0519
600096.SH,2024-05-22,20.5100,21.5000,0.0460
600096.SH,2025-05-22,22.6700,24.0600,0.0578
600097.SH,2000-05-10,17.0000,16.1600,0.0520
600097.SH,2013-07-01,10.6000,10.8000,0.0185
600097.SH,2014-07-23,10.8300,11.0300,0.0181
600097.SH,2018-06-22,10.8700,11.0200,0.0136
600097.SH,2019-06-14,10.2000,10.3800,0.0173
600097.SH,2021-06-10,9.4600,9.6400,0.0187
600097.SH,2022-06-08,10.0700,10.3100,0.0233
600097.SH,2023-06-08,9.6500,9.7800,0.0133
600097.SH,2024-06-06,8.2300,8.4200,0.0226
600098.SH,1998-04-10,9.3900,16.9000,0.4444
600098.SH,2000-12-11,14.3800,14.7900,0.0277
600098.SH,2002-04-29,14.4000,14.7000,0.0204
600098.SH,2003-05-16,11.5600,11.8600,0.0253
600098.SH,2004-04-13,12.2500,12.6000,0.0278
600098.SH,2005-05-11,5.6700,8.7100,0.3490
600098.SH,2006-05-10,4.6300,4.7800,0.0314
600098.SH,2007-05-10,15.1900,15.3900,0.0130
600098.SH,2008-05-07,8.8300,9.1000,0.0297
600098.SH,2009-06-12,6.6500,6.7400,0.0134
600098.SH,2010-06-03,6.2100,6.3900,0.0282
600098.SH,2011-06-03,7.0600,7.2600,0.0275
600098.SH,2012-05-24,7.3300,7.4300,0.0135
600098.SH,2013-06-07,6.6400,6.8000,0.0235
600098.SH,2014-06-27,4.7400,4.8900,0.0307
600098.SH,2015-07-08,8.4500,8.6300,0.0209
600098.SH,2016-06-20,7.7800,7.9700,0.0238
600098.SH,2017-06-28,7.5200,7.6200,0.0131
600098.SH,2018-07-04,6.3100,6.4100,0.0156
600098.SH,2019-06-27,6.2100,6.3100,0.0158
600098.SH,2021-07-30,6.2900,6.4600,0.0263
600098.SH,2022-06-29,6.6000,6.7000,0.0149
600098.SH,2023-06-28,6.1100,6.3100,0.0317
600098.SH,2024-06-27,6.2100,6.4600,0.0387
600098.SH,2025-06-27,6.3200,6.5900,0.0410
600098.SH,2025-12-12,6.6900,6.7900,0.0147
600099.SH,1998-06-11,9.0900,14.5500,0.3753
600099.SH,1999-09-02,7.0200,7.2100,0.0264
600099.SH,2001-07-04,11.1300,13.4000,0.1694
600099.SH,2005-08-03,2.4100,2.4600,0.0203
600099.SH,2008-07-17,4.4100,4.4600,0.0112
600100.SH,1998-01-16,33.9200,50.8800,0.3333
600100.SH,1999-07-09,47.6600,55.9600,0.1483
600100.SH,1999-09-14,40.5100,51.2500,0.2096
600100.SH,2000-05-19,42.7900,59.9000,0.2856
600100.SH,2001-05-16,29.3800,44.1700,0.3348
600100.SH,2002-06-17,18.3200,18.5200,0.0108
600100.SH,2003-08-22,17.2200,17.4200,0.0115
600100.SH,2005-06-03,9.4600,9.5600,0.0105
600100.SH,2006-07-14,8.4000,8.5000,0.0118
600100.SH,2008-05-26,29.4700,32.1600,0.0836
600100.SH,2008-08-15,12.6200,16.4900,0.2347
600100.SH,2011-05-11,13.0800,26.2600,0.5019
600100.SH,2012-06-29,8.1600,8.2600,0.0121
600100.SH,2013-06-24,7.5000,7.6000,0.0132
600100.SH,2014-07-04,8.7100,8.8100,0.0114
600100.SH,2017-07-06,13.8700,14.1200,0.0177
600101.SH,1997-09-09,15.6900,21.9600,0.2855
600101.SH,1998-04-29,17.8300,26.8000,0.3347
600101.SH,2001-05-10,17.0200,17.2200,0.0116
600101.SH,2002-07-19,13.1200,13.3200,0.0150
600101.SH,2003-08-22,12.4500,12.7000,0.0197
600101.SH,2004-06-15,9.5300,11.4700,0.1691
600101.SH,2005-07-18,4.0800,5.3300,0.2345
600101.SH,2007-02-26,5.8300,7.1400,0.1835
600101.SH,2019-07-19,6.4300,8.4100,0.2354
600101.SH,2024-07-05,9.9800,13.0700,0.2364
600101.SH,2025-07-08,11.8300,11.9500,0.0100
600103.SH,1999-01-21,8.5100,8.6600,0.0173
600103.SH,1999-08-04,9.6600,11.3000,0.1451
600103.SH,2000-09-06,8.2500,16.5500,0.5015
600103.SH,2002-06-18,4.3200,4.3800,0.0137
600103.SH,2006-12-27,2.4500,3.0700,0.2020
600103.SH,2007-01-18,2.5600,3.0700,0.1661
600103.SH,2019-06-03,2.3400,3.0400,0.2303
600103.SH,2023-07-14,2.8900,2.9400,0.0170
600103.SH,2024-06-05,1.9800,2.0000,0.0100
600104.SH,1998-09-15,10.1600,14.2200,0.2855
600104.SH,2000-08-24,13.3200,13.7400,0.0306
600104.SH,2001-02-21,11.3100,12.3000,0.0805
600104.SH,2001-05-31,10.1200,14.0100,0.2777
600104.SH,2002-06-18,6.3200,6.4700,0.0232
600104.SH,2003-06-17,11.7800,12.1400,0.0297
600104.SH,2004-06-09,9.3200,12.2700,0.2404
600104.SH,2005-06-22,4.4600,4.7100,0.0531
600104.SH,2006-05-17,4.5100,4.7600,0.0525
600104.SH,2008-06-05,12.1800,12.3900,0.0169
600104.SH,2010-06-08,12.2800,16.0100,0.2330
600104.SH,2011-07-01,18.5400,18.7400,0.0107
600104.SH,2012-07-05,12.8400,13.1400,0.0228
600104.SH,2013-07-11,12.8900,13.4900,0.0445
600104.SH,2014-07-30,16.4300,17.6300,0.0681
600104.SH,2015-07-22,23.1900,24.4900,0.0531
600104.SH,2016-07-08,19.8500,21.2100,0.0641
600104.SH,2017-06-16,30.1700,31.8200,0.0519
600104.SH,2018-07-17,33.2200,35.0500,0.0522
600104.SH,2019-07-12,24.2700,25.5300,0.0494
600104.SH,2020-06-30,17.1000,17.9800,0.0489
600104.SH,2021-07-30,18.4800,19.0900,0.0320
600104.SH,2022-07-15,16.3900,17.0600,0.0393
600104.SH,2023-07-19,14.1500,14.4800,0.0228
600104.SH,2024-08-16,13.0900,13.4600,0.0275
600105.SH,1999-09-16,16.6700,28.3400,0.4118
600105.SH,1999-11-29,11.9200,12.6100,0.0547
600105.SH,2002-04-26,11.4200,11.6900,0.0231
600105.SH,2002-06-21,10.5600,10.7000,0.0131
600105.SH,2003-06-26,8.0300,8.1500,0.0147
600105.SH,2004-07-05,6.7000,6.8000,0.0147
600105.SH,2005-07-04,3.8500,3.9500,0.0253
600105.SH,2006-06-26,4.0500,4.1500,0.0241
600105.SH,2007-07-09,6.7600,6.8400,0.0117
600105.SH,2010-06-25,9.7700,13.6800,0.2858
600105.SH,2013-07-01,4.8300,4.9300,0.0203
600105.SH,2014-05-26,6.9700,7.1700,0.0279
600105.SH,2016-06-07,8.7400,17.5200,0.5011
600105.SH,2017-06-14,8.0600,8.1600,0.0123
600105.SH,2018-05-21,4.5700,6.0400,0.2434
600105.SH,2019-07-15,4.4200,4.5700,0.0328
600105.SH,2020-07-13,4.9500,5.0100,0.0120
600105.SH,2024-07-18,3.5000,3.5400,0.0113
600106.SH,1998-05-19,9.9400,10.0700,0.0129
600106.SH,1999-06-18,9.4200,9.5800,0.0167
600106.SH,2000-06-20,14.8500,15.0500,0.0133
600106.SH,2002-06-12,9.3200,9.4200,0.0106
600106.SH,2004-04-19,8.1300,8.2300,0.0122
600106.SH,2005-06-22,4.9400,5.0400,0.0198
600106.SH,2006-05-22,4.4100,4.5200,0.0243
600106.SH,2007-06-13,16.9600,18.7400,0.0950
600106.SH,2008-06-17,9.5400,10.5800,0.0983
600106.SH,2009-04-17,7.8800,8.7700,0.1015
600106.SH,2010-05-25,11.2500,12.4400,0.0957
600106.SH,2012-04-24,5.0400,10.1500,0.5034
600106.SH,2013-05-28,3.5400,3.6200,0.0221
600106.SH,2014-06-18,3.5300,3.6200,0.0249
600106.SH,2017-06-02,4.9700,5.5600,0.1061
600106.SH,2018-06-07,3.4200,3.8500,0.1117
600106.SH,2019-06-14,3.2500,3.6400,0.1071
600106.SH,2020-06-08,2.5700,2.8900,0.1107
600106.SH,2021-06-25,2.5200,2.5700,0.0195
600106.SH,2022-06-21,4.0500,4.1100,0.0146
600106.SH,2023-07-07,4.6000,4.6500,0.0108
600107.SH,1999-06-10,12.2200,12.4200,0.0161
600107.SH,2000-05-15,11.0200,19.8400,0.4446
600108.SH,1998-07-27,8.9400,16.1000,0.4447
600108.SH,2000-08-11,9.1600,11.9300,0.2322
600108.SH,2001-06-01,8.2000,10.6800,0.2322
600108.SH,2003-07-22,4.5800,4.6300,0.0108
600108.SH,2004-06-04,3.6900,5.5400,0.3339
600108.SH,2006-06-14,2.1300,3.2700,0.3486
600109.SH,1998-08-10,15.2100,15.5000,0.0187
600109.SH,2005-05-30,4.1800,4.2300,0.0118
600109.SH,2007-08-21,74.6300,149.2500,0.5000
600109.SH,2009-06-05,19.7800,39.6700,0.5014
600109.SH,2014-10-24,12.0100,24.0100,0.4998
600109.SH,2024-07-09,7.0200,7.1600,0.0196
600109.SH,2025-07-09,9.0800,9.2000,0.0130
600110.SH,1998-07-16,19.2500,19.9900,0.0370
600110.SH,1999-06-07,12.8100,16.6500,0.2306
600110.SH,2001-08-10,19.9600,21.4500,0.0695
600110.SH,2001-09-25,12.6300,18.3600,0.3121
600110.SH,2002-05-09,8.0700,14.5700,0.4461
600110.SH,2007-05-25,20.8500,31.2800,0.3334
600110.SH,2007-09-27,19.7600,25.6900,0.2308
600110.SH,2009-06-01,7.1000,10.6500,0.3333
600110.SH,2023-07-17,6.9100,7.0100,0.0143
600111.SH,1998-05-29,8.5000,11.9000,0.2857
600111.SH,1999-06-25,11.5600,11.7300,0.0145
600111.SH,2000-03-09,10.9300,11.9300,0.0838
600111.SH,2008-05-15,23.6700,47.4300,0.5009
600111.SH,2011-05-12,65.7500,98.7200,0.3340
600111.SH,2012-05-04,38.1600,76.6600,0.5022
600111.SH,2014-05-19,19.3000,19.5000,0.0103
600111.SH,2015-05-11,21.0600,31.7200,0.3361
600111.SH,2022-06-28,35.4700,35.9100,0.0123
600113.SH,1999-06-29,13.9300,14.2800,0.0245
600113.SH,2001-06-01,17.3800,17.5800,0.0114
600113.SH,2005-06-09,4.7000,4.8000,0.0208
600113.SH,2006-06-08,4.4500,4.5000,0.0111
600113.SH,2008-05-20,7.8300,9.8400,0.2043
600113.SH,2010-05-04,6.7400,10.8400,0.3782
600113.SH,2011-03-24,7.3500,9.9700,0.2628
600113.SH,2019-03-06,7.7500,8.6100,0.0999
600113.SH,2022-06-02,7.5900,7.8300,0.0307
600113.SH,2023-05-24,7.4700,7.5900,0.0158
600113.SH,2024-05-20,8.0100,8.1900,0.0220
600114.SH,2005-04-11,6.7800,11.7800,0.4244
600114.SH,2006-04-12,5.2200,5.3700,0.0279
600114.SH,2007-03-27,8.1800,8.2800,0.0121
600114.SH,2008-05-15,8.6000,8.7000,0.0115
600114.SH,2009-04-08,6.1400,6.2400,0.0160
600114.SH,2013-04-23,8.7100,8.8300,0.0136
600114.SH,2014-04-30,9.6300,14.5900,0.3400
600114.SH,2016-05-24,15.6500,15.8500,0.0126
600114.SH,2017-04-27,17.8300,18.0300,0.0111
600114.SH,2018-04-26,11.2100,16.8900,0.3363
600114.SH,2018-09-04,8.1000,8.3000,0.0241
600114.SH,2019-06-06,6.4400,6.8300,0.0571
600114.SH,2020-06-05,9.5200,9.7200,0.0206
600114.SH,2021-06-04,8.1000,8.2500,0.0182
600114.SH,2023-06-01,7.6200,7.7200,0.0130
600114.SH,2024-06-06,13.9500,14.1500,0.0141
600114.SH,2025-05-15,20.0900,20.3900,0.0147
600115.SH,2020-08-06,4.4700,4.5200,0.0111
600116.SH,2000-07-14,13.1200,14.4800,0.0939
600116.SH,2006-12-27,4.8100,5.7700,0.1664
600116.SH,2008-08-19,4.6900,4.7900,0.0209
600116.SH,2010-05-13,8.1000,8.2000,0.0122
600116.SH,2013-05-31,11.0700,11.2700,0.0177
600116.SH,2014-07-04,9.4700,9.5900,0.0125
600116.SH,2015-07-14,14.4400,14.5900,0.0103
600116.SH,2016-04-18,10.3400,31.1800,0.6684
600116.SH,2018-07-06,6.4900,6.6000,0.0167
600116.SH,2019-06-18,8.1300,8.2300,0.0122
600116.SH,2020-05-19,8.5400,8.6400,0.0116
600116.SH,2021-05-19,8.9400,9.0400,0.0111
600116.SH,2022-08-01,11.2300,11.3800,0.0132
600116.SH,2023-06-30,8.8900,9.0400,0.0166
600116.SH,2024-07-19,7.1800,7.3300,0.0205
600117.SH,1999-03-24,9.9900,16.9800,0.4117
600117.SH,2000-05-26,8.4800,8.7400,0.0297
600117.SH,2003-06-12,6.4600,6.9800,0.0745
600117.SH,2006-10-26,3.7400,4.1100,0.0900
600118.SH,1998-06-08,10.0400,18.0800,0.4447
600118.SH,2000-05-08,21.9900,35.1900,0.3751
600118.SH,2003-07-22,11.1200,13.3900,0.1695
600118.SH,2007-12-28,34.9500,39.9800,0.1258
600118.SH,2009-04-21,20.9200,25.2000,0.1698
600118.SH,2010-04-19,18.4100,36.8700,0.5007
600118.SH,2012-05-22,13.3600,17.4200,0.2331
600118.SH,2013-08-14,13.0700,15.3600,0.1491
600119.SH,1999-06-01,12.7300,15.2800,0.1669
600119.SH,2001-05-22,16.9800,18.6800,0.0910
600119.SH,2002-05-09,13.1400,17.0800,0.2307
600119.SH,2002-11-11,10.9500,13.1400,0.1667
600119.SH,2013-06-03,6.5500,6.6200,0.0106
600120.SH,1998-05-04,27.1600,27.4900,0.0120
600120.SH,1999-03-16,19.5600,35.2000,0.4443
600120.SH,1999-09-22,33.3300,39.9900,0.1665
600120.SH,2000-05-10,29.2600,35.2800,0.1706
600120.SH,2000-08-30,33.6700,37.5600,0.1036
600120.SH,2001-03-29,25.3800,40.6000,0.3749
600120.SH,2002-04-26,14.2200,20.0100,0.2894
600120.SH,2003-06-16,9.8300,15.7800,0.3771
600120.SH,2004-07-22,4.3100,4.4100,0.0227
600120.SH,2005-07-12,2.2000,2.3000,0.0435
600120.SH,2006-07-28,3.0800,3.1800,0.0314
600120.SH,2007-07-10,6.8400,6.9400,0.0144
600120.SH,2008-06-25,5.3900,5.5100,0.0218
600120.SH,2009-06-29,6.6300,6.7300,0.0149
600120.SH,2010-06-08,8.8300,8.9500,0.0134
600120.SH,2012-06-05,9.7000,9.8200,0.0122
600120.SH,2013-06-18,12.7000,12.9500,0.0193
600120.SH,2014-06-18,10.4800,10.8400,0.0332
600120.SH,2018-06-28,13.6600,17.8900,0.2364
600120.SH,2019-06-12,13.3300,17.4300,0.2352
600120.SH,2019-10-17,8.5900,12.0200,0.2854
600120.SH,2020-05-21,6.4600,9.1000,0.2901
600120.SH,2021-06-09,4.4200,5.7800,0.2353
600120.SH,2022-06-02,3.8200,3.8800,0.0155
600120.SH,2023-05-24,3.9000,3.9800,0.0201
600120.SH,2024-06-14,3.3500,3.4100,0.0176
600120.SH,2025-06-20,5.7400,5.8200,0.0137
600121.SH,1999-06-04,8.0300,12.0500,0.3336
600121.SH,2000-05-23,16.0600,28.9000,0.4443
600121.SH,2005-06-15,3.7500,3.8500,0.0260
600121.SH,2009-06-05,8.8700,8.9700,0.0111
600121.SH,2012-04-26,9.5500,9.6500,0.0104
600121.SH,2013-05-14,6.5100,6.6400,0.0196
600121.SH,2019-07-22,2.6100,3.1800,0.1792
600123.SH,1999-09-13,9.9700,14.9600,0.3336
600123.SH,2000-11-02,11.3200,11.5700,0.0216
600123.SH,2003-06-11,8.7700,8.8700,0.0113
600123.SH,2004-06-17,11.3000,11.4500,0.0131
600123.SH,2005-04-28,12.4900,12.6900,0.0158
600123.SH,2006-06-05,13.0000,13.3000,0.0226
600123.SH,2007-05-24,31.3700,31.7700,0.0126
600123.SH,2008-04-28,31.8000,44.9200,0.2921
600123.SH,2009-05-21,36.7100,37.3200,0.0163
600123.SH,2010-06-21,28.7000,29.0000,0.0103
600123.SH,2011-05-17,37.9000,38.4000,0.0130
600123.SH,2012-06-01,23.9300,48.4500,0.5061
600123.SH,2013-07-01,12.0500,12.6500,0.0474
600123.SH,2014-07-25,7.7300,7.9900,0.0325
600123.SH,2016-06-28,7.1800,7.2800,0.0137
600123.SH,2018-07-05,6.7000,6.9200,0.0318
600123.SH,2019-07-05,7.1500,7.4500,0.0403
600123.SH,2020-06-22,4.8100,5.0100,0.0399
600123.SH,2021-06-25,8.4100,8.5100,0.0118
600123.SH,2022-06-30,16.6100,17.3600,0.0432
600123.SH,2023-06-19,8.6200,12.2000,0.2934
600123.SH,2024-02-08,10.6400,11.3900,0.0658
600123.SH,2025-07-14,6.6600,6.8100,0.0220
600125.SH,1998-11-13,14.8500,29.6900,0.4998
600125.SH,2003-03-26,9.0100,9.1100,0.0110
600125.SH,2003-08-07,7.7500,8.0800,0.0408
600125.SH,2004-05-11,6.9300,9.1100,0.2393
600125.SH,2005-05-23,6.2600,10.0400,0.3765
600125.SH,2006-05-29,7.0100,9.1500,0.2339
600125.SH,2007-05-31,14.2000,18.5000,0.2324
600125.SH,2008-05-05,7.8700,9.4400,0.1663
600125.SH,2011-05-06,12.0800,15.7100,0.2311
600125.SH,2013-06-17,6.1700,6.2800,0.0175
600125.SH,2016-06-23,6.2300,6.3000,0.0111
600125.SH,2019-06-21,6.6300,6.7500,0.0178
600125.SH,2020-06-19,5.4400,5.5500,0.0198
600125.SH,2021-06-18,4.9700,5.0700,0.0197
600125.SH,2022-06-24,5.2400,5.3200,0.0150
600125.SH,2023-06-27,5.7400,5.8200,0.0137
600125.SH,2024-07-19,5.7400,5.8500,0.0188
600125.SH,2025-07-18,5.6700,5.7600,0.0156
600126.SH,1998-10-21,6.0500,9.0800,0.3337
600126.SH,2000-06-09,9.6100,9.9700,0.0361
600126.SH,2000-11-14,10.0500,10.6700,0.0581
600126.SH,2001-05-16,11.5600,11.7100,0.0128
600126.SH,2002-07-19,8.5100,8.6600,0.0173
600126.SH,2003-05-29,8.0800,8.2800,0.0242
600126.SH,2004-03-25,9.1900,9.5400,0.0367
600126.SH,2005-04-19,5.9400,6.2400,0.0481
600126.SH,2006-06-16,3.6900,3.8600,0.0440
600126.SH,2007-07-06,7.1200,7.3200,0.0273
600126.SH,2008-05-28,7.8000,10.4000,0.2500
600126.SH,2009-07-03,6.2800,6.3800,0.0157
600126.SH,2010-06-21,5.0100,5.0900,0.0157
600126.SH,2011-05-20,5.7600,5.8200,0.0103
600126.SH,2012-05-21,3.8700,3.9200,0.0128
600126.SH,2018-07-16,4.5200,5.8800,0.2313
600126.SH,2019-10-23,4.2000,4.3200,0.0278
600126.SH,2020-11-25,6.3100,6.4300,0.0187
600126.SH,2021-05-31,5.4200,5.6200,0.0356
600126.SH,2022-06-17,5.3500,5.6000,0.0446
600126.SH,2023-06-19,4.7100,4.7600,0.0105
600126.SH,2024-06-11,4.4300,4.4800,0.0112
600127.SH,1999-10-11,10.5600,18.0000,0.4133
600127.SH,2001-06-05,21.5300,30.5700,0.2957
600127.SH,2006-11-24,2.7600,4.4600,0.3812
600128.SH,1999-06-18,13.3200,13.5200,0.0148
600128.SH,2000-07-27,24.1800,28.8800,0.1627
600128.SH,2000-09-26,15.3900,23.7000,0.3506
600128.SH,2001-06-19,14.2400,14.3900,0.0104
600128.SH,2005-06-23,3.3900,3.4900,0.0287
600128.SH,2006-07-24,4.7200,4.8000,0.0167
600128.SH,2021-08-25,7.0900,7.1700,0.0112
600128.SH,2022-07-08,8.2900,8.4300,0.0166
600128.SH,2023-07-19,8.4000,8.5000,0.0118
600128.SH,2024-07-26,6.0800,6.1800,0.0162
600129.SH,1998-06-19,14.5800,17.5000,0.1669
600129.SH,1999-06-23,17.8300,18.0300,0.0111
600129.SH,2000-03-01,15.7200,16.9000,0.0698
600129.SH,2008-05-21,10.9100,14.1800,0.2306
600129.SH,2010-06-04,9.6500,12.5500,0.2311
600129.SH,2017-07-14,14.5000,14.8000,0.0203
600130.SH,2002-06-17,19.2000,19.4000,0.0103
600130.SH,2003-06-18,19.9000,20.2500,0.0173
600130.SH,2004-05-31,18.3500,18.7500,0.0213
600130.SH,2005-06-03,3.9900,8.2700,0.5175
600130.SH,2006-08-08,2.4700,4.9400,0.5000
600131.SH,1998-08-04,12.3900,13.6300,0.0910
600131.SH,1999-08-04,9.8100,17.7000,0.4458
600131.SH,2001-10-30,8.8600,9.3900,0.0564
600131.SH,2003-06-06,6.6800,11.4600,0.4171
600131.SH,2008-06-06,6.7800,6.9200,0.0202
600131.SH,2013-07-16,4.5600,4.6100,0.0108
600131.SH,2021-07-29,12.1800,12.3300,0.0122
600131.SH,2023-07-20,19.6400,19.8400,0.0101
600131.SH,2024-08-07,17.1300,17.3400,0.0121
600132.SH,1999-07-09,23.2800,23.5400,0.0110
600132.SH,1999-08-25,21.1200,25.0500,0.1569
600132.SH,2000-06-13,19.0000,19.2000,0.0104
600132.SH,2001-06-12,19.1500,19.3500,0.0103
600132.SH,2002-06-17,23.3300,23.5900,0.0110
600132.SH,2003-04-17,14.6100,22.0700,0.3380
600132.SH,2004-06-22,12.9300,13.1300,0.0152
600132.SH,2005-06-23,8.1300,8.3300,0.0240
600132.SH,2006-09-27,23.9000,26.7000,0.1049
600132.SH,2007-05-14,37.4500,48.8900,0.2340
600132.SH,2008-05-19,22.0800,28.7500,0.2320
600132.SH,2013-06-03,18.0000,18.2000,0.0110
600132.SH,2014-06-20,16.0600,16.2600,0.0123
600132.SH,2016-06-30,15.3400,15.5400,0.0129
600132.SH,2017-06-30,23.4000,24.2000,0.0331
600132.SH,2018-06-28,26.2600,27.0600,0.0296
600132.SH,2019-06-28,46.4800,47.2800,0.0169
600132.SH,2020-01-02,43.7915,51.9600,0.1572
600133.SH,1999-06-10,10.2600,16.7200,0.3864
600133.SH,2000-05-31,14.6500,14.8000,0.0101
600133.SH,2000-08-17,15.0000,15.9000,0.0566
600133.SH,2005-06-30,4.1600,4.2100,0.0119
600133.SH,2010-03-01,11.2200,20.2900,0.4470
600133.SH,2018-06-05,9.3600,9.5300,0.0178
600133.SH,2020-01-02,4.7921,5.3600,0.1060
600135.SH,2000-05-15,26.1000,39.1500,0.3333
600135.SH,2001-05-09,18.6100,22.6300,0.1776
600135.SH,2002-05-23,10.9100,11.3100,0.0354
600135.SH,2003-06-10,11.8900,12.2500,0.0294
600135.SH,2004-05-19,10.9100,11.4100,0.0438
600135.SH,2005-06-17,3.7100,3.9300,0.0560
600135.SH,2020-01-02,6.9886,7.1100,0.0171
600136.SH,2000-07-19,21.1200,23.2600,0.0920
600136.SH,2016-05-12,23.5600,47.1200,0.5000
600137.SH,1998-08-19,8.8400,10.6100,0.1668
600137.SH,2020-01-02,14.7159,15.5800,0.0555
600138.SH,1998-09-08,9.5000,14.4500,0.3426
600138.SH,2000-06-07,20.9200,23.6000,0.1136
600138.SH,2002-06-07,11.4600,11.6100,0.0129
600138.SH,2003-06-06,9.8100,9.9300,0.0121
600138.SH,2005-06-20,5.7500,5.9300,0.0304
600138.SH,2006-06-09,6.0500,6.1700,0.0194
600138.SH,2008-05-09,21.7800,28.3100,0.2307
600138.SH,2009-06-03,11.2000,11.3200,0.0106
600138.SH,2010-05-28,14.9600,15.1600,0.0132
600138.SH,2011-07-19,14.2300,14.4300,0.0139
600138.SH,2012-07-23,18.6000,18.8000,0.0106
600138.SH,2013-07-05,13.6500,13.8000,0.0109
600138.SH,2014-09-29,16.4400,24.8100,0.3374
600138.SH,2019-06-14,12.7300,12.8700,0.0109
600138.SH,2020-01-02,12.3636,12.6000,0.0188
600141.SH,2003-06-25,8.1700,8.2700,0.0121
600141.SH,2005-07-07,4.1200,4.1700,0.0120
600141.SH,2006-07-04,5.7700,5.8700,0.0170
600141.SH,2008-05-20,26.3200,31.7800,0.1718
600141.SH,2009-05-05,12.7300,15.5200,0.1798
600141.SH,2010-07-02,12.7200,14.7300,0.1365
600141.SH,2013-06-18,13.5200,13.8200,0.0217
600141.SH,2014-06-16,9.6500,9.7500,0.0103
600141.SH,2015-06-04,18.8000,19.0000,0.0105
600141.SH,2018-06-14,12.5800,15.3000,0.1778
600141.SH,2019-06-17,10.0800,10.2800,0.0195
600141.SH,2020-01-02,8.8133,10.2800,0.1427
600143.SH,2005-06-15,11.0700,14.5900,0.2413
600143.SH,2006-06-06,15.9400,22.3600,0.2871
600143.SH,2007-03-20,33.8200,67.9300,0.5021
600143.SH,2008-09-23,7.4300,14.8600,0.5000
600143.SH,2009-06-03,9.5000,9.6000,0.0104
600143.SH,2010-06-03,8.6000,8.7000,0.0115
600143.SH,2012-06-04,6.5600,10.7900,0.3920
600143.SH,2013-06-26,4.8300,5.0300,0.0398
600143.SH,2014-06-20,4.2900,4.3900,0.0228
600143.SH,2016-06-16,6.2700,6.3700,0.0157
600143.SH,2017-06-02,5.3900,5.4900,0.0182
600143.SH,2018-06-29,5.1500,5.2500,0.0190
600143.SH,2019-07-05,4.9300,5.0300,0.0199
600143.SH,2020-01-02,6.5146,7.2800,0.1051
600148.SH,1999-06-18,12.9400,13.1400,0.0152
600148.SH,2000-03-09,14.4700,26.3500,0.4509
600148.SH,2001-02-23,12.5800,13.1800,0.0455
600148.SH,2004-07-14,5.9900,6.0700,0.0132
600148.SH,2005-06-23,3.3100,3.3500,0.0119
600148.SH,2020-01-02,12.9413,13.3400,0.0299
600149.SH,2001-12-05,9.9100,14.9100,0.3353
600149.SH,2002-07-11,10.3900,12.4700,0.1668
600149.SH,2007-03-15,4.8900,6.0800,0.1957
600150.SH,1999-05-25,6.1900,6.8100,0.0910
600150.SH,2005-05-23,9.1800,9.3000,0.0129
600150.SH,2009-06-18,64.0100,65.0100,0.0154
600150.SH,2010-07-13,57.5700,58.3700,0.0137
600150.SH,2011-07-15,48.8100,78.7000,0.3798
600150.SH,2012-06-12,23.8700,31.3300,0.2381
600150.SH,2020-01-02,21.3917,21.7600,0.0169
600151.SH,1999-06-16,12.8000,13.1000,0.0229
600151.SH,2000-06-26,19.1300,19.4300,0.0154
600151.SH,2000-12-15,20.7500,22.4800,0.0770
600151.SH,2001-04-20,15.9900,25.7900,0.3800
600151.SH,2002-07-24,9.2300,9.3600,0.0139
600151.SH,2003-08-18,7.4700,7.6000,0.0171
600151.SH,2004-07-15,5.4500,5.6500,0.0354
600151.SH,2005-04-19,4.1000,4.2500,0.0353
600151.SH,2006-07-12,11.5900,18.7500,0.3819
600151.SH,2010-07-13,8.1600,8.7600,0.0685
600152.SH,2000-03-30,10.3300,20.6500,0.4998
600152.SH,2000-08-11,10.4300,10.9400,0.0466
600152.SH,2002-04-19,7.7400,7.8400,0.0128
600152.SH,2003-06-05,6.3300,6.4300,0.0156
600152.SH,2005-04-22,3.6300,3.6900,0.0163
600152.SH,2006-05-11,3.9300,3.9900,0.0150
600152.SH,2008-06-23,4.1200,4.1800,0.0144
600153.SH,1999-05-26,15.4500,20.1000,0.2313
600153.SH,2000-07-27,20.1000,21.9700,0.0851
600153.SH,2001-06-19,17.7000,18.0000,0.0167
600153.SH,2003-06-23,10.8500,11.3500,0.0441
600153.SH,2004-06-24,5.4900,9.2900,0.4090
600153.SH,2005-07-11,4.0400,4.3900,0.0797
600153.SH,2006-06-23,5.0800,5.4800,0.0730
600153.SH,2007-06-19,21.9100,22.4100,0.0223
600153.SH,2008-08-04,9.0600,16.6000,0.4542
600153.SH,2009-08-25,12.9300,13.1800,0.0190
600153.SH,2010-07-16,6.6600,12.2300,0.4554
600153.SH,2011-07-12,8.8800,8.9800,0.0111
600153.SH,2012-07-17,6.6300,6.7300,0.0149
600153.SH,2013-07-09,6.2600,6.4100,0.0234
600153.SH,2014-02-12,6.1200,6.3200,0.0316
600153.SH,2014-04-29,6.1400,6.4200,0.0436
600153.SH,2014-12-15,10.8900,11.0900,0.0180
600153.SH,2015-07-23,17.3100,17.5100,0.0114
600153.SH,2017-07-25,12.8400,13.2400,0.0302
600153.SH,2018-07-20,8.2400,8.4400,0.0237
600153.SH,2019-06-25,8.9800,9.4800,0.0527
600153.SH,2020-01-02,6.1188,8.9900,0.3194
600153.SH,2026-02-11,9.4800,9.6800,0.0207
600155.SH,2000-08-22,17.3100,22.5000,0.2307
600155.SH,2000-12-13,14.2900,14.8200,0.0358
600155.SH,2001-05-17,10.5100,15.8600,0.3373
600155.SH,2002-03-26,7.7100,7.8100,0.0128
600155.SH,2003-03-28,5.7700,5.8700,0.0170
600155.SH,2004-06-23,4.4800,4.5800,0.0218
600156.SH,1999-06-22,10.5400,13.7000,0.2307
600156.SH,2000-07-19,11.0300,11.5000,0.0409
600156.SH,2001-05-30,11.2300,11.3800,0.0132
600157.SH,1998-07-30,15.3300,27.5900,0.4444
600157.SH,2000-03-31,19.3900,34.9000,0.4444
600157.SH,2008-06-19,6.5000,9.8100,0.3374
600157.SH,2011-06-14,16.1300,24.3900,0.3387
600157.SH,2012-04-24,9.7100,19.5100,0.5023
600157.SH,2013-04-15,9.3600,9.6600,0.0311
600157.SH,2014-05-22,2.3300,4.7500,0.5095
600157.SH,2015-06-04,8.6700,11.2900,0.2321
600158.SH,1999-08-16,13.2400,13.4400,0.0149
600158.SH,2000-09-01,22.4500,23.7800,0.0559
600158.SH,2001-06-01,21.9200,28.6900,0.2360
600158.SH,2007-04-25,27.7500,50.0200,0.4452
600158.SH,2007-10-08,24.0900,38.5500,0.3751
600158.SH,2008-10-30,3.4500,3.8900,0.1131
600158.SH,2011-06-16,6.4600,6.7900,0.0486
600158.SH,2020-01-02,9.9033,10.0300,0.0126
600159.SH,1999-07-20,11.2800,14.6700,0.2311
600159.SH,2001-01-08,16.7000,18.2500,0.0849
600159.SH,2001-05-28,14.3600,19.7500,0.2729
600159.SH,2010-08-16,5.8800,11.7500,0.4996
600159.SH,2015-07-09,4.4300,4.4800,0.0112
600159.SH,2019-06-20,2.7900,2.8400,0.0176
600159.SH,2020-01-02,2.4091,2.5500,0.0553
600160.SH,1999-06-17,8.1300,9.0400,0.1007
600160.SH,2001-04-19,13.8900,14.1400,0.0177
600160.SH,2001-08-07,11.2500,11.4800,0.0200
600160.SH,2002-05-22,9.2300,9.3300,0.0107
600160.SH,2003-05-23,8.1300,8.3800,0.0298
600160.SH,2004-05-20,7.7600,7.9100,0.0190
600160.SH,2004-10-29,5.2300,7.8500,0.3338
600160.SH,2005-05-23,3.4100,3.5600,0.0421
600160.SH,2006-05-22,5.7800,5.9600,0.0302
600160.SH,2009-06-12,7.6600,7.7600,0.0129
600160.SH,2010-05-18,8.9200,9.8900,0.0981
600160.SH,2011-03-25,26.6900,34.9500,0.2363
600160.SH,2012-05-21,12.9400,21.2100,0.3899
600160.SH,2013-05-20,7.7800,7.9300,0.0189
600160.SH,2013-12-24,5.8500,6.3300,0.0758
600160.SH,2014-06-18,4.9600,5.1600,0.0388
600160.SH,2016-05-30,9.6900,9.7900,0.0102
600160.SH,2017-06-07,11.2900,11.4400,0.0131
600160.SH,2018-06-06,8.5900,11.2700,0.2378
600160.SH,2019-05-31,7.2600,7.4100,0.0202
600160.SH,2020-06-12,6.5200,6.6400,0.0181
600160.SH,2021-06-16,8.8200,8.9200,0.0112
600160.SH,2022-06-09,12.0400,12.1700,0.0107
600160.SH,2023-07-13,14.1800,14.4500,0.0187
600161.SH,1999-06-11,14.7500,23.6000,0.3750
600161.SH,2004-09-28,7.7300,11.6400,0.3359
600161.SH,2005-04-20,6.7800,6.9000,0.0174
600161.SH,2006-04-26,8.2700,8.4700,0.0236
600161.SH,2006-09-28,14.6300,14.7900,0.0108
600161.SH,2008-06-25,15.5500,23.5200,0.3389
600161.SH,2017-06-19,36.9300,48.3100,0.2356
600161.SH,2018-06-22,19.7800,25.9100,0.2366
600161.SH,2019-06-14,22.1900,26.6800,0.1683
600161.SH,2020-07-15,39.5700,47.5400,0.1676
600161.SH,2022-07-15,20.6500,24.8800,0.1700
600161.SH,2024-06-20,24.9800,30.1200,0.1707
600162.SH,1999-06-04,8.2000,9.0400,0.0929
600162.SH,2000-08-24,12.2200,13.6400,0.1041
600162.SH,2005-03-24,4.4300,8.8500,0.4994
600162.SH,2006-10-27,5.3800,5.9100,0.0897
600162.SH,2008-10-29,2.9700,4.3200,0.3125
600162.SH,2014-07-11,4.5600,4.6400,0.0172
600162.SH,2015-07-24,8.3300,8.4400,0.0130
600162.SH,2016-06-27,4.1200,6.2700,0.3429
600162.SH,2017-06-06,3.4300,3.5400,0.0311
600162.SH,2018-06-15,2.8000,2.9600,0.0541
600162.SH,2019-07-17,2.2800,2.3500,0.0298
600162.SH,2020-07-02,1.9500,2.0200,0.0347
600162.SH,2021-07-08,1.8000,1.8300,0.0164
600162.SH,2022-07-19,1.9700,2.0100,0.0199
600162.SH,2022-12-22,1.8800,1.9700,0.0457
600162.SH,2023-07-05,1.8700,1.9900,0.0603
600162.SH,2024-06-06,1.6700,1.8300,0.0874
600163.SH,1999-07-22,7.9000,8.0000,0.0125
600163.SH,2000-08-29,12.7900,14.0800,0.0916
600163.SH,2001-12-13,9.8200,9.9700,0.0150
600163.SH,2003-07-07,6.2000,6.4000,0.0313
600163.SH,2008-05-28,6.0500,9.0800,0.3337
600163.SH,2023-06-30,5.5900,5.6900,0.0176
600163.SH,2025-07-10,5.3800,5.4600,0.0147
600165.SH,1999-09-20,10.0600,16.1000,0.3752
600165.SH,2001-02-06,14.9100,16.6800,0.1061
600165.SH,2015-10-12,11.2800,28.2000,0.6000
600165.SH,2025-12-11,2.8400,4.0400,0.2970
600166.SH,1998-09-01,12.8000,13.0100,0.0161
600166.SH,1999-10-25,19.9900,26.1000,0.2341
600166.SH,2000-08-11,14.8600,15.9800,0.0701
600166.SH,2002-05-13,9.7300,9.8300,0.0102
600166.SH,2003-03-11,10.9300,11.4000,0.0412
600166.SH,2003-10-21,8.8100,13.3200,0.3386
600166.SH,2004-11-18,6.9100,7.0300,0.0171
600166.SH,2005-07-18,2.9700,3.0700,0.0326
600166.SH,2006-05-31,3.3600,3.9800,0.1558
600166.SH,2006-06-29,2.7000,4.0500,0.3333
600166.SH,2008-06-05,9.7200,9.8200,0.0102
600166.SH,2008-12-12,4.7800,4.9600,0.0363
600166.SH,2011-05-16,10.0300,20.3300,0.5066
600166.SH,2012-03-29,6.6300,6.7500,0.0178
600166.SH,2013-06-17,6.0300,6.1900,0.0258
600166.SH,2014-07-17,5.2700,5.3700,0.0186
600166.SH,2016-07-07,2.8700,5.7700,0.5026
600166.SH,2017-07-20,2.8500,2.8800,0.0104
600167.SH,1999-06-30,7.6500,7.7500,0.0129
600167.SH,2007-03-26,7.4500,8.2700,0.0992
600167.SH,2013-07-04,12.0200,12.1800,0.0131
600167.SH,2014-07-11,10.5900,10.7900,0.0185
600167.SH,2018-05-30,10.9300,22.1200,0.5059
600167.SH,2019-05-29,9.2800,12.2200,0.2406
600167.SH,2020-06-19,14.0400,14.2500,0.0147
600167.SH,2021-07-20,9.1500,9.5500,0.0419
600167.SH,2022-07-19,7.4200,7.5500,0.0172
600167.SH,2023-07-06,6.5200,6.7300,0.0312
600167.SH,2024-07-23,5.1000,5.3000,0.0377
600167.SH,2024-12-27,5.8200,5.9400,0.0202
600167.SH,2025-06-17,5.6300,5.8300,0.0343
600168.SH,1999-07-21,12.2500,14.8000,0.1723
600168.SH,2000-05-25,12.2400,12.4900,0.0200
600168.SH,2000-08-17,12.8300,13.5400,0.0524
600168.SH,2001-06-08,13.9600,14.4600,0.0346
600168.SH,2002-05-22,10.2500,10.5000,0.0238
600168.SH,2003-06-09,7.2200,7.3700,0.0204
600168.SH,2004-06-21,5.7900,5.8500,0.0103
600168.SH,2005-06-22,3.3900,3.4500,0.0174
600168.SH,2006-07-17,3.4600,3.5300,0.0198
600168.SH,2008-06-19,4.9700,5.0300,0.0119
600168.SH,2016-04-28,10.6800,10.8200,0.0129
600168.SH,2017-05-12,8.9400,9.0700,0.0143
600168.SH,2018-05-04,7.5100,7.6500,0.0183
600168.SH,2019-07-10,6.9200,7.0400,0.0170
600168.SH,2020-09-15,7.3700,7.4800,0.0147
600168.SH,2021-06-25,6.7400,6.8500,0.0161
600168.SH,2022-06-13,6.2800,6.4500,0.0264
600168.SH,2024-06-20,4.1700,5.9000,0.2932
600169.SH,1999-07-02,9.2100,13.8200,0.3336
600169.SH,2000-10-25,8.1300,8.5100,0.0447
600169.SH,2009-05-25,14.8300,23.7800,0.3764
600169.SH,2011-06-07,9.4400,18.9300,0.5013
600169.SH,2012-06-07,3.9900,5.9900,0.3339
600170.SH,2000-08-21,11.3500,11.5500,0.0173
600170.SH,2001-10-15,10.0600,10.5300,0.0446
600170.SH,2002-07-31,10.3400,12.5100,0.1735
600170.SH,2003-09-04,7.6400,7.7600,0.0155
600170.SH,2004-07-21,6.0500,6.1700,0.0194
600170.SH,2005-07-25,3.9200,4.0900,0.0416
600170.SH,2006-08-10,4.0800,4.2500,0.0400
600170.SH,2007-08-22,14.4800,14.6300,0.0103
600170.SH,2008-07-30,9.5500,9.7000,0.0155
600170.SH,2012-05-10,8.7600,17.6100,0.5026
600170.SH,2013-07-17,5.8900,7.2800,0.1909
600170.SH,2014-06-17,4.4400,5.9700,0.2563
600170.SH,2015-05-12,9.5800,12.6500,0.2427
600170.SH,2016-05-16,4.0400,5.0000,0.1920
600170.SH,2017-05-18,3.7600,4.6100,0.1844
600170.SH,2018-06-13,3.3000,3.4300,0.0379
600170.SH,2019-07-17,3.7700,3.9000,0.0333
600170.SH,2020-07-16,3.1900,3.3300,0.0420
600170.SH,2021-06-25,2.7900,2.9300,0.0478
600170.SH,2022-08-01,2.7900,2.9300,0.0478
600170.SH,2023-08-10,2.8500,2.9000,0.0172
600170.SH,2024-06-21,2.1600,2.2200,0.0270
600170.SH,2025-07-31,2.4700,2.5300,0.0237
600171.SH,1999-07-06,25.3600,33.1200,0.2343
600171.SH,2002-04-23,14.4500,18.9400,0.2371
600171.SH,2003-08-01,9.1500,9.5800,0.0449
600171.SH,2003-11-18,8.4500,8.5600,0.0129
600171.SH,2008-06-17,4.9300,5.4600,0.0971
600171.SH,2023-06-12,17.1900,17.3900,0.0115
600172.SH,1999-09-08,12.4400,24.8800,0.5000
600172.SH,2001-01-11,12.5500,12.7200,0.0134
600172.SH,2005-06-27,4.0800,4.1400,0.0145
600172.SH,2007-07-23,7.2700,7.3700,0.0136
600172.SH,2012-05-24,7.6500,13.0600,0.4142
600172.SH,2017-06-08,8.1400,14.7000,0.4463
600173.SH,2000-07-10,10.1200,10.3000,0.0175
600173.SH,2001-06-29,13.4900,13.6700,0.0132
600173.SH,2002-07-03,8.3300,8.4300,0.0119
600173.SH,2009-04-10,5.8200,5.9100,0.0152
600173.SH,2010-03-17,8.6800,15.7300,0.4482
600173.SH,2011-05-23,6.3100,6.3800,0.0110
600173.SH,2013-05-16,3.2700,3.3200,0.0151
600173.SH,2018-05-30,4.9200,5.0200,0.0199
600173.SH,2019-06-13,4.2800,4.3800,0.0228
600173.SH,2020-06-05,4.5300,4.6800,0.0321
600173.SH,2021-05-19,4.9600,5.1100,0.0294
600173.SH,2022-05-19,5.1600,5.3100,0.0282
600173.SH,2023-05-19,5.2500,5.3500,0.0187
600173.SH,2024-05-29,4.1700,4.2300,0.0142
600176.SH,2000-08-25,10.7900,11.5000,0.0617
600176.SH,2003-11-05,7.3900,11.8300,0.3753
600176.SH,2004-06-30,4.8800,5.9000,0.1729
600176.SH,2005-06-02,4.0100,4.0600,0.0123
600176.SH,2006-07-10,7.2900,7.3900,0.0135
600176.SH,2012-05-31,11.1500,16.8700,0.3391
600176.SH,2013-06-03,8.3200,8.4200,0.0119
600176.SH,2014-05-22,7.3900,7.5100,0.0160
600176.SH,2016-05-16,9.2600,20.6900,0.5524
600176.SH,2017-05-16,9.0800,11.1500,0.1857
600176.SH,2018-05-17,12.4200,15.1500,0.1802
600176.SH,2019-05-24,9.3800,9.6000,0.0229
600176.SH,2020-05-22,9.3500,9.5400,0.0199
600176.SH,2021-05-21,15.4700,17.9100,0.1362
600176.SH,2022-05-26,15.6500,16.1300,0.0298
600176.SH,2023-05-25,13.7800,14.3000,0.0364
600176.SH,2024-05-29,11.7100,11.9800,0.0225
600176.SH,2025-05-21,11.8600,12.1000,0.0198
600176.SH,2025-10-15,15.8400,16.0100,0.0106
600177.SH,1999-05-11,12.1200,16.0100,0.2430
600177.SH,2000-04-19,19.7000,20.0000,0.0150
600177.SH,2000-06-16,19.6100,20.8500,0.0595
600177.SH,2000-09-21,13.4300,26.8500,0.4998
600177.SH,2001-04-24,13.7800,13.9800,0.0143
600177.SH,2002-05-15,10.6300,10.8300,0.0185
600177.SH,2003-05-19,10.1500,10.3500,0.0193
600177.SH,2004-04-16,6.9900,12.3800,0.4354
600177.SH,2005-04-29,4.0000,6.2500,0.3600
600177.SH,2006-06-02,6.5000,6.7500,0.0370
600177.SH,2007-06-04,23.4100,29.5600,0.2081
600177.SH,2008-06-06,14.3400,14.8400,0.0337
600177.SH,2009-06-05,12.8200,13.1200,0.0229
600177.SH,2010-04-30,12.9600,13.5100,0.0407
600177.SH,2011-05-30,10.6400,11.1400,0.0449
600177.SH,2012-06-11,8.9100,9.3100,0.0430
600177.SH,2013-05-23,7.6700,8.1700,0.0612
600177.SH,2014-05-23,6.7800,7.2800,0.0687
600177.SH,2015-06-10,23.9700,24.4700,0.0204
600177.SH,2016-06-08,14.5700,15.3700,0.0520
600177.SH,2017-06-05,9.7200,14.1100,0.3111
600177.SH,2018-06-07,8.1000,8.5000,0.0471
600177.SH,2019-06-05,6.3100,9.3400,0.3244
600177.SH,2020-06-05,6.1100,6.3100,0.0317
600177.SH,2021-06-18,6.9000,7.4000,0.0676
600177.SH,2022-06-08,6.6500,7.1500,0.0699
600177.SH,2023-06-14,6.3700,6.8700,0.0728
600177.SH,2024-06-13,7.2700,7.7700,0.0644
600177.SH,2024-09-13,6.6000,6.7000,0.0149
600177.SH,2024-12-04,7.9700,8.0700,0.0124
600177.SH,2025-03-03,8.1400,8.2400,0.0121
600177.SH,2025-06-06,7.2700,7.4700,0.0268
600177.SH,2025-09-12,7.2900,7.3700,0.0109
600177.SH,2025-12-04,7.5300,7.6100,0.0105
600177.SH,2026-03-27,7.7000,7.7800,0.0103
600178.SH,1999-05-31,7.8200,10.1600,0.2303
600178.SH,2000-06-29,9.3700,9.6200,0.0260
600178.SH,2001-04-26,11.3900,11.6400,0.0215
600178.SH,2002-05-22,9.0800,9.2800,0.0216
600178.SH,2003-05-21,8.2600,8.4600,0.0236
600178.SH,2004-07-21,4.9800,5.1300,0.0292
600178.SH,2005-05-31,3.5600,3.6600,0.0273
600178.SH,2006-05-31,5.8400,5.9400,0.0168
600179.SH,2006-06-23,4.2800,5.0600,0.1542
600179.SH,2018-05-31,11.2400,15.8300,0.2900
600179.SH,2020-12-07,5.0900,5.4200,0.0609
600180.SH,1999-05-10,11.2100,17.9300,0.3748
600180.SH,2001-10-19,15.8300,18.9900,0.1664
600180.SH,2003-05-30,10.2200,10.4200,0.0192
600180.SH,2005-07-06,3.8000,4.0000,0.0500
600180.SH,2014-10-30,11.6100,11.7800,0.0144
600180.SH,2020-08-13,6.7700,6.8900,0.0174
600180.SH,2022-06-30,7.6100,7.7900,0.0231
600180.SH,2023-06-07,6.0400,6.1700,0.0211
600180.SH,2024-07-09,3.6700,3.7600,0.0239
600182.SH,2000-07-11,6.3400,6.4400,0.0155
600182.SH,2011-05-13,9.7700,9.8700,0.0101
600182.SH,2013-06-27,13.0800,13.2400,0.0121
600182.SH,2014-06-26,13.8800,14.1600,0.0198
600182.SH,2015-06-19,30.0300,30.6300,0.0196
600182.SH,2016-05-27,17.5900,18.5400,0.0512
600182.SH,2017-06-21,23.3100,23.7600,0.0189
600182.SH,2024-07-08,13.7300,14.0000,0.0193
600182.SH,2025-01-24,15.9200,16.2400,0.0197
600182.SH,2025-07-25,16.4400,17.0300,0.0346
600182.SH,2026-01-28,15.2100,15.4900,0.0181
600183.SH,1999-07-12,9.6000,9.7400,0.0144
600183.SH,2000-04-28,13.5500,20.4000,0.3358
600183.SH,2002-07-12,8.5800,11.2300,0.2360
600183.SH,2003-06-03,9.4100,9.5100,0.0105
600183.SH,2004-06-15,8.5600,8.6800,0.0138
600183.SH,2005-06-28,4.7300,4.9200,0.0386
600183.SH,2006-06-27,10.7200,10.9000,0.0165
600183.SH,2006-09-25,7.4500,11.2300,0.3366
600183.SH,2008-06-13,6.9100,7.0300,0.0171
600183.SH,2009-06-22,7.1100,7.2600,0.0207
600183.SH,2010-05-25,10.3600,10.4800,0.0115
600183.SH,2011-04-19,11.3800,11.6800,0.0257
600183.SH,2012-06-01,5.9400,8.0400,0.2612
600183.SH,2013-08-01,4.8500,5.0000,0.0300
600183.SH,2014-05-19,5.7300,6.1300,0.0653
600183.SH,2015-05-28,12.7700,13.0200,0.0192
600183.SH,2016-06-02,9.3700,9.6700,0.0310
600183.SH,2017-06-12,11.2100,11.5400,0.0286
600183.SH,2018-05-28,9.3500,14.0100,0.3326
600183.SH,2019-06-06,13.8700,14.2200,0.0246
600183.SH,2020-05-29,27.0500,27.4500,0.0146
600183.SH,2021-05-28,23.0800,23.4800,0.0170
600183.SH,2022-05-26,15.9400,16.5400,0.0363
600183.SH,2023-05-26,14.6100,15.0600,0.0299
600183.SH,2024-05-24,19.9600,20.4100,0.0220
600183.SH,2025-05-23,26.5100,27.1100,0.0221
600184.SH,2007-05-31,23.9500,35.9300,0.3334
600184.SH,2015-04-23,26.2700,52.5300,0.4999
600185.SH,2002-07-19,12.0900,13.3000,0.0910
600185.SH,2006-03-15,3.5100,4.1800,0.1603
600185.SH,2007-07-19,5.0200,6.5300,0.2312
600185.SH,2013-07-08,5.8700,6.0700,0.0329
600185.SH,2014-08-28,9.9800,10.1800,0.0196
600185.SH,2016-05-26,6.6500,18.8200,0.6467
600185.SH,2018-08-20,4.2200,4.5200,0.0664
600185.SH,2022-08-19,5.8000,5.9000,0.0169
600186.SH,1999-09-08,8.9200,17.8300,0.4997
600186.SH,2002-07-11,9.4800,12.6300,0.2494
600186.SH,2006-11-20,2.5600,3.8400,0.3333
600186.SH,2020-01-21,2.3800,2.5800,0.0775
600187.SH,2000-09-05,22.9200,26.8000,0.1448
600187.SH,2001-05-15,12.6700,19.1100,0.3370
600187.SH,2013-10-09,4.8200,12.0500,0.6000
600188.SH,2002-06-24,9.6800,9.7800,0.0102
600188.SH,2003-07-14,9.0200,9.1200,0.0110
600188.SH,2004-07-09,14.3900,14.5500,0.0110
600188.SH,2005-07-27,6.0800,9.9900,0.3914
600188.SH,2006-07-14,6.7100,6.9300,0.0317
600188.SH,2007-07-04,14.8000,15.0000,0.0133
600188.SH,2009-07-21,19.6300,20.0300,0.0200
600188.SH,2010-07-20,17.6500,17.9000,0.0140
600188.SH,2011-06-22,33.7700,34.3600,0.0172
600188.SH,2012-07-12,18.4800,19.0500,0.0299
600188.SH,2013-06-21,11.2600,11.6200,0.0310
600188.SH,2018-06-11,13.8200,14.3000,0.0336
600188.SH,2019-06-11,10.1900,10.7300,0.0503
600188.SH,2019-11-19,9.2300,10.2300,0.0978
600188.SH,2020-07-07,9.9200,10.5000,0.0552
600188.SH,2021-07-23,17.0000,18.0000,0.0556
600188.SH,2022-07-14,33.9400,35.9400,0.0556
600188.SH,2023-07-17,19.7100,33.8700,0.4181
600188.SH,2024-07-08,16.7800,23.3100,0.2801
600188.SH,2024-11-11,15.8900,16.1200,0.0143
600188.SH,2025-06-18,12.4700,13.0100,0.0415
600188.SH,2025-09-16,13.2100,13.3900,0.0134
600189.SH,2000-12-11,10.9300,11.5100,0.0504
600189.SH,2001-05-25,12.8900,13.0900,0.0153
600189.SH,2002-05-29,9.6100,9.8100,0.0204
600189.SH,2003-07-03,7.7400,8.0400,0.0373
600189.SH,2004-06-18,6.2500,6.4500,0.0310
600189.SH,2005-06-03,4.2800,4.5800,0.0655
600189.SH,2006-06-13,4.2500,4.5500,0.0659
600189.SH,2008-07-01,7.9000,8.0000,0.0125
600189.SH,2009-08-12,9.1500,9.2500,0.0108
600189.SH,2010-06-18,8.2200,8.3200,0.0120
600189.SH,2012-07-12,6.1200,6.3200,0.0316
600189.SH,2013-07-17,7.0900,7.1900,0.0139
600189.SH,2014-07-03,7.0100,7.1100,0.0141
600189.SH,2015-07-09,9.7500,9.8500,0.0102
600189.SH,2018-07-16,4.6500,6.0600,0.2327
600191.SH,2001-10-19,9.2700,10.7000,0.1336
600191.SH,2008-06-17,6.0500,9.6800,0.3750
600192.SH,2000-04-11,14.8000,15.0000,0.0133
600192.SH,2000-07-05,12.2000,13.4600,0.0936
600192.SH,2010-06-10,9.0300,10.8300,0.1662
600193.SH,2001-04-27,13.9500,27.9500,0.5009
600193.SH,2008-10-21,4.3200,5.6500,0.2354
600193.SH,2012-05-07,10.2700,15.4700,0.3361
600193.SH,2013-11-05,6.4500,8.4200,0.2340
600195.SH,1999-06-16,9.9400,10.1000,0.0158
600195.SH,1999-09-22,9.0000,13.5000,0.3333
600195.SH,2001-06-01,12.4500,12.6500,0.0158
600195.SH,2003-06-10,8.0800,8.2000,0.0146
600195.SH,2005-06-09,4.3700,4.4700,0.0224
600195.SH,2006-06-16,5.5200,5.6200,0.0178
600195.SH,2008-05-23,18.1300,18.3800,0.0136
600195.SH,2011-06-13,23.7400,24.0400,0.0125
600195.SH,2012-07-06,16.8500,17.2500,0.0232
600195.SH,2013-07-12,12.1000,12.3000,0.0163
600195.SH,2014-05-23,12.7300,12.8900,0.0124
600195.SH,2016-06-21,17.7500,17.9400,0.0106
600195.SH,2017-07-05,18.9300,19.1600,0.0120
600195.SH,2018-07-10,13.0900,18.6500,0.2981
600195.SH,2019-07-16,10.7300,15.2600,0.2969
600195.SH,2020-07-08,13.8500,16.7000,0.1707
600195.SH,2021-07-01,11.8400,11.9600,0.0100
600195.SH,2022-07-12,12.3400,12.4900,0.0120
600195.SH,2023-06-28,11.5300,11.7100,0.0154
600195.SH,2024-07-05,7.1400,7.2600,0.0165
600196.SH,1999-02-02,19.3300,29.0000,0.3334
600196.SH,2000-03-31,23.1300,27.7500,0.1665
600196.SH,2000-07-28,22.8700,23.5900,0.0305
600196.SH,2002-06-18,10.8500,14.2600,0.2391
600196.SH,2003-06-06,11.5100,11.6700,0.0137
600196.SH,2004-06-24,5.0600,10.3100,0.5092
600196.SH,2005-06-21,4.9000,5.0500,0.0297
600196.SH,2006-04-26,4.6500,4.9900,0.0681
600196.SH,2007-06-08,11.7600,15.3900,0.2359
600196.SH,2010-07-26,12.6400,19.0600,0.3368
600196.SH,2012-06-11,9.8200,9.9200,0.0101
600196.SH,2013-08-19,10.9900,11.2000,0.0187
600196.SH,2014-08-19,18.5400,18.8100,0.0144
600196.SH,2015-08-12,27.6100,27.8900,0.0100
600196.SH,2016-06-23,18.6300,18.9500,0.0169
600196.SH,2017-08-09,28.6400,28.9900,0.0121
600196.SH,2018-08-03,35.4000,35.7800,0.0106
600196.SH,2019-08-02,25.6400,25.9600,0.0123
600196.SH,2022-06-16,42.4300,42.9900,0.0130
600196.SH,2023-08-09,29.6800,30.1000,0.0140
600196.SH,2024-08-06,23.3700,23.6400,0.0114
600196.SH,2025-08-04,27.2400,27.5600,0.0116
600197.SH,2000-08-23,15.5800,15.8200,0.0152
600197.SH,2001-06-29,17.4000,17.6000,0.0114
600197.SH,2001-12-11,13.4100,13.5800,0.0125
600197.SH,2003-07-11,10.0000,10.2800,0.0272
600197.SH,2004-04-08,7.0700,14.4200,0.5097
600197.SH,2005-08-26,3.2300,3.3700,0.0415
600197.SH,2007-07-13,9.1100,9.2700,0.0173
600197.SH,2008-07-23,8.1800,8.3400,0.0192
600197.SH,2009-05-18,8.4200,8.6000,0.0209
600197.SH,2010-06-18,15.5700,15.7500,0.0114
600197.SH,2011-08-24,13.5500,13.7500,0.0145
600197.SH,2012-08-24,12.6600,12.8600,0.0156
600197.SH,2013-08-19,10.1200,10.3400,0.0213
600197.SH,2014-08-29,9.6500,9.8800,0.0233
600197.SH,2015-07-30,11.9000,12.1300,0.0190
600197.SH,2016-06-01,13.5400,13.9400,0.0287
600197.SH,2017-05-04,19.1800,19.4300,0.0129
600197.SH,2018-07-24,22.6800,22.9300,0.0109
600197.SH,2019-07-03,19.3800,19.7300,0.0177
600197.SH,2020-07-02,20.2600,20.7000,0.0213
600197.SH,2021-07-15,27.9800,28.3800,0.0141
600197.SH,2022-08-09,27.8100,28.2200,0.0145
600197.SH,2023-08-02,26.0800,26.4900,0.0155
600197.SH,2024-08-08,16.3800,16.7700,0.0233
600197.SH,2025-07-03,14.6200,15.0700,0.0299
600198.SH,2000-06-15,31.0800,32.6000,0.0466
600198.SH,2000-10-18,28.1900,36.0000,0.2169
600198.SH,2001-10-23,18.5900,18.7900,0.0106
600199.SH,2000-06-16,15.4700,26.3500,0.4129
600199.SH,2010-05-17,10.3200,20.6400,0.5000
600199.SH,2013-06-25,14.0900,14.4000,0.0215
600199.SH,2014-05-07,7.4500,7.5300,0.0106
600200.SH,1999-09-27,14.2500,22.8000,0.3750
600200.SH,2001-04-12,19.9300,29.9800,0.3352
600200.SH,2001-08-28,18.6700,24.2700,0.2307
600200.SH,2003-10-28,11.6500,17.4800,0.3335
600200.SH,2006-09-07,4.9500,7.4300,0.3338
600201.SH,2000-08-01,18.9300,19.1800,0.0130
600201.SH,2000-12-18,19.5800,20.3500,0.0378
600201.SH,2003-07-10,13.0900,13.3900,0.0224
600201.SH,2004-06-15,8.4400,16.8800,0.5000
600201.SH,2005-06-23,4.2100,4.4100,0.0454
600201.SH,2006-07-12,5.0200,6.4600,0.2229
600201.SH,2008-05-16,14.9000,15.1000,0.0132
600201.SH,2009-06-02,9.5600,9.6600,0.0104
600201.SH,2010-07-19,9.8100,9.9100,0.0101
600201.SH,2015-10-14,28.1600,56.3200,0.5000
600201.SH,2016-06-24,27.0700,27.4700,0.0146
600201.SH,2017-06-12,33.7300,34.2300,0.0146
600201.SH,2017-10-09,23.8900,33.4400,0.2856
600201.SH,2018-06-25,17.3800,22.9000,0.2410
600201.SH,2019-07-09,15.7000,16.0500,0.0218
600201.SH,2022-07-13,8.8200,8.9300,0.0123
600201.SH,2024-07-15,6.6100,6.6900,0.0120
600202.SH,2001-04-17,17.9800,36.1600,0.5028
600202.SH,2002-07-09,8.7300,9.7000,0.1000
600202.SH,2006-06-20,11.1700,11.5700,0.0346
600202.SH,2007-08-14,19.9500,20.3500,0.0197
600202.SH,2008-06-25,9.9000,12.9000,0.2326
600202.SH,2009-05-11,15.4000,18.5300,0.1689
600203.SH,2006-08-23,4.3400,5.1100,0.1507
600206.SH,2008-07-30,9.5500,14.3300,0.3336
600206.SH,2014-05-12,10.4900,20.9800,0.5000
600206.SH,2024-06-06,9.1600,9.3000,0.0151
600207.SH,2001-05-30,22.1800,22.6800,0.0220
600207.SH,2002-06-21,12.0800,12.2800,0.0163
600207.SH,2003-06-06,9.7900,9.9900,0.0200
600207.SH,2004-07-05,10.6900,10.9900,0.0273
600207.SH,2005-05-12,5.5100,5.8100,0.0516
600208.SH,2002-07-24,9.6600,11.6400,0.1701
600208.SH,2006-02-14,2.5700,3.2000,0.1969
600208.SH,2007-05-08,11.6800,12.8500,0.0911
600208.SH,2008-03-13,10.4400,16.7100,0.3752
600208.SH,2010-04-01,6.4500,9.7300,0.3371
600208.SH,2011-07-01,5.1700,6.2300,0.1701
600208.SH,2013-07-08,3.3200,3.3800,0.0178
600208.SH,2014-07-17,3.0300,3.0900,0.0194
600208.SH,2016-07-08,4.2700,4.3200,0.0116
600208.SH,2018-07-13,3.7700,3.8300,0.0157
600208.SH,2019-07-12,2.9800,3.0400,0.0197
600208.SH,2021-08-04,2.8800,2.9300,0.0171
600210.SH,2000-04-10,14.4700,14.7700,0.0203
600210.SH,2001-04-13,18.8000,19.1000,0.0157
600210.SH,2001-08-20,18.8800,19.6000,0.0367
600210.SH,2001-09-25,12.3000,19.0700,0.3550
600210.SH,2002-05-15,12.6400,12.9400,0.0232
600210.SH,2003-04-17,13.1400,13.4400,0.0223
600210.SH,2004-03-25,7.1100,11.6700,0.3907
600210.SH,2004-09-23,4.0600,5.6900,0.2865
600210.SH,2005-05-31,2.9700,3.0400,0.0230
600210.SH,2006-07-10,2.5800,2.6300,0.0190
600210.SH,2008-07-03,4.1100,4.2100,0.0238
600210.SH,2010-05-28,6.2900,6.5900,0.0455
600210.SH,2011-07-01,5.8000,6.0000,0.0333
600210.SH,2012-07-23,3.8700,4.0700,0.0491
600210.SH,2013-07-23,2.8100,2.9100,0.0344
600210.SH,2014-08-21,4.4000,4.5000,0.0222
600210.SH,2017-08-18,6.2600,6.3600,0.0157
600210.SH,2018-06-25,3.3500,3.5000,0.0429
600210.SH,2019-07-17,3.8900,4.0400,0.0371
600210.SH,2020-07-22,4.9400,5.1400,0.0389
600210.SH,2021-07-22,6.8100,7.0600,0.0354
600210.SH,2022-08-18,5.9800,6.2300,0.0401
600210.SH,2023-07-26,5.2300,5.4800,0.0456
600210.SH,2024-07-03,5.1400,5.3900,0.0464
600210.SH,2025-07-18,6.5200,6.8200,0.0440
600211.SH,2007-09-11,23.1900,26.2400,0.1162
600211.SH,2010-09-08,14.6300,15.3600,0.0475
600211.SH,2020-04-17,26.7600,38.5200,0.3053
600211.SH,2021-04-19,47.9300,48.4400,0.0105
600211.SH,2023-04-17,63.3300,64.0800,0.0117
600211.SH,2023-09-26,49.1100,50.3100,0.0239
600211.SH,2024-04-30,36.0300,47.5800,0.2427
600211.SH,2024-08-29,34.2800,35.2500,0.0275
600211.SH,2025-04-22,36.6300,37.3600,0.0195
600211.SH,2025-09-01,46.2800,47.1600,0.0187
600212.SH,2000-07-28,14.7700,14.9700,0.0134
600212.SH,2002-04-23,12.6100,13.0900,0.0367
600212.SH,2002-07-22,9.7800,12.3900,0.2107
600212.SH,2003-07-21,5.9800,6.0600,0.0132
600212.SH,2006-06-26,3.1900,5.1000,0.3745
600215.SH,2000-05-16,15.2700,18.3200,0.1665
600215.SH,2003-06-03,9.0100,9.3100,0.0322
600215.SH,2011-06-03,6.2400,8.1100,0.2306
600215.SH,2021-06-04,6.9000,6.9900,0.0129
600215.SH,2024-07-12,6.6100,6.7100,0.0149
600216.SH,2000-10-09,15.4500,20.0800,0.2306
600216.SH,2001-05-25,12.1200,18.1800,0.3333
600216.SH,2009-05-27,19.5500,20.2500,0.0346
600216.SH,2010-05-05,38.3900,39.1900,0.0204
600216.SH,2011-06-13,31.6600,32.3600,0.0216
600216.SH,2012-07-05,24.4000,25.0000,0.0240
600216.SH,2013-06-17,21.7700,22.2700,0.0225
600216.SH,2013-10-09,12.3800,22.2900,0.4446
600216.SH,2014-05-26,9.2200,9.3700,0.0160
600216.SH,2017-07-19,9.3700,9.5100,0.0147
600216.SH,2019-06-27,10.3100,10.4600,0.0143
600216.SH,2020-06-29,19.6800,20.6700,0.0479
600216.SH,2021-07-16,16.1900,16.4200,0.0140
600216.SH,2022-07-06,14.1400,14.4700,0.0228
600216.SH,2023-07-11,11.0100,11.1800,0.0152
600216.SH,2024-07-10,10.9900,11.1400,0.0135
600216.SH,2025-07-21,15.0800,15.4500,0.0239
600217.SH,2000-06-30,10.3200,10.4700,0.0143
600217.SH,2001-05-15,13.5800,27.2000,0.5007
600217.SH,2004-04-20,9.5100,15.2600,0.3768
600218.SH,1999-09-21,12.2000,15.8600,0.2308
600218.SH,2000-05-30,13.2300,13.3800,0.0112
600218.SH,2001-05-11,11.7400,11.8900,0.0126
600218.SH,2001-08-14,10.3100,10.7000,0.0364
600218.SH,2008-06-03,6.3500,6.4500,0.0155
600218.SH,2010-05-05,10.5300,10.6800,0.0140
600218.SH,2018-06-22,4.8100,4.8600,0.0103
600218.SH,2021-06-23,8.6100,8.7100,0.0115
600218.SH,2024-06-24,6.7300,6.8000,0.0103
600219.SH,2002-07-19,12.9400,13.0900,0.0115
600219.SH,2003-04-28,9.2900,9.4400,0.0159
600219.SH,2004-04-21,9.5200,9.6200,0.0104
600219.SH,2005-06-13,5.5900,5.7100,0.0210
600219.SH,2006-03-31,4.2500,6.6900,0.3647
600219.SH,2010-06-23,8.8400,8.9400,0.0112
600219.SH,2011-06-24,9.1600,9.2600,0.0108
600219.SH,2012-04-11,7.1000,7.2000,0.0139
600219.SH,2013-05-22,6.2700,6.3900,0.0188
600219.SH,2014-05-08,4.7300,4.8800,0.0307
600219.SH,2016-08-30,3.1600,7.9900,0.6045
600219.SH,2017-07-05,3.3800,3.4300,0.0146
600219.SH,2018-05-04,3.0800,3.1400,0.0191
600219.SH,2018-11-01,2.4300,2.6500,0.0830
600219.SH,2019-06-28,2.2800,2.3300,0.0215
600219.SH,2020-06-24,2.0100,2.0600,0.0243
600219.SH,2021-07-14,4.3200,4.3700,0.0114
600219.SH,2022-06-17,3.5700,3.6300,0.0165
600219.SH,2023-06-16,3.0500,3.0900,0.0129
600219.SH,2024-04-23,3.4100,3.5300,0.0340
600219.SH,2024-11-25,3.9500,3.9900,0.0100
600219.SH,2025-05-12,3.6200,3.7100,0.0243
600219.SH,2025-09-25,3.8000,3.8400,0.0104
600219.SH,2025-12-12,4.6800,4.9400,0.0526
600221.SH,2000-07-13,9.3300,10.1800,0.0835
600221.SH,2012-06-12,5.0000,5.1200,0.0234
600221.SH,2013-06-07,2.4100,4.9200,0.5102
600221.SH,2017-06-07,3.2000,3.2500,0.0154
600222.SH,2001-05-24,20.4000,20.6500,0.0121
600222.SH,2006-08-28,10.5300,11.7800,0.1061
600222.SH,2006-09-04,4.5800,8.6800,0.4724
600222.SH,2008-06-03,5.7200,6.2900,0.0906
600222.SH,2010-05-12,7.7400,10.0800,0.2321
600223.SH,2000-06-14,12.2200,15.8900,0.2310
600223.SH,2001-06-20,13.0400,13.3400,0.0225
600223.SH,2003-06-16,7.5000,8.0000,0.0625
600223.SH,2004-07-06,5.6000,5.7500,0.0261
600223.SH,2019-05-27,3.5700,3.6200,0.0138
600223.SH,2021-06-24,15.5200,15.7200,0.0127
600223.SH,2022-08-17,8.9300,9.0400,0.0122
600223.SH,2024-07-31,6.1300,6.2300,0.0161
600226.SH,2000-09-28,23.2300,37.2000,0.3755
600226.SH,2001-04-10,26.2500,31.6000,0.1693
600226.SH,2001-09-07,21.9900,26.5400,0.1714
600226.SH,2002-08-19,21.9600,22.8500,0.0389
600226.SH,2003-05-29,9.7400,9.8900,0.0152
600226.SH,2004-05-25,7.2300,7.3800,0.0203
600226.SH,2005-04-25,4.2900,4.4100,0.0272
600226.SH,2006-05-18,5.2800,5.4000,0.0222
600226.SH,2007-06-01,9.7100,9.8400,0.0132
600226.SH,2008-04-11,10.7900,10.9400,0.0137
600226.SH,2009-05-18,10.9600,11.1800,0.0197
600226.SH,2010-05-25,8.6200,13.0800,0.3410
600226.SH,2011-05-27,10.6200,10.7700,0.0139
600226.SH,2015-06-08,14.3700,14.5200,0.0103
600226.SH,2015-10-12,5.2300,14.3700,0.6360
600226.SH,2017-09-20,6.7900,9.5000,0.2853
600226.SH,2018-03-26,4.5600,5.9300,0.2310
600227.SH,2001-05-10,14.1300,14.3800,0.0174
600227.SH,2003-05-22,9.4400,9.6400,0.0207
600227.SH,2004-05-24,8.9400,9.1400,0.0219
600227.SH,2005-05-26,7.5700,7.7700,0.0257
600227.SH,2006-05-22,8.8400,9.0400,0.0221
600227.SH,2007-04-23,17.2000,17.4000,0.0115
600227.SH,2008-05-13,17.2600,31.2500,0.4477
600227.SH,2009-04-13,9.2200,9.3200,0.0107
600227.SH,2010-05-12,5.7400,11.5200,0.5017
600228.SH,2001-05-22,13.1600,21.1000,0.3763
600229.SH,2001-06-19,12.6200,12.8000,0.0141
600229.SH,2002-07-08,9.4800,9.6600,0.0186
600229.SH,2003-06-24,6.8500,7.0000,0.0214
600229.SH,2004-06-22,4.8600,4.9900,0.0261
600229.SH,2017-07-07,9.6100,9.7300,0.0123
600229.SH,2018-07-10,7.8100,7.9600,0.0188
600229.SH,2019-07-09,7.1400,7.3400,0.0272
600229.SH,2020-07-09,7.8400,8.0400,0.0249
600229.SH,2021-07-09,5.9000,6.0500,0.0248
600229.SH,2022-07-08,6.2800,6.4400,0.0248
600229.SH,2023-06-16,9.1800,9.3800,0.0213
600229.SH,2024-07-18,6.2300,6.5000,0.0415
600230.SH,2004-05-12,6.6100,6.6900,0.0120
600230.SH,2005-05-31,3.4300,3.5300,0.0283
600230.SH,2006-05-30,5.8600,5.9700,0.0184
600230.SH,2018-05-30,27.4900,38.9800,0.2948
600230.SH,2019-05-23,15.2800,15.4800,0.0129
600230.SH,2023-07-28,15.3600,15.6600,0.0192
600230.SH,2024-06-26,10.0600,10.2000,0.0137
600231.SH,2001-06-27,11.8900,12.0400,0.0125
600231.SH,2002-07-16,8.5700,8.7200,0.0172
600231.SH,2002-10-15,6.3200,8.2100,0.2302
600231.SH,2003-04-17,9.4800,12.4800,0.2404
600231.SH,2004-05-17,6.7700,6.9200,0.0217
600231.SH,2005-05-23,4.7800,5.0300,0.0497
600231.SH,2006-05-22,3.5900,3.8400,0.0651
600231.SH,2007-05-23,11.6200,11.9000,0.0235
600231.SH,2008-04-24,9.4900,12.2800,0.2272
600231.SH,2013-07-08,3.1600,3.2000,0.0125
600231.SH,2014-07-10,2.6800,2.7100,0.0111
600231.SH,2016-05-10,2.6900,5.4000,0.5019
600231.SH,2018-06-20,3.4700,3.8700,0.1034
600231.SH,2019-05-21,3.3000,3.3400,0.0120
600231.SH,2020-06-05,2.1700,2.2200,0.0225
600231.SH,2021-07-15,2.9400,3.0000,0.0200
600231.SH,2022-04-27,2.2100,2.3100,0.0433
600232.SH,2001-05-25,17.7300,23.1500,0.2341
600232.SH,2005-06-14,6.7500,6.8500,0.0146
600232.SH,2006-06-21,5.4300,5.5400,0.0199
600232.SH,2008-08-08,4.2000,5.4600,0.2308
600232.SH,2011-06-20,6.1500,6.2500,0.0160
600232.SH,2012-07-05,5.4900,5.5900,0.0179
600232.SH,2013-06-20,4.4400,4.5200,0.0177
600232.SH,2014-06-25,4.8100,4.8900,0.0164
600232.SH,2017-07-20,7.9100,8.0100,0.0125
600232.SH,2018-07-06,5.7700,5.8700,0.0170
600232.SH,2019-06-21,6.0200,6.1200,0.0163
600232.SH,2020-06-23,6.2000,6.4000,0.0313
600232.SH,2021-05-25,5.0100,5.2100,0.0384
600232.SH,2022-05-09,4.8700,5.0700,0.0394
600232.SH,2023-05-16,5.3500,5.5500,0.0360
600232.SH,2024-05-13,4.7900,4.9400,0.0304
600232.SH,2024-11-28,5.6400,5.7400,0.0174
600232.SH,2025-06-16,8.8400,8.9400,0.0112
600233.SH,2002-07-24,11.0300,16.6400,0.3371
600233.SH,2003-08-18,6.0600,6.1600,0.0162
600233.SH,2004-08-12,4.3600,4.4600,0.0224
600233.SH,2005-07-15,3.1400,3.2400,0.0309
600233.SH,2006-06-16,3.2300,3.3300,0.0300
600233.SH,2007-06-18,12.5600,12.6900,0.0102
600233.SH,2009-06-23,8.7400,8.8400,0.0113
600233.SH,2012-07-06,10.9900,11.1100,0.0108
600233.SH,2013-06-03,12.7800,12.9300,0.0116
600233.SH,2014-06-26,8.6800,8.8300,0.0170
600233.SH,2016-04-26,17.7200,35.5300,0.5013
600233.SH,2019-06-05,12.2800,12.4300,0.0121
600233.SH,2020-06-08,14.5300,14.6800,0.0102
600233.SH,2021-06-04,10.6000,10.7500,0.0140
600233.SH,2023-06-06,15.2500,15.5000,0.0161
600233.SH,2024-06-13,15.7900,16.1400,0.0217
600233.SH,2025-06-17,12.6900,13.0500,0.0276
600234.SH,2007-02-09,2.1400,3.2900,0.3495
600234.SH,2011-04-21,7.0400,9.8600,0.2860
600235.SH,2002-04-30,18.3900,18.5900,0.0108
600235.SH,2003-04-14,15.1200,21.3800,0.2928
600235.SH,2004-06-02,10.0400,10.1900,0.0147
600235.SH,2005-05-24,4.4800,4.6000,0.0261
600235.SH,2006-04-28,4.2200,4.3000,0.0186
600235.SH,2009-06-03,5.3300,5.4300,0.0184
600235.SH,2011-06-14,7.7800,7.8800,0.0127
600235.SH,2012-05-08,7.0100,7.2100,0.0277
600236.SH,2001-06-19,18.4500,18.7000,0.0134
600236.SH,2002-07-05,13.4700,13.6400,0.0125
600236.SH,2003-06-13,12.0800,12.2900,0.0171
600236.SH,2004-06-10,10.1200,10.4200,0.0288
600236.SH,2005-06-22,4.8400,9.9000,0.5111
600236.SH,2006-06-08,5.4700,5.5800,0.0197
600236.SH,2007-06-19,13.8600,14.0400,0.0128
600236.SH,2008-06-20,6.1800,6.3000,0.0190
600236.SH,2009-07-15,8.2700,8.4000,0.0155
600236.SH,2010-05-06,5.4000,7.6700,0.2960
600236.SH,2013-07-17,3.5100,3.5500,0.0113
600236.SH,2014-06-23,2.6900,2.7400,0.0182
600236.SH,2015-07-24,9.2600,9.3900,0.0138
600236.SH,2016-06-23,6.9800,7.2800,0.0412
600236.SH,2017-07-07,5.5600,5.6900,0.0228
600236.SH,2018-06-26,5.9000,6.2300,0.0530
600236.SH,2019-07-10,4.5000,6.1000,0.2623
600236.SH,2020-06-22,4.1800,4.3700,0.0435
600236.SH,2021-07-23,5.1000,5.2900,0.0359
600236.SH,2022-06-21,6.0300,6.1800,0.0243
600236.SH,2023-06-20,5.4000,5.6000,0.0357
600236.SH,2023-11-29,5.5400,5.6200,0.0142
600236.SH,2024-07-12,7.9900,8.1100,0.0148
600236.SH,2024-10-22,6.1100,6.1900,0.0129
600236.SH,2025-07-11,7.0100,7.1300,0.0168
600237.SH,2003-06-02,10.9200,21.9400,0.5023
600237.SH,2005-05-19,4.4800,4.5800,0.0218
600237.SH,2006-05-31,3.3800,5.1200,0.3398
600238.SH,2004-04-29,6.3900,6.4600,0.0108
600238.SH,2005-07-18,3.0100,3.0600,0.0163
600238.SH,2010-05-24,12.0500,21.6900,0.4444
600238.SH,2011-05-23,9.8600,14.8400,0.3356
600238.SH,2013-07-15,7.0800,7.1800,0.0139
600238.SH,2014-05-19,6.3300,6.4300,0.0156
600239.SH,2001-06-22,29.4000,44.2000,0.3348
600239.SH,2001-11-02,22.5200,27.0500,0.1675
600239.SH,2001-11-05,22.0100,22.3500,0.0152
600239.SH,2002-07-03,9.8200,17.7800,0.4477
600239.SH,2003-11-18,4.5500,4.6000,0.0109
600239.SH,2007-11-30,7.3100,8.2800,0.1171
600239.SH,2009-06-16,19.5300,29.2900,0.3332
600239.SH,2011-06-13,11.0500,14.4000,0.2326
600239.SH,2013-06-03,6.9000,6.9800,0.0115
600239.SH,2014-07-10,4.2100,4.3300,0.0277
600239.SH,2015-06-16,11.8100,15.4100,0.2336
600239.SH,2017-06-01,4.7600,7.2600,0.3444
600239.SH,2018-06-01,4.6100,4.6600,0.0107
600239.SH,2019-07-18,3.2200,3.3100,0.0272
600241.SH,2003-07-04,11.2200,11.3400,0.0106
600241.SH,2005-07-08,4.5700,4.6200,0.0108
600241.SH,2006-06-22,5.8600,5.9400,0.0135
600241.SH,2012-05-08,6.5900,11.2100,0.4121
600243.SH,2006-12-25,4.9900,5.9600,0.1628
600246.SH,2004-06-24,8.9400,9.0900,0.0165
600246.SH,2005-05-17,5.4500,5.6000,0.0268
600246.SH,2007-03-16,24.4600,49.0100,0.5009
600246.SH,2007-10-23,23.8300,35.7400,0.3332
600246.SH,2009-04-16,11.8700,24.0900,0.5073
600246.SH,2010-04-07,8.0800,9.7900,0.1747
600246.SH,2010-09-17,6.0700,6.1500,0.0130
600246.SH,2011-04-26,5.9400,6.1100,0.0278
600246.SH,2012-05-24,3.9400,4.0000,0.0150
600246.SH,2012-09-27,3.1600,3.2200,0.0186
600246.SH,2013-05-17,3.5600,3.6300,0.0193
600246.SH,2013-09-17,3.5000,3.5700,0.0196
600246.SH,2014-04-23,3.3400,3.4100,0.0205
600246.SH,2019-07-24,3.7500,3.8000,0.0132
600248.SH,2007-02-15,3.2500,3.7500,0.1333
600248.SH,2009-05-18,9.4900,14.2400,0.3336
600248.SH,2010-05-06,8.5900,12.0200,0.2854
600248.SH,2013-09-16,8.4000,8.5000,0.0118
600248.SH,2014-09-29,8.7400,8.8600,0.0135
600248.SH,2016-06-07,6.1600,8.0600,0.2357
600248.SH,2018-06-22,4.2100,4.2600,0.0117
600248.SH,2019-07-11,4.5100,4.6100,0.0217
600248.SH,2021-07-05,4.3300,4.3900,0.0137
600248.SH,2022-06-30,5.5000,5.6100,0.0196
600248.SH,2023-06-28,4.7500,4.8500,0.0206
600248.SH,2024-07-19,3.4500,3.6000,0.0417
600248.SH,2024-10-23,4.0800,4.1300,0.0121
600248.SH,2025-07-17,3.8200,3.9100,0.0230
600249.SH,2004-08-16,8.7000,9.0500,0.0387
600249.SH,2005-08-15,6.0300,6.2100,0.0290
600249.SH,2007-09-18,27.6700,55.3300,0.4999
600249.SH,2008-08-14,7.2800,11.1200,0.3453
600250.SH,2002-06-11,14.6400,14.7900,0.0101
600250.SH,2003-06-12,10.5500,15.9500,0.3386
600250.SH,2004-06-16,8.3000,10.8400,0.2343
600250.SH,2005-06-27,3.3800,3.4300,0.0146
600251.SH,2004-06-21,5.4100,8.3200,0.3498
600251.SH,2008-03-27,65.7400,85.4600,0.2308
600251.SH,2009-05-12,23.7300,35.7000,0.3353
600251.SH,2013-06-20,14.8500,15.0600,0.0139
600251.SH,2014-05-16,14.7800,15.0300,0.0166
600251.SH,2015-05-19,14.1300,28.4500,0.5033
600251.SH,2023-07-03,8.8500,9.0300,0.0199
600251.SH,2024-06-13,7.9000,8.3600,0.0550
600251.SH,2025-06-18,7.3800,7.4600,0.0107
600251.SH,2025-09-25,8.1700,8.2700,0.0121
600252.SH,2001-06-21,18.8400,19.0400,0.0105
600252.SH,2002-07-23,13.7700,15.2000,0.0941
600252.SH,2003-08-21,6.2200,7.5100,0.1718
600252.SH,2004-10-20,4.5500,5.9400,0.2340
600252.SH,2009-06-12,12.1100,14.5500,0.1677
600252.SH,2010-08-30,18.7000,37.4300,0.5004
600252.SH,2011-06-23,16.8700,33.8000,0.5009
600252.SH,2013-07-01,13.6800,13.8800,0.0144
600252.SH,2014-07-04,11.9400,12.1400,0.0165
600252.SH,2015-06-25,27.4200,28.0200,0.0214
600252.SH,2015-09-16,5.5500,16.9700,0.6730
600252.SH,2018-05-29,3.7500,3.8100,0.0157
600252.SH,2019-05-21,2.9400,3.0000,0.0200
600252.SH,2020-06-05,3.2500,3.3100,0.0181
600252.SH,2021-05-28,2.9600,3.0400,0.0263
600252.SH,2022-06-10,2.8700,2.9000,0.0103
600255.SH,2004-07-22,9.8200,9.9200,0.0101
600255.SH,2006-05-24,10.5200,13.7200,0.2332
600255.SH,2007-04-09,11.7900,17.7800,0.3369
600255.SH,2008-05-08,7.9700,15.9800,0.5013
600255.SH,2014-10-10,6.1500,15.3700,0.5999
600256.SH,2000-11-06,20.9400,41.8800,0.5000
600256.SH,2001-09-28,14.5000,24.8000,0.4153
600256.SH,2002-09-12,13.1000,15.7700,0.1693
600256.SH,2004-06-23,7.4800,9.0200,0.1707
600256.SH,2009-04-23,14.5500,16.1100,0.0968
600256.SH,2010-04-27,28.0000,36.4400,0.2316
600256.SH,2011-03-30,24.0100,36.0800,0.3345
600256.SH,2012-05-25,15.0400,27.0700,0.4444
600256.SH,2013-06-24,13.3400,20.0600,0.3350
600256.SH,2018-03-28,3.8100,4.1900,0.0907
600256.SH,2018-06-28,4.0200,4.0700,0.0123
600256.SH,2019-06-06,3.5300,3.6300,0.0275
600256.SH,2022-06-27,9.2500,9.6500,0.0415
600256.SH,2023-06-29,6.6500,7.4400,0.1062
600256.SH,2024-06-27,6.7500,7.4400,0.0927
600256.SH,2025-07-18,5.4700,6.0800,0.1003
600257.SH,2004-06-16,5.8500,11.7000,0.5000
600257.SH,2005-07-15,2.5400,3.8300,0.3368
600257.SH,2006-04-25,2.1300,2.7700,0.2310
600257.SH,2008-05-19,6.9700,10.4800,0.3349
600258.SH,2002-06-04,13.5800,13.7800,0.0145
600258.SH,2003-06-12,12.0600,12.2500,0.0155
600258.SH,2004-06-10,8.5500,8.7000,0.0172
600258.SH,2005-06-06,5.4900,5.6500,0.0283
600258.SH,2006-06-06,10.5500,10.7200,0.0159
600258.SH,2009-06-05,16.0000,16.3700,0.0226
600258.SH,2010-06-24,19.0900,19.6900,0.0305
600258.SH,2011-06-01,17.0500,17.5000,0.0257
600258.SH,2012-06-14,12.8600,13.0600,0.0153
600258.SH,2013-06-17,12.4500,12.7000,0.0197
600258.SH,2014-06-27,14.5100,14.7600,0.0169
600258.SH,2017-05-25,20.9300,25.1200,0.1668
600258.SH,2018-05-24,24.5200,29.5000,0.1688
600258.SH,2024-06-28,12.6100,12.8300,0.0171
600258.SH,2025-06-24,13.5300,13.8900,0.0259
600261.SH,2003-07-28,10.9700,11.2200,0.0223
600261.SH,2005-03-31,8.0200,8.3700,0.0418
600261.SH,2006-06-07,12.3100,14.9200,0.1749
600261.SH,2007-05-28,17.0300,22.2400,0.2343
600261.SH,2008-04-22,12.2200,16.0300,0.2377
600261.SH,2009-05-25,12.9800,13.3800,0.0299
600261.SH,2010-05-13,20.4700,20.7700,0.0144
600261.SH,2011-04-18,21.8000,32.8500,0.3364
600261.SH,2012-05-23,11.7900,17.8400,0.3391
600261.SH,2014-06-20,10.7100,16.2200,0.3397
600261.SH,2015-05-26,10.2200,15.4800,0.3398
600261.SH,2016-05-17,7.0800,7.2300,0.0207
600261.SH,2017-05-25,6.2900,6.4500,0.0248
600261.SH,2018-05-24,4.1200,4.2700,0.0351
600261.SH,2019-05-30,3.5200,3.6700,0.0409
600261.SH,2020-06-05,3.6400,3.8100,0.0446
600261.SH,2021-06-10,3.9700,4.2600,0.0681
600261.SH,2022-06-16,3.3500,3.5400,0.0537
600261.SH,2023-06-12,3.5100,3.6400,0.0357
600261.SH,2024-06-13,2.8500,2.9800,0.0436
600261.SH,2025-06-13,3.3100,3.4500,0.0406
600262.SH,2003-05-23,10.8100,10.9200,0.0101
600262.SH,2005-06-17,3.2800,3.3600,0.0238
600262.SH,2007-07-18,9.4700,9.5700,0.0104
600262.SH,2008-06-23,5.9600,6.0400,0.0132
600262.SH,2012-06-04,13.8700,14.0200,0.0107
600262.SH,2013-06-04,16.7900,17.0900,0.0176
600262.SH,2014-06-16,13.1600,13.4100,0.0186
600262.SH,2024-07-26,19.5000,19.7500,0.0127
600262.SH,2025-07-11,22.3200,22.6400,0.0141
600265.SH,2006-09-21,5.1900,6.4200,0.1916
600265.SH,2009-08-25,8.6000,8.7600,0.0183
600266.SH,2001-06-08,14.7200,22.5800,0.3481
600266.SH,2002-08-22,12.7900,12.9200,0.0101
600266.SH,2003-08-21,8.7500,8.9000,0.0169
600266.SH,2006-08-23,6.2700,6.4700,0.0309
600266.SH,2008-08-19,6.9900,7.0900,0.0141
600266.SH,2010-08-09,11.1100,13.4300,0.1727
600266.SH,2011-07-25,14.0600,14.2100,0.0106
600266.SH,2012-08-13,11.8700,12.0700,0.0166
600266.SH,2013-08-16,10.9100,11.2800,0.0328
600266.SH,2014-04-16,8.0300,10.0800,0.2034
600266.SH,2015-06-23,22.3600,22.6300,0.0119
600266.SH,2016-06-17,11.7400,12.0200,0.0233
600266.SH,2017-07-21,13.8200,14.1000,0.0199
600266.SH,2018-06-29,9.3000,9.5800,0.0292
600266.SH,2019-06-17,8.0500,9.9000,0.1869
600266.SH,2020-06-29,5.0800,6.3300,0.1975
600266.SH,2021-07-14,4.6100,4.7000,0.0191
600266.SH,2022-07-01,3.9900,4.0800,0.0221
600266.SH,2023-07-04,5.0900,5.1800,0.0174
600266.SH,2024-07-24,3.8300,3.9300,0.0254
600266.SH,2025-08-22,4.8900,4.9400,0.0101
600267.SH,2001-05-24,23.4400,37.6000,0.3766
600267.SH,2004-09-29,12.1200,21.8100,0.4443
600267.SH,2005-06-17,8.0400,8.1900,0.0183
600267.SH,2006-06-12,6.2800,6.3800,0.0157
600267.SH,2012-05-25,15.1300,24.3600,0.3789
600267.SH,2023-05-19,12.1100,12.2800,0.0138
600267.SH,2025-05-16,8.6800,8.8800,0.0225
600268.SH,2003-05-16,10.9500,11.1000,0.0135
600268.SH,2005-05-19,7.9000,8.0500,0.0186
600268.SH,2006-07-18,15.7300,15.9300,0.0126
600268.SH,2006-09-26,10.4100,15.6100,0.3331
600268.SH,2008-06-17,13.2600,13.4100,0.0112
600268.SH,2010-05-06,22.7700,34.3000,0.3362
600268.SH,2011-04-26,14.0300,28.2100,0.5027
600268.SH,2012-05-28,8.7300,8.8300,0.0113
600268.SH,2013-06-18,6.9500,7.0500,0.0142
600268.SH,2014-07-03,4.9200,5.0100,0.0180
600268.SH,2022-05-27,7.6500,7.7700,0.0154
600268.SH,2023-05-30,6.9300,8.3900,0.1740
600268.SH,2024-06-28,5.5100,6.7000,0.1776
600268.SH,2025-06-26,7.5800,7.7200,0.0181
600269.SH,2001-07-03,17.3200,17.7400,0.0237
600269.SH,2002-05-27,11.9500,12.1500,0.0165
600269.SH,2003-08-18,10.2900,10.4900,0.0191
600269.SH,2004-06-10,6.8200,13.8400,0.5072
600269.SH,2005-06-21,9.4000,9.6000,0.0208
600269.SH,2006-07-19,8.9200,9.1200,0.0219
600269.SH,2006-09-20,6.4600,9.6900,0.3333
600269.SH,2007-07-11,13.3000,13.5000,0.0148
600269.SH,2008-05-13,13.6500,13.8800,0.0166
600269.SH,2009-06-08,10.2900,10.5200,0.0219
600269.SH,2009-09-14,8.4700,16.9400,0.5000
600269.SH,2010-06-24,5.8600,5.9600,0.0168
600269.SH,2011-07-11,4.7800,4.8800,0.0205
600269.SH,2012-05-15,3.7900,3.8900,0.0257
600269.SH,2013-07-01,2.7900,2.9400,0.0510
600269.SH,2014-07-11,2.6900,2.7700,0.0289
600269.SH,2015-06-05,9.1500,9.2500,0.0108
600269.SH,2016-05-25,4.3400,4.4900,0.0334
600269.SH,2017-05-25,4.9800,5.1300,0.0292
600269.SH,2018-08-03,4.0800,4.2500,0.0400
600269.SH,2019-06-13,4.3900,4.4900,0.0223
600269.SH,2020-07-16,3.6600,3.8100,0.0394
600269.SH,2021-05-14,3.4900,3.6900,0.0542
600269.SH,2022-07-22,3.4800,3.6000,0.0333
600269.SH,2023-08-25,3.6200,3.7200,0.0269
600269.SH,2024-07-18,4.9300,5.0900,0.0314
600269.SH,2025-05-30,5.1500,5.3200,0.0320
600271.SH,2004-06-09,24.8000,25.7000,0.0350
600271.SH,2005-06-17,12.6800,24.5500,0.4835
600271.SH,2006-06-15,25.2200,25.5200,0.0118
600271.SH,2008-05-09,32.8800,66.2300,0.5035
600271.SH,2009-05-27,16.2200,24.6000,0.3407
600271.SH,2010-05-12,16.8800,17.0900,0.0123
600271.SH,2011-05-12,23.8200,24.2200,0.0165
600271.SH,2012-05-14,19.8000,20.2200,0.0208
600271.SH,2013-05-14,13.8600,14.2900,0.0301
600271.SH,2014-05-08,18.3000,18.9000,0.0317
600271.SH,2016-05-31,24.0300,48.5600,0.5051
600271.SH,2017-05-26,17.9700,18.2200,0.0137
600271.SH,2018-06-28,24.4500,24.8700,0.0169
600271.SH,2019-06-21,23.0900,23.5300,0.0187
600271.SH,2020-07-20,17.6500,17.8800,0.0129
600271.SH,2021-07-19,13.2500,13.4200,0.0127
600271.SH,2022-06-24,10.8100,10.9800,0.0155
600271.SH,2023-06-26,14.4400,14.6100,0.0116
600272.SH,2003-08-14,7.5700,7.6500,0.0105
600272.SH,2004-07-29,5.3300,5.3900,0.0111
600273.SH,2004-08-11,4.7300,4.7800,0.0105
600273.SH,2005-06-27,2.7100,2.7600,0.0181
600273.SH,2006-06-08,2.8300,2.8800,0.0174
600273.SH,2008-07-14,4.1600,4.2100,0.0119
600273.SH,2016-05-20,8.0800,8.2300,0.0182
600273.SH,2017-05-25,8.8900,9.0600,0.0188
600273.SH,2018-05-08,8.0600,8.2600,0.0242
600273.SH,2018-09-27,9.7700,9.8900,0.0121
600273.SH,2019-05-09,11.1200,11.2400,0.0107
600273.SH,2019-10-16,10.2100,10.3700,0.0154
600273.SH,2020-06-05,8.6900,8.8500,0.0181
600273.SH,2020-12-03,10.5700,10.7600,0.0177
600273.SH,2021-05-21,8.7500,8.9500,0.0223
600273.SH,2021-09-24,12.6400,12.8800,0.0186
600273.SH,2022-05-17,10.4100,10.7100,0.0280
600273.SH,2022-09-29,9.0000,9.2500,0.0270
600273.SH,2023-05-22,9.5100,10.0100,0.0500
600273.SH,2023-09-20,8.6500,8.8500,0.0226
600273.SH,2024-05-16,7.6200,7.8200,0.0256
600273.SH,2024-09-11,7.1400,7.3400,0.0272
600273.SH,2025-05-29,8.1400,8.3300,0.0228
600273.SH,2025-09-15,8.4100,8.6000,0.0221
600276.SH,2001-05-11,22.6900,36.4000,0.3766
600276.SH,2002-05-21,13.2200,15.9100,0.1691
600276.SH,2003-08-07,9.5900,9.6900,0.0103
600276.SH,2005-06-16,12.0600,12.2600,0.0163
600276.SH,2006-08-29,18.5500,24.1200,0.2309
600276.SH,2007-04-02,26.7800,34.9800,0.2344
600276.SH,2008-04-11,37.2300,44.7800,0.1686
600276.SH,2009-04-30,34.0900,41.0100,0.1687
600276.SH,2010-03-17,37.9100,45.5900,0.1685
600276.SH,2011-04-26,32.4700,48.8000,0.3346
600276.SH,2012-05-29,25.3400,27.9600,0.0937
600276.SH,2013-06-07,27.7500,30.6000,0.0931
600276.SH,2014-05-15,31.1200,34.3200,0.0932
600276.SH,2015-06-15,47.9800,62.4700,0.2320
600276.SH,2016-06-16,38.4200,46.2000,0.1684
600276.SH,2017-05-31,48.9600,58.8900,0.1686
600276.SH,2018-05-30,73.3000,95.4200,0.2318
600276.SH,2019-03-28,61.7800,74.3600,0.1692
600276.SH,2020-05-25,79.7100,95.8800,0.1686
600276.SH,2021-06-10,69.9600,84.1500,0.1686
600278.SH,2002-06-06,10.3300,10.4800,0.0143
600278.SH,2003-05-29,8.9200,9.0200,0.0111
600278.SH,2004-05-31,6.6800,6.8000,0.0176
600278.SH,2005-06-24,3.8700,3.9700,0.0252
600278.SH,2008-06-02,9.1100,9.2100,0.0109
600278.SH,2010-07-06,8.3900,8.4900,0.0118
600278.SH,2011-10-14,8.8000,8.9200,0.0135
600278.SH,2012-05-31,6.9500,9.0800,0.2346
600278.SH,2013-06-17,6.6100,6.7100,0.0149
600278.SH,2018-07-18,7.8600,7.9600,0.0126
600278.SH,2021-07-27,7.6900,7.7800,0.0116
600278.SH,2022-08-09,7.0700,7.2000,0.0181
600278.SH,2023-07-28,7.5500,7.6800,0.0169
600278.SH,2024-08-14,5.5100,5.6000,0.0161
600278.SH,2024-12-27,7.1200,7.2100,0.0125
600279.SH,2004-07-14,6.4200,6.4900,0.0108
600279.SH,2005-07-13,3.7100,3.8100,0.0262
600279.SH,2006-06-20,5.6100,5.7100,0.0175
600279.SH,2016-05-31,6.9000,10.4100,0.3372
600279.SH,2018-06-19,5.0200,5.2300,0.0402
600279.SH,2019-06-18,4.5000,4.5600,0.0132
600279.SH,2020-07-08,3.8200,3.8700,0.0129
600279.SH,2024-06-20,3.7300,3.7700,0.0106
600280.SH,2004-05-24,8.3000,8.4000,0.0119
600280.SH,2004-09-28,7.1500,7.5400,0.0517
600280.SH,2005-06-10,8.0000,8.2000,0.0244
600280.SH,2006-07-17,11.4900,11.6900,0.0171
600280.SH,2007-07-04,17.8300,18.0300,0.0111
600280.SH,2008-08-25,11.1400,11.3400,0.0176
600280.SH,2009-07-14,17.4300,17.6300,0.0113
600280.SH,2013-05-22,24.4600,49.0800,0.5016
600280.SH,2013-09-25,15.5300,31.1600,0.5016
600280.SH,2014-06-16,9.1100,9.2100,0.0109
600280.SH,2015-06-12,19.8600,39.9600,0.5030
600281.SH,2006-10-17,3.1500,4.0900,0.2298
600281.SH,2007-06-20,9.5400,10.0200,0.0479
600281.SH,2008-06-17,6.2400,6.5600,0.0488
600282.SH,2001-05-21,9.4200,11.4000,0.1737
600282.SH,2002-05-28,7.0000,7.2000,0.0278
600282.SH,2003-07-23,8.3100,8.5100,0.0235
600282.SH,2004-03-30,10.7400,11.0400,0.0272
600282.SH,2005-05-27,3.6100,5.7200,0.3689
600282.SH,2006-06-26,3.7000,3.9000,0.0513
600282.SH,2007-05-14,14.2800,14.4800,0.0138
600282.SH,2008-05-16,9.5100,17.2100,0.4474
600282.SH,2011-10-13,3.5100,3.7100,0.0539
600282.SH,2012-05-17,2.7300,2.8000,0.0250
600282.SH,2018-05-07,4.6700,4.7200,0.0106
600282.SH,2019-04-26,3.8800,4.1800,0.0718
600282.SH,2020-05-13,2.9600,3.2600,0.0920
600282.SH,2021-05-13,4.2700,4.5200,0.0553
600282.SH,2022-05-10,3.3100,3.6100,0.0831
600282.SH,2023-05-08,3.3700,3.6200,0.0691
600282.SH,2024-05-10,5.0200,5.2700,0.0474
600282.SH,2024-09-24,4.0500,4.1500,0.0241
600282.SH,2025-05-09,4.2900,4.3700,0.0183
600282.SH,2025-09-11,4.8800,5.0000,0.0240
600283.SH,2002-06-27,11.1100,11.2600,0.0133
600283.SH,2003-06-20,8.3700,8.5200,0.0176
600283.SH,2005-07-22,3.0900,3.1400,0.0159
600283.SH,2006-07-13,6.0900,6.1900,0.0162
600283.SH,2009-06-25,10.4300,10.6300,0.0188
600283.SH,2010-06-21,8.7500,8.9500,0.0223
600283.SH,2011-08-01,14.3200,14.5200,0.0138
600283.SH,2012-06-19,10.7800,10.9800,0.0182
600283.SH,2013-07-04,7.8900,7.9900,0.0125
600283.SH,2021-08-04,10.3400,10.4900,0.0143
600283.SH,2024-08-16,8.3400,11.8800,0.2980
600283.SH,2025-07-10,9.9800,10.2300,0.0244
600284.SH,2005-07-06,4.7000,4.8000,0.0208
600284.SH,2006-07-10,5.0700,5.1800,0.0212
600284.SH,2007-07-02,12.4500,12.6000,0.0119
600284.SH,2008-05-12,14.9400,15.1700,0.0152
600284.SH,2010-06-28,11.6100,11.7400,0.0111
600284.SH,2011-07-06,13.9900,16.9200,0.1732
600284.SH,2012-05-17,7.9800,9.6800,0.1756
600284.SH,2013-06-18,9.5500,9.7100,0.0165
600284.SH,2014-05-20,9.6800,9.8900,0.0212
600284.SH,2016-05-25,10.3800,10.5400,0.0152
600284.SH,2017-05-19,10.6700,10.8300,0.0148
600284.SH,2018-04-26,6.2000,8.8600,0.3002
600284.SH,2019-04-26,7.4700,7.6200,0.0197
600284.SH,2020-05-28,6.2300,6.3700,0.0220
600284.SH,2021-05-26,6.2400,6.4000,0.0250
600284.SH,2022-05-26,7.2100,7.4000,0.0257
600284.SH,2023-05-25,6.1500,6.3600,0.0330
600284.SH,2024-05-23,6.2800,6.4900,0.0324
600284.SH,2024-12-19,6.3300,6.5000,0.0262
600284.SH,2025-05-23,6.9000,7.0000,0.0143
600284.SH,2025-11-27,7.2700,7.3500,0.0109
600285.SH,2004-08-12,6.6800,6.7600,0.0118
600285.SH,2005-08-04,4.3800,4.4300,0.0113
600285.SH,2007-11-06,13.0000,26.0900,0.5017
600285.SH,2012-05-29,9.0300,9.1800,0.0163
600285.SH,2013-07-01,8.7100,13.1600,0.3381
600285.SH,2014-07-02,8.8900,13.4800,0.3405
600285.SH,2016-09-13,11.7700,11.9200,0.0126
600285.SH,2017-06-23,10.9000,11.0500,0.0136
600285.SH,2018-06-07,9.6300,9.7800,0.0153
600285.SH,2019-06-12,8.1500,8.3000,0.0181
600285.SH,2020-06-19,8.8800,9.1800,0.0327
600285.SH,2021-06-16,9.7000,10.0900,0.0387
600285.SH,2022-06-16,12.2900,12.7900,0.0391
600285.SH,2023-06-16,15.6600,16.2600,0.0369
600285.SH,2024-06-20,24.1000,24.9000,0.0321
600285.SH,2025-06-20,22.8900,23.7900,0.0378
600287.SH,2001-04-20,25.6300,28.5500,0.1023
600287.SH,2002-06-10,14.2000,18.7100,0.2410
600287.SH,2003-06-24,10.0500,10.2700,0.0214
600287.SH,2004-06-11,5.1300,10.5100,0.5119
600287.SH,2005-05-31,2.7500,2.8800,0.0451
600287.SH,2006-06-07,2.7800,2.8700,0.0314
600287.SH,2008-06-16,6.1100,6.1800,0.0113
600287.SH,2014-05-08,6.0200,6.1000,0.0131
600287.SH,2018-06-29,5.2200,5.3000,0.0151
600287.SH,2019-06-28,6.7000,6.7800,0.0118
600287.SH,2020-06-03,5.5700,5.6600,0.0159
600287.SH,2021-07-23,5.3300,5.4500,0.0220
600287.SH,2023-08-29,5.2900,5.3800,0.0167
600288.SH,2002-07-19,14.3700,21.6600,0.3366
600288.SH,2003-06-20,9.8200,9.9200,0.0101
600288.SH,2005-08-17,4.7400,4.7900,0.0104
600288.SH,2006-06-20,4.1100,6.6300,0.3801
600288.SH,2009-06-05,5.8800,7.6400,0.2304
600288.SH,2012-08-15,5.6500,5.7300,0.0140
600289.SH,2004-06-18,13.7300,27.9600,0.5089
600289.SH,2005-07-20,7.5700,7.6700,0.0130
600289.SH,2006-06-26,14.1200,16.3000,0.1337
600289.SH,2007-06-08,16.7200,20.0900,0.1677
600289.SH,2008-07-22,10.2000,12.2700,0.1687
600289.SH,2009-06-15,12.2200,12.5500,0.0263
600289.SH,2010-04-16,11.2600,18.0200,0.3751
600289.SH,2012-07-10,5.7800,5.8400,0.0103
600292.SH,2003-07-17,13.0500,13.4500,0.0297
600292.SH,2004-05-21,13.5800,13.8800,0.0216
600292.SH,2004-10-20,5.8900,11.7700,0.4996
600292.SH,2005-06-17,4.0500,4.1700,0.0288
600292.SH,2006-06-30,3.8500,3.9700,0.0302
600292.SH,2008-06-06,6.6200,6.7300,0.0163
600292.SH,2015-07-13,15.8800,20.7700,0.2354
600293.SH,2002-07-03,11.9100,15.5100,0.2321
600293.SH,2006-06-19,3.5900,4.5100,0.2040
600293.SH,2017-06-12,9.8800,14.8600,0.3351
600293.SH,2018-06-07,5.6800,5.7800,0.0173
600295.SH,2002-06-12,13.6100,13.8500,0.0173
600295.SH,2003-06-13,7.3500,14.9800,0.5093
600295.SH,2004-06-10,5.0200,5.1200,0.0195
600295.SH,2005-06-10,3.2700,3.3900,0.0354
600295.SH,2006-06-12,4.6000,4.7300,0.0275
600295.SH,2007-06-08,12.5900,12.7400,0.0118
600295.SH,2013-06-04,8.2000,8.3000,0.0120
600295.SH,2014-05-13,7.3800,7.5000,0.0160
600295.SH,2018-07-06,8.2800,8.3800,0.0119
600295.SH,2019-07-16,8.2300,8.3800,0.0179
600295.SH,2020-05-26,7.1100,7.5100,0.0533
600295.SH,2021-06-07,20.8400,21.6400,0.0370
600295.SH,2022-06-13,20.7400,31.0400,0.3318
600295.SH,2023-06-30,9.0900,13.7300,0.3379
600295.SH,2024-06-26,10.1700,10.9700,0.0729
600295.SH,2025-06-23,8.9500,9.5500,0.0628
600298.SH,2004-04-14,11.5600,11.9100,0.0294
600298.SH,2005-04-20,8.0200,8.2700,0.0302
600298.SH,2006-05-22,15.1400,15.3900,0.0162
600298.SH,2007-08-23,33.3700,66.7400,0.5000
600298.SH,2014-05-19,14.4100,14.5600,0.0103
600298.SH,2016-05-06,17.0500,42.9200,0.6027
600298.SH,2017-05-05,23.4000,23.7000,0.0127
600298.SH,2019-06-04,28.6800,29.0300,0.0121
600298.SH,2022-05-13,41.8600,42.3600,0.0118
600298.SH,2023-05-22,38.1900,38.6900,0.0129
600298.SH,2024-05-28,30.6100,31.1000,0.0158
600298.SH,2025-06-13,35.8800,36.4300,0.0151
600299.SH,2003-05-26,8.9300,9.0300,0.0111
600299.SH,2004-05-27,7.0200,7.2200,0.0277
600299.SH,2005-04-26,8.9800,9.2000,0.0239
600299.SH,2006-08-11,12.3200,18.6000,0.3376
600299.SH,2008-06-13,21.0900,27.4200,0.2309
600299.SH,2016-06-08,13.2100,13.3700,0.0120
600299.SH,2017-06-14,11.9400,12.1700,0.0189
600299.SH,2018-06-13,12.4300,12.6000,0.0135
600299.SH,2019-06-13,10.6600,10.8300,0.0157
600299.SH,2020-06-12,12.0000,12.1600,0.0132
600299.SH,2021-06-17,12.3200,12.5000,0.0144
600299.SH,2022-06-20,9.7200,9.9000,0.0182
600299.SH,2023-07-13,7.9500,8.1000,0.0185
600299.SH,2025-05-20,9.8000,9.9200,0.0121
600300.SH,2001-06-08,17.1500,17.4500,0.0172
600300.SH,2002-05-20,11.4100,11.6700,0.0223
600300.SH,2003-05-29,11.5000,11.7300,0.0196
600300.SH,2004-06-01,8.2200,8.4200,0.0238
600300.SH,2005-07-11,2.9500,6.1500,0.5203
600300.SH,2006-07-21,3.9000,3.9800,0.0201
600300.SH,2009-05-11,5.7400,12.6600,0.5466
600300.SH,2011-05-16,5.7500,5.8100,0.0103
600300.SH,2013-06-13,5.3000,5.3600,0.0112
600300.SH,2014-06-18,4.0900,4.1400,0.0121
600300.SH,2021-06-08,3.7400,3.8400,0.0260
600300.SH,2024-05-21,2.9800,3.0400,0.0197
600300.SH,2025-05-29,3.5800,3.7100,0.0350
600301.SH,2002-06-17,8.4800,8.5800,0.0117
600301.SH,2003-06-13,8.0100,8.1900,0.0220
600301.SH,2003-10-20,6.5700,6.6700,0.0150
600301.SH,2004-05-21,7.0200,7.1500,0.0182
600301.SH,2004-10-21,7.5500,7.7400,0.0245
600301.SH,2005-04-21,6.4400,6.6600,0.0330
600301.SH,2005-09-23,6.3300,6.4800,0.0231
600301.SH,2006-05-23,4.1600,4.2700,0.0258
600301.SH,2007-09-20,12.7700,12.9700,0.0154
600301.SH,2008-04-24,8.2800,8.5300,0.0293
600302.SH,2001-10-29,10.6000,21.2000,0.5000
600302.SH,2003-06-18,11.1300,11.2800,0.0133
600302.SH,2004-04-12,8.0100,8.2100,0.0244
600302.SH,2005-05-18,4.2400,4.3400,0.0230
600302.SH,2006-07-11,4.7000,4.8000,0.0208
600302.SH,2012-06-26,4.5300,4.5800,0.0109
600302.SH,2021-06-16,4.2600,4.3100,0.0116
600303.SH,2001-05-30,18.5800,33.6500,0.4478
600303.SH,2002-06-10,8.9900,9.1900,0.0218
600303.SH,2003-04-14,8.6600,8.8600,0.0226
600303.SH,2004-05-20,10.7000,11.0000,0.0273
600303.SH,2005-04-21,5.0900,5.2900,0.0378
600303.SH,2006-06-05,6.2500,6.4000,0.0234
600303.SH,2008-06-02,8.8500,8.9500,0.0112
600303.SH,2010-12-08,16.8700,19.7700,0.1467
600303.SH,2011-05-19,9.7800,19.6200,0.5015
600303.SH,2013-04-26,4.9400,5.0300,0.0179
600303.SH,2018-05-31,6.9600,7.1100,0.0211
600305.SH,2002-06-28,15.3200,15.5000,0.0116
600305.SH,2003-07-17,11.1600,11.3000,0.0124
600305.SH,2006-07-07,10.9200,11.0700,0.0136
600305.SH,2008-05-30,11.6100,11.7700,0.0136
600305.SH,2013-11-13,15.0000,30.0000,0.5000
600305.SH,2016-06-17,10.9700,22.1800,0.5054
600305.SH,2018-06-15,9.3600,12.3100,0.2396
600305.SH,2020-06-04,17.2400,22.2700,0.2259
600305.SH,2025-07-01,7.6300,7.7300,0.0129
600307.SH,2001-05-21,7.0600,7.2200,0.0222
600307.SH,2002-06-13,5.3500,5.5200,0.0308
600307.SH,2003-06-02,6.5100,6.6900,0.0269
600307.SH,2004-08-16,5.7500,5.9600,0.0352
600307.SH,2005-06-09,4.9900,5.2300,0.0459
600307.SH,2006-06-28,3.7400,4.5900,0.1852
600307.SH,2007-06-12,9.7300,9.8900,0.0162
600307.SH,2008-06-24,9.6400,9.8400,0.0203
600307.SH,2010-07-05,7.4900,7.5900,0.0132
600307.SH,2011-05-16,6.1800,12.4500,0.5036
600307.SH,2012-07-09,3.4300,3.5500,0.0338
600307.SH,2013-07-15,2.7600,2.7900,0.0108
600308.SH,2001-06-08,17.7700,18.0700,0.0166
600308.SH,2002-07-08,13.6700,16.4500,0.1690
600308.SH,2003-05-28,11.9300,15.5600,0.2333
600308.SH,2004-07-28,10.9200,11.2200,0.0267
600308.SH,2005-07-27,10.3000,10.5000,0.0190
600308.SH,2006-06-26,7.6800,12.6300,0.3919
600308.SH,2008-08-11,12.1200,12.4000,0.0226
600308.SH,2011-08-08,5.6200,10.1200,0.4447
600308.SH,2012-06-25,3.7200,3.7700,0.0133
600308.SH,2018-06-22,5.0700,5.2400,0.0324
600308.SH,2019-06-14,4.4700,4.6500,0.0387
600308.SH,2020-07-10,5.0600,5.2300,0.0325
600308.SH,2021-06-25,5.5400,5.7200,0.0315
600308.SH,2022-06-30,5.6900,5.9000,0.0356
600308.SH,2023-05-29,3.7100,5.1900,0.2852
600308.SH,2024-06-27,3.1900,3.2400,0.0154
600309.SH,2001-04-19,31.3000,62.7000,0.5008
600309.SH,2002-04-15,15.2000,24.5200,0.3801
600309.SH,2003-06-11,12.0000,12.2000,0.0164
600309.SH,2004-05-17,9.9200,17.0600,0.4185
600309.SH,2005-04-01,13.6200,17.9100,0.2395
600309.SH,2006-06-05,15.6700,22.0900,0.2906
600309.SH,2007-07-11,36.5500,51.2700,0.2871
600309.SH,2008-04-14,29.9000,30.3000,0.0132
600309.SH,2009-04-14,18.1500,18.6500,0.0268
600309.SH,2010-05-17,18.8700,19.1700,0.0156
600309.SH,2011-05-12,18.2000,24.0600,0.2436
600309.SH,2012-04-24,13.7700,14.3700,0.0418
600309.SH,2013-05-03,18.1400,18.8400,0.0372
600309.SH,2014-06-16,15.9600,16.6600,0.0420
600309.SH,2015-05-28,28.5100,28.8100,0.0104
600309.SH,2016-04-22,16.5700,16.7700,0.0119
600309.SH,2017-05-18,23.2800,28.4400,0.1814
600309.SH,2018-01-26,36.4400,37.9400,0.0395
600309.SH,2019-05-27,38.1400,40.1400,0.0498
600309.SH,2020-05-15,44.7100,46.0100,0.0283
600309.SH,2021-04-26,109.8200,111.1200,0.0117
600309.SH,2022-04-29,77.4700,79.9700,0.0313
600309.SH,2023-05-26,85.1200,86.7200,0.0185
600309.SH,2024-04-22,84.9300,86.5500,0.0187
600309.SH,2025-05-30,54.8000,55.5300,0.0131
600310.SH,2002-05-21,15.4500,15.7500,0.0190
600310.SH,2003-05-23,13.9100,14.2100,0.0211
600310.SH,2004-05-17,12.2800,12.5800,0.0238
600310.SH,2005-05-31,6.4100,6.7100,0.0447
600310.SH,2006-05-18,10.4800,10.7300,0.0233
600310.SH,2007-05-18,30.3500,30.7500,0.0130
600310.SH,2008-05-14,20.2600,20.7100,0.0217
600310.SH,2009-05-06,18.5300,18.9300,0.0211
600310.SH,2011-04-28,21.2900,32.4400,0.3437
600310.SH,2012-05-10,12.4600,12.6600,0.0158
600310.SH,2013-05-20,11.1000,11.4000,0.0263
600310.SH,2014-05-12,10.0800,10.3300,0.0242
600310.SH,2015-09-14,9.6300,29.1400,0.6695
600310.SH,2017-05-18,7.3300,7.4100,0.0108
600310.SH,2020-06-18,3.8200,3.8800,0.0155
600310.SH,2021-05-24,4.3300,4.4000,0.0159
600310.SH,2022-05-23,3.2600,3.9300,0.1705
600312.SH,2002-06-28,14.5100,14.6600,0.0102
600312.SH,2003-05-30,9.6900,16.5800,0.4156
600312.SH,2005-06-23,3.8400,3.9400,0.0254
600312.SH,2006-04-27,13.2500,13.6500,0.0293
600312.SH,2006-05-22,12.3400,14.4500,0.1460
600312.SH,2008-05-15,10.9400,15.4200,0.2905
600312.SH,2009-06-09,14.5200,17.5200,0.1712
600312.SH,2010-06-18,12.2100,14.7000,0.1694
600312.SH,2015-08-19,22.0800,22.5800,0.0221
600312.SH,2016-04-25,15.7300,16.2300,0.0308
600312.SH,2017-06-05,13.0700,13.6700,0.0439
600312.SH,2018-07-03,5.4500,5.5900,0.0250
600312.SH,2024-07-19,19.6300,19.8400,0.0106
600312.SH,2025-10-17,17.4900,17.6800,0.0107
600313.SH,2007-04-25,10.3800,10.1900,0.0186
600313.SH,2007-12-24,9.7700,11.7900,0.1713
600313.SH,2016-06-16,5.5900,14.0300,0.6016
600315.SH,2003-06-19,11.2400,11.3900,0.0132
600315.SH,2004-07-07,8.0100,8.1600,0.0184
600315.SH,2005-08-22,5.4500,5.6100,0.0285
600315.SH,2006-07-24,16.2300,16.9800,0.0442
600315.SH,2008-05-27,31.5500,38.0100,0.1700
600315.SH,2009-05-21,20.9200,31.5800,0.3376
600315.SH,2010-04-14,33.1700,43.4700,0.2369
600315.SH,2013-05-27,44.8500,67.9700,0.3402
600315.SH,2014-04-24,34.8800,35.3900,0.0144
600315.SH,2015-05-18,43.5300,44.1400,0.0138
600315.SH,2016-07-07,28.9900,29.9800,0.0330
600315.SH,2024-08-16,17.1500,17.3800,0.0132
600316.SH,2001-10-12,13.3300,20.0000,0.3335
600316.SH,2003-05-13,9.2700,9.5700,0.0313
600316.SH,2004-05-28,5.9900,7.2400,0.1727
600316.SH,2008-04-01,24.3700,34.3200,0.2899
600316.SH,2010-10-11,41.2100,65.9600,0.3752
600318.SH,2007-07-18,14.5700,17.6300,0.1736
600318.SH,2017-05-04,10.7300,21.5600,0.5023
600319.SH,2003-06-18,9.0500,9.1500,0.0109
600319.SH,2004-06-11,6.2500,6.3500,0.0157
600319.SH,2005-06-16,4.7200,4.8200,0.0207
600319.SH,2006-06-22,4.5800,4.6800,0.0214
600319.SH,2007-06-14,9.3900,9.4900,0.0105
600320.SH,2002-07-04,13.1000,13.3000,0.0150
600320.SH,2003-07-21,11.5800,11.7800,0.0170
600320.SH,2004-05-10,8.3800,16.9500,0.5056
600320.SH,2005-07-05,5.9700,9.0700,0.3418
600320.SH,2006-07-03,9.7700,19.7400,0.5051
600320.SH,2008-06-25,10.6700,10.8400,0.0157
600320.SH,2009-06-24,10.5100,13.7000,0.2328
600320.SH,2017-07-07,5.1800,5.2800,0.0189
600320.SH,2018-08-13,3.5300,4.2800,0.1752
600320.SH,2019-07-16,3.7700,3.8200,0.0131
600320.SH,2020-08-18,3.1600,3.2100,0.0156
600320.SH,2022-08-11,3.3700,3.4200,0.0146
600320.SH,2024-08-01,3.8600,3.9100,0.0128
600320.SH,2025-06-25,4.2200,4.2700,0.0117
600322.SH,2005-06-28,3.0900,3.1300,0.0128
600322.SH,2006-06-28,4.7100,4.7700,0.0126
600322.SH,2007-06-11,11.3300,22.7200,0.5013
600322.SH,2012-06-11,3.6800,3.7500,0.0187
600322.SH,2013-07-30,2.8500,2.9200,0.0240
600322.SH,2014-07-11,3.3200,3.3600,0.0119
600323.SH,2001-06-11,17.0700,17.3200,0.0144
600323.SH,2002-06-17,12.5600,12.7600,0.0157
600323.SH,2003-06-13,9.8900,10.0900,0.0198
600323.SH,2004-06-17,8.2400,8.4400,0.0237
600323.SH,2005-07-18,7.2300,7.4800,0.0334
600323.SH,2006-05-23,8.4600,8.8600,0.0451
600323.SH,2007-05-31,15.7000,15.9000,0.0126
600323.SH,2008-05-30,10.2600,13.5200,0.2411
600323.SH,2009-07-15,9.9700,10.1100,0.0138
600323.SH,2010-07-16,12.9300,13.0800,0.0115
600323.SH,2011-07-01,11.4000,13.8800,0.1787
600323.SH,2012-04-10,6.6900,10.1100,0.3383
600323.SH,2013-08-09,7.0100,7.1100,0.0141
600323.SH,2017-07-13,14.3100,14.5100,0.0138
600323.SH,2018-07-12,14.7300,14.9300,0.0134
600323.SH,2019-07-17,17.2600,17.4600,0.0115
600323.SH,2021-07-08,20.9000,21.1200,0.0104
600323.SH,2022-07-14,20.4900,20.7100,0.0106
600323.SH,2023-07-12,18.7400,18.9600,0.0116
600323.SH,2024-07-24,21.3900,21.8700,0.0219
600323.SH,2025-07-04,23.5500,24.3500,0.0329
600325.SH,2005-04-18,6.8800,6.9800,0.0143
600325.SH,2005-10-28,5.5900,7.2700,0.2311
600325.SH,2006-04-07,8.7000,8.8000,0.0114
600325.SH,2008-02-27,21.2300,42.5600,0.5012
600325.SH,2008-05-20,18.5300,19.9000,0.0688
600325.SH,2012-05-22,8.8900,8.9900,0.0111
600325.SH,2013-07-02,5.9800,6.0800,0.0164
600325.SH,2014-06-30,6.0500,6.2500,0.0320
600325.SH,2016-06-22,10.6800,10.8300,0.0139
600325.SH,2017-06-08,8.6100,16.3000,0.4718
600325.SH,2018-07-09,6.1900,6.4900,0.0462
600325.SH,2019-07-05,8.4500,8.6000,0.0174
600325.SH,2019-11-07,7.2200,7.4200,0.0270
600325.SH,2020-07-08,7.6500,8.0500,0.0497
600325.SH,2021-07-05,6.2300,6.6800,0.0674
600325.SH,2022-05-20,7.3300,7.7900,0.0591
600325.SH,2023-04-28,10.7000,11.0700,0.0334
600325.SH,2024-07-05,6.3700,6.7400,0.0549
600325.SH,2025-05-26,4.9000,5.0000,0.0200
600326.SH,2002-03-28,14.1000,25.4800,0.4466
600326.SH,2003-06-11,7.1000,7.2500,0.0207
600326.SH,2004-07-22,4.5400,4.6900,0.0320
600326.SH,2008-06-05,6.5600,13.1100,0.4996
600326.SH,2010-06-10,10.0300,12.0400,0.1669
600326.SH,2017-07-03,8.4300,11.0400,0.2364
600326.SH,2018-05-25,7.6600,7.7400,0.0103
600326.SH,2019-06-20,7.8200,7.9000,0.0101
600326.SH,2021-07-30,6.3700,6.4500,0.0124
600326.SH,2022-07-15,5.7900,5.8700,0.0136
600326.SH,2023-08-08,4.9200,6.4000,0.2313
600327.SH,2004-05-13,7.9300,15.9600,0.5031
600327.SH,2005-06-30,4.7100,5.0600,0.0692
600327.SH,2006-05-29,8.0700,12.3500,0.3466
600327.SH,2008-06-25,10.3700,10.4900,0.0114
600327.SH,2009-05-25,8.3000,8.4500,0.0178
600327.SH,2010-06-21,9.4100,15.1300,0.3781
600327.SH,2011-06-02,9.5700,9.6700,0.0103
600327.SH,2012-06-01,6.7900,6.8700,0.0116
600327.SH,2013-06-17,4.2400,4.3200,0.0185
600327.SH,2014-07-02,5.4900,5.6100,0.0214
600327.SH,2017-06-20,8.1000,8.3000,0.0241
600327.SH,2018-06-07,5.5800,7.4100,0.2470
600327.SH,2019-05-30,3.8800,4.8600,0.2016
600327.SH,2020-06-11,3.8900,4.0700,0.0442
600327.SH,2020-09-24,4.1800,4.6800,0.1068
600327.SH,2021-05-27,7.2100,7.4600,0.0335
600327.SH,2021-09-30,5.6000,5.8500,0.0427
600327.SH,2022-05-26,5.1200,5.4700,0.0640
600327.SH,2023-05-26,4.7400,4.8100,0.0146
600327.SH,2024-06-28,3.1900,3.2500,0.0185
600328.SH,2003-05-22,13.9200,18.2500,0.2373
600328.SH,2003-11-18,7.8700,7.9500,0.0101
600328.SH,2004-05-25,8.3400,13.3400,0.3748
600328.SH,2018-06-13,8.9900,9.1400,0.0164
600328.SH,2019-06-06,8.1100,8.2900,0.0217
600328.SH,2020-06-22,7.1800,7.2900,0.0151
600328.SH,2020-09-21,7.4900,7.6300,0.0183
600328.SH,2021-06-10,12.2000,12.4300,0.0185
600328.SH,2022-06-02,21.0300,21.5000,0.0219
600328.SH,2023-06-13,8.9400,12.1200,0.2624
600328.SH,2024-05-23,7.7800,8.0500,0.0335
600328.SH,2025-05-13,7.0300,7.1500,0.0168
600329.SH,2002-07-23,15.9100,16.0800,0.0106
600329.SH,2003-07-28,11.1000,11.2500,0.0133
600329.SH,2004-07-22,7.0800,7.2300,0.0207
600329.SH,2005-06-29,5.5300,5.6800,0.0264
600329.SH,2006-06-22,7.5800,7.7300,0.0194
600329.SH,2010-07-05,11.3300,22.6500,0.4998
600329.SH,2011-07-06,12.3100,12.5100,0.0160
600329.SH,2012-12-13,9.6300,9.8300,0.0203
600329.SH,2019-07-15,14.3200,14.5400,0.0151
600329.SH,2020-06-24,17.3800,17.6800,0.0170
600329.SH,2021-06-24,22.6000,22.9000,0.0131
600329.SH,2022-06-02,21.5200,22.0200,0.0227
600329.SH,2023-06-06,51.5000,52.6200,0.0213
600329.SH,2024-07-12,32.1200,33.4000,0.0383
600329.SH,2025-07-04,32.6200,33.9000,0.0378
600329.SH,2026-02-12,44.4100,46.8600,0.0523
600330.SH,2001-10-12,20.3400,30.5100,0.3333
600330.SH,2004-05-20,11.7000,11.8200,0.0102
600330.SH,2005-06-17,3.5600,5.8000,0.3862
600330.SH,2008-06-13,5.2500,6.3300,0.1706
600330.SH,2018-06-25,6.4800,7.8200,0.1714
600330.SH,2024-06-14,6.8900,6.9700,0.0115
600331.SH,2002-06-14,12.3000,12.4500,0.0120
600331.SH,2003-06-13,9.9500,10.1000,0.0149
600331.SH,2004-05-11,7.2300,11.6700,0.3805
600331.SH,2004-12-03,4.1500,8.3000,0.5000
600331.SH,2007-05-22,39.2300,39.9200,0.0173
600331.SH,2008-07-03,11.1300,23.4600,0.5256
600332.SH,2008-06-16,11.3800,11.5000,0.0104
600332.SH,2016-11-28,25.6100,25.9100,0.0116
600332.SH,2017-07-17,27.5900,27.8700,0.0100
600332.SH,2019-07-11,40.7100,41.1300,0.0102
600332.SH,2020-07-13,34.7200,35.3100,0.0167
600332.SH,2021-06-21,28.9600,29.5000,0.0183
600332.SH,2022-06-17,30.6800,31.3700,0.0220
600332.SH,2023-06-16,32.3100,33.0400,0.0221
600332.SH,2024-06-18,29.7900,30.5400,0.0246
600332.SH,2024-10-25,28.3900,28.7900,0.0139
600332.SH,2025-06-19,25.9500,26.3500,0.0152
600332.SH,2025-09-12,26.2000,26.6000,0.0150
600333.SH,2002-05-23,11.5800,19.7800,0.4146
600333.SH,2003-06-18,8.0600,8.1600,0.0123
600333.SH,2004-06-11,7.9900,8.1400,0.0184
600333.SH,2005-08-26,5.4200,5.5700,0.0269
600333.SH,2006-09-06,4.9700,5.0700,0.0197
600333.SH,2006-12-22,4.7800,5.4300,0.1197
600333.SH,2007-08-21,8.2400,8.3400,0.0120
600333.SH,2008-08-21,5.5500,5.6500,0.0177
600335.SH,2001-06-21,21.8400,22.1900,0.0158
600335.SH,2006-12-08,5.1100,6.0500,0.1554
600335.SH,2008-04-01,9.5500,19.1300,0.5008
600335.SH,2014-05-23,13.9400,14.1200,0.0127
600335.SH,2016-05-20,11.3100,17.0900,0.3382
600335.SH,2017-06-22,11.9700,12.1200,0.0124
600335.SH,2019-06-04,6.6200,6.7700,0.0222
600335.SH,2020-07-16,5.0900,5.1500,0.0117
600335.SH,2021-06-18,5.4800,5.6000,0.0214
600335.SH,2025-07-03,6.3800,6.4600,0.0124
600336.SH,2001-08-16,12.9700,13.1700,0.0152
600336.SH,2002-06-19,9.6200,9.7200,0.0103
600336.SH,2003-06-19,7.4100,7.4900,0.0107
600336.SH,2005-08-19,3.9700,4.0200,0.0124
600336.SH,2013-07-18,5.1600,10.3100,0.4995
600336.SH,2020-06-12,5.8900,5.9700,0.0134
600336.SH,2021-07-26,5.6100,5.7300,0.0209
600336.SH,2022-06-23,6.5700,6.6500,0.0120
600336.SH,2023-06-30,5.7700,5.8400,0.0120
600337.SH,2002-06-24,15.9400,19.2300,0.1711
600337.SH,2004-10-15,5.6200,10.1200,0.4447
600337.SH,2008-04-09,9.1800,16.5500,0.4453
600337.SH,2014-05-21,5.5800,5.7300,0.0262
600337.SH,2016-06-15,11.7900,12.1000,0.0256
600337.SH,2017-04-19,5.6800,13.3700,0.5752
600337.SH,2018-07-05,5.3300,5.4400,0.0202
600337.SH,2019-06-13,4.3300,4.5200,0.0420
600338.SH,2017-08-31,46.3200,46.9200,0.0128
600338.SH,2018-12-28,19.4800,20.0800,0.0299
600338.SH,2019-06-18,18.4600,25.8900,0.2870
600338.SH,2021-03-08,10.0000,10.3000,0.0291
600339.SH,2001-10-31,17.9600,25.1500,0.2859
600339.SH,2002-09-16,13.0300,19.5400,0.3332
600339.SH,2003-06-09,14.4200,14.5700,0.0103
600339.SH,2004-06-14,8.8100,8.9300,0.0134
600339.SH,2005-06-01,4.2400,5.1900,0.1830
600339.SH,2008-04-08,10.3100,13.4500,0.2335
600339.SH,2011-05-30,11.0800,12.3400,0.1021
600339.SH,2019-07-25,3.7900,3.8400,0.0130
600339.SH,2020-07-30,2.4900,2.5300,0.0158
600339.SH,2021-07-23,2.6900,2.7400,0.0182
600339.SH,2024-07-10,3.0300,3.0700,0.0130
600340.SH,2004-05-24,8.8600,9.0600,0.0221
600340.SH,2005-06-29,4.0700,4.2700,0.0468
600340.SH,2006-07-11,3.7100,5.6600,0.3445
600340.SH,2011-06-01,7.7600,12.4100,0.3747
600340.SH,2012-05-09,16.3700,24.7500,0.3386
600340.SH,2013-10-10,22.8800,34.4700,0.3362
600340.SH,2015-05-04,30.6300,62.0500,0.5064
600340.SH,2016-05-17,23.8100,24.3500,0.0222
600340.SH,2017-06-13,34.9400,35.6000,0.0185
600340.SH,2018-06-19,28.2100,29.1100,0.0309
600340.SH,2019-07-12,30.5600,31.7600,0.0378
600340.SH,2020-07-10,20.4200,28.0500,0.2720
600343.SH,2005-06-28,3.7800,3.8800,0.0258
600343.SH,2008-06-12,13.1600,13.3100,0.0113
600343.SH,2010-07-22,17.5600,19.6900,0.1082
600343.SH,2014-04-23,9.0100,18.1200,0.5028
600345.SH,2002-06-13,18.9600,22.9000,0.1721
600345.SH,2008-07-08,7.4700,7.5700,0.0132
600345.SH,2010-07-07,11.7800,11.9300,0.0126
600345.SH,2011-06-15,13.7500,13.9500,0.0143
600345.SH,2012-06-28,11.7100,11.9100,0.0168
600345.SH,2013-07-09,13.1700,13.3700,0.0150
600345.SH,2018-07-13,29.4400,29.8400,0.0134
600345.SH,2019-07-26,29.0800,29.4400,0.0122
600346.SH,2009-06-09,5.8900,11.7800,0.5000
600346.SH,2015-07-15,7.2700,16.7300,0.5655
600346.SH,2017-05-05,7.6600,7.8100,0.0192
600346.SH,2018-09-28,15.7500,16.0000,0.0156
600346.SH,2019-06-27,11.9100,16.8500,0.2932
600346.SH,2020-06-18,13.4800,13.8800,0.0288
600346.SH,2021-05-31,28.1500,28.9200,0.0266
600346.SH,2022-06-01,22.5700,23.5800,0.0428
600346.SH,2024-05-27,14.6400,15.1900,0.0362
600346.SH,2025-06-19,14.2800,14.7300,0.0305
600348.SH,2005-06-23,9.5800,9.9000,0.0323
600348.SH,2006-06-09,13.1900,13.6900,0.0365
600348.SH,2007-07-11,40.3800,41.0300,0.0158
600348.SH,2008-07-15,23.5900,47.6500,0.5049
600348.SH,2009-07-31,42.8300,43.2800,0.0104
600348.SH,2010-06-08,16.8300,42.4500,0.6035
600348.SH,2012-07-04,15.2400,15.4400,0.0130
600348.SH,2013-07-05,8.8100,9.1000,0.0319
600348.SH,2014-07-09,5.6700,5.7900,0.0207
600348.SH,2018-07-16,6.2800,6.4800,0.0309
600348.SH,2019-07-08,5.6600,5.9400,0.0471
600348.SH,2020-06-01,4.2600,4.5400,0.0617
600348.SH,2021-07-09,6.6900,6.9400,0.0360
600348.SH,2022-07-13,13.7900,14.2900,0.0350
600348.SH,2023-06-16,8.0600,12.9700,0.3786
600348.SH,2024-07-18,7.6200,8.3400,0.0863
600348.SH,2025-07-15,6.7400,7.0500,0.0440
600350.SH,2003-06-20,4.7900,4.9000,0.0224
600350.SH,2005-07-05,4.4100,4.5100,0.0222
600350.SH,2006-06-06,3.7700,3.9000,0.0333
600350.SH,2007-07-06,6.8200,6.9400,0.0173
600350.SH,2008-07-11,5.8800,6.0400,0.0265
600350.SH,2009-07-24,6.0400,6.2100,0.0274
600350.SH,2010-06-30,5.0200,5.1100,0.0176
600350.SH,2011-05-11,4.9700,5.0700,0.0197
600350.SH,2012-07-30,3.2400,3.3900,0.0442
600350.SH,2013-07-23,2.7900,2.9200,0.0445
600350.SH,2014-07-04,2.8800,3.0300,0.0495
600350.SH,2015-07-14,8.2400,8.4300,0.0225
600350.SH,2016-07-14,5.4800,5.6600,0.0318
600350.SH,2017-07-14,6.3000,6.5000,0.0308
600350.SH,2018-06-15,4.4200,4.6000,0.0391
600350.SH,2019-08-15,4.3900,4.6100,0.0477
600350.SH,2020-07-10,6.3800,6.7600,0.0562
600350.SH,2021-08-10,5.8900,6.2700,0.0606
600350.SH,2022-06-15,5.4400,5.8400,0.0685
600350.SH,2023-06-15,6.5400,6.9400,0.0576
600350.SH,2024-06-25,8.5800,9.0000,0.0467
600350.SH,2025-08-05,9.7300,10.1500,0.0414
600351.SH,2003-06-17,13.4400,13.5800,0.0103
600351.SH,2004-05-25,7.3400,11.1900,0.3441
600351.SH,2006-08-02,4.6600,4.8400,0.0372
600351.SH,2007-07-19,8.1100,8.2300,0.0146
600351.SH,2009-04-20,11.8700,23.9300,0.5040
600351.SH,2010-05-28,10.1000,20.2900,0.5022
600351.SH,2015-05-29,15.7100,15.8900,0.0113
600351.SH,2018-06-20,6.9900,7.0900,0.0141
600351.SH,2019-06-11,5.9000,6.1500,0.0407
600351.SH,2022-06-08,6.3000,6.3800,0.0125
600351.SH,2024-05-30,6.1500,6.3000,0.0238
600351.SH,2025-05-30,6.0400,6.3400,0.0473
600351.SH,2026-02-06,6.6500,6.8500,0.0292
600352.SH,2004-05-11,7.4000,15.0000,0.5067
600352.SH,2005-04-28,5.8200,7.6700,0.2412
600352.SH,2006-06-19,4.1000,4.2000,0.0238
600352.SH,2009-06-05,7.3200,14.8300,0.5064
600352.SH,2011-06-15,9.8300,9.9300,0.0101
600352.SH,2012-06-05,5.9900,6.0900,0.0164
600352.SH,2013-05-17,9.8900,10.0600,0.0169
600352.SH,2014-06-18,14.8400,15.1100,0.0179
600352.SH,2015-06-10,20.0200,40.5300,0.5060
600352.SH,2016-06-08,8.9400,9.0900,0.0165
600352.SH,2017-06-09,9.2400,9.4400,0.0212
600352.SH,2018-06-08,12.9300,13.1800,0.0190
600352.SH,2019-06-06,15.7600,16.0000,0.0150
600352.SH,2020-07-10,14.2700,14.5200,0.0172
600352.SH,2021-07-07,13.1900,13.4400,0.0186
600352.SH,2022-07-07,10.1600,10.4100,0.0240
600352.SH,2023-07-07,9.1400,9.3800,0.0256
600352.SH,2024-05-30,8.7400,8.9900,0.0278
600352.SH,2024-10-16,9.8100,10.0100,0.0200
600352.SH,2025-07-16,10.1000,10.3500,0.0242
600352.SH,2025-09-24,9.8300,10.0300,0.0199
600353.SH,2003-07-11,11.5300,11.8100,0.0237
600353.SH,2004-07-02,9.9000,11.4400,0.1346
600353.SH,2005-07-11,3.9100,4.0300,0.0298
600353.SH,2006-10-27,5.0300,5.9800,0.1589
600353.SH,2011-07-01,9.4900,19.0200,0.5011
600353.SH,2013-07-11,5.2500,5.3800,0.0242
600353.SH,2014-07-25,7.9200,8.0200,0.0125
600353.SH,2015-07-06,8.9800,18.0300,0.5019
600353.SH,2019-05-23,5.4900,5.5500,0.0108
600353.SH,2020-06-18,5.8400,5.9000,0.0102
600353.SH,2023-05-19,8.3600,11.7000,0.2855
600354.SH,2004-06-04,7.5100,7.6100,0.0131
600354.SH,2005-08-10,2.9100,2.9500,0.0136
600354.SH,2012-05-04,7.5400,16.5900,0.5455
600355.SH,2003-05-15,11.5500,23.5000,0.5085
600355.SH,2015-09-25,5.8600,11.7200,0.5000
600356.SH,2004-06-03,10.5900,10.7900,0.0185
600356.SH,2005-04-26,6.9300,7.0300,0.0142
600356.SH,2007-05-18,13.2800,13.4800,0.0148
600356.SH,2008-05-23,9.8400,9.9700,0.0130
600356.SH,2009-05-26,9.6600,9.8900,0.0233
600356.SH,2010-08-17,12.2000,12.5800,0.0302
600356.SH,2011-05-30,8.6500,10.4700,0.1738
600356.SH,2012-03-13,7.0400,7.1400,0.0140
600356.SH,2013-05-27,6.1000,6.2200,0.0193
600356.SH,2014-07-18,6.0500,6.1400,0.0147
600356.SH,2017-05-26,9.5500,9.6500,0.0104
600356.SH,2018-07-18,6.0300,6.1300,0.0163
600356.SH,2020-06-19,6.6300,6.7200,0.0134
600356.SH,2021-06-28,7.5800,7.7100,0.0169
600356.SH,2022-06-24,6.8200,6.9200,0.0145
600356.SH,2023-05-23,7.7700,7.9000,0.0165
600356.SH,2024-05-22,6.7500,6.8900,0.0203
600356.SH,2025-07-09,8.1600,8.2800,0.0145
600358.SH,2002-09-16,13.1700,19.7500,0.3332
600358.SH,2004-08-25,3.5700,6.4200,0.4439
600359.SH,2000-05-23,9.9200,10.1700,0.0246
600359.SH,2001-05-08,13.1500,13.4000,0.0187
600359.SH,2003-07-16,7.0400,7.1400,0.0140
600359.SH,2005-08-25,3.6600,3.8600,0.0518
600359.SH,2006-07-20,4.2900,4.3900,0.0228
600360.SH,2005-10-28,7.5400,15.0700,0.4997
600360.SH,2008-05-09,8.5900,17.1800,0.5000
600360.SH,2011-05-24,6.6900,8.7100,0.2319
600360.SH,2012-04-27,4.7400,4.7900,0.0104
600360.SH,2019-04-15,6.7000,7.5400,0.1114
600361.SH,2003-07-29,13.2900,13.4900,0.0148
600361.SH,2004-05-28,7.2300,14.6600,0.5068
600361.SH,2005-06-06,7.2200,7.4200,0.0270
600361.SH,2006-05-17,14.2200,18.4900,0.2309
600361.SH,2008-07-01,13.8800,18.0500,0.2310
600361.SH,2009-05-18,8.3800,8.4800,0.0118
600361.SH,2010-06-18,7.9300,8.0300,0.0125
600361.SH,2011-06-27,8.8800,9.0300,0.0166
600361.SH,2012-06-21,5.7800,5.8600,0.0137
600361.SH,2013-06-24,4.0800,4.1500,0.0169
600361.SH,2014-07-10,4.3500,4.4100,0.0136
600361.SH,2015-07-10,7.1200,7.2200,0.0139
600361.SH,2016-07-12,6.2500,6.5500,0.0458
600361.SH,2018-07-04,4.1700,4.2300,0.0142
600361.SH,2019-07-09,3.9800,4.0500,0.0173
600361.SH,2020-07-13,5.5000,5.5700,0.0126
600361.SH,2021-06-30,3.5600,3.6400,0.0220
600361.SH,2023-05-18,5.0600,5.1200,0.0117
600361.SH,2024-06-28,3.6600,3.7300,0.0188
600361.SH,2025-06-13,3.9000,3.9700,0.0176
600362.SH,2004-06-02,7.5800,7.7000,0.0156
600362.SH,2005-06-03,4.1300,4.2500,0.0282
600362.SH,2006-06-29,10.6300,10.8200,0.0176
600362.SH,2007-07-10,25.8300,26.2300,0.0152
600362.SH,2008-06-23,20.9100,21.2100,0.0141
600362.SH,2012-07-10,23.2100,23.7100,0.0211
600362.SH,2013-07-24,15.9900,16.4900,0.0303
600362.SH,2014-07-31,13.2000,13.7000,0.0365
600362.SH,2015-07-17,15.7000,15.9000,0.0126
600362.SH,2018-07-25,15.5300,15.7300,0.0127
600362.SH,2019-07-26,14.9100,15.1100,0.0132
600362.SH,2022-07-25,16.8700,17.3700,0.0288
600362.SH,2023-07-21,18.9800,19.4800,0.0257
600362.SH,2024-07-24,20.9300,21.5300,0.0279
600362.SH,2025-07-22,23.7000,24.4000,0.0287
600362.SH,2025-11-28,36.8800,37.2800,0.0107
600363.SH,2002-05-20,12.8500,19.3400,0.3356
600363.SH,2005-08-18,3.8900,3.9400,0.0127
600363.SH,2006-07-14,4.3500,6.5300,0.3338
600365.SH,2003-07-08,7.1600,7.2600,0.0138
600365.SH,2015-10-26,12.0100,24.0100,0.4998
600366.SH,2001-04-26,25.1400,37.8600,0.3360
600366.SH,2002-05-20,13.5700,20.5100,0.3384
600366.SH,2003-05-29,9.0000,9.1500,0.0164
600366.SH,2005-05-11,3.7500,3.9500,0.0506
600366.SH,2006-06-12,5.2800,6.9700,0.2425
600366.SH,2008-06-23,5.7700,5.9200,0.0253
600366.SH,2009-05-21,10.8100,10.9600,0.0137
600366.SH,2010-05-25,15.7200,15.9200,0.0126
600366.SH,2011-06-13,13.8000,18.0400,0.2350
600366.SH,2013-07-04,15.7900,16.0900,0.0186
600366.SH,2014-06-17,13.9500,14.1000,0.0106
600366.SH,2017-06-07,16.9100,17.1100,0.0117
600366.SH,2018-05-23,8.2300,15.1200,0.4557
600366.SH,2019-07-15,8.0700,8.1700,0.0122
600366.SH,2021-06-25,6.6600,6.7600,0.0148
600366.SH,2023-07-07,8.9800,9.0800,0.0110
600367.SH,2002-04-16,25.2800,33.0700,0.2356
600367.SH,2003-06-10,14.1300,19.9800,0.2928
600367.SH,2004-05-21,8.9500,14.4200,0.3793
600367.SH,2005-06-14,5.8200,5.9200,0.0169
600368.SH,2003-07-16,7.9000,7.9900,0.0113
600368.SH,2004-06-24,5.6700,5.7700,0.0173
600368.SH,2005-06-24,3.4000,3.4800,0.0230
600368.SH,2006-07-05,4.4600,4.5200,0.0133
600368.SH,2010-07-02,6.1800,6.2600,0.0128
600368.SH,2011-05-06,7.4100,7.5200,0.0146
600368.SH,2012-06-12,4.2400,6.4200,0.3396
600368.SH,2017-04-28,6.2700,6.3500,0.0126
600368.SH,2018-05-21,3.9000,5.4200,0.2804
600368.SH,2019-06-05,5.0900,5.2000,0.0212
600368.SH,2020-07-21,3.8300,3.9100,0.0205
600368.SH,2021-06-25,3.5400,3.6900,0.0407
600368.SH,2022-06-27,3.8300,4.0200,0.0473
600368.SH,2023-06-14,3.6600,4.0800,0.1029
600368.SH,2024-06-20,3.5300,4.6900,0.2473
600368.SH,2025-06-20,4.1800,4.3100,0.0302
600369.SH,2006-07-21,2.5200,3.5800,0.2961
600369.SH,2011-11-28,9.9700,10.5200,0.0523
600369.SH,2013-06-13,9.7200,9.8200,0.0102
600369.SH,2014-05-22,8.8100,8.9300,0.0134
600369.SH,2015-09-29,7.7500,15.6100,0.5035
600369.SH,2016-05-25,7.5800,7.7100,0.0169
600369.SH,2017-07-06,5.5100,5.6100,0.0178
600369.SH,2018-07-20,3.6700,3.7200,0.0134
600369.SH,2020-06-12,4.4200,4.5000,0.0178
600369.SH,2021-07-14,4.6400,4.7400,0.0211
600369.SH,2022-07-13,3.7800,3.8600,0.0207
600369.SH,2025-08-14,4.6600,4.7200,0.0127
600370.SH,2004-05-27,7.6500,7.8000,0.0192
600370.SH,2005-04-04,6.3800,6.5600,0.0274
600370.SH,2006-04-18,6.6100,6.8900,0.0406
600370.SH,2006-09-21,4.0200,7.2300,0.4440
600370.SH,2010-04-26,7.6700,7.7700,0.0129
600370.SH,2011-04-22,8.1300,8.2300,0.0122
600370.SH,2013-05-24,4.4900,4.5400,0.0110
600370.SH,2016-05-23,5.4500,13.6400,0.6004
600370.SH,2020-04-27,2.8800,2.9100,0.0103
600370.SH,2021-05-26,3.1300,3.2300,0.0310
600370.SH,2022-05-05,3.1300,3.2800,0.0457
600370.SH,2023-05-08,2.8400,2.9900,0.0502
600371.SH,2003-05-28,9.5900,14.8900,0.3559
600371.SH,2009-05-27,12.6200,12.8200,0.0156
600371.SH,2010-05-17,10.6100,11.8700,0.1061
600371.SH,2011-07-21,12.7500,12.9500,0.0154
600371.SH,2012-06-15,15.5500,15.8500,0.0189
600371.SH,2013-07-08,8.7700,10.7200,0.1819
600371.SH,2015-07-14,19.2400,21.2000,0.0925
600371.SH,2018-07-26,8.8800,9.0800,0.0220
600371.SH,2019-07-11,10.7500,10.9500,0.0183
600371.SH,2020-07-08,11.9500,15.6300,0.2354
600371.SH,2023-06-08,11.5100,11.7100,0.0171
600371.SH,2024-06-07,7.0600,7.2600,0.0275
600371.SH,2025-06-19,8.9800,9.1300,0.0164
600372.SH,2002-06-19,10.7000,10.8600,0.0147
600372.SH,2003-06-03,10.3200,10.4900,0.0162
600372.SH,2004-07-20,6.1700,6.2700,0.0159
600372.SH,2007-04-23,7.8200,7.5600,0.0344
600372.SH,2007-04-25,9.2400,8.4000,0.1000
600372.SH,2007-04-30,8.8500,9.1900,0.0370
600372.SH,2012-04-19,17.2800,27.6500,0.3750
600372.SH,2013-08-13,17.7400,23.1100,0.2324
600372.SH,2024-01-02,12.9412,13.1800,0.0181
600373.SH,2008-07-24,4.9900,7.5000,0.3347
600373.SH,2012-05-11,17.1000,17.9000,0.0447
600373.SH,2014-06-23,11.6600,21.1900,0.4497
600373.SH,2018-05-25,15.5700,15.9700,0.0250
600373.SH,2019-06-14,12.5200,13.0200,0.0384
600373.SH,2020-06-19,11.8800,12.3800,0.0404
600373.SH,2021-06-10,10.3600,10.9100,0.0504
600373.SH,2022-06-15,9.8600,10.5400,0.0645
600373.SH,2023-06-15,16.6200,17.3700,0.0432
600373.SH,2024-01-02,12.0684,13.1800,0.0843
600375.SH,2004-05-20,10.6100,16.2700,0.3479
600375.SH,2005-06-23,3.8200,4.0200,0.0498
600375.SH,2006-05-22,3.8100,5.8600,0.3498
600375.SH,2008-05-19,7.1700,7.2700,0.0138
600375.SH,2009-05-25,6.5700,6.6700,0.0150
600375.SH,2012-05-24,11.1300,11.5000,0.0322
600375.SH,2013-05-30,11.4000,11.7500,0.0298
600375.SH,2014-05-05,10.8500,11.1500,0.0269
600375.SH,2024-01-02,5.6854,6.0500,0.0603
600376.SH,2002-05-20,16.2100,26.1400,0.3799
600376.SH,2003-07-10,11.8400,12.0400,0.0166
600376.SH,2004-06-10,7.0900,7.2400,0.0207
600376.SH,2005-06-16,5.0900,5.1900,0.0193
600376.SH,2006-06-15,3.7100,5.6200,0.3399
600376.SH,2011-04-22,12.9200,16.9900,0.2396
600376.SH,2012-05-15,12.0800,12.2300,0.0123
600376.SH,2012-09-28,9.2300,9.3700,0.0149
600376.SH,2013-05-20,6.7000,10.2900,0.3489
600376.SH,2014-05-06,4.3800,4.5600,0.0395
600376.SH,2015-05-18,13.7600,14.0000,0.0171
600376.SH,2016-09-30,12.4900,12.7400,0.0196
600376.SH,2017-06-05,11.4300,11.7800,0.0297
600376.SH,2018-06-21,8.0200,8.6200,0.0696
600376.SH,2019-07-08,8.8800,9.2800,0.0431
600376.SH,2020-06-15,5.8600,6.2600,0.0639
600376.SH,2021-07-07,5.3500,5.7500,0.0696
600376.SH,2022-07-06,4.8200,4.9200,0.0203
600376.SH,2023-06-19,4.1100,4.2100,0.0238
600377.SH,2002-06-17,10.3800,10.5000,0.0114
600377.SH,2003-06-04,12.0700,12.2000,0.0107
600377.SH,2004-07-12,6.5500,6.6900,0.0209
600377.SH,2005-06-03,5.9800,6.1200,0.0229
600377.SH,2006-06-16,5.0400,5.1800,0.0270
600377.SH,2007-07-02,7.7400,7.9300,0.0240
600377.SH,2008-06-25,6.1700,6.4400,0.0419
600377.SH,2009-07-07,6.6200,6.8900,0.0392
600377.SH,2010-06-01,6.9400,7.2500,0.0428
600377.SH,2011-06-07,6.5200,6.8800,0.0523
600377.SH,2012-07-04,5.5400,5.9000,0.0610
600377.SH,2013-07-05,5.0500,5.4100,0.0665
600377.SH,2014-06-27,5.5100,5.8900,0.0645
600377.SH,2015-07-10,7.3800,7.7600,0.0490
600377.SH,2016-06-24,8.2200,8.6200,0.0464
600377.SH,2017-07-13,9.4700,9.8900,0.0425
600377.SH,2018-07-13,8.9300,9.3700,0.0470
600377.SH,2019-07-12,10.4700,10.9300,0.0421
600377.SH,2020-08-21,9.7200,10.1800,0.0452
600377.SH,2021-07-15,9.0600,9.5200,0.0483
600377.SH,2022-08-05,7.4500,7.9100,0.0582
600377.SH,2023-07-26,9.0900,9.5500,0.0482
600377.SH,2024-01-02,9.5641,10.2500,0.0669
600378.SH,2001-04-27,22.9100,29.8600,0.2328
600378.SH,2002-05-16,11.3900,14.8800,0.2345
600378.SH,2004-04-29,6.5200,6.6200,0.0151
600378.SH,2006-11-09,4.9100,6.1700,0.2042
600378.SH,2010-05-25,9.1300,10.0600,0.0924
600378.SH,2012-05-28,9.3500,10.3000,0.0922
600378.SH,2021-06-21,20.6500,20.9000,0.0120
600378.SH,2023-07-13,37.0200,37.6600,0.0170
600378.SH,2024-01-02,29.8005,30.4800,0.0223
600379.SH,2004-07-13,5.5500,5.6500,0.0177
600379.SH,2007-11-05,17.6200,19.9300,0.1159
600379.SH,2009-04-24,8.0300,9.6300,0.1661
600379.SH,2012-07-03,7.0000,7.7000,0.0909
600379.SH,2019-07-18,5.9800,8.4400,0.2915
600379.SH,2020-05-22,6.1300,6.2100,0.0129
600379.SH,2024-01-02,9.8438,10.0500,0.0205
600380.SH,2001-09-18,28.5000,28.8000,0.0104
600380.SH,2002-06-03,15.0500,22.8700,0.3419
600380.SH,2003-06-10,18.3400,18.6900,0.0187
600380.SH,2003-11-17,9.8400,14.7600,0.3333
600380.SH,2004-05-20,8.6900,8.8800,0.0214
600380.SH,2005-06-01,6.5700,6.6800,0.0165
600380.SH,2006-05-25,6.8200,6.9800,0.0229
600380.SH,2008-04-24,8.8300,16.0000,0.4481
600380.SH,2009-06-08,6.4800,6.6000,0.0182
600380.SH,2010-04-14,11.0900,13.3100,0.1668
600380.SH,2012-05-16,5.4000,6.4800,0.1667
600380.SH,2016-07-06,9.3300,9.4300,0.0106
600380.SH,2017-08-04,9.2300,9.3900,0.0170
600380.SH,2018-07-04,11.7300,11.9100,0.0151
600380.SH,2018-10-16,8.3600,9.2400,0.0952
600380.SH,2019-05-24,7.8100,7.9700,0.0201
600380.SH,2020-07-03,15.2200,15.3800,0.0104
600380.SH,2021-06-25,14.1300,14.2800,0.0105
600380.SH,2022-06-30,11.7600,11.9100,0.0126
600380.SH,2023-07-21,12.0700,12.2500,0.0147
600380.SH,2024-01-02,12.0212,12.4300,0.0329
600381.SH,2004-07-19,5.8800,11.7600,0.5000
600381.SH,2005-05-12,2.8900,3.7600,0.2314
600381.SH,2006-11-27,2.4800,2.6600,0.0677
600381.SH,2011-08-25,7.3700,11.0600,0.3336
600381.SH,2012-05-15,5.1200,8.7100,0.4122
600381.SH,2014-06-27,16.7500,2.0800,7.0529
600382.SH,2002-05-29,10.3200,10.4700,0.0143
600382.SH,2003-06-19,7.9600,8.1100,0.0185
600382.SH,2004-06-14,6.0300,6.1800,0.0243
600382.SH,2005-06-17,3.7300,3.7800,0.0132
600382.SH,2007-10-19,10.9000,21.7900,0.4998
600382.SH,2019-06-12,8.1900,10.7100,0.2353
600382.SH,2020-07-06,5.1400,6.7400,0.2374
600382.SH,2021-07-20,4.3100,4.4100,0.0227
600382.SH,2022-06-15,4.9500,5.8300,0.1509
600382.SH,2023-07-14,4.6000,4.9000,0.0612
600382.SH,2024-01-02,4.2578,4.5200,0.0580
600382.SH,2026-01-15,7.7300,7.9200,0.0240
600383.SH,2003-05-29,15.3300,15.5800,0.0160
600383.SH,2004-03-30,13.0100,13.3100,0.0225
600383.SH,2005-05-30,4.0600,7.6300,0.4679
600383.SH,2006-07-11,8.5700,8.7200,0.0172
600383.SH,2007-04-16,17.4500,17.6900,0.0136
600383.SH,2008-04-02,17.3400,34.7200,0.5006
600383.SH,2009-06-02,13.1800,17.2400,0.2355
600383.SH,2010-05-04,6.6900,12.1500,0.4494
600383.SH,2011-06-02,5.8400,5.9000,0.0102
600383.SH,2012-06-08,6.7800,6.8500,0.0102
600383.SH,2013-06-18,6.5600,6.6400,0.0120
600383.SH,2014-07-02,8.8400,9.0000,0.0178
600383.SH,2015-07-03,12.1900,12.3200,0.0106
600383.SH,2016-07-27,10.2800,10.7000,0.0393
600383.SH,2017-06-05,11.2300,11.9300,0.0587
600383.SH,2018-07-11,9.1500,9.6800,0.0548
600383.SH,2019-07-19,12.2400,12.8400,0.0467
600383.SH,2020-07-10,15.9400,16.6100,0.0403
600383.SH,2021-07-09,9.9400,10.6400,0.0658
600383.SH,2022-07-15,11.3900,12.0200,0.0524
600383.SH,2023-08-29,7.6600,7.8000,0.0179
600386.SH,2002-08-01,13.8900,14.0700,0.0128
600386.SH,2003-07-18,11.3100,11.6300,0.0275
600386.SH,2004-07-23,10.7700,10.9300,0.0146
600386.SH,2005-08-12,3.5400,5.7200,0.3811
600386.SH,2013-05-22,7.6500,7.9100,0.0329
600386.SH,2014-07-18,9.1900,9.4600,0.0285
600386.SH,2015-06-26,18.9900,19.2700,0.0145
600386.SH,2017-08-24,6.6200,13.3500,0.5041
600386.SH,2018-08-24,3.6600,3.7600,0.0266
600386.SH,2019-08-16,3.5800,3.6900,0.0298
600386.SH,2021-08-10,3.2200,3.3000,0.0242
600386.SH,2022-08-09,4.1300,4.2100,0.0190
600386.SH,2023-08-25,3.9100,3.9900,0.0201
600388.SH,2005-07-20,4.6500,4.7700,0.0252
600388.SH,2006-08-04,7.4500,7.5900,0.0184
600388.SH,2007-07-02,16.3100,16.6800,0.0222
600388.SH,2008-07-21,14.5700,14.9000,0.0221
600388.SH,2009-04-01,20.3400,20.7900,0.0216
600388.SH,2010-07-02,26.1800,26.6800,0.0187
600388.SH,2011-07-01,26.8500,27.3300,0.0176
600388.SH,2012-07-03,25.1200,25.6200,0.0195
600388.SH,2013-06-03,28.2400,56.8700,0.5034
600388.SH,2014-07-29,25.0000,25.3300,0.0130
600388.SH,2015-06-05,27.3700,68.7500,0.6019
600388.SH,2016-07-08,12.6600,12.8200,0.0125
600388.SH,2017-07-18,14.0200,14.2100,0.0134
600388.SH,2018-06-29,12.6300,12.8400,0.0164
600388.SH,2019-07-04,12.3900,12.5600,0.0135
600388.SH,2020-07-17,9.6900,9.8900,0.0202
600388.SH,2021-07-05,8.2400,8.4200,0.0214
600388.SH,2022-09-13,11.8400,12.0900,0.0207
600388.SH,2023-06-01,16.2600,16.4400,0.0109
600388.SH,2024-01-02,12.2818,12.7900,0.0397
600389.SH,2002-05-28,14.0100,16.8600,0.1690
600389.SH,2004-06-03,7.1500,7.9700,0.1029
600389.SH,2005-06-10,4.7500,4.8500,0.0206
600389.SH,2006-06-09,4.1900,4.2900,0.0233
600389.SH,2014-06-19,29.8100,30.2800,0.0155
600389.SH,2016-06-02,14.7200,22.1100,0.3342
600389.SH,2018-06-28,18.7500,19.0100,0.0137
600389.SH,2019-06-13,20.4700,20.8700,0.0192
600389.SH,2020-06-11,18.9200,19.2300,0.0161
600389.SH,2020-09-24,22.5200,23.5200,0.0425
600389.SH,2021-05-27,35.6900,36.1900,0.0138
600389.SH,2021-09-17,55.9000,56.9000,0.0176
600389.SH,2022-09-30,45.6200,48.6200,0.0617
600389.SH,2023-06-09,20.6400,30.1300,0.3150
600389.SH,2024-01-02,16.7675,17.4000,0.0364
600390.SH,2003-07-09,11.3200,11.4600,0.0122
600390.SH,2007-06-01,26.7700,40.1900,0.3339
600390.SH,2013-07-09,8.6000,17.2000,0.5000
600390.SH,2018-10-31,7.5600,7.7600,0.0258
600390.SH,2019-09-26,7.6000,9.3000,0.1828
600390.SH,2020-09-28,7.1600,7.2400,0.0110
600390.SH,2021-06-21,6.0200,6.1200,0.0163
600390.SH,2021-09-27,5.8800,6.1300,0.0408
600390.SH,2022-09-27,4.5200,4.6500,0.0280
600390.SH,2023-10-11,5.0600,5.1600,0.0194
600390.SH,2024-01-02,4.5227,4.6800,0.0336
600391.SH,2002-05-13,16.3800,16.5900,0.0127
600391.SH,2003-08-28,9.0000,9.1700,0.0185
600391.SH,2004-05-13,8.5200,8.6700,0.0173
600391.SH,2009-05-19,19.1500,19.4100,0.0134
600391.SH,2012-06-25,9.8500,17.7900,0.4463
600392.SH,2004-06-30,12.7700,12.9200,0.0116
600392.SH,2005-07-18,6.5900,9.9400,0.3370
600392.SH,2007-10-12,13.3500,19.3900,0.3115
600392.SH,2015-09-30,10.7600,27.0900,0.6028
600392.SH,2018-07-02,12.4600,16.2300,0.2323
600395.SH,2003-08-11,6.8500,6.9500,0.0144
600395.SH,2004-06-22,6.9600,7.0600,0.0142
600395.SH,2005-06-17,4.0000,4.1000,0.0244
600395.SH,2006-07-28,6.6000,6.7000,0.0149
600395.SH,2007-06-26,7.6200,7.7400,0.0155
600395.SH,2008-07-28,15.8900,25.5600,0.3783
600395.SH,2009-06-15,25.3600,25.9400,0.0224
600395.SH,2010-07-12,18.3400,18.7900,0.0239
600395.SH,2011-07-18,36.1500,37.0000,0.0230
600395.SH,2012-07-16,19.3800,29.9200,0.3523
600395.SH,2013-07-11,8.7900,9.2400,0.0487
600395.SH,2014-07-24,6.4900,6.7900,0.0442
600395.SH,2015-07-29,15.5500,15.7100,0.0102
600395.SH,2017-07-21,8.3600,8.6000,0.0279
600395.SH,2018-08-20,5.8300,6.1800,0.0566
600395.SH,2019-07-29,5.6100,6.0100,0.0666
600395.SH,2020-08-06,6.1300,6.5300,0.0613
600395.SH,2021-07-27,7.4000,7.8000,0.0513
600395.SH,2022-07-14,8.1900,8.5900,0.0466
600395.SH,2023-08-10,6.5000,6.9100,0.0593
600395.SH,2024-08-14,5.5100,5.7900,0.0484
600396.SH,2004-05-27,7.7600,13.2400,0.4139
600396.SH,2007-09-13,20.7500,26.9800,0.2309
600396.SH,2013-07-25,6.4300,6.5300,0.0153
600396.SH,2014-05-16,5.2600,10.6700,0.5070
600396.SH,2015-07-15,8.7200,8.8200,0.0113
600397.SH,2003-07-01,7.8100,7.9100,0.0126
600397.SH,2004-07-01,6.1900,6.3300,0.0221
600397.SH,2005-07-05,3.8000,3.8500,0.0130
600397.SH,2006-08-30,4.9300,6.0300,0.1824
600397.SH,2012-11-05,13.5900,14.0900,0.0355
600397.SH,2013-05-17,5.7600,11.5100,0.4996
600397.SH,2014-06-24,3.7100,4.2100,0.1188
600398.SH,2001-09-28,13.9600,23.7300,0.4117
600398.SH,2002-04-16,14.8000,19.2600,0.2316
600398.SH,2004-06-15,6.6100,6.7100,0.0149
600398.SH,2005-05-24,4.7600,4.8600,0.0206
600398.SH,2006-04-19,4.3200,4.4000,0.0182
600398.SH,2008-06-17,3.9700,7.9300,0.4994
600398.SH,2009-06-16,4.8300,4.8800,0.0102
600398.SH,2011-04-27,5.8400,5.9400,0.0168
600398.SH,2012-06-01,4.1800,4.2300,0.0118
600398.SH,2013-07-01,3.0500,3.1000,0.0161
600398.SH,2014-05-21,8.3300,8.5200,0.0223
600398.SH,2015-04-30,16.2300,16.6100,0.0229
600398.SH,2016-05-31,11.0300,11.3600,0.0290
600398.SH,2017-04-19,10.5100,11.0000,0.0445
600398.SH,2018-06-08,13.4500,13.9300,0.0345
600398.SH,2019-05-15,8.5900,8.9700,0.0424
600398.SH,2020-07-08,6.2100,6.4800,0.0417
600398.SH,2021-06-17,7.0800,7.3400,0.0354
600398.SH,2022-06-29,4.8100,5.3200,0.0959
600398.SH,2023-06-06,6.3900,6.8200,0.0630
600398.SH,2024-06-06,9.0700,9.6300,0.0582
600398.SH,2024-09-05,5.7600,5.9900,0.0384
600398.SH,2025-07-10,7.2800,7.4600,0.0241
600399.SH,2015-06-10,16.6000,41.5500,0.6005
600399.SH,2024-06-19,5.8400,5.9000,0.0102
600400.SH,2003-06-24,9.2900,9.3900,0.0106
600400.SH,2004-05-14,9.4200,9.5200,0.0105
600400.SH,2005-05-27,3.5300,5.0500,0.3010
600400.SH,2006-05-31,2.8900,3.7600,0.2314
600400.SH,2007-06-25,6.6600,7.3400,0.0926
600400.SH,2011-06-20,6.0200,7.8800,0.2360
600400.SH,2016-03-29,10.1900,20.4300,0.5012
600400.SH,2017-05-24,6.5500,7.3000,0.1027
600400.SH,2018-05-08,4.3900,6.3500,0.3087
600400.SH,2019-05-23,3.7500,3.8000,0.0132
600400.SH,2020-06-12,3.3500,3.4000,0.0147
600400.SH,2021-06-10,2.9500,3.0600,0.0359
600400.SH,2022-05-31,3.7700,3.8300,0.0157
600403.SH,2004-09-08,9.8800,17.7800,0.4443
600403.SH,2012-04-11,25.6900,26.3900,0.0265
600403.SH,2013-06-17,11.2000,22.8500,0.5098
600403.SH,2014-07-04,5.3000,5.4500,0.0275
600403.SH,2018-06-13,4.1600,4.2200,0.0142
600403.SH,2019-08-02,3.8100,3.8900,0.0206
600403.SH,2022-05-12,4.7800,5.1300,0.0682
600403.SH,2023-04-27,4.8400,5.2700,0.0816
600405.SH,2005-07-14,4.9600,6.1000,0.1869
600405.SH,2007-06-25,13.3200,26.6800,0.5007
600405.SH,2011-07-05,8.4500,10.1900,0.1708
600405.SH,2014-07-17,9.7200,14.6300,0.3356
600405.SH,2017-06-08,7.2400,8.2100,0.1181
600406.SH,2004-04-02,16.6300,25.1500,0.3388
600406.SH,2004-10-14,12.4900,16.2400,0.2309
600406.SH,2005-05-19,12.1000,12.3000,0.0163
600406.SH,2007-03-27,23.7300,28.4700,0.1665
600406.SH,2008-04-03,18.4800,18.6800,0.0107
600406.SH,2010-03-24,31.7300,63.6100,0.5012
600406.SH,2011-03-25,34.6400,69.3800,0.5007
600406.SH,2012-04-05,20.9800,31.5700,0.3354
600406.SH,2013-06-06,16.0600,22.6900,0.2922
600406.SH,2016-05-31,12.8200,13.0900,0.0206
600406.SH,2017-06-22,16.9000,17.2000,0.0174
600406.SH,2018-06-29,15.4500,15.8100,0.0228
600406.SH,2019-07-23,17.8500,18.2200,0.0203
600406.SH,2020-07-09,21.9300,22.2200,0.0131
600406.SH,2021-06-23,23.0800,28.1100,0.1789
600406.SH,2022-06-22,26.8900,32.6800,0.1772
600406.SH,2023-06-21,22.9800,27.9700,0.1784
600406.SH,2024-06-14,23.6000,24.1400,0.0224
600406.SH,2025-06-27,22.3000,22.7300,0.0189
600408.SH,2004-07-16,7.1600,12.2200,0.4141
600408.SH,2005-06-01,6.3000,6.4200,0.0187
600408.SH,2006-08-22,4.1500,4.2500,0.0235
600408.SH,2008-03-28,11.1200,20.0100,0.4443
600409.SH,2004-06-11,6.0100,6.1100,0.0164
600409.SH,2005-07-01,4.3400,5.3600,0.1903
600409.SH,2006-05-31,3.0900,4.1500,0.2554
600409.SH,2008-06-11,10.4100,16.9000,0.3840
600409.SH,2011-04-22,10.3400,10.4600,0.0115
600409.SH,2012-07-23,5.5500,5.6700,0.0212
600409.SH,2012-09-28,3.7300,5.5900,0.3327
600409.SH,2014-06-18,4.4000,4.4800,0.0179
600409.SH,2015-07-08,7.6000,7.6800,0.0104
600409.SH,2016-06-23,6.3600,6.4400,0.0124
600409.SH,2017-05-17,9.1100,9.2300,0.0130
600409.SH,2018-06-06,9.9400,10.2100,0.0264
600409.SH,2019-06-12,5.7600,5.9900,0.0384
600409.SH,2020-07-08,5.0500,5.2200,0.0326
600409.SH,2021-06-18,10.0000,10.2400,0.0234
600409.SH,2022-05-19,6.5000,6.7400,0.0356
600409.SH,2023-06-14,5.1700,5.3200,0.0282
600409.SH,2024-06-24,5.0500,5.1300,0.0156
600409.SH,2025-06-25,4.7900,4.8600,0.0144
600410.SH,2005-05-18,14.9300,19.9100,0.2501
600410.SH,2006-04-21,20.2400,30.8600,0.3441
600410.SH,2007-04-20,24.1400,43.8300,0.4492
600410.SH,2008-05-08,13.8300,16.7900,0.1763
600410.SH,2009-05-08,11.3600,12.6600,0.1027
600410.SH,2010-06-04,12.2700,13.6500,0.1011
600410.SH,2012-06-12,9.1300,11.0800,0.1760
600410.SH,2013-07-03,6.2000,6.3000,0.0159
600410.SH,2016-05-11,10.3100,14.4800,0.2880
600415.SH,2005-06-29,23.6800,23.9800,0.0125
600415.SH,2006-12-01,67.2200,69.0900,0.0271
600415.SH,2008-09-08,42.5400,85.0700,0.4999
600415.SH,2009-05-27,34.2800,68.7500,0.5014
600415.SH,2010-04-27,23.5300,47.0600,0.5000
600415.SH,2011-06-24,11.7200,23.4400,0.5000
600415.SH,2012-06-07,8.5900,8.6900,0.0115
600415.SH,2013-06-25,5.2700,5.3700,0.0186
600415.SH,2014-07-11,4.9500,5.0500,0.0198
600415.SH,2015-05-12,13.6800,27.4800,0.5022
600415.SH,2018-07-11,4.2700,4.3500,0.0184
600415.SH,2019-06-26,4.1500,4.2100,0.0143
600415.SH,2022-06-10,5.2900,5.3600,0.0131
600415.SH,2024-01-02,7.0081,7.3200,0.0426
600416.SH,2003-05-28,9.6400,9.8600,0.0223
600416.SH,2004-06-03,7.3600,7.5100,0.0200
600416.SH,2005-04-22,4.8800,5.0700,0.0375
600416.SH,2006-05-19,9.1500,9.3500,0.0214
600416.SH,2010-08-31,22.9000,25.6900,0.1086
600416.SH,2011-06-13,12.9100,25.8200,0.5000
600416.SH,2012-06-05,7.1800,7.2800,0.0137
600418.SH,2002-06-14,12.0100,12.2100,0.0164
600418.SH,2003-05-30,14.7900,15.0400,0.0166
600418.SH,2004-04-27,17.1000,17.5800,0.0273
600418.SH,2004-10-28,6.4000,11.5200,0.4444
600418.SH,2005-05-27,6.5500,6.8300,0.0410
600418.SH,2005-12-14,4.6200,7.4100,0.3765
600418.SH,2006-05-31,5.2200,5.4000,0.0333
600418.SH,2007-07-05,8.5800,10.4400,0.1782
600418.SH,2008-06-20,3.9000,3.9800,0.0201
600418.SH,2010-06-22,6.9400,7.0400,0.0142
600418.SH,2011-05-20,10.9000,11.1000,0.0180
600418.SH,2012-06-19,6.0400,6.1900,0.0242
600418.SH,2013-07-18,7.5500,7.6600,0.0144
600418.SH,2014-05-21,10.2000,10.4200,0.0211
600418.SH,2015-07-16,10.2500,10.3600,0.0106
600418.SH,2016-06-02,11.0300,11.2100,0.0161
600418.SH,2017-06-27,10.3600,10.5500,0.0180
600418.SH,2018-06-29,6.3500,6.4200,0.0109
600419.SH,2018-05-28,25.1200,50.5200,0.5028
600419.SH,2019-06-06,13.5500,13.7200,0.0124
600419.SH,2020-01-14,13.2900,15.1000,0.1199
600419.SH,2020-07-03,14.5600,14.7200,0.0109
600419.SH,2021-06-11,13.2900,13.4500,0.0119
600419.SH,2022-07-08,13.6200,13.7600,0.0102
600419.SH,2023-06-19,17.6700,17.8500,0.0101
600419.SH,2024-01-02,11.5123,11.7300,0.0186
600420.SH,2005-06-15,7.0300,10.7500,0.3460
600420.SH,2006-05-25,7.0600,14.3100,0.5066
600420.SH,2008-04-11,8.9800,9.9800,0.1002
600420.SH,2017-05-25,16.6600,33.5800,0.5039
600420.SH,2019-06-26,8.8800,8.9800,0.0111
600420.SH,2020-06-24,9.6500,9.7500,0.0103
600420.SH,2021-06-25,9.8200,9.9200,0.0101
600420.SH,2022-07-29,9.3000,9.4000,0.0106
600420.SH,2024-01-02,9.3474,9.7900,0.0452
600421.SH,2005-07-20,3.2900,3.9500,0.1671
600421.SH,2006-06-30,5.0800,6.0900,0.1658
600422.SH,2002-05-31,18.7100,18.9800,0.0142
600422.SH,2003-07-09,15.7800,16.1000,0.0199
600422.SH,2004-07-21,10.6100,17.2200,0.3839
600422.SH,2005-04-18,7.1500,14.4400,0.5048
600422.SH,2011-04-13,13.1200,13.2700,0.0113
600422.SH,2012-04-18,14.2500,14.4500,0.0138
600422.SH,2013-05-27,23.7600,24.0600,0.0125
600422.SH,2014-06-20,22.4400,22.7900,0.0154
600422.SH,2016-05-09,14.3600,29.1300,0.5070
600422.SH,2017-05-19,11.0000,11.1800,0.0161
600422.SH,2019-06-18,9.5900,9.6900,0.0103
600422.SH,2020-06-10,9.6700,9.8700,0.0203
600422.SH,2021-06-23,8.8200,9.0500,0.0254
600422.SH,2022-05-30,11.4800,11.7500,0.0230
600422.SH,2024-01-02,20.1555,20.8600,0.0338
600423.SH,2004-06-21,5.7600,7.6400,0.2461
600423.SH,2005-04-12,8.1300,8.2800,0.0181
600423.SH,2006-04-18,6.6200,6.7200,0.0149
600423.SH,2008-04-10,15.4100,18.5400,0.1688
600423.SH,2010-05-26,9.1100,13.7700,0.3384
600423.SH,2012-06-18,6.8700,6.9700,0.0143
600423.SH,2013-06-25,4.2900,4.3500,0.0138
600423.SH,2018-12-18,4.4500,4.8300,0.0787
600425.SH,2004-05-24,6.2200,6.3500,0.0205
600425.SH,2005-06-23,3.2600,3.3900,0.0383
600425.SH,2006-06-30,4.4300,4.4800,0.0112
600425.SH,2007-06-25,9.7800,9.8800,0.0101
600425.SH,2008-07-15,7.4400,11.2800,0.3404
600425.SH,2009-05-18,12.4900,12.6900,0.0158
600425.SH,2010-08-31,19.6700,23.6500,0.1683
600425.SH,2011-05-24,21.9100,22.3100,0.0179
600425.SH,2012-09-18,10.0000,10.3500,0.0338
600425.SH,2013-06-04,4.8800,9.8500,0.5046
600425.SH,2022-06-17,4.1100,4.2700,0.0375
600425.SH,2023-06-21,4.7100,4.8100,0.0208
600425.SH,2024-01-02,3.7416,3.9500,0.0528
600426.SH,2003-05-30,9.8000,9.9200,0.0121
600426.SH,2004-06-18,10.2000,10.3500,0.0145
600426.SH,2005-03-22,9.6900,14.6300,0.3377
600426.SH,2006-06-13,7.4900,7.5900,0.0132
600426.SH,2007-11-05,21.3200,31.9800,0.3333
600426.SH,2011-08-12,11.3100,17.0700,0.3374
600426.SH,2013-07-04,5.5600,5.7100,0.0263
600426.SH,2014-05-26,6.8300,6.9100,0.0116
600426.SH,2016-06-23,8.8500,11.6100,0.2377
600426.SH,2017-06-08,11.0100,14.4100,0.2359
600426.SH,2019-06-13,13.9800,14.1800,0.0141
600426.SH,2020-06-18,18.9800,19.3300,0.0181
600426.SH,2021-05-21,28.0700,36.7900,0.2370
600426.SH,2022-06-08,28.9100,29.7100,0.0269
600426.SH,2023-06-07,30.0300,30.8300,0.0259
600426.SH,2024-01-02,26.0268,27.5900,0.0567
600428.SH,2003-06-12,8.5000,8.6300,0.0151
600428.SH,2003-10-16,7.4000,7.5000,0.0133
600428.SH,2004-07-14,9.8500,12.8100,0.2311
600428.SH,2005-05-16,9.3800,13.4300,0.3016
600428.SH,2005-10-10,8.7200,9.0700,0.0386
600428.SH,2006-06-15,6.6200,6.8200,0.0293
600428.SH,2007-07-19,22.0200,22.4200,0.0178
600428.SH,2008-05-22,38.8000,39.5000,0.0177
600428.SH,2008-09-23,9.4500,19.1000,0.5052
600428.SH,2009-07-06,10.7700,10.9700,0.0182
600428.SH,2011-01-13,7.8600,8.5500,0.0807
600428.SH,2022-08-03,4.8100,4.8600,0.0103
600428.SH,2023-06-15,6.6700,6.8300,0.0234
600428.SH,2024-01-02,4.9286,5.3600,0.0805
600429.SH,2022-05-26,4.8100,4.8600,0.0103
600429.SH,2024-01-02,4.3921,4.4600,0.0152
600433.SH,2004-07-02,6.3800,6.5300,0.0230
600433.SH,2005-07-07,3.3700,3.4700,0.0288
600433.SH,2010-04-26,12.3900,16.1400,0.2323
600433.SH,2011-04-13,9.6800,11.6500,0.1691
600433.SH,2012-05-30,8.1300,11.4400,0.2893
600433.SH,2013-04-22,15.9300,31.9800,0.5019
600433.SH,2022-05-26,3.2600,3.3300,0.0210
600433.SH,2023-05-24,3.5500,3.8000,0.0658
600433.SH,2024-01-02,3.3928,3.4600,0.0194
600435.SH,2004-06-15,9.1800,9.2800,0.0108
600435.SH,2005-07-15,4.7000,4.7500,0.0105
600435.SH,2006-06-16,6.2300,10.0200,0.3782
600435.SH,2009-02-24,18.4200,36.8300,0.4999
600435.SH,2010-03-17,15.2900,23.1300,0.3390
600435.SH,2016-06-27,12.5000,25.0500,0.5010
600436.SH,2004-05-28,10.5000,10.9200,0.0385
600436.SH,2005-05-30,14.3800,14.6400,0.0178
600436.SH,2006-04-27,26.9700,27.4700,0.0182
600436.SH,2007-05-28,38.3200,38.7200,0.0103
600436.SH,2008-07-04,24.6000,25.1000,0.0199
600436.SH,2009-06-11,25.5400,26.0900,0.0211
600436.SH,2010-06-22,41.6900,42.1900,0.0119
600436.SH,2011-06-23,58.8800,59.5800,0.0117
600436.SH,2013-07-01,123.8200,136.8200,0.0950
600436.SH,2014-06-26,74.6900,75.7900,0.0145
600436.SH,2015-06-04,89.6000,224.8900,0.6016
600436.SH,2016-05-24,38.6900,58.3800,0.3373
600436.SH,2024-01-02,234.6250,241.9900,0.0304
600438.SH,2005-07-08,8.9500,9.3000,0.0376
600438.SH,2006-05-22,8.4800,17.0200,0.5018
600438.SH,2007-05-22,15.7500,31.5300,0.5005
600438.SH,2013-05-22,6.1100,6.2100,0.0161
600438.SH,2014-06-17,9.3000,9.6000,0.0312
600438.SH,2015-05-19,19.0000,19.2000,0.0104
600438.SH,2016-05-19,6.3300,12.7700,0.5043
600438.SH,2017-06-15,5.3400,5.4200,0.0148
600438.SH,2018-05-04,12.2400,12.4000,0.0129
600438.SH,2019-05-23,15.0800,15.2400,0.0105
600438.SH,2020-05-26,13.0300,13.2200,0.0144
600438.SH,2022-05-30,43.7600,44.6700,0.0204
600438.SH,2023-05-31,34.3700,37.2300,0.0768
600438.SH,2024-01-02,23.9885,25.0300,0.0416
600439.SH,2004-05-21,14.0600,15.8700,0.1141
600439.SH,2005-05-20,10.0600,13.2800,0.2425
600439.SH,2006-06-19,9.5400,11.6500,0.1811
600439.SH,2007-04-12,30.1900,37.9400,0.2043
600439.SH,2008-04-11,19.0800,38.2500,0.5012
600439.SH,2009-05-26,8.0100,10.4800,0.2357
600439.SH,2010-04-16,11.9300,14.4000,0.1715
600439.SH,2012-06-04,6.2400,7.5900,0.1779
600439.SH,2013-06-03,4.0400,4.1200,0.0194
600439.SH,2014-05-16,4.0100,4.0900,0.0196
600439.SH,2017-06-09,5.9200,7.1600,0.1732
600439.SH,2018-06-19,4.2400,4.2900,0.0117
600439.SH,2019-07-12,3.3200,3.3700,0.0148
600444.SH,2008-06-11,15.9700,23.9500,0.3332
600444.SH,2019-07-08,11.8500,11.9800,0.0109
600444.SH,2020-05-25,9.2400,9.3900,0.0160
600444.SH,2021-07-20,12.5100,12.6600,0.0118
600444.SH,2024-01-02,14.7848,15.0000,0.0143
600446.SH,2005-06-27,8.2300,8.4800,0.0295
600446.SH,2006-08-24,8.8500,17.7000,0.5000
600446.SH,2009-05-22,10.9000,11.1500,0.0224
600446.SH,2011-09-23,7.6000,14.4400,0.4737
600446.SH,2012-08-23,6.2400,6.3400,0.0158
600446.SH,2015-09-17,33.8100,101.5500,0.6671
600448.SH,2002-07-31,8.2300,8.3300,0.0120
600448.SH,2006-06-29,3.5500,4.6400,0.2349
600448.SH,2020-06-11,4.1600,4.9900,0.1663
600449.SH,2004-05-24,7.4300,7.5500,0.0159
600449.SH,2005-05-23,4.2200,4.3700,0.0343
600449.SH,2006-06-06,8.0300,8.1800,0.0183
600449.SH,2006-08-15,5.1500,6.0400,0.1474
600449.SH,2007-06-06,9.8300,9.9800,0.0150
600449.SH,2008-04-01,15.4600,15.6400,0.0115
600449.SH,2009-05-25,23.8200,24.0700,0.0104
600449.SH,2012-05-21,10.6300,21.7100,0.5104
600449.SH,2014-05-22,7.5700,7.7600,0.0245
600449.SH,2015-06-05,15.1200,15.3000,0.0118
600449.SH,2018-05-31,8.8700,9.0900,0.0242
600449.SH,2019-05-31,8.2400,8.5400,0.0351
600449.SH,2020-05-29,12.6700,13.1800,0.0387
600449.SH,2021-05-31,12.8800,13.5500,0.0494
600449.SH,2022-05-30,12.4400,12.9800,0.0416
600449.SH,2023-05-30,15.0000,15.3900,0.0253
600449.SH,2024-01-02,17.3071,17.9300,0.0347
600452.SH,2005-05-25,4.3500,4.5500,0.0440
600452.SH,2006-05-24,4.1700,4.3700,0.0458
600452.SH,2007-06-11,8.9300,9.1300,0.0219
600452.SH,2008-04-30,6.5700,6.7700,0.0295
600452.SH,2016-06-17,33.3200,33.6700,0.0104
600452.SH,2018-07-05,18.4400,26.0100,0.2910
600452.SH,2019-06-19,17.2700,24.4000,0.2922
600452.SH,2020-06-23,14.1200,19.9900,0.2936
600452.SH,2021-05-27,14.6000,20.6600,0.2933
600452.SH,2022-06-28,11.8300,14.3500,0.1756
600452.SH,2023-07-11,17.6900,21.4100,0.1738
600452.SH,2024-01-02,9.1975,13.2000,0.3032
600456.SH,2003-05-28,12.2300,12.3800,0.0121
600456.SH,2004-06-14,9.2800,9.5300,0.0262
600456.SH,2005-05-25,8.5200,8.7200,0.0229
600456.SH,2006-09-20,28.3900,51.1100,0.4445
600456.SH,2008-07-07,24.2400,24.7100,0.0190
600456.SH,2009-06-15,23.9500,24.2000,0.0103
600456.SH,2010-05-07,23.6100,23.8600,0.0105
600456.SH,2021-07-29,45.8600,46.9100,0.0224
600456.SH,2022-08-17,54.0300,54.8800,0.0155
600456.SH,2023-08-24,28.7100,29.1600,0.0154
600456.SH,2024-01-02,30.5781,31.3900,0.0259
600458.SH,2004-03-03,10.3800,20.8100,0.5012
600458.SH,2006-06-26,4.3800,5.3000,0.1736
600458.SH,2011-04-19,23.2700,51.3000,0.5464
600458.SH,2013-06-14,11.6500,12.5100,0.0687
600458.SH,2021-06-18,8.2600,8.3800,0.0143
600458.SH,2023-06-26,11.5000,11.6300,0.0112
600458.SH,2024-01-02,8.8332,9.2100,0.0409
600459.SH,2005-05-26,6.2800,6.4800,0.0309
600459.SH,2008-05-08,28.7600,37.4200,0.2314
600459.SH,2011-05-13,25.9800,33.8500,0.2325
600459.SH,2013-03-20,20.4800,21.5900,0.0514
600459.SH,2014-06-19,15.4300,20.1800,0.2354
600459.SH,2018-06-01,13.7900,18.0700,0.2369
600459.SH,2019-03-01,13.5400,14.4900,0.0656
600459.SH,2021-06-21,23.0900,30.2500,0.2367
600459.SH,2022-07-04,17.6400,17.8400,0.0112
600459.SH,2022-12-22,14.3300,15.3600,0.0671
600459.SH,2023-07-05,15.2900,15.4600,0.0110
600459.SH,2024-01-02,13.9374,14.3600,0.0294
600460.SH,2004-04-26,20.5200,41.2300,0.5023
600460.SH,2006-04-28,7.5600,15.2200,0.5033
600460.SH,2012-06-11,5.0700,10.2300,0.5044
600460.SH,2014-05-21,5.3800,6.9900,0.2303
600461.SH,2005-07-05,4.8300,4.9300,0.0203
600461.SH,2006-06-12,5.0100,5.1100,0.0196
600461.SH,2008-07-01,6.9400,7.0400,0.0142
600461.SH,2011-06-02,10.3700,15.6500,0.3374
600461.SH,2012-05-22,8.3200,8.5200,0.0235
600461.SH,2013-05-24,7.7600,7.8600,0.0127
600461.SH,2014-06-19,8.1400,8.2600,0.0145
600461.SH,2015-07-24,12.9500,13.1000,0.0115
600461.SH,2016-09-27,8.2200,14.9300,0.4494
600461.SH,2017-07-07,7.1200,7.3000,0.0247
600461.SH,2019-07-08,6.1400,6.3100,0.0269
600461.SH,2020-07-09,6.6800,6.9400,0.0375
600461.SH,2021-07-09,6.8600,7.2800,0.0577
600461.SH,2022-07-07,7.5500,8.0500,0.0621
600461.SH,2023-07-04,7.9000,8.3300,0.0516
600461.SH,2024-01-02,8.3844,9.1400,0.0827
600463.SH,2005-05-25,4.8100,5.0100,0.0399
600463.SH,2006-05-22,5.5300,5.6500,0.0212
600463.SH,2007-04-25,13.0100,13.1600,0.0114
600463.SH,2008-05-12,9.1300,16.4700,0.4457
600463.SH,2009-05-21,7.0100,7.1500,0.0196
600463.SH,2010-04-20,8.2700,8.3700,0.0119
600463.SH,2011-05-17,7.6700,7.7500,0.0103
600463.SH,2012-06-19,6.0100,6.1100,0.0164
600463.SH,2013-06-17,6.6600,6.7600,0.0148
600463.SH,2014-05-26,7.3300,7.4300,0.0135
600467.SH,2005-04-12,7.3000,7.4000,0.0135
600467.SH,2006-05-10,7.7400,7.8400,0.0128
600467.SH,2006-06-06,8.6900,9.5600,0.0910
600467.SH,2006-09-15,6.0000,12.0000,0.5000
600467.SH,2007-09-11,14.8500,23.7900,0.3758
600467.SH,2013-05-09,6.3200,6.4100,0.0140
600467.SH,2016-06-03,4.1500,8.3100,0.5006
600467.SH,2024-01-02,2.3537,2.3800,0.0111
600468.SH,2004-08-16,4.9800,7.9600,0.3744
600468.SH,2006-05-30,4.7500,7.1200,0.3329
600468.SH,2007-05-28,14.4300,17.4100,0.1712
600468.SH,2010-04-19,17.5600,21.0700,0.1666
600468.SH,2011-09-21,17.7300,21.3000,0.1676
600468.SH,2017-06-14,6.5000,9.7800,0.3354
600468.SH,2019-06-28,4.4800,6.1900,0.2763
600469.SH,2004-06-30,6.9000,7.2000,0.0417
600469.SH,2006-08-24,4.1900,4.3100,0.0278
600469.SH,2012-06-11,9.2500,9.3500,0.0107
600469.SH,2013-06-18,8.8100,8.9100,0.0112
600469.SH,2014-07-25,9.3800,9.4800,0.0105
600469.SH,2016-06-28,11.2400,17.8600,0.3707
600469.SH,2017-05-26,7.4100,7.5100,0.0133
600469.SH,2020-05-22,4.6300,4.6800,0.0107
600469.SH,2021-07-15,4.7900,4.8500,0.0124
600469.SH,2024-01-02,5.8327,6.1700,0.0547
600470.SH,2004-05-20,7.6600,7.8100,0.0192
600470.SH,2005-05-19,6.8000,7.0200,0.0313
600470.SH,2006-06-15,6.7600,6.9300,0.0245
600470.SH,2009-06-02,9.9800,10.1000,0.0119
600470.SH,2011-06-16,8.5400,13.8100,0.3816
600470.SH,2013-06-20,7.1600,7.2600,0.0138
600470.SH,2014-06-20,5.7400,5.8400,0.0171
600470.SH,2016-06-08,7.1700,7.2500,0.0110
600470.SH,2018-06-22,3.4700,3.5200,0.0142
600475.SH,2005-07-05,5.2500,8.6000,0.3895
600475.SH,2005-10-19,6.7600,6.9800,0.0315
600475.SH,2007-06-25,19.4500,19.7300,0.0142
600475.SH,2008-07-03,8.7800,9.0300,0.0277
600475.SH,2009-05-22,15.4600,15.7100,0.0159
600475.SH,2018-07-04,10.5900,10.7100,0.0112
600475.SH,2019-07-05,11.5100,11.7400,0.0196
600475.SH,2020-09-11,12.5000,12.7500,0.0196
600475.SH,2021-06-01,10.5000,14.0000,0.2500
600475.SH,2022-05-30,8.0200,10.7800,0.2560
600475.SH,2023-06-01,10.6000,10.9500,0.0320
600475.SH,2024-01-02,9.6148,10.4000,0.0755
600476.SH,2007-06-14,24.5800,29.4900,0.1665
600476.SH,2008-05-22,7.8200,10.1700,0.2311
600477.SH,2004-04-26,12.8500,25.8400,0.5027
600477.SH,2005-04-15,5.3900,8.7300,0.3826
600477.SH,2009-07-01,7.4300,9.7200,0.2356
600477.SH,2010-07-14,6.4300,7.7500,0.1703
600477.SH,2011-07-06,7.5300,9.0600,0.1689
600477.SH,2015-06-04,14.3800,18.7600,0.2335
600477.SH,2016-06-13,7.2300,9.4600,0.2357
600477.SH,2017-07-03,11.6800,15.2600,0.2346
600477.SH,2018-05-23,6.4000,8.4900,0.2462
600477.SH,2019-06-11,3.2300,3.9700,0.1864
600477.SH,2020-05-06,3.8100,3.9100,0.0256
600477.SH,2021-04-30,3.7700,3.8700,0.0258
600477.SH,2022-07-08,4.9100,4.9700,0.0121
600477.SH,2024-01-02,3.1202,3.2900,0.0516
600478.SH,2004-06-21,7.6500,7.8000,0.0192
600478.SH,2005-06-10,3.9300,4.0500,0.0296
600478.SH,2008-08-19,7.9900,14.5000,0.4490
600478.SH,2014-07-08,15.4200,23.1300,0.3333
600478.SH,2015-05-18,21.2700,38.2800,0.4444
600478.SH,2016-05-30,10.8700,16.3100,0.3335
600479.SH,2005-04-26,12.3900,19.0800,0.3506
600479.SH,2006-01-12,13.1400,14.1400,0.0707
600479.SH,2006-04-24,9.9000,14.9500,0.3378
600479.SH,2007-05-28,26.0600,31.5300,0.1735
600479.SH,2008-04-25,24.9300,30.4500,0.1813
600479.SH,2009-05-25,16.7900,20.4700,0.1798
600479.SH,2010-06-09,18.3200,26.1500,0.2994
600479.SH,2011-06-16,12.2600,12.5100,0.0200
600479.SH,2012-06-26,11.4100,11.6100,0.0172
600479.SH,2013-06-24,11.1400,11.3900,0.0219
600479.SH,2014-07-16,12.0400,12.2200,0.0147
600479.SH,2017-05-26,14.3500,14.5500,0.0137
600479.SH,2018-06-15,12.2200,14.9600,0.1832
600479.SH,2019-06-20,9.3700,9.7700,0.0409
600479.SH,2020-06-17,9.2500,9.7500,0.0513
600479.SH,2021-06-25,8.8300,9.8300,0.1017
600479.SH,2022-06-21,10.0800,10.6800,0.0562
600479.SH,2023-06-30,11.0800,11.4300,0.0306
600479.SH,2024-01-02,10.0724,10.7700,0.0648
600480.SH,2005-06-17,3.6300,4.9200,0.2622
600480.SH,2012-06-28,8.3100,8.7100,0.0459
600480.SH,2013-06-17,6.5100,6.6100,0.0151
600480.SH,2014-07-04,8.1100,8.2300,0.0146
600480.SH,2018-07-11,9.1900,9.4100,0.0234
600480.SH,2019-09-30,7.2100,7.4100,0.0270
600480.SH,2020-07-16,9.3900,13.1400,0.2854
600480.SH,2021-07-23,10.5800,10.7100,0.0121
600480.SH,2022-06-24,9.1700,9.2700,0.0108
600480.SH,2023-07-07,7.9500,8.0600,0.0136
600480.SH,2024-01-02,6.5675,9.1100,0.2791
600481.SH,2004-05-14,8.4600,8.7600,0.0342
600481.SH,2005-05-20,3.9700,4.2300,0.0615
600481.SH,2006-07-04,4.8700,4.9700,0.0201
600481.SH,2007-07-02,14.9000,15.1600,0.0172
600481.SH,2007-08-27,16.0300,32.0600,0.5000
600481.SH,2008-06-03,9.2100,9.3100,0.0107
600481.SH,2009-06-29,11.1200,11.3500,0.0203
600481.SH,2010-04-21,19.8800,24.1100,0.1754
600481.SH,2011-06-10,13.3700,13.6700,0.0219
600481.SH,2012-05-22,8.0300,8.1800,0.0183
600481.SH,2013-06-24,7.8100,8.0600,0.0310
600481.SH,2014-05-22,10.2500,10.9000,0.0596
600481.SH,2015-05-28,27.9400,28.3400,0.0141
600481.SH,2015-09-09,8.9600,17.9600,0.5011
600481.SH,2016-06-08,5.8000,5.9000,0.0169
600481.SH,2017-07-10,5.3000,5.3800,0.0149
600481.SH,2018-06-22,2.9600,3.0100,0.0166
600481.SH,2019-05-17,3.9600,4.0800,0.0294
600481.SH,2020-07-03,3.0100,3.1300,0.0383
600481.SH,2023-05-30,12.8000,13.1000,0.0229
600481.SH,2023-09-26,10.5300,10.7300,0.0186
600481.SH,2024-01-02,8.2751,8.4600,0.0219
600482.SH,2005-05-26,4.7400,4.8600,0.0247
600482.SH,2006-05-25,6.6300,6.7400,0.0163
600482.SH,2008-03-24,16.8300,33.7100,0.5007
600482.SH,2018-07-26,18.4800,18.6900,0.0112
600482.SH,2024-01-02,17.6746,18.0100,0.0186
600483.SH,2004-08-20,4.0200,4.0900,0.0171
600483.SH,2005-07-20,2.1600,2.2100,0.0226
600483.SH,2006-05-29,3.4100,3.6300,0.0606
600483.SH,2006-06-09,2.3500,3.5300,0.3343
600483.SH,2012-07-16,4.8700,4.9700,0.0201
600483.SH,2013-07-16,4.7000,4.7500,0.0105
600483.SH,2015-06-24,19.7900,19.9900,0.0100
600483.SH,2016-06-16,10.8900,11.0900,0.0180
600483.SH,2017-07-10,10.1700,10.3700,0.0193
600483.SH,2018-06-11,8.1400,8.3400,0.0240
600483.SH,2019-07-29,8.0100,8.2200,0.0255
600483.SH,2019-07-30,8.2200,8.0100,0.0262
600483.SH,2019-08-02,8.0100,8.2200,0.0255
600483.SH,2020-06-08,7.2300,7.4800,0.0334
600483.SH,2021-07-28,11.1100,11.3800,0.0237
600483.SH,2022-07-08,14.0700,14.2800,0.0147
600483.SH,2023-07-04,8.7200,11.7400,0.2572
600483.SH,2024-01-02,7.7490,8.2700,0.0630
600486.SH,2003-05-30,13.6000,13.8000,0.0145
600486.SH,2004-05-25,10.8000,11.0200,0.0200
600486.SH,2005-06-22,6.5300,6.7600,0.0340
600486.SH,2010-05-20,22.0400,28.8500,0.2360
600486.SH,2012-05-28,17.7900,17.9900,0.0111
600486.SH,2014-04-24,22.3300,33.7100,0.3376
600486.SH,2015-07-07,24.2000,29.2400,0.1724
600486.SH,2016-06-08,26.2100,26.6600,0.0169
600486.SH,2017-07-05,40.2900,40.7200,0.0106
600486.SH,2019-07-15,53.7900,54.6600,0.0159
600486.SH,2023-07-17,67.4500,88.9900,0.2420
600486.SH,2024-01-02,61.1988,63.1200,0.0304
600487.SH,2004-05-31,11.2400,11.3600,0.0106
600487.SH,2005-05-17,6.0000,6.1000,0.0164
600487.SH,2006-04-25,6.9500,7.0700,0.0170
600487.SH,2008-06-19,10.9500,11.1500,0.0179
600487.SH,2009-06-25,19.7000,19.9000,0.0101
600487.SH,2014-05-26,13.6500,20.6500,0.3390
600487.SH,2015-09-24,9.8200,29.4500,0.6666
600487.SH,2018-06-29,21.1200,29.7300,0.2896
600487.SH,2024-01-02,11.6506,11.9400,0.0242
600488.SH,2002-04-11,18.0600,23.6800,0.2373
600488.SH,2003-04-17,12.5800,16.3500,0.2306
600488.SH,2004-06-11,9.1900,9.3900,0.0213
600488.SH,2005-05-13,6.9600,7.0600,0.0142
600488.SH,2006-05-26,3.6500,6.6200,0.4486
600488.SH,2013-03-13,4.6800,7.0400,0.3352
600488.SH,2019-05-15,4.3800,4.4400,0.0135
600488.SH,2024-01-02,4.6736,4.9000,0.0462
600489.SH,2004-06-04,8.3400,8.4900,0.0177
600489.SH,2005-06-03,6.0100,6.1600,0.0244
600489.SH,2009-06-05,42.3200,93.3000,0.5464
600489.SH,2010-07-12,26.5700,47.9800,0.4462
600489.SH,2011-06-09,26.0800,34.0000,0.2329
600489.SH,2012-08-21,14.7500,22.1700,0.3347
600489.SH,2013-07-05,9.3900,9.5500,0.0168
600489.SH,2016-05-24,9.9200,10.5900,0.0633
600489.SH,2021-07-15,8.4400,8.6000,0.0186
600489.SH,2022-07-08,7.0300,7.2500,0.0303
600489.SH,2023-07-14,10.7900,11.0700,0.0253
600489.SH,2024-01-02,9.4851,9.9600,0.0477
600490.SH,2004-07-05,10.0800,10.2300,0.0147
600490.SH,2005-06-30,5.1800,5.3300,0.0281
600490.SH,2006-06-15,5.8400,6.7600,0.1361
600490.SH,2007-05-31,15.4700,23.2000,0.3332
600490.SH,2012-09-27,9.5800,23.9600,0.6002
600490.SH,2013-06-06,12.4000,18.6000,0.3333
600490.SH,2014-06-09,6.1100,10.3800,0.4114
600491.SH,2004-10-15,11.1100,16.6700,0.3335
600491.SH,2005-05-18,7.3100,11.2600,0.3508
600491.SH,2006-06-13,5.1600,8.4100,0.3864
600491.SH,2009-05-22,8.7300,8.8300,0.0113
600491.SH,2011-05-26,6.6000,13.2900,0.5034
600491.SH,2012-05-21,6.2600,6.3400,0.0126
600491.SH,2013-06-03,4.6100,4.7400,0.0274
600491.SH,2014-07-01,3.2200,3.2900,0.0213
600493.SH,2005-06-01,3.2400,3.4400,0.0581
600493.SH,2006-05-25,3.5800,3.7800,0.0529
600493.SH,2007-06-15,8.1200,8.3200,0.0240
600493.SH,2008-06-02,6.0500,6.2000,0.0242
600493.SH,2010-06-03,7.7100,7.8100,0.0128
600493.SH,2011-05-27,6.9600,11.1800,0.3775
600493.SH,2022-07-12,5.5700,5.6500,0.0142
600493.SH,2024-01-02,6.4985,6.7200,0.0330
600495.SH,2005-08-11,6.8400,6.9200,0.0116
600495.SH,2006-05-29,9.0500,9.1500,0.0109
600495.SH,2010-07-02,7.7700,13.9900,0.4446
600495.SH,2014-08-04,9.6400,15.5200,0.3789
600495.SH,2015-07-09,6.2400,11.2900,0.4473
600496.SH,2006-06-08,5.7900,8.7800,0.3405
600496.SH,2008-06-20,5.1700,7.7900,0.3363
600496.SH,2011-04-13,14.0200,21.0800,0.3349
600496.SH,2015-05-22,9.4200,20.7700,0.5465
600496.SH,2023-06-13,3.7700,3.8100,0.0105
600496.SH,2024-01-02,2.8994,3.0500,0.0494
600497.SH,2005-06-23,9.1500,9.4500,0.0317
600497.SH,2006-08-24,36.9100,37.4100,0.0134
600497.SH,2007-04-12,72.2300,147.4500,0.5101
600497.SH,2008-04-21,37.9600,77.9200,0.5128
600497.SH,2009-12-09,26.2700,31.8400,0.1749
600497.SH,2010-06-18,18.1000,18.4000,0.0163
600497.SH,2011-06-17,20.9500,27.5400,0.2393
600497.SH,2013-04-15,11.9000,12.4700,0.0457
600497.SH,2013-07-05,9.6500,9.8000,0.0153
600497.SH,2014-07-04,9.6500,9.8000,0.0153
600497.SH,2015-07-10,8.9300,9.0800,0.0165
600497.SH,2016-09-19,5.8900,11.8800,0.5042
600497.SH,2019-05-24,4.5700,4.6400,0.0151
600497.SH,2020-06-19,3.4600,3.5800,0.0335
600497.SH,2021-06-30,4.2800,4.3300,0.0115
600497.SH,2022-07-08,5.3500,5.4700,0.0219
600497.SH,2023-06-30,4.9400,5.0600,0.0237
600497.SH,2024-01-02,4.7779,5.0500,0.0539
600498.SH,2003-07-21,10.6600,10.7800,0.0111
600498.SH,2004-07-14,10.0000,10.1200,0.0119
600498.SH,2005-07-18,5.6700,5.7900,0.0207
600498.SH,2006-07-17,7.2500,7.3700,0.0163
600498.SH,2007-07-13,11.8400,11.9600,0.0100
600498.SH,2008-07-18,10.0700,10.1900,0.0118
600498.SH,2013-05-22,17.1800,34.6800,0.5046
600498.SH,2014-05-22,11.4100,11.5800,0.0147
600498.SH,2016-07-20,26.8200,27.1600,0.0125
600498.SH,2017-07-21,23.6600,24.0000,0.0142
600498.SH,2018-07-25,29.1100,29.4500,0.0115
600498.SH,2019-07-12,26.5700,26.9100,0.0126
600498.SH,2020-07-17,28.8300,29.1700,0.0117
600498.SH,2024-01-02,16.3577,16.6400,0.0170
600499.SH,2003-06-13,19.8800,35.8900,0.4461
600499.SH,2004-05-25,21.4200,21.7200,0.0138
600499.SH,2005-05-12,6.7900,7.0900,0.0423
600499.SH,2006-06-12,5.3100,8.2700,0.3579
600499.SH,2008-08-14,8.2900,16.7800,0.5060
600499.SH,2009-06-08,11.3600,14.8700,0.2360
600499.SH,2010-03-09,18.7200,24.4300,0.2337
600499.SH,2016-07-25,8.3500,16.9000,0.5059
600499.SH,2017-06-14,7.4600,7.5400,0.0106
600499.SH,2022-05-09,14.0900,14.2700,0.0126
600499.SH,2023-05-29,11.2400,11.9100,0.0563
600499.SH,2024-01-02,9.9460,10.5500,0.0573
600500.SH,2001-06-01,16.2900,16.5400,0.0151
600500.SH,2002-07-05,15.1000,15.3500,0.0163
600500.SH,2002-09-16,9.9000,14.8500,0.3333
600500.SH,2003-04-22,9.6200,9.8700,0.0253
600500.SH,2004-04-26,7.9200,12.0000,0.3400
600500.SH,2005-05-09,6.0400,9.3100,0.3512
600500.SH,2006-05-18,5.0800,5.4300,0.0645
600500.SH,2008-05-21,13.7600,13.9100,0.0108
600500.SH,2009-05-27,10.8900,11.0900,0.0180
600500.SH,2010-05-18,10.9000,11.1500,0.0224
600500.SH,2011-04-14,12.0300,12.1800,0.0123
600500.SH,2012-05-16,7.2500,7.4000,0.0203
600500.SH,2013-06-07,5.5600,5.7100,0.0263
600500.SH,2014-06-16,6.5100,6.6300,0.0181
600500.SH,2015-07-10,10.0900,10.2200,0.0127
600500.SH,2016-07-04,8.9100,9.0200,0.0122
600500.SH,2018-06-27,6.7000,6.8000,0.0147
600500.SH,2019-07-08,5.6500,7.5000,0.2467
600500.SH,2020-06-24,5.0400,5.2000,0.0308
600500.SH,2022-07-08,6.6100,6.6900,0.0120
600500.SH,2023-07-07,5.4800,5.6300,0.0266
600501.SH,2002-08-05,15.7800,28.4300,0.4450
600501.SH,2003-08-11,9.9100,10.0600,0.0149
600501.SH,2005-06-30,4.1900,6.7500,0.3793
600501.SH,2006-07-14,11.0600,11.1800,0.0107
600501.SH,2008-07-01,6.8500,6.9500,0.0144
600501.SH,2009-06-26,8.8800,8.9800,0.0111
600501.SH,2010-07-16,9.1300,9.2300,0.0108
600501.SH,2011-07-15,11.5900,13.9100,0.1668
600502.SH,2004-04-16,6.7900,8.8900,0.2362
600502.SH,2007-07-03,7.8500,8.6600,0.0935
600502.SH,2008-05-07,6.9100,8.9800,0.2305
600502.SH,2011-06-03,11.5600,17.4100,0.3360
600502.SH,2013-05-31,8.2900,12.5100,0.3373
600502.SH,2016-06-02,7.8400,13.3900,0.4145
600502.SH,2018-06-21,4.0800,4.9500,0.1758
600502.SH,2019-06-11,4.5200,4.6700,0.0321
600502.SH,2020-07-13,4.5000,4.6500,0.0323
600502.SH,2021-05-18,3.9800,4.1800,0.0478
600502.SH,2022-05-17,7.2000,7.4500,0.0336
600502.SH,2023-06-19,5.4300,5.6800,0.0440
600502.SH,2024-01-02,4.1442,4.6500,0.1088
600502.SH,2026-02-09,4.7100,4.8100,0.0208
600503.SH,2008-07-16,20.1900,20.7400,0.0265
600503.SH,2011-04-14,17.8400,24.5800,0.2742
600503.SH,2011-08-29,11.0900,17.8200,0.3777
600505.SH,2003-07-07,6.8900,12.6100,0.4536
600505.SH,2004-07-09,5.5200,5.6200,0.0178
600505.SH,2005-08-10,2.4900,2.5900,0.0386
600505.SH,2007-03-08,4.5900,5.6400,0.1862
600507.SH,2005-05-30,3.7600,7.9100,0.5247
600507.SH,2005-09-28,2.5800,3.3500,0.2299
600507.SH,2006-04-24,2.1200,2.1700,0.0230
600507.SH,2010-10-14,5.9400,11.2800,0.4734
600507.SH,2013-03-11,5.1500,6.1500,0.1626
600507.SH,2014-05-19,3.3200,3.4500,0.0377
600507.SH,2015-06-19,13.8900,14.6900,0.0545
600507.SH,2017-06-14,7.0500,7.3000,0.0342
600507.SH,2018-04-04,14.8100,16.4100,0.0975
600507.SH,2019-05-08,12.1900,13.8900,0.1224
600507.SH,2020-04-09,5.5400,8.2500,0.3285
600507.SH,2021-06-03,7.9400,9.0400,0.1217
600507.SH,2022-06-15,7.4500,8.5600,0.1297
600507.SH,2024-01-02,4.4677,4.6100,0.0309
600508.SH,2002-05-21,12.0400,12.3400,0.0243
600508.SH,2003-07-14,11.5800,11.9300,0.0293
600508.SH,2004-05-24,11.1000,11.4800,0.0331
600508.SH,2005-05-23,10.3900,10.9900,0.0546
600508.SH,2006-04-05,5.7300,10.7200,0.4655
600508.SH,2007-06-14,18.0900,18.2900,0.0109
600508.SH,2011-06-21,22.8400,23.0900,0.0108
600508.SH,2012-06-15,19.7000,20.0000,0.0150
600508.SH,2013-06-20,11.9900,12.3900,0.0323
600508.SH,2018-06-22,11.1100,11.3300,0.0194
600508.SH,2019-06-21,9.8000,10.0800,0.0278
600508.SH,2020-06-19,8.2300,8.4700,0.0283
600508.SH,2021-06-25,9.8300,10.1100,0.0277
600508.SH,2023-07-07,14.2300,14.9600,0.0488
600508.SH,2024-01-02,12.8591,13.8600,0.0722
600509.SH,2003-06-26,8.1300,12.4500,0.3470
600509.SH,2004-05-28,6.9500,7.1500,0.0280
600509.SH,2005-06-22,3.9700,4.1700,0.0480
600509.SH,2006-08-31,7.2900,7.4900,0.0267
600509.SH,2007-12-13,27.7100,31.5200,0.1209
600509.SH,2008-05-12,14.2300,28.6000,0.5024
600509.SH,2011-07-12,11.4300,11.5900,0.0138
600509.SH,2012-05-23,8.9500,9.1800,0.0251
600509.SH,2013-07-03,8.4300,8.5700,0.0163
600509.SH,2014-07-02,7.7600,8.0600,0.0372
600509.SH,2015-07-17,10.3800,10.5000,0.0114
600509.SH,2016-07-15,7.5500,7.7500,0.0258
600509.SH,2017-07-17,7.8500,7.9600,0.0138
600509.SH,2018-07-17,4.1500,4.2000,0.0119
600509.SH,2024-01-02,6.2652,6.5100,0.0376
600510.SH,2003-04-24,18.5100,19.0100,0.0263
600510.SH,2004-04-02,12.6600,25.8100,0.5095
600510.SH,2005-05-20,3.8700,6.0500,0.3603
600510.SH,2006-04-25,3.5100,3.7600,0.0665
600510.SH,2007-05-30,10.4700,10.6000,0.0123
600510.SH,2008-05-22,5.4900,5.5800,0.0161
600510.SH,2010-06-08,9.9700,10.1200,0.0148
600510.SH,2011-06-13,9.1200,9.2700,0.0162
600510.SH,2012-06-19,7.2500,7.3400,0.0123
600510.SH,2013-06-06,5.8300,5.9600,0.0218
600510.SH,2014-07-04,5.9000,6.0500,0.0248
600510.SH,2017-07-07,7.8100,7.9200,0.0139
600510.SH,2018-07-05,5.8900,6.0300,0.0232
600510.SH,2019-07-05,6.7900,6.9800,0.0272
600510.SH,2020-07-09,8.5300,8.7500,0.0251
600510.SH,2021-07-09,6.4300,6.6600,0.0345
600510.SH,2022-07-08,7.9400,8.1700,0.0282
600510.SH,2023-07-07,5.8700,6.0800,0.0345
600510.SH,2024-01-02,5.4276,5.6500,0.0394
600511.SH,2004-06-11,7.6600,7.7600,0.0129
600511.SH,2005-06-24,5.6100,5.7100,0.0175
600511.SH,2006-06-28,13.8600,14.0100,0.0107
600511.SH,2008-06-25,26.7600,48.5100,0.4484
600511.SH,2009-06-03,15.3400,30.8200,0.5023
600511.SH,2013-06-19,15.9000,16.1200,0.0136
600511.SH,2014-06-19,21.0800,21.3400,0.0122
600511.SH,2018-06-01,28.0900,28.5400,0.0158
600511.SH,2019-05-31,22.3500,22.7500,0.0176
600511.SH,2020-06-19,39.6100,40.2500,0.0159
600511.SH,2021-06-22,33.3300,33.8800,0.0162
600511.SH,2022-06-02,27.3000,28.0000,0.0250
600511.SH,2023-06-09,37.5000,38.2800,0.0204
600511.SH,2024-01-02,27.1413,28.6200,0.0517
600512.SH,2003-05-29,8.5400,8.6900,0.0173
600512.SH,2004-06-11,6.6500,6.7500,0.0148
600512.SH,2005-05-18,4.5800,4.6800,0.0214
600512.SH,2006-03-24,5.6000,6.0000,0.0667
600512.SH,2006-07-06,3.7300,7.4600,0.5000
600512.SH,2007-05-21,10.1700,10.3700,0.0193
600512.SH,2008-07-01,4.9600,5.0400,0.0159
600512.SH,2010-06-09,4.4900,8.9800,0.5000
600512.SH,2014-06-26,2.7100,2.7800,0.0252
600512.SH,2018-05-30,2.7500,2.7900,0.0143
600512.SH,2020-05-27,2.8900,2.9200,0.0103
600512.SH,2021-06-29,3.0900,3.1400,0.0159
600512.SH,2024-01-02,2.4324,2.4800,0.0192
600513.SH,2008-05-30,9.0700,13.6100,0.3336
600513.SH,2010-06-04,10.4200,13.6000,0.2338
600513.SH,2012-06-28,9.7300,12.7000,0.2339
600513.SH,2016-07-06,15.1600,19.7700,0.2332
600513.SH,2017-05-19,10.2300,13.3900,0.2360
600513.SH,2019-06-18,7.2200,7.3000,0.0110
600513.SH,2021-06-18,8.8800,8.9900,0.0122
600513.SH,2022-07-29,9.7000,9.8200,0.0122
600513.SH,2023-05-26,10.0300,10.1800,0.0147
600513.SH,2024-01-02,10.8510,11.1400,0.0259
600515.SH,2003-06-16,6.9300,10.9700,0.3683
600515.SH,2007-04-13,2.9300,3.5600,0.1770
600515.SH,2021-12-22,5.8700,8.6700,0.3230
600516.SH,2003-06-10,8.0800,8.1800,0.0122
600516.SH,2007-01-25,2.7200,5.4400,0.5000
600516.SH,2009-07-14,8.9200,18.0900,0.5069
600516.SH,2013-03-19,8.9800,11.0700,0.1888
600516.SH,2018-05-25,28.5100,30.4100,0.0625
600516.SH,2019-06-28,12.0700,17.9800,0.3287
600516.SH,2020-06-04,6.6400,9.3000,0.2860
600516.SH,2021-06-22,7.9300,8.4300,0.0593
600516.SH,2024-01-02,5.1801,5.2400,0.0114
600517.SH,2005-06-10,4.5200,9.0900,0.5028
600517.SH,2006-04-11,4.5800,5.9300,0.2277
600517.SH,2008-04-24,21.4700,42.9900,0.5006
600517.SH,2009-06-09,16.6800,25.0700,0.3347
600517.SH,2010-05-24,17.3800,17.6800,0.0170
600517.SH,2011-06-14,11.8300,12.2300,0.0327
600517.SH,2012-04-19,13.7500,14.1500,0.0283
600517.SH,2014-06-26,10.0200,18.1900,0.4491
600517.SH,2016-06-23,9.1300,9.2300,0.0108
600517.SH,2017-06-29,7.6200,7.7700,0.0193
600517.SH,2018-06-29,3.6800,3.7800,0.0265
600517.SH,2022-06-16,5.4500,5.5200,0.0127
600517.SH,2023-06-30,5.7300,5.7900,0.0104
600517.SH,2024-01-02,4.5883,4.7700,0.0381
600518.SH,2004-05-20,15.7900,23.7100,0.3340
600518.SH,2005-05-26,9.1100,9.2600,0.0162
600518.SH,2006-05-18,8.2200,12.3500,0.3344
600518.SH,2007-05-08,13.8700,27.7700,0.5005
600518.SH,2008-03-04,12.0400,18.0700,0.3337
600518.SH,2009-04-22,7.8800,15.8200,0.5019
600518.SH,2011-01-06,16.7500,19.7100,0.1502
600518.SH,2014-07-22,13.8500,14.1100,0.0184
600518.SH,2015-06-16,23.3500,47.0100,0.5033
600518.SH,2016-05-31,14.4100,14.6000,0.0130
600518.SH,2018-07-13,22.5700,22.8000,0.0101
600518.SH,2021-12-15,4.3000,4.5800,0.0611
600519.SH,2002-07-25,32.5500,36.4000,0.1058
600519.SH,2003-07-14,23.1800,25.7000,0.0981
600519.SH,2004-07-01,25.8100,33.8500,0.2375
600519.SH,2005-08-05,45.8400,55.5100,0.1742
600519.SH,2006-05-25,44.9700,91.4100,0.5080
600519.SH,2011-07-01,191.2100,212.6300,0.1007
600519.SH,2012-07-05,254.6600,258.6600,0.0155
600519.SH,2013-06-07,195.2400,201.6600,0.0318
600519.SH,2014-06-25,144.7200,163.5700,0.1152
600519.SH,2015-07-17,224.7400,251.5900,0.1067
600519.SH,2016-07-01,285.7500,291.9200,0.0211
600519.SH,2017-07-07,449.1900,455.9800,0.0149
600519.SH,2018-06-15,775.1300,786.1300,0.0140
600519.SH,2019-06-28,981.8100,996.3500,0.0146
600519.SH,2020-06-24,1457.4800,1474.5000,0.0115
600519.SH,2022-06-30,2008.3300,2030.0000,0.0107
600519.SH,2022-12-27,1720.1500,1742.0600,0.0126
600519.SH,2023-06-30,1687.8000,1713.7100,0.0151
600519.SH,2023-12-20,1655.8900,1675.0000,0.0114
600519.SH,2024-06-19,1490.6200,1521.5000,0.0203
600519.SH,2024-12-20,1527.1300,1551.0100,0.0154
600519.SH,2025-06-26,1408.2600,1435.8600,0.0192
600519.SH,2025-12-19,1407.0400,1431.0000,0.0167
600520.SH,2003-06-16,11.1000,19.9800,0.4444
600520.SH,2005-06-23,4.4700,4.5200,0.0111
600521.SH,2004-04-30,14.8500,26.9300,0.4486
600521.SH,2005-04-22,14.4600,19.1000,0.2429
600521.SH,2005-08-16,15.7200,15.9700,0.0157
600521.SH,2008-05-13,18.0000,23.5000,0.2340
600521.SH,2009-05-27,14.0800,14.2800,0.0140
600521.SH,2010-05-04,19.1100,28.7700,0.3358
600521.SH,2011-05-10,14.3300,17.2900,0.1712
600521.SH,2013-04-17,11.1000,14.6300,0.2413
600521.SH,2014-05-13,10.0900,10.2900,0.0194
600521.SH,2016-06-06,24.3800,31.8900,0.2355
600521.SH,2018-05-25,30.3000,36.5600,0.1712
600521.SH,2020-06-08,28.2700,31.3000,0.0968
600521.SH,2023-07-03,18.1700,18.4100,0.0130
600521.SH,2024-01-02,14.3319,14.6700,0.0230
600522.SH,2003-06-09,9.5500,9.6700,0.0124
600522.SH,2006-06-19,3.5300,4.6000,0.2326
600522.SH,2010-05-14,19.5600,19.7600,0.0101
600522.SH,2012-05-10,10.5600,19.2100,0.4503
600522.SH,2016-06-30,9.7100,24.3700,0.6016
600522.SH,2018-07-10,8.5600,8.6600,0.0115
600522.SH,2019-07-16,8.9400,9.0400,0.0111
600522.SH,2024-01-02,12.0501,12.4900,0.0352
600523.SH,2012-07-16,9.1200,9.2500,0.0141
600523.SH,2013-06-04,12.6700,12.8000,0.0102
600523.SH,2014-07-10,14.2900,14.4400,0.0104
600523.SH,2017-06-07,17.5900,17.7700,0.0101
600523.SH,2018-05-16,10.8300,15.3700,0.2954
600523.SH,2019-05-24,11.9600,12.1100,0.0124
600523.SH,2020-05-26,15.0600,15.2300,0.0112
600523.SH,2021-04-28,13.9600,14.1600,0.0141
600523.SH,2024-01-02,13.5015,13.7700,0.0195
600525.SH,2005-04-29,10.3700,10.4900,0.0114
600525.SH,2006-05-11,16.1600,17.8800,0.0962
600525.SH,2007-05-17,38.2300,42.1500,0.0930
600525.SH,2008-04-01,29.2500,38.1300,0.2329
600525.SH,2009-08-27,16.7000,19.0400,0.1229
600525.SH,2010-04-29,17.3800,34.8500,0.5013
600525.SH,2011-05-10,9.5100,19.1100,0.5024
600525.SH,2012-06-12,7.0100,7.0900,0.0113
600525.SH,2013-05-28,7.0600,7.1400,0.0112
600525.SH,2014-05-05,9.8600,9.9700,0.0110
600525.SH,2016-06-20,14.0300,16.9700,0.1732
600526.SH,2003-05-30,13.0000,13.2000,0.0152
600526.SH,2004-06-16,10.9200,15.2900,0.2858
600526.SH,2006-06-16,5.3000,5.4000,0.0185
600526.SH,2014-05-27,9.0800,18.2500,0.5025
600526.SH,2024-01-02,4.8396,4.9400,0.0203
600527.SH,2005-04-11,5.3800,9.8900,0.4560
600527.SH,2006-06-14,4.4800,4.6000,0.0261
600527.SH,2006-09-07,3.5300,5.3000,0.3340
600527.SH,2008-05-19,8.0300,12.1500,0.3391
600527.SH,2012-06-13,4.3100,8.6600,0.5023
600527.SH,2013-06-04,5.6000,5.6900,0.0158
600527.SH,2014-06-20,4.3800,4.4700,0.0201
600527.SH,2016-06-22,6.8800,6.9700,0.0129
600527.SH,2018-04-16,3.1900,4.9400,0.3543
600527.SH,2019-05-21,2.3400,2.4400,0.0410
600527.SH,2020-06-01,2.5100,3.1100,0.1929
600527.SH,2021-06-30,2.5200,2.6200,0.0382
600527.SH,2022-06-01,2.1200,2.1900,0.0320
600527.SH,2023-06-21,1.9500,2.0500,0.0488
600527.SH,2024-01-02,1.8523,1.9500,0.0501
600528.SH,2001-08-08,16.7400,17.0400,0.0176
600528.SH,2002-05-16,13.1500,13.5300,0.0281
600528.SH,2003-06-17,9.2100,9.5100,0.0315
600528.SH,2004-06-22,6.6300,6.7800,0.0221
600528.SH,2005-06-22,4.2900,4.4400,0.0338
600528.SH,2006-05-17,5.0200,7.6800,0.3464
600528.SH,2008-05-26,10.1700,16.2700,0.3749
600528.SH,2009-06-08,10.3000,10.5000,0.0190
600528.SH,2010-06-08,8.9500,9.0500,0.0110
600528.SH,2011-05-30,8.8800,8.9900,0.0122
600528.SH,2012-06-04,7.8100,7.9100,0.0126
600528.SH,2013-06-07,6.1900,6.3100,0.0190
600528.SH,2014-06-20,4.4500,4.5500,0.0220
600528.SH,2018-08-27,10.4900,10.6800,0.0178
600528.SH,2019-08-20,10.3000,10.4100,0.0106
600528.SH,2020-08-24,9.6200,9.7500,0.0133
600528.SH,2021-06-30,8.1300,8.2700,0.0169
600528.SH,2022-07-15,8.8500,8.9900,0.0156
600528.SH,2023-08-23,9.1500,9.3000,0.0161
600528.SH,2024-01-02,7.2539,7.4400,0.0250
600529.SH,2003-05-22,12.3600,18.6400,0.3369
600529.SH,2004-04-05,10.7200,16.1800,0.3375
600529.SH,2005-06-07,5.8300,7.0900,0.1777
600529.SH,2006-06-19,5.4300,5.5300,0.0181
600529.SH,2012-07-04,9.4800,9.5800,0.0104
600529.SH,2013-07-03,8.6100,8.7500,0.0160
600529.SH,2014-07-11,11.2700,11.4200,0.0131
600529.SH,2015-07-09,10.3500,10.5000,0.0143
600529.SH,2018-07-10,17.7900,25.2000,0.2940
600529.SH,2019-06-20,20.6900,29.2700,0.2931
600529.SH,2022-07-08,26.6600,26.9600,0.0111
600529.SH,2023-07-07,27.1400,27.4400,0.0109
600529.SH,2024-01-02,24.2455,25.6000,0.0529
600530.SH,2002-06-21,16.2900,16.4900,0.0121
600530.SH,2003-07-15,13.1600,13.3700,0.0157
600530.SH,2004-05-13,9.1800,11.2300,0.1825
600530.SH,2005-05-18,5.3800,5.4800,0.0182
600530.SH,2006-05-18,5.1800,5.3000,0.0226
600530.SH,2007-06-25,9.7000,9.8200,0.0122
600530.SH,2008-07-30,6.0200,7.8200,0.2302
600530.SH,2012-07-02,7.0400,7.1600,0.0168
600530.SH,2013-06-24,7.5600,7.7100,0.0195
600530.SH,2014-06-23,7.8300,7.9800,0.0188
600530.SH,2016-06-28,8.2300,20.6700,0.6018
600530.SH,2017-06-23,5.6300,5.6900,0.0105
600530.SH,2018-08-10,5.3500,5.4100,0.0111
600531.SH,2003-11-05,7.7600,13.9600,0.4441
600531.SH,2004-05-24,7.1600,7.2600,0.0138
600531.SH,2005-05-23,4.3300,4.4800,0.0335
600531.SH,2006-05-22,7.0100,7.1600,0.0209
600531.SH,2008-05-30,18.8900,19.0900,0.0105
600531.SH,2010-12-22,32.5400,39.4500,0.1752
600531.SH,2016-03-17,7.6000,22.8200,0.6670
600531.SH,2018-06-08,6.1700,6.2500,0.0128
600531.SH,2020-07-08,4.2500,4.3100,0.0139
600531.SH,2021-06-11,5.6000,5.6900,0.0158
600531.SH,2022-06-14,5.2300,5.3400,0.0206
600531.SH,2023-06-08,6.0300,6.1500,0.0195
600531.SH,2024-01-02,5.7389,6.0500,0.0514
600533.SH,2003-07-28,12.2000,12.4500,0.0201
600533.SH,2004-06-07,12.2300,12.5800,0.0278
600533.SH,2005-04-26,6.5700,10.3600,0.3658
600533.SH,2006-04-28,11.8100,12.3100,0.0406
600533.SH,2006-09-13,9.0500,13.5800,0.3336
600533.SH,2007-05-25,23.7000,24.0600,0.0150
600533.SH,2008-05-15,13.8400,14.3900,0.0382
600533.SH,2008-09-23,3.6500,7.3000,0.5000
600533.SH,2009-07-14,8.0700,8.1700,0.0122
600533.SH,2010-04-12,6.5400,6.6900,0.0224
600533.SH,2011-06-20,4.8200,5.0000,0.0360
600533.SH,2012-07-09,4.4000,4.5000,0.0222
600533.SH,2013-07-03,3.3100,3.4100,0.0293
600533.SH,2014-06-23,3.0200,3.1200,0.0321
600533.SH,2016-06-27,4.7300,4.7800,0.0105
600533.SH,2017-08-10,5.7700,5.8300,0.0103
600533.SH,2018-07-26,3.1500,3.2000,0.0156
600533.SH,2019-07-26,3.4400,3.5400,0.0282
600533.SH,2020-07-16,3.9800,4.0800,0.0245
600533.SH,2021-06-15,3.2400,3.3400,0.0299
600533.SH,2022-07-26,3.3000,3.4200,0.0351
600533.SH,2023-06-29,2.9700,3.0700,0.0326
600535.SH,2003-06-03,13.2300,20.3500,0.3499
600535.SH,2004-07-14,9.8500,10.1500,0.0296
600535.SH,2005-05-19,13.6300,13.9300,0.0215
600535.SH,2006-04-13,11.1600,11.4600,0.0262
600535.SH,2007-05-30,22.9200,36.9600,0.3799
600535.SH,2008-04-30,16.4400,16.7400,0.0179
600535.SH,2009-04-13,14.9400,15.3400,0.0261
600535.SH,2010-06-07,32.8000,33.2000,0.0120
600535.SH,2011-05-24,40.6100,41.2100,0.0146
600535.SH,2012-06-07,40.1200,40.8200,0.0171
600535.SH,2013-05-22,38.6800,77.5500,0.5012
600535.SH,2016-05-25,36.0500,36.4700,0.0115
600535.SH,2017-06-15,40.3900,40.9500,0.0137
600535.SH,2018-06-05,28.0100,39.6100,0.2929
600535.SH,2019-06-13,16.2700,16.5700,0.0181
600535.SH,2020-06-12,14.4000,14.7300,0.0224
600535.SH,2021-06-24,13.4700,13.8000,0.0239
600535.SH,2022-06-20,10.2700,10.6000,0.0311
600535.SH,2023-05-22,14.8300,15.1600,0.0218
600535.SH,2024-01-02,15.8431,17.0200,0.0691
600536.SH,2003-05-30,19.6400,23.8700,0.1772
600536.SH,2004-05-21,21.8600,22.1100,0.0113
600536.SH,2005-07-04,8.0100,12.2600,0.3467
600536.SH,2006-05-15,10.3700,11.0400,0.0607
600536.SH,2006-07-11,12.8400,13.0000,0.0123
600536.SH,2014-05-21,14.2800,28.6300,0.5012
600536.SH,2022-06-14,41.3800,53.8500,0.2316
600536.SH,2023-06-02,46.9200,61.0200,0.2311
600537.SH,2003-05-28,10.7100,10.9600,0.0228
600537.SH,2004-06-09,5.8100,8.3100,0.3008
600537.SH,2005-05-24,3.1900,3.3100,0.0363
600537.SH,2006-05-24,3.3200,3.4500,0.0377
600537.SH,2016-05-30,6.9600,14.1100,0.5067
600537.SH,2017-07-06,4.9100,5.0600,0.0296
600538.SH,2005-05-27,3.4100,6.1400,0.4446
600538.SH,2006-06-07,2.8200,3.9500,0.2861
600540.SH,2004-07-08,6.6300,8.0600,0.1774
600540.SH,2005-06-28,4.4300,4.5500,0.0264
600540.SH,2006-04-05,5.1200,5.2000,0.0154
600540.SH,2008-03-07,17.0200,20.3700,0.1645
600540.SH,2011-06-23,9.1700,11.9600,0.2333
600540.SH,2015-11-13,8.2800,10.7700,0.2312
600543.SH,2005-08-04,3.9600,4.0200,0.0149
600543.SH,2009-07-10,10.8300,19.4900,0.4443
600545.SH,2004-07-19,5.9900,6.0900,0.0164
600545.SH,2005-06-24,3.4300,3.5100,0.0228
600545.SH,2008-05-22,7.2700,13.1400,0.4467
600545.SH,2009-06-16,5.6100,8.4700,0.3377
600545.SH,2013-07-04,4.6900,4.7600,0.0147
600545.SH,2014-07-08,7.7600,7.8400,0.0102
600545.SH,2017-09-01,10.6200,10.8900,0.0248
600545.SH,2019-07-29,6.5600,6.6900,0.0194
600546.SH,2005-06-27,6.8300,6.9600,0.0187
600546.SH,2006-06-29,9.0700,13.6200,0.3341
600546.SH,2006-09-21,4.5100,8.2000,0.4500
600546.SH,2011-05-24,28.2800,28.5800,0.0105
600546.SH,2012-06-29,20.2900,20.5900,0.0146
600546.SH,2013-08-05,5.7400,11.7700,0.5123
600546.SH,2014-06-18,3.6600,3.7100,0.0135
600546.SH,2022-06-02,17.9300,19.5000,0.0805
600546.SH,2022-09-27,17.7000,18.1500,0.0248
600546.SH,2023-05-05,15.3300,17.1300,0.1051
600546.SH,2024-01-02,15.5574,17.5100,0.1115
600547.SH,2004-05-27,12.1500,12.3500,0.0162
600547.SH,2005-05-19,10.0600,10.3600,0.0290
600547.SH,2006-05-29,32.0100,32.3400,0.0102
600547.SH,2008-05-21,71.7900,144.2900,0.5025
600547.SH,2009-04-27,38.9200,78.1300,0.5019
600547.SH,2010-05-17,39.6700,79.4400,0.5006
600547.SH,2019-08-20,35.9600,50.4500,0.2872
600547.SH,2020-08-19,30.2900,42.5000,0.2873
600547.SH,2024-01-02,22.4802,22.8700,0.0170
600548.SH,2002-06-19,8.0600,8.1600,0.0123
600548.SH,2003-06-17,8.7500,8.8700,0.0135
600548.SH,2004-05-24,6.6600,6.8500,0.0277
600548.SH,2005-04-22,5.1400,5.2500,0.0210
600548.SH,2006-06-27,3.8600,3.9800,0.0302
600548.SH,2007-05-11,10.3100,10.4400,0.0125
600548.SH,2008-06-16,5.8700,6.0300,0.0265
600548.SH,2009-06-11,6.2800,6.4000,0.0188
600548.SH,2010-05-28,5.1200,5.2400,0.0229
600548.SH,2011-06-03,4.8000,4.9600,0.0323
600548.SH,2012-06-14,3.8600,4.0200,0.0398
600548.SH,2013-05-28,3.2400,3.3700,0.0386
600548.SH,2014-05-27,3.6700,3.8300,0.0418
600548.SH,2015-06-01,10.6200,11.0700,0.0407
600548.SH,2016-06-03,8.1100,8.4500,0.0402
600548.SH,2017-06-09,8.6400,8.8600,0.0248
600548.SH,2018-06-15,8.2900,8.5900,0.0349
600548.SH,2019-06-06,9.8700,10.5800,0.0671
600548.SH,2020-07-10,9.6200,10.1400,0.0513
600548.SH,2021-06-01,8.9100,9.3400,0.0460
600548.SH,2022-07-15,8.8900,9.5100,0.0652
600548.SH,2023-05-31,9.2000,9.6600,0.0476
600548.SH,2024-01-02,8.3424,8.9900,0.0720
600549.SH,2003-05-27,14.5200,14.8200,0.0202
600549.SH,2004-06-24,9.2300,18.5100,0.5014
600549.SH,2005-06-17,8.6300,8.8300,0.0227
600549.SH,2006-04-20,13.7600,27.6200,0.5018
600549.SH,2008-06-02,11.4100,14.8800,0.2332
600549.SH,2015-05-11,29.7500,38.8800,0.2348
600549.SH,2018-06-19,16.2800,21.3700,0.2382
600549.SH,2019-07-10,13.2800,13.4300,0.0112
600549.SH,2022-05-31,19.7000,19.9600,0.0130
600549.SH,2023-06-29,18.6400,18.9900,0.0184
600549.SH,2024-01-02,16.3753,17.1800,0.0468
600550.SH,2002-05-17,9.5800,14.4200,0.3356
600550.SH,2005-07-26,8.0700,8.2700,0.0242
600550.SH,2007-06-25,34.6600,69.5100,0.5014
600550.SH,2008-06-03,38.9800,62.3600,0.3749
600550.SH,2011-04-15,21.8000,23.5800,0.0755
600550.SH,2011-07-28,17.5600,17.7600,0.0113
600551.SH,2009-05-19,14.4300,28.9600,0.5017
600551.SH,2011-05-13,13.1600,15.8900,0.1718
600551.SH,2012-06-08,10.4800,10.6200,0.0132
600551.SH,2013-06-28,9.4700,9.6600,0.0197
600551.SH,2014-07-22,15.8300,16.0400,0.0131
600551.SH,2016-06-15,18.2200,18.4500,0.0125
600551.SH,2017-10-13,14.4600,14.7000,0.0163
600551.SH,2018-06-27,8.8200,9.0000,0.0200
600551.SH,2019-06-25,9.2800,9.4600,0.0190
600551.SH,2021-06-02,7.6300,7.7900,0.0205
600551.SH,2021-12-07,7.1900,7.3100,0.0164
600551.SH,2022-06-10,10.0400,10.2000,0.0157
600551.SH,2023-06-16,11.9200,12.1700,0.0205
600551.SH,2024-01-02,7.0295,10.8900,0.3545
600552.SH,2004-06-04,7.7700,10.2000,0.2382
600552.SH,2005-06-22,3.8100,3.9100,0.0256
600552.SH,2013-05-23,20.5700,30.9600,0.3356
600552.SH,2014-04-28,13.2000,19.8700,0.3357
600552.SH,2017-06-16,7.9500,15.9900,0.5028
600552.SH,2020-07-16,6.9700,7.0700,0.0141
600552.SH,2022-05-12,7.9100,8.0100,0.0125
600552.SH,2024-01-02,13.1953,13.3300,0.0101
600556.SH,2003-05-22,11.0600,15.5900,0.2906
600556.SH,2004-09-17,7.3600,7.8600,0.0636
600556.SH,2005-07-04,5.2800,5.3800,0.0186
600556.SH,2006-03-14,4.1500,7.2900,0.4307
600556.SH,2006-12-26,2.9100,2.9600,0.0169
600556.SH,2013-02-08,3.1500,4.0900,0.2298
600557.SH,2003-06-24,16.0000,16.3000,0.0184
600557.SH,2004-04-30,13.6200,23.2600,0.4144
600557.SH,2005-05-25,5.6800,5.7800,0.0173
600557.SH,2006-05-30,6.8100,6.9700,0.0230
600557.SH,2007-05-22,16.9500,17.1800,0.0134
600557.SH,2008-05-07,21.3800,34.3100,0.3769
600557.SH,2009-05-11,14.6500,17.7300,0.1737
600557.SH,2010-08-20,16.3200,21.2100,0.2306
600557.SH,2014-06-27,28.1000,33.8400,0.1696
600557.SH,2016-06-24,16.5800,19.9700,0.1698
600557.SH,2023-08-23,17.9300,18.1500,0.0121
600557.SH,2024-01-02,20.0876,20.5200,0.0211
600558.SH,2002-06-26,14.0300,14.1800,0.0106
600558.SH,2003-06-03,9.6200,9.7400,0.0123
600558.SH,2004-05-21,8.0100,8.1300,0.0148
600558.SH,2005-06-17,5.2000,5.3200,0.0226
600558.SH,2006-06-07,8.8400,9.0900,0.0275
600558.SH,2007-05-21,13.9900,14.1400,0.0106
600558.SH,2008-06-17,10.2500,10.3800,0.0125
600558.SH,2013-06-06,7.1900,10.8600,0.3379
600558.SH,2014-07-31,7.0000,9.1600,0.2358
600558.SH,2015-07-24,14.2600,21.4400,0.3349
600558.SH,2016-06-20,4.7200,7.1200,0.3371
600558.SH,2021-08-05,3.3100,3.3500,0.0119
600558.SH,2024-01-02,3.9026,4.0700,0.0411
600559.SH,2004-07-01,6.3900,6.4900,0.0154
600559.SH,2005-06-23,4.0300,4.1800,0.0359
600559.SH,2013-07-30,25.9300,26.4300,0.0189
600559.SH,2016-06-24,21.9300,55.1300,0.6022
600559.SH,2018-06-05,21.5400,30.3600,0.2905
600559.SH,2019-06-06,11.5300,15.1900,0.2409
600559.SH,2020-06-15,10.0600,10.2100,0.0147
600559.SH,2023-06-21,27.0800,27.3800,0.0110
600559.SH,2024-01-02,21.3203,22.5500,0.0545
600560.SH,2003-05-23,14.0800,14.2800,0.0140
600560.SH,2004-05-31,9.8100,12.9000,0.2395
600560.SH,2005-06-13,5.1600,5.2600,0.0190
600560.SH,2006-05-29,5.9000,6.0200,0.0199
600560.SH,2007-06-12,14.8600,15.0600,0.0133
600560.SH,2011-05-16,14.0000,21.1000,0.3365
600560.SH,2012-05-16,8.5700,12.9200,0.3367
600560.SH,2013-05-23,8.5500,8.6600,0.0127
600561.SH,2003-05-29,12.9400,13.0900,0.0115
600561.SH,2004-10-21,8.2000,16.4000,0.5000
600561.SH,2005-05-24,6.7300,6.8000,0.0103
600561.SH,2006-04-26,3.5200,4.0300,0.1266
600561.SH,2006-05-23,4.5200,4.6400,0.0259
600561.SH,2007-05-18,12.1200,12.2500,0.0106
600561.SH,2008-05-20,8.4700,8.6100,0.0163
600561.SH,2010-06-18,9.8300,10.0100,0.0180
600561.SH,2011-04-12,13.0700,13.2500,0.0136
600561.SH,2012-05-14,9.3600,9.5400,0.0189
600561.SH,2013-08-12,12.1900,12.3600,0.0138
600561.SH,2014-06-27,10.0900,10.2700,0.0175
600562.SH,2004-07-06,9.0700,9.1700,0.0109
600562.SH,2005-06-24,5.1800,5.2800,0.0189
600562.SH,2006-06-19,4.8200,4.9200,0.0203
600562.SH,2007-07-20,8.2500,8.3500,0.0120
600562.SH,2008-07-21,6.2300,6.3300,0.0158
600562.SH,2014-07-16,27.2600,54.8200,0.5027
600562.SH,2016-03-17,28.2300,51.0300,0.4468
600562.SH,2018-06-28,16.9500,22.1400,0.2344
600562.SH,2024-01-02,13.5707,13.8400,0.0195
600563.SH,2003-04-21,13.7600,14.0600,0.0213
600563.SH,2004-05-12,15.8600,16.1600,0.0186
600563.SH,2005-05-26,7.2500,11.2700,0.3567
600563.SH,2006-04-07,10.9300,11.1800,0.0224
600563.SH,2007-05-17,18.6600,18.9600,0.0158
600563.SH,2009-05-04,10.9700,11.1700,0.0179
600563.SH,2010-05-19,22.8600,23.2600,0.0172
600563.SH,2011-05-04,25.8500,26.3000,0.0171
600563.SH,2012-05-04,16.8400,17.4400,0.0344
600563.SH,2013-05-10,19.1900,19.7900,0.0303
600563.SH,2014-05-08,27.8900,28.5900,0.0245
600563.SH,2015-05-22,38.6800,39.3800,0.0178
600563.SH,2016-05-20,38.2000,39.2000,0.0255
600563.SH,2017-05-26,43.5900,44.6900,0.0246
600563.SH,2018-05-31,49.2900,50.4900,0.0238
600563.SH,2019-06-14,41.1000,42.4000,0.0307
600563.SH,2020-06-01,52.2200,53.5200,0.0243
600563.SH,2023-06-16,145.7800,147.5800,0.0122
600563.SH,2024-01-02,88.7493,92.6000,0.0416
600566.SH,2010-05-18,7.6500,9.9600,0.2319
600566.SH,2015-04-07,24.9100,25.3100,0.0158
600566.SH,2016-04-20,24.1500,24.8500,0.0282
600566.SH,2017-04-28,34.2600,34.9900,0.0209
600566.SH,2018-06-01,52.1300,53.1300,0.0188
600566.SH,2019-06-03,32.8700,34.1000,0.0361
600566.SH,2020-04-24,21.2700,22.5000,0.0547
600566.SH,2021-05-26,18.7900,19.2400,0.0234
600566.SH,2022-05-26,22.9800,23.6600,0.0287
600566.SH,2023-07-03,28.1600,29.0400,0.0303
600566.SH,2024-01-02,28.1343,31.4300,0.1049
600567.SH,2005-04-04,3.7200,3.8200,0.0262
600567.SH,2006-04-20,3.0900,4.1400,0.2536
600567.SH,2010-06-10,5.0900,5.1500,0.0117
600567.SH,2011-05-04,5.7100,5.7700,0.0104
600567.SH,2012-05-07,2.5000,5.2500,0.5238
600567.SH,2018-06-08,4.1000,4.2300,0.0307
600567.SH,2021-07-05,3.3400,3.3800,0.0118
600567.SH,2022-06-02,2.7500,2.8600,0.0385
600568.SH,2004-07-08,6.7800,10.1700,0.3333
600568.SH,2006-08-10,4.6300,5.3200,0.1297
600568.SH,2012-11-12,8.9200,19.6500,0.5461
600568.SH,2017-07-13,6.8300,19.1600,0.6435
600569.SH,2002-07-02,6.3100,6.5000,0.0292
600569.SH,2003-06-13,6.7000,6.9000,0.0290
600569.SH,2004-06-15,4.0800,6.3700,0.3595
600569.SH,2005-07-19,2.2800,2.3800,0.0420
600569.SH,2006-06-29,2.4700,2.5700,0.0389
600569.SH,2007-07-05,8.3400,8.4400,0.0118
600569.SH,2008-06-19,5.6300,5.7300,0.0175
600569.SH,2019-05-10,3.0600,3.1600,0.0316
600569.SH,2020-07-23,2.2400,2.2900,0.0218
600569.SH,2021-08-20,4.0000,4.0500,0.0123
600569.SH,2022-08-19,2.3000,2.4100,0.0456
600570.SH,2004-06-04,19.6800,20.1100,0.0214
600570.SH,2005-06-01,5.7500,8.8300,0.3488
600570.SH,2006-06-01,5.9100,8.3900,0.2956
600570.SH,2007-04-23,18.1800,23.7300,0.2339
600570.SH,2008-05-28,17.5800,28.2000,0.3766
600570.SH,2009-04-23,11.4700,17.3100,0.3374
600570.SH,2010-05-10,16.1800,22.7000,0.2872
600570.SH,2019-05-15,63.7200,83.1500,0.2337
600570.SH,2020-06-05,83.5200,109.1000,0.2345
600570.SH,2021-07-16,61.7200,86.5000,0.2865
600570.SH,2022-08-18,31.8100,41.4500,0.2326
600570.SH,2024-01-02,28.4629,28.7600,0.0103
600571.SH,2003-06-12,23.6500,23.9500,0.0125
600571.SH,2004-06-08,11.9300,19.3800,0.3844
600571.SH,2005-06-09,5.5600,9.0900,0.3883
600571.SH,2006-06-16,4.2200,5.5300,0.2369
600571.SH,2013-07-01,10.0100,10.1200,0.0109
600571.SH,2016-07-01,27.4800,55.1200,0.5015
600571.SH,2019-05-31,9.3800,9.7500,0.0379
600571.SH,2020-07-10,10.0200,10.1600,0.0138
600571.SH,2021-07-16,7.0500,7.2700,0.0303
600571.SH,2022-07-29,8.4300,8.6800,0.0288
600571.SH,2024-01-02,13.3403,13.7500,0.0298
600572.SH,2005-06-17,5.7300,5.9300,0.0337
600572.SH,2006-06-21,7.8700,8.0700,0.0248
600572.SH,2007-04-25,15.7600,15.9900,0.0144
600572.SH,2008-04-15,10.3100,18.7000,0.4487
600572.SH,2009-05-13,7.6000,7.7200,0.0155
600572.SH,2011-04-25,13.6400,27.3800,0.5018
600572.SH,2012-06-19,10.3300,10.4800,0.0143
600572.SH,2014-06-25,14.0100,14.1700,0.0113
600572.SH,2015-07-07,15.0100,25.6900,0.4157
600572.SH,2016-06-15,6.4300,9.7500,0.3405
600572.SH,2017-06-16,6.7400,6.8600,0.0175
600572.SH,2018-07-05,7.0000,7.1500,0.0210
600572.SH,2019-06-26,6.5900,6.7300,0.0208
600572.SH,2022-06-29,4.4700,4.6300,0.0346
600572.SH,2023-06-09,6.8000,6.9500,0.0216
600572.SH,2024-01-02,4.6932,5.0500,0.0707
600573.SH,2009-06-18,7.8100,7.9100,0.0126
600573.SH,2010-05-14,11.7000,11.8500,0.0127
600573.SH,2024-01-02,10.2435,10.3800,0.0132
600575.SH,2004-05-25,8.7800,8.9300,0.0168
600575.SH,2005-05-31,7.5400,7.9400,0.0504
600575.SH,2006-06-06,7.1200,7.3200,0.0273
600575.SH,2007-06-22,15.1700,22.8600,0.3364
600575.SH,2008-05-22,6.6300,13.2500,0.4996
600575.SH,2011-06-16,9.4100,18.8200,0.5000
600575.SH,2013-04-19,3.7100,7.4600,0.5027
600575.SH,2020-06-02,2.2500,2.3500,0.0426
600575.SH,2024-01-02,2.3355,2.4100,0.0309
600576.SH,2004-07-19,4.7300,4.8300,0.0207
600576.SH,2007-01-25,7.8400,8.8100,0.1101
600576.SH,2015-09-28,13.1300,28.8900,0.5455
600577.SH,2003-10-20,8.8600,15.9500,0.4445
600577.SH,2004-10-22,7.1000,7.2000,0.0139
600577.SH,2005-09-19,6.4800,6.5800,0.0152
600577.SH,2006-08-31,6.1700,7.5200,0.1795
600577.SH,2008-05-14,7.7300,13.9200,0.4447
600577.SH,2009-05-12,5.5800,5.6800,0.0176
600577.SH,2012-04-11,5.3900,10.8800,0.5046
600577.SH,2015-06-11,11.4200,22.9300,0.5020
600577.SH,2016-05-12,4.1800,4.2400,0.0142
600577.SH,2017-05-11,5.0200,5.1000,0.0157
600577.SH,2017-09-13,4.4800,4.5300,0.0110
600577.SH,2018-04-27,4.3400,4.4200,0.0181
600577.SH,2019-06-12,3.0400,3.0800,0.0130
600577.SH,2020-05-11,3.0300,3.1000,0.0226
600577.SH,2020-09-28,3.3400,3.3900,0.0147
600577.SH,2023-05-04,4.2800,4.4000,0.0273
600577.SH,2024-01-02,3.9434,4.1400,0.0475
600578.SH,2002-08-13,11.7100,11.8800,0.0143
600578.SH,2003-06-16,10.3800,10.4900,0.0105
600578.SH,2004-08-16,6.9800,7.1500,0.0238
600578.SH,2005-08-15,4.7700,4.9700,0.0402
600578.SH,2006-08-07,4.6100,4.8000,0.0396
600578.SH,2007-08-07,14.8200,14.9700,0.0100
600578.SH,2008-05-30,10.0100,10.2100,0.0196
600578.SH,2009-06-12,9.8900,10.0100,0.0120
600578.SH,2010-08-12,8.3600,8.5200,0.0188
600578.SH,2011-07-14,8.5900,10.4100,0.1748
600578.SH,2012-05-28,6.9600,7.1600,0.0279
600578.SH,2012-09-21,6.7300,6.9800,0.0358
600578.SH,2013-10-23,4.1100,8.3200,0.5060
600578.SH,2014-08-19,3.5400,3.7400,0.0535
600578.SH,2015-07-28,6.1300,6.3300,0.0316
600578.SH,2016-08-12,4.3700,4.5700,0.0438
600578.SH,2017-08-24,4.3600,4.5300,0.0375
600578.SH,2018-08-24,3.1300,3.1900,0.0188
600578.SH,2019-08-26,3.1500,3.2300,0.0248
600578.SH,2020-08-07,3.1800,3.3000,0.0364
600578.SH,2021-07-28,2.7300,2.8500,0.0421
600578.SH,2023-08-16,3.4400,3.5600,0.0337
600578.SH,2024-01-02,2.7987,2.9600,0.0545
600579.SH,2002-12-03,9.8300,11.8300,0.1691
600579.SH,2006-11-02,3.8700,4.5700,0.1532
600580.SH,2003-04-04,9.7400,15.7900,0.3832
600580.SH,2004-04-01,7.8400,7.9600,0.0151
600580.SH,2005-03-24,5.4500,5.5700,0.0215
600580.SH,2006-04-12,6.0300,7.3600,0.1807
600580.SH,2007-05-29,13.9500,15.4700,0.0983
600580.SH,2008-04-15,9.9800,10.1000,0.0119
600580.SH,2010-03-02,16.1300,21.0700,0.2345
600580.SH,2011-06-22,7.9100,12.7200,0.3781
600580.SH,2014-06-20,7.3600,7.4600,0.0134
600580.SH,2018-06-26,7.3500,7.4500,0.0134
600580.SH,2019-06-21,8.7800,8.9300,0.0168
600580.SH,2020-06-09,11.8000,11.9500,0.0126
600580.SH,2021-07-19,13.2000,13.3500,0.0112
600580.SH,2022-07-25,14.3500,14.5000,0.0103
600580.SH,2023-07-17,13.4000,13.5500,0.0111
600580.SH,2024-01-02,9.6368,11.7300,0.1784
600581.SH,2003-05-27,7.0800,8.6900,0.1853
600581.SH,2004-05-31,5.5300,6.8300,0.1903
600581.SH,2005-07-18,3.3300,3.6300,0.0826
600581.SH,2006-06-22,2.9200,3.1400,0.0701
600581.SH,2007-05-18,10.7800,10.9200,0.0128
600581.SH,2008-05-15,14.8900,19.4100,0.2329
600581.SH,2011-05-16,14.0800,14.3000,0.0154
600581.SH,2012-05-15,7.7800,7.9800,0.0251
600581.SH,2013-05-31,5.2000,5.2700,0.0133
600581.SH,2018-04-20,6.4200,12.8300,0.4996
600582.SH,2003-05-27,12.8300,16.6800,0.2308
600582.SH,2004-06-01,8.5200,13.6300,0.3749
600582.SH,2005-08-23,6.1800,8.1400,0.2408
600582.SH,2007-07-05,38.8800,58.3200,0.3333
600582.SH,2008-04-14,24.0700,48.2000,0.5006
600582.SH,2010-07-12,12.0100,18.0700,0.3354
600582.SH,2012-07-16,11.0100,13.3600,0.1759
600582.SH,2013-07-24,6.2500,6.3700,0.0188
600582.SH,2014-08-18,7.8700,7.9700,0.0125
600582.SH,2015-12-14,7.7100,15.4100,0.4997
600582.SH,2018-05-15,4.2900,4.3400,0.0115
600582.SH,2019-06-26,3.5500,3.6000,0.0139
600582.SH,2020-07-10,3.2300,3.3300,0.0300
600582.SH,2021-07-23,4.6200,4.7700,0.0314
600582.SH,2022-06-28,4.8500,5.0300,0.0358
600582.SH,2023-06-09,5.2800,5.4800,0.0365
600582.SH,2024-01-02,4.9634,5.4400,0.0876
600583.SH,2002-10-18,15.3600,15.5600,0.0129
600583.SH,2003-10-15,13.2700,14.7000,0.0973
600583.SH,2004-05-17,14.9800,18.0700,0.1710
600583.SH,2005-05-12,22.1200,26.6400,0.1697
600583.SH,2006-05-15,23.3800,46.9600,0.5021
600583.SH,2007-06-04,38.3100,46.0700,0.1684
600583.SH,2008-04-14,22.9600,45.9800,0.5007
600583.SH,2009-05-26,11.0900,16.7400,0.3375
600583.SH,2010-05-07,6.7400,8.0900,0.1669
600583.SH,2014-06-17,7.2200,7.3200,0.0137
600583.SH,2015-06-11,15.3300,15.5600,0.0148
600583.SH,2016-06-08,7.0400,7.2900,0.0343
600583.SH,2017-06-14,6.4300,6.5300,0.0153
600583.SH,2020-06-12,4.6000,4.6600,0.0129
600583.SH,2021-06-15,4.5500,4.6200,0.0152
600583.SH,2022-06-10,4.4900,4.5700,0.0175
600583.SH,2023-06-12,6.0400,6.1400,0.0163
600583.SH,2024-01-02,5.5790,5.9400,0.0608
600584.SH,2004-05-24,7.9900,12.8300,0.3772
600584.SH,2005-05-27,4.2000,4.2500,0.0118
600584.SH,2008-04-29,7.9100,15.9100,0.5028
600584.SH,2010-10-22,12.3600,13.3600,0.0749
600585.SH,2003-11-18,10.3600,10.4900,0.0124
600585.SH,2005-06-07,6.5000,6.6300,0.0196
600585.SH,2010-06-21,16.9200,34.1900,0.5051
600585.SH,2011-06-16,24.6000,37.2000,0.3387
600585.SH,2012-06-14,16.1100,16.4600,0.0213
600585.SH,2013-06-14,14.4700,14.7200,0.0170
600585.SH,2014-06-18,16.1700,16.5200,0.0212
600585.SH,2015-06-19,24.2300,24.8800,0.0261
600585.SH,2016-06-22,14.2400,14.6700,0.0293
600585.SH,2017-06-21,20.5900,21.0900,0.0237
600585.SH,2018-06-20,34.5300,35.7300,0.0336
600585.SH,2019-06-19,39.0700,40.7600,0.0415
600585.SH,2020-06-18,54.0500,56.0500,0.0357
600585.SH,2021-06-17,44.9600,47.0800,0.0450
600585.SH,2022-06-21,34.7200,37.1000,0.0642
600585.SH,2023-06-20,24.8000,26.2800,0.0563
600585.SH,2024-01-02,20.7758,22.5600,0.0791
600586.SH,2003-06-19,14.5900,19.2700,0.2429
600586.SH,2005-06-29,5.5000,8.3500,0.3413
600586.SH,2006-07-12,5.9700,7.0500,0.1532
600586.SH,2008-04-29,13.4400,26.9200,0.5007
600586.SH,2011-06-03,7.2500,14.4900,0.4997
600586.SH,2018-07-03,3.2500,3.3100,0.0181
600586.SH,2019-07-19,2.9800,3.0400,0.0197
600586.SH,2022-07-06,7.1000,7.3800,0.0379
600586.SH,2024-01-02,6.5622,6.6800,0.0176
600587.SH,2003-06-30,12.6700,17.7900,0.2878
600587.SH,2008-06-24,7.4500,9.6800,0.2304
600587.SH,2012-04-23,25.4600,28.4000,0.1035
600587.SH,2014-07-21,32.4200,64.9500,0.5008
600587.SH,2024-01-02,18.8072,25.7900,0.2708
600588.SH,2002-05-22,50.8200,51.4200,0.0117
600588.SH,2003-07-04,42.3200,51.3800,0.1763
600588.SH,2004-05-20,25.4500,30.9200,0.1769
600588.SH,2005-05-23,14.8900,18.1900,0.1814
600588.SH,2006-05-18,22.8100,30.3100,0.2474
600588.SH,2007-05-11,45.3600,46.0400,0.0148
600588.SH,2008-04-11,28.5000,57.9900,0.5085
600588.SH,2009-04-29,19.6500,25.8400,0.2396
600588.SH,2010-04-30,25.6400,33.9300,0.2443
600588.SH,2011-05-12,19.9600,20.1800,0.0109
600588.SH,2012-04-19,16.8300,20.6000,0.1830
600588.SH,2013-05-07,9.3100,9.5100,0.0210
600588.SH,2014-04-23,15.3200,18.6800,0.1799
600588.SH,2015-04-30,38.4600,46.4500,0.1720
600588.SH,2018-05-02,28.1700,36.7700,0.2339
600588.SH,2019-05-07,21.6600,28.4100,0.2376
600588.SH,2020-05-19,37.6500,49.2000,0.2348
600589.SH,2003-06-05,12.9400,13.1400,0.0152
600589.SH,2004-06-10,8.5100,10.4600,0.1864
600589.SH,2005-06-22,5.2700,5.4700,0.0366
600589.SH,2006-06-26,6.8400,6.9400,0.0144
600589.SH,2007-06-06,13.3000,20.0000,0.3350
600589.SH,2008-05-14,7.6100,11.4600,0.3360
600589.SH,2018-07-10,4.3000,4.3600,0.0138
600589.SH,2023-12-29,3.0400,3.8400,0.2083
600590.SH,2004-05-24,9.1600,13.7900,0.3358
600590.SH,2008-05-06,9.7300,14.7000,0.3381
600590.SH,2009-08-07,12.5300,14.0200,0.1063
600590.SH,2010-05-20,13.0600,15.7700,0.1718
600590.SH,2013-07-08,5.5700,5.6700,0.0176
600590.SH,2017-07-21,11.8500,11.9700,0.0100
600590.SH,2018-06-27,6.5700,8.6500,0.2405
600592.SH,2002-10-29,11.2900,11.4900,0.0174
600592.SH,2004-06-21,6.8300,7.0300,0.0284
600592.SH,2005-06-21,7.4800,7.7000,0.0286
600592.SH,2006-06-15,11.0600,11.3100,0.0221
600592.SH,2007-06-18,22.3900,22.6900,0.0132
600592.SH,2008-05-23,10.4500,21.2700,0.5087
600592.SH,2009-06-22,9.5600,9.6600,0.0104
600592.SH,2012-06-26,7.9700,8.0700,0.0124
600592.SH,2013-07-19,7.3600,7.4600,0.0134
600592.SH,2014-08-05,9.6100,9.7100,0.0103
600592.SH,2018-06-28,5.9400,6.0400,0.0166
600592.SH,2021-06-25,9.9700,10.0800,0.0109
600592.SH,2022-06-23,7.4300,7.5500,0.0159
600592.SH,2024-01-02,11.2472,11.5100,0.0228
600593.SH,2018-05-31,21.4000,29.9600,0.2857
600594.SH,2005-06-09,11.7600,14.2400,0.1742
600594.SH,2006-06-05,12.6400,19.0700,0.3372
600594.SH,2007-09-17,15.3500,23.0300,0.3335
600594.SH,2008-07-03,6.7500,8.9200,0.2433
600594.SH,2010-10-15,15.3800,23.1000,0.3342
600594.SH,2015-07-16,26.9000,53.9200,0.5011
600594.SH,2020-06-03,5.6700,5.9700,0.0503
600594.SH,2020-09-02,6.8000,7.1000,0.0423
600594.SH,2021-06-08,5.7900,5.9200,0.0220
600594.SH,2024-01-02,5.5627,5.6900,0.0224
600595.SH,2003-05-28,10.0600,13.2800,0.2425
600595.SH,2004-06-21,6.5300,8.6900,0.2486
600595.SH,2007-09-11,34.0800,68.1600,0.5000
600595.SH,2010-03-18,13.5500,24.4500,0.4458
600595.SH,2011-01-19,11.8400,13.1900,0.1024
600596.SH,2003-06-19,9.5800,9.7600,0.0184
600596.SH,2004-06-01,6.0100,10.3300,0.4182
600596.SH,2005-07-07,7.9500,8.2500,0.0364
600596.SH,2006-04-11,10.5000,13.2100,0.2051
600596.SH,2006-07-05,10.9200,11.2300,0.0276
600596.SH,2007-06-01,43.1900,43.6900,0.0114
600596.SH,2009-05-14,38.5100,39.6100,0.0278
600596.SH,2010-04-30,16.7300,37.2100,0.5504
600596.SH,2014-06-18,8.9900,9.2100,0.0239
600596.SH,2017-05-18,7.8300,7.9300,0.0126
600596.SH,2018-05-30,17.2500,17.4500,0.0115
600596.SH,2019-06-13,10.9400,11.4700,0.0462
600596.SH,2020-07-02,8.4600,8.6600,0.0231
600596.SH,2021-06-04,15.7000,15.9500,0.0157
600596.SH,2022-04-27,16.7300,23.9200,0.3006
600596.SH,2023-06-21,10.9600,11.7100,0.0640
600596.SH,2024-01-02,8.9053,9.1200,0.0235
600597.SH,2004-06-11,7.8300,12.7200,0.3844
600597.SH,2005-05-27,5.0700,5.2200,0.0287
600597.SH,2006-06-22,7.3700,7.4700,0.0134
600597.SH,2008-06-13,7.5600,7.6700,0.0143
600597.SH,2011-05-23,9.2900,9.4100,0.0128
600597.SH,2012-05-16,9.8400,9.9900,0.0150
600597.SH,2013-05-27,14.1300,14.3100,0.0126
600597.SH,2014-05-19,17.9600,18.1600,0.0110
600597.SH,2015-05-26,19.5600,19.8400,0.0141
600597.SH,2017-05-19,11.6700,11.8200,0.0127
600597.SH,2018-06-06,11.7900,11.9500,0.0134
600597.SH,2022-07-20,11.3700,11.5300,0.0139
600597.SH,2024-01-02,8.3382,8.7300,0.0449
600598.SH,2003-08-08,5.9800,6.1100,0.0213
600598.SH,2004-07-09,6.0900,6.3100,0.0349
600598.SH,2005-06-23,4.1100,4.9800,0.1747
600598.SH,2006-06-01,4.3300,4.7700,0.0922
600598.SH,2007-07-05,9.0600,9.3400,0.0300
600598.SH,2008-06-13,16.6100,16.8800,0.0160
600598.SH,2009-06-12,13.1000,13.3700,0.0202
600598.SH,2010-06-18,12.5700,12.7200,0.0118
600598.SH,2011-07-01,13.8500,14.0000,0.0107
600598.SH,2012-06-11,7.8200,8.0000,0.0225
600598.SH,2015-05-07,18.1800,18.5700,0.0210
600598.SH,2016-05-13,10.6600,10.9500,0.0265
600598.SH,2017-05-17,10.9300,11.2700,0.0302
600598.SH,2018-06-07,10.1500,10.4200,0.0259
600598.SH,2019-05-22,11.0000,11.4000,0.0351
600598.SH,2020-05-27,15.5800,15.9600,0.0238
600598.SH,2021-05-27,15.6900,16.0900,0.0249
600598.SH,2022-05-25,15.2700,15.6700,0.0255
600598.SH,2023-05-25,13.3500,13.7700,0.0305
600598.SH,2024-01-02,11.1496,11.9700,0.0685
600599.SH,2002-07-12,20.0300,36.2000,0.4467
600600.SH,1994-06-27,4.4700,4.6400,0.0366
600600.SH,1995-06-23,3.6300,3.7200,0.0242
600600.SH,1996-06-28,5.5200,5.6000,0.0143
600600.SH,2001-02-21,9.1300,9.3600,0.0246
600600.SH,2001-08-01,9.0000,9.1000,0.0110
600600.SH,2002-08-13,8.7300,8.8400,0.0124
600600.SH,2003-06-30,8.6900,8.9100,0.0247
600600.SH,2004-07-26,9.3600,9.5600,0.0209
600600.SH,2005-07-25,8.4900,8.6400,0.0174
600600.SH,2006-08-17,10.7800,10.9400,0.0146
600600.SH,2014-08-01,41.7500,42.2000,0.0107
600600.SH,2015-07-31,36.5100,36.9600,0.0122
600600.SH,2016-07-12,29.8800,30.2700,0.0129
600600.SH,2017-07-28,33.1700,33.5200,0.0104
600600.SH,2019-08-05,43.0500,43.5300,0.0110
600600.SH,2022-07-19,95.2200,96.3200,0.0114
600600.SH,2023-07-14,102.7100,104.5100,0.0172
600600.SH,2024-01-02,70.3756,74.7500,0.0585
600601.SH,1991-04-08,4.8800,48.8000,0.9000
600601.SH,1991-04-15,4.8000,48.0000,0.9000
600601.SH,1991-04-22,4.7000,47.8000,0.9017
600601.SH,1991-04-29,4.5900,46.8000,0.9019
600601.SH,1991-05-06,4.4100,46.8000,0.9058
600601.SH,1991-05-13,4.2100,46.8000,0.9100
600601.SH,1991-05-20,4.0100,41.7000,0.9038
600601.SH,1991-05-27,3.8900,38.9000,0.9000
600601.SH,1991-06-03,3.9300,39.3000,0.9000
600601.SH,1991-06-10,4.1300,41.3000,0.9000
600601.SH,1991-06-17,4.2500,42.5000,0.9000
600601.SH,1991-06-24,4.4500,44.5000,0.9000
600601.SH,1991-07-01,4.6800,46.8000,0.9000
600601.SH,1991-07-08,4.5300,45.3000,0.9000
600601.SH,1991-07-15,4.3200,43.2000,0.9000
600601.SH,1991-07-22,4.5200,45.2000,0.9000
600601.SH,1991-07-29,4.7700,47.7000,0.9000
600601.SH,1991-08-05,5.0200,50.2000,0.9000
600601.SH,1991-08-12,5.2700,52.7000,0.9000
600601.SH,1991-08-19,5.5200,55.2000,0.9000
600601.SH,1991-08-26,5.8200,58.2000,0.9000
600601.SH,1991-09-02,6.1200,61.2000,0.9000
600601.SH,1991-09-09,6.4200,64.2000,0.9000
600601.SH,1991-09-16,6.4700,64.7000,0.9000
600601.SH,1991-09-23,6.4500,64.5000,0.9000
600601.SH,1991-09-30,6.1500,61.5000,0.9000
600601.SH,1991-10-07,6.2100,62.1000,0.9000
600601.SH,1991-10-14,6.3350,63.3500,0.9000
600601.SH,1991-10-21,6.5700,65.7000,0.9000
600601.SH,1991-11-04,7.2700,72.7000,0.9000
600601.SH,1991-11-11,7.6300,76.3000,0.9000
600601.SH,1991-11-18,7.7900,77.9000,0.9000
600601.SH,1991-11-25,7.9500,79.5000,0.9000
600601.SH,1991-12-02,8.2700,82.7000,0.9000
600601.SH,1991-12-09,8.6000,86.0000,0.9000
600601.SH,1991-12-16,8.7800,87.8000,0.9000
600601.SH,1991-12-23,8.8700,88.7000,0.9000
600601.SH,1991-12-30,9.1400,91.4000,0.9000
600601.SH,1992-02-03,9.9000,99.0000,0.9000
600601.SH,1992-05-04,20.4500,204.5000,0.9000
600601.SH,1993-03-22,10.5000,15.7500,0.3333
600601.SH,1993-12-20,11.5000,19.5000,0.4103
600601.SH,1994-05-09,8.9300,10.7200,0.1670
600601.SH,1995-05-22,10.5500,12.6600,0.1667
600601.SH,1996-05-20,7.6700,9.2000,0.1663
600601.SH,1998-10-08,16.3900,24.5900,0.3335
600601.SH,1999-09-28,17.2700,18.9200,0.0872
600601.SH,2001-07-06,16.9000,33.8000,0.5000
600601.SH,2003-07-09,11.1000,12.7600,0.1301
600601.SH,2004-07-15,4.5300,9.0500,0.4994
600601.SH,2007-01-04,3.8400,4.1900,0.0835
600601.SH,2007-07-05,8.1100,11.2900,0.2817
600601.SH,2010-07-12,4.0500,4.6000,0.1196
600601.SH,2022-12-23,2.5800,2.8700,0.1010
600602.SH,1991-04-08,4.6000,460.0000,0.9900
600602.SH,1991-04-15,4.4850,448.5000,0.9900
600602.SH,1991-04-22,4.3750,437.5000,0.9900
600602.SH,1991-04-29,4.2950,429.4500,0.9900
600602.SH,1991-05-06,4.1250,412.5000,0.9900
600602.SH,1991-05-13,3.9230,392.3000,0.9900
600602.SH,1991-05-20,3.8070,380.7000,0.9900
600602.SH,1991-05-27,3.9210,392.1000,0.9900
600602.SH,1991-06-03,4.1000,410.0000,0.9900
600602.SH,1991-06-10,4.3090,430.9000,0.9900
600602.SH,1991-06-17,4.4390,443.9000,0.9900
600602.SH,1991-06-24,4.6650,466.5000,0.9900
600602.SH,1991-07-01,4.9040,490.4000,0.9900
600602.SH,1991-07-08,4.7580,475.8000,0.9900
600602.SH,1991-07-15,4.5240,452.4000,0.9900
600602.SH,1991-07-22,4.6120,461.2000,0.9900
600602.SH,1991-07-29,4.7000,470.0000,0.9900
600602.SH,1991-08-05,4.8830,488.3000,0.9900
600602.SH,1991-08-12,5.1320,513.2000,0.9900
600602.SH,1991-08-19,5.3930,539.3000,0.9900
600602.SH,1991-08-26,5.6680,566.8000,0.9900
600602.SH,1991-09-02,5.9570,595.7000,0.9900
600602.SH,1991-09-09,6.2610,626.1000,0.9900
600602.SH,1991-09-16,6.1970,619.7000,0.9900
600602.SH,1991-09-23,6.0190,601.9000,0.9900
600602.SH,1991-09-30,5.7420,574.2000,0.9900
600602.SH,1991-10-07,5.7990,579.9000,0.9900
600602.SH,1991-10-14,6.0950,609.5000,0.9900
600602.SH,1991-10-21,6.4060,640.6000,0.9900
600602.SH,1991-11-04,7.0060,700.6000,0.9900
600602.SH,1991-11-11,7.3630,736.3000,0.9900
600602.SH,1991-11-18,7.5110,751.1000,0.9900
600602.SH,1991-11-25,7.8940,789.4000,0.9900
600602.SH,1991-12-02,8.2970,829.7000,0.9900
600602.SH,1991-12-09,8.5490,854.9000,0.9900
600602.SH,1991-12-16,8.7200,872.0000,0.9900
600602.SH,1991-12-23,8.8070,880.7000,0.9900
600602.SH,1991-12-30,8.9840,898.4000,0.9900
600602.SH,1992-02-03,9.2570,925.7000,0.9900
600602.SH,1992-05-04,15.0000,1500.0000,0.9900
600602.SH,1993-03-29,7.8700,11.6500,0.3245
600602.SH,1994-05-09,3.1300,3.5400,0.1158
600602.SH,1995-05-29,3.2800,3.9300,0.1654
600602.SH,1996-06-03,3.7900,4.1700,0.0911
600602.SH,1998-07-07,7.6800,9.2200,0.1670
600602.SH,2000-06-23,15.5000,17.1500,0.0962
600602.SH,2002-06-19,8.2700,9.1100,0.0922
600602.SH,2006-06-07,3.6200,4.1800,0.1340
600602.SH,2007-06-26,5.2600,5.7900,0.0915
600603.SH,1992-02-03,8.7300,87.3000,0.9000
600603.SH,1992-05-04,9.0000,90.0000,0.9000
600603.SH,1993-04-05,13.9200,24.5100,0.4321
600603.SH,1994-07-04,7.1300,10.1200,0.2955
600603.SH,1995-07-03,9.3300,11.2000,0.1670
600603.SH,1996-06-20,10.0800,11.1900,0.0992
600603.SH,1997-05-26,10.0100,16.0200,0.3752
600603.SH,1999-03-19,11.2200,13.4600,0.1664
600603.SH,2000-07-07,14.4800,17.3800,0.1669
600603.SH,2017-09-27,9.1400,12.7900,0.2854
600603.SH,2018-05-24,5.1800,7.2500,0.2855
600603.SH,2019-06-13,4.7000,5.0000,0.0600
600603.SH,2020-04-22,5.7400,6.2200,0.0772
600603.SH,2021-06-11,4.3800,4.6700,0.0621
600604.SH,1992-05-04,4.1500,41.5000,0.9000
600604.SH,1993-06-21,13.5000,19.0000,0.2895
600604.SH,1994-06-30,3.9600,4.0600,0.0246
600604.SH,1995-07-03,3.9600,4.3600,0.0917
600604.SH,1996-06-10,4.0000,4.4000,0.0909
600604.SH,1997-06-16,4.4200,4.8600,0.0905
600604.SH,2017-05-26,6.7300,13.4700,0.5004
600605.SH,1992-05-04,2.4400,24.4000,0.9000
600605.SH,1993-05-17,8.8500,15.9000,0.4434
600605.SH,1994-05-23,4.5000,4.6000,0.0217
600605.SH,1999-05-27,10.2900,12.3500,0.1668
600605.SH,2021-05-17,8.7300,12.3300,0.2920
600605.SH,2022-05-27,7.5700,7.6600,0.0117
600605.SH,2024-01-02,27.0358,27.7700,0.0264
600606.SH,1992-05-04,3.5700,35.7000,0.9000
600606.SH,1993-06-21,8.2300,12.2400,0.3276
600606.SH,1995-07-13,7.4400,8.1800,0.0905
600606.SH,2000-04-11,26.3100,49.9900,0.4737
600606.SH,2002-08-06,10.7000,12.2900,0.1294
600606.SH,2003-07-28,6.7100,6.8100,0.0147
600606.SH,2004-07-30,5.4100,5.5100,0.0181
600606.SH,2005-07-29,3.6400,4.1000,0.1122
600606.SH,2006-07-13,5.0500,5.6500,0.1062
600606.SH,2007-05-17,14.5200,16.7000,0.1305
600606.SH,2008-07-09,6.7200,7.4400,0.0968
600606.SH,2009-05-06,9.8200,9.9200,0.0101
600606.SH,2010-05-06,7.6600,8.4800,0.0967
600606.SH,2011-05-12,7.0900,8.2000,0.1354
600606.SH,2012-07-04,7.3500,7.7700,0.0541
600606.SH,2013-07-03,5.2300,5.2900,0.0113
600606.SH,2016-06-29,10.9900,11.1900,0.0179
600606.SH,2017-06-22,7.7500,8.0000,0.0312
600606.SH,2018-07-12,6.0100,6.2600,0.0399
600606.SH,2019-07-10,6.5900,6.8900,0.0435
600606.SH,2020-07-10,9.0500,9.4500,0.0423
600606.SH,2021-07-20,4.9300,5.4300,0.0921
600606.SH,2022-08-02,3.1800,3.5000,0.0914
600608.SH,1992-05-04,2.8800,28.8000,0.9000
600608.SH,1994-05-09,6.5400,7.8500,0.1669
600608.SH,1995-09-11,5.8300,6.7700,0.1388
600608.SH,1996-06-03,4.5500,5.0000,0.0900
600608.SH,1997-07-03,5.7600,6.6200,0.1299
600608.SH,1998-07-27,6.9600,8.3500,0.1665
600608.SH,1999-12-27,7.1800,8.1000,0.1136
600608.SH,2000-08-29,14.7600,16.2400,0.0911
600608.SH,2003-09-15,10.9800,11.2000,0.0196
600608.SH,2004-08-03,6.8800,9.6300,0.2856
600608.SH,2007-06-28,8.6100,11.2100,0.2319
600609.SH,1994-05-23,2.2600,2.5700,0.1206
600609.SH,2000-10-30,6.0700,6.4500,0.0589
600610.SH,1993-07-26,8.9800,10.7800,0.1670
600610.SH,1994-05-16,5.1500,6.7000,0.2313
600610.SH,1997-06-09,5.8900,6.4800,0.0910
600610.SH,2014-11-17,8.6600,25.9700,0.6665
600611.SH,1993-06-14,18.7900,33.8500,0.4449
600611.SH,1994-04-25,11.2200,11.4200,0.0175
600611.SH,1995-01-16,10.6600,21.4700,0.5035
600611.SH,1995-05-02,16.4800,16.7000,0.0132
600611.SH,1996-06-25,17.0700,17.3100,0.0139
600611.SH,1996-10-04,18.6500,22.8000,0.1820
600611.SH,1997-06-06,16.7800,33.5600,0.5000
600611.SH,2000-07-06,16.0300,16.2500,0.0135
600611.SH,2001-06-04,14.6000,14.8500,0.0168
600611.SH,2002-06-26,11.9200,12.1800,0.0213
600611.SH,2003-06-26,8.6200,8.8000,0.0205
600611.SH,2004-05-20,8.2000,8.4000,0.0238
600611.SH,2005-05-12,5.4900,5.6900,0.0351
600611.SH,2006-06-01,7.3800,7.5800,0.0264
600611.SH,2006-08-31,5.4400,7.3500,0.2599
600611.SH,2007-04-30,19.8600,25.8200,0.2308
600611.SH,2008-04-30,10.7900,16.1900,0.3335
600611.SH,2009-06-02,10.8800,11.0100,0.0118
600611.SH,2010-07-22,7.9900,8.0900,0.0124
600611.SH,2011-06-24,6.6900,6.7700,0.0118
600611.SH,2012-07-09,5.0500,5.1200,0.0137
600611.SH,2013-07-15,5.8300,5.9100,0.0135
600611.SH,2014-06-26,5.8900,5.9700,0.0134
600611.SH,2016-06-13,7.6100,11.5200,0.3394
600611.SH,2017-06-08,5.3800,5.4500,0.0128
600611.SH,2018-06-21,3.9400,4.0600,0.0296
600611.SH,2019-07-23,4.3000,4.4200,0.0271
600611.SH,2020-08-06,3.9600,4.0800,0.0294
600611.SH,2024-01-02,2.9401,2.9800,0.0134
600612.SH,1994-01-10,9.9200,17.2800,0.4259
600612.SH,1994-04-11,7.8200,8.8000,0.1114
600612.SH,1995-05-02,7.6900,9.4300,0.1845
600612.SH,1996-07-02,6.8500,7.7500,0.1161
600612.SH,1997-03-14,10.1200,12.1900,0.1698
600612.SH,1997-07-14,8.1400,8.3000,0.0193
600612.SH,1999-06-07,11.4800,14.9300,0.2311
600612.SH,2007-07-02,16.0500,17.7600,0.0963
600612.SH,2008-06-19,12.7200,12.9700,0.0193
600612.SH,2011-07-11,29.0000,37.7000,0.2308
600612.SH,2012-08-06,18.7200,22.5600,0.1702
600612.SH,2013-08-08,16.7400,17.3400,0.0346
600612.SH,2014-07-18,26.6900,27.5500,0.0312
600612.SH,2015-08-10,45.0000,45.9000,0.0196
600612.SH,2016-07-18,45.9600,46.9200,0.0205
600612.SH,2017-07-17,44.3900,45.3900,0.0220
600612.SH,2018-07-17,34.1400,35.1900,0.0298
600612.SH,2019-08-14,54.5800,55.6800,0.0198
600612.SH,2020-08-03,60.1500,61.3000,0.0188
600612.SH,2021-07-30,46.7500,48.0000,0.0260
600612.SH,2022-08-05,35.8200,37.2700,0.0389
600612.SH,2023-07-07,63.1400,64.6000,0.0226
600612.SH,2024-01-02,64.0606,69.0000,0.0716
600613.SH,1993-09-13,15.7200,18.8600,0.1665
600613.SH,1994-05-23,13.4300,13.5800,0.0110
600613.SH,1995-08-09,12.2400,12.4000,0.0129
600613.SH,1996-07-08,8.5100,9.7900,0.1307
600613.SH,1997-07-14,6.8300,7.8500,0.1299
600613.SH,1998-07-21,12.9200,14.8600,0.1306
600613.SH,2015-07-06,17.3000,20.8300,0.1695
600613.SH,2022-07-19,5.8900,5.9900,0.0167
600613.SH,2023-06-27,6.3600,6.4600,0.0155
600613.SH,2024-01-02,7.3079,7.6100,0.0397
600615.SH,1993-05-31,10.9900,16.8400,0.3474
600615.SH,1994-05-03,7.0400,8.5500,0.1766
600615.SH,1995-06-22,8.5300,8.7300,0.0229
600615.SH,1996-08-06,8.1300,8.3300,0.0240
600615.SH,1996-12-09,11.9200,14.5000,0.1779
600615.SH,1997-06-10,10.1700,12.2000,0.1664
600615.SH,1998-11-11,16.1200,19.0000,0.1516
600615.SH,2007-03-01,5.7600,7.2000,0.2000
600615.SH,2024-01-02,10.0827,12.1100,0.1674
600616.SH,1993-07-12,17.1200,24.9900,0.3149
600616.SH,1994-04-18,10.6000,12.8800,0.1770
600616.SH,1994-06-27,7.5400,9.0500,0.1669
600616.SH,1995-05-15,10.6200,12.9000,0.1767
600616.SH,1996-06-04,8.6200,10.0000,0.1380
600616.SH,1998-08-07,9.4800,14.4100,0.3421
600616.SH,1999-07-08,9.1900,9.2900,0.0108
600616.SH,2000-07-12,14.0800,16.0500,0.1227
600616.SH,2002-08-12,17.2200,17.4000,0.0103
600616.SH,2002-10-23,11.4500,17.1800,0.3335
600616.SH,2003-06-30,12.2000,12.3400,0.0113
600616.SH,2004-04-12,9.4300,15.0800,0.3747
600616.SH,2005-04-26,10.2700,10.4700,0.0191
600616.SH,2006-05-24,11.9000,14.3800,0.1725
600616.SH,2009-05-21,16.2300,16.4300,0.0122
600616.SH,2010-06-10,12.6100,15.1300,0.1666
600616.SH,2011-06-13,11.6200,11.7700,0.0127
600616.SH,2013-07-09,6.9800,7.0800,0.0141
600616.SH,2014-07-09,7.7500,7.8500,0.0127
600616.SH,2020-07-10,5.0600,6.6100,0.2345
600616.SH,2024-01-02,6.1427,6.2600,0.0187
600617.SH,1993-04-26,30.5400,46.0000,0.3361
600617.SH,1994-06-06,11.1900,11.4900,0.0261
600617.SH,1995-05-31,12.3800,15.0000,0.1747
600617.SH,2015-04-20,20.4100,34.6900,0.4116
600617.SH,2016-06-24,11.4900,11.6400,0.0129
600617.SH,2024-01-02,2.6538,3.8600,0.3125
600618.SH,1994-01-10,8.9900,11.8800,0.2433
600618.SH,1994-05-16,5.7500,5.9000,0.0254
600618.SH,1995-05-08,8.6300,8.7800,0.0171
600618.SH,1996-05-20,8.4500,8.6000,0.0174
600618.SH,1997-07-04,7.6900,8.5200,0.0974
600618.SH,2000-06-19,11.8300,13.0100,0.0907
600618.SH,2019-07-08,8.0300,8.1500,0.0147
600618.SH,2020-07-29,8.4000,8.5000,0.0118
600618.SH,2022-07-22,12.5200,12.9200,0.0310
600618.SH,2023-07-13,8.8900,9.2500,0.0389
600618.SH,2024-01-02,8.7294,9.1000,0.0407
600619.SH,1994-05-30,8.0400,8.3000,0.0313
600619.SH,1995-04-25,10.9200,14.1900,0.2304
600619.SH,1996-06-25,10.4500,12.6000,0.1706
600619.SH,1997-06-09,12.7600,16.5900,0.2309
600619.SH,2004-06-16,9.5700,11.4800,0.1664
600619.SH,2005-07-20,6.9900,7.1900,0.0278
600619.SH,2006-07-18,6.6400,6.7900,0.0221
600619.SH,2007-07-20,9.2000,9.3000,0.0108
600619.SH,2008-07-14,6.2600,7.5100,0.1664
600619.SH,2010-07-12,7.1600,7.9800,0.1028
600619.SH,2012-07-03,7.0500,7.1500,0.0140
600619.SH,2013-07-01,5.3000,5.4200,0.0221
600619.SH,2014-08-01,7.7200,7.8200,0.0128
600619.SH,2017-07-27,9.5900,9.6900,0.0103
600619.SH,2018-07-03,11.0900,11.2100,0.0107
600619.SH,2019-07-30,8.9300,9.0800,0.0165
600619.SH,2020-06-10,8.7000,8.8800,0.0203
600619.SH,2021-06-07,8.3400,8.4900,0.0177
600619.SH,2022-07-14,7.0300,7.1800,0.0209
600620.SH,1993-06-07,20.3600,38.0200,0.4645
600620.SH,1994-06-20,9.3200,11.1400,0.1634
600620.SH,1995-05-03,9.8800,12.8500,0.2311
600620.SH,1996-06-07,8.8600,10.1900,0.1305
600620.SH,1997-06-05,8.0000,9.2000,0.1304
600620.SH,1998-05-26,10.4700,20.9400,0.5000
600620.SH,1999-06-01,10.3300,15.5000,0.3335
600620.SH,2003-06-24,8.3600,10.0700,0.1698
600620.SH,2009-06-05,8.1000,8.9100,0.0909
600620.SH,2011-06-09,5.8500,7.6000,0.2303
600620.SH,2014-06-26,6.9700,7.1200,0.0211
600620.SH,2016-06-29,10.2200,15.3700,0.3351
600621.SH,1993-06-07,11.2100,16.6000,0.3247
600621.SH,1994-05-09,7.5200,9.7800,0.2311
600621.SH,1995-10-26,10.0300,14.9000,0.3268
600621.SH,1996-07-17,8.7300,11.3500,0.2308
600621.SH,1997-05-13,11.0400,14.3500,0.2307
600621.SH,1997-10-29,7.4400,8.1900,0.0916
600621.SH,1998-06-02,8.3800,10.9000,0.2312
600621.SH,1999-04-28,9.2900,14.8700,0.3753
600621.SH,1999-09-24,12.1300,13.3300,0.0900
600621.SH,2001-05-14,13.8600,18.0200,0.2309
600621.SH,2003-07-21,7.0800,7.1800,0.0139
600621.SH,2004-05-28,6.1500,6.3000,0.0238
600621.SH,2005-06-17,3.6900,3.7900,0.0264
600621.SH,2006-06-09,3.2900,3.4100,0.0352
600621.SH,2007-04-20,8.9800,9.1300,0.0164
600621.SH,2008-05-20,7.2400,7.3600,0.0163
600621.SH,2011-06-03,7.2400,7.3400,0.0136
600621.SH,2012-08-06,4.7900,4.8900,0.0204
600621.SH,2013-05-31,4.7800,4.8900,0.0225
600621.SH,2014-06-25,5.7000,5.8700,0.0290
600621.SH,2018-08-20,7.7600,7.9800,0.0276
600621.SH,2022-06-17,11.8600,12.0000,0.0117
600621.SH,2024-01-02,13.8206,14.0700,0.0177
600622.SH,1993-05-17,15.8300,27.6500,0.4275
600622.SH,1994-05-09,10.0500,12.0600,0.1667
600622.SH,1995-10-19,7.8300,10.4600,0.2514
600622.SH,1996-03-27,5.7300,6.8700,0.1659
600622.SH,1997-07-04,10.9000,11.1000,0.0180
600622.SH,1997-08-06,9.3100,12.1000,0.2306
600622.SH,1998-02-09,7.2800,7.8100,0.0679
600622.SH,2005-06-22,2.9800,3.0600,0.0261
600622.SH,2006-07-31,4.2400,4.3400,0.0230
600622.SH,2008-07-01,5.0500,6.6200,0.2372
600622.SH,2010-06-10,9.0300,9.1800,0.0163
600622.SH,2011-06-28,8.4100,8.5600,0.0175
600622.SH,2012-08-08,6.2400,6.3900,0.0235
600622.SH,2013-07-25,5.6500,5.8300,0.0309
600622.SH,2014-08-18,6.3900,6.5900,0.0303
600622.SH,2015-07-15,11.1900,11.4000,0.0184
600622.SH,2016-07-05,13.9000,14.1100,0.0149
600622.SH,2017-06-30,15.8500,20.8200,0.2387
600622.SH,2018-06-15,8.2900,10.9900,0.2457
600622.SH,2019-06-18,4.8600,6.4800,0.2500
600622.SH,2020-07-16,4.5600,4.6200,0.0130
600622.SH,2022-07-15,3.6200,3.6900,0.0190
600623.SH,1993-07-01,17.1500,22.3000,0.2309
600623.SH,1994-05-30,7.9900,8.0900,0.0124
600623.SH,1995-06-19,8.6500,8.7500,0.0114
600623.SH,1997-06-09,10.1700,10.3200,0.0145
600623.SH,1998-07-20,16.3600,18.0000,0.0911
600623.SH,2013-06-14,9.5600,9.6600,0.0104
600623.SH,2019-06-20,7.7500,8.0100,0.0325
600623.SH,2020-07-29,5.5600,5.6600,0.0177
600623.SH,2022-07-06,8.0700,8.4900,0.0495
600623.SH,2023-07-06,6.0800,6.2700,0.0303
600623.SH,2024-01-02,6.1618,6.4400,0.0432
600624.SH,1993-06-14,12.2000,19.1600,0.3633
600624.SH,1994-05-16,10.8800,11.0800,0.0181
600624.SH,1995-07-10,8.7300,14.9000,0.4141
600624.SH,1996-06-19,8.4500,8.6500,0.0231
600624.SH,1997-06-16,10.3900,14.5500,0.2859
600624.SH,1997-08-04,8.2000,8.9300,0.0817
600624.SH,1999-07-05,12.8300,15.4000,0.1669
600624.SH,2000-07-12,13.4000,17.4200,0.2308
600624.SH,2006-05-17,3.8500,5.0400,0.2361
600624.SH,2015-07-23,13.6600,17.7900,0.2322
600624.SH,2016-07-19,10.0400,13.0800,0.2324
600626.SH,1993-06-21,8.9700,12.8500,0.3019
600626.SH,1994-05-09,5.1300,6.2500,0.1792
600626.SH,1995-05-22,9.6500,9.7500,0.0103
600626.SH,1997-06-09,5.0100,5.5100,0.0907
600626.SH,1998-07-14,8.3600,9.9500,0.1598
600626.SH,2000-07-21,11.3000,12.5300,0.0982
600626.SH,2001-02-19,9.9500,10.6400,0.0648
600626.SH,2002-06-27,10.8900,11.0900,0.0180
600626.SH,2003-07-22,7.1800,7.3800,0.0271
600626.SH,2004-08-16,5.6500,5.7500,0.0174
600626.SH,2005-06-14,3.1100,4.4600,0.3027
600626.SH,2006-08-18,3.0700,3.1700,0.0315
600626.SH,2007-07-20,6.9500,7.0500,0.0142
600626.SH,2008-06-20,4.6000,4.7500,0.0316
600626.SH,2009-06-12,6.8600,6.9600,0.0144
600626.SH,2010-06-07,6.1200,6.2200,0.0161
600626.SH,2011-06-03,5.2200,7.9300,0.3417
600626.SH,2012-06-19,3.9300,4.0300,0.0248
600626.SH,2013-06-03,3.6800,3.7800,0.0265
600626.SH,2014-06-19,8.2000,8.3000,0.0120
600626.SH,2017-06-29,9.4800,9.5800,0.0104
600626.SH,2018-07-11,5.0900,5.1900,0.0193
600628.SH,1993-07-19,20.0400,34.8500,0.4250
600628.SH,1994-06-06,11.4100,19.3900,0.4116
600628.SH,1995-06-30,13.8800,19.1500,0.2752
600628.SH,1995-08-21,14.8700,17.8400,0.1665
600628.SH,1996-08-26,11.8200,21.2800,0.4445
600628.SH,1997-09-04,11.9700,14.3600,0.1664
600628.SH,1998-08-13,8.8800,9.8700,0.1003
600628.SH,2000-05-10,11.8000,13.2800,0.1114
600628.SH,2001-08-10,10.9400,13.2300,0.1731
600628.SH,2002-08-21,9.3300,11.2500,0.1707
600628.SH,2003-07-29,6.5600,6.6800,0.0180
600628.SH,2004-04-13,6.6700,6.9400,0.0389
600628.SH,2005-08-09,6.1500,8.0000,0.2312
600628.SH,2006-08-29,6.9600,8.0000,0.1300
600628.SH,2008-08-26,9.1600,9.2900,0.0140
600628.SH,2011-08-19,8.9400,9.0500,0.0122
600628.SH,2012-07-04,6.7900,6.9100,0.0174
600628.SH,2013-08-22,6.1300,6.2800,0.0239
600628.SH,2014-08-26,9.5700,9.7200,0.0154
600628.SH,2015-08-07,13.0500,13.2000,0.0114
600628.SH,2018-08-10,7.0400,7.2500,0.0290
600628.SH,2019-08-23,7.3700,7.5000,0.0173
600628.SH,2024-01-02,6.9365,7.0100,0.0105
600629.SH,1994-05-23,8.1300,11.6000,0.2991
600629.SH,1995-05-29,9.3100,9.4100,0.0106
600629.SH,1996-05-23,7.3200,8.4200,0.1306
600629.SH,1997-01-20,6.4400,7.3300,0.1214
600629.SH,1997-05-20,9.0000,16.2000,0.4444
600629.SH,1998-04-24,10.6200,11.6800,0.0908
600629.SH,2011-07-26,10.4400,12.5300,0.1668
600629.SH,2018-06-28,11.7800,11.9300,0.0126
600629.SH,2019-06-26,9.9600,12.1300,0.1789
600629.SH,2020-07-22,9.0400,9.1600,0.0131
600629.SH,2021-07-13,6.0400,7.3000,0.1726
600629.SH,2022-07-25,5.8300,7.1200,0.1812
600629.SH,2024-01-02,4.9341,5.1600,0.0438
600630.SH,1993-08-23,8.1300,11.1500,0.2709
600630.SH,1994-05-09,3.4800,4.1800,0.1675
600630.SH,1995-06-19,5.9300,5.9900,0.0100
600630.SH,1998-07-06,8.8400,11.3000,0.2177
600630.SH,1999-07-19,9.4200,9.5200,0.0105
600630.SH,2001-03-02,11.4500,12.2400,0.0645
600630.SH,2003-07-31,5.3600,5.4200,0.0111
600630.SH,2018-08-03,7.7900,7.8800,0.0114
600633.SH,1993-07-05,10.7400,18.1400,0.4079
600633.SH,1994-06-13,5.9800,7.2800,0.1786
600633.SH,1995-05-15,8.1800,8.3300,0.0180
600633.SH,1996-06-28,6.5300,7.1800,0.0905
600633.SH,1999-07-12,7.9500,8.3700,0.0502
600633.SH,1999-07-19,7.5500,7.9500,0.0503
600633.SH,1999-08-09,7.9900,7.6100,0.0499
600633.SH,1999-08-16,8.3900,7.9900,0.0501
600633.SH,1999-08-23,8.8100,8.3900,0.0501
600633.SH,1999-08-30,9.2500,8.8100,0.0499
600633.SH,1999-09-13,8.7800,9.2000,0.0457
600633.SH,1999-09-20,8.3500,8.7800,0.0490
600633.SH,1999-11-01,8.2500,8.3500,0.0120
600633.SH,1999-11-08,7.8400,8.2500,0.0497
600633.SH,1999-11-15,7.4500,7.8400,0.0497
600633.SH,1999-11-22,7.8200,7.4500,0.0497
600633.SH,1999-12-06,7.9800,7.8100,0.0218
600633.SH,1999-12-13,7.8800,7.9800,0.0125
600633.SH,1999-12-21,7.4900,7.8800,0.0495
600633.SH,2000-01-07,7.1200,7.4900,0.0494
600633.SH,2000-01-10,7.3000,7.4900,0.0254
600633.SH,2000-01-17,6.9400,7.3000,0.0493
600633.SH,2000-01-24,6.6500,6.9400,0.0418
600633.SH,2000-02-14,6.3200,6.6500,0.0496
600633.SH,2000-02-21,6.0000,6.3200,0.0506
600633.SH,2000-02-28,5.7000,6.0000,0.0500
600633.SH,2000-03-06,5.9900,5.7000,0.0509
600633.SH,2000-03-13,6.2900,5.9900,0.0501
600633.SH,2000-03-20,6.5800,6.2900,0.0461
600633.SH,2000-03-27,6.9100,6.5800,0.0502
600633.SH,2000-04-03,7.2600,6.9100,0.0507
600633.SH,2000-04-10,7.6200,7.2600,0.0496
600633.SH,2000-04-17,8.0000,7.6200,0.0499
600633.SH,2000-04-24,8.4000,8.0000,0.0500
600633.SH,2000-05-08,7.9800,8.4000,0.0500
600633.SH,2000-05-15,7.5800,7.9800,0.0501
600633.SH,2000-05-22,7.2000,7.5800,0.0501
600633.SH,2000-05-29,6.8400,7.2000,0.0500
600633.SH,2000-06-05,6.5000,6.8400,0.0497
600633.SH,2000-06-12,6.3000,6.5000,0.0308
600633.SH,2000-06-19,6.6200,6.3000,0.0508
600633.SH,2000-06-26,5.5000,6.6200,0.1692
600633.SH,2000-07-03,5.3600,5.5000,0.0255
600633.SH,2000-07-10,5.6300,5.3600,0.0504
600633.SH,2000-07-17,5.9100,5.6300,0.0497
600633.SH,2000-07-24,6.2000,5.9100,0.0491
600633.SH,2000-07-31,6.5100,6.2000,0.0500
600633.SH,2000-08-07,6.7800,6.5100,0.0415
600633.SH,2000-08-14,6.5000,6.7800,0.0413
600633.SH,2000-08-21,6.5800,6.5000,0.0123
600633.SH,2000-09-04,6.5000,6.5800,0.0122
600633.SH,2000-09-25,6.3800,6.5000,0.0185
600633.SH,2000-10-16,6.7000,6.3800,0.0502
600633.SH,2000-10-23,7.0300,6.7000,0.0493
600633.SH,2000-10-30,7.3500,7.0300,0.0455
600633.SH,2000-11-06,7.0000,7.3500,0.0476
600633.SH,2000-11-20,7.3500,7.0000,0.0500
600633.SH,2000-11-27,7.7200,7.3500,0.0503
600633.SH,2000-12-04,8.0900,7.7200,0.0479
600633.SH,2000-12-11,7.9900,8.0900,0.0124
600633.SH,2000-12-18,7.9000,7.9900,0.0113
600633.SH,2000-12-25,8.1800,7.9000,0.0354
600633.SH,2001-01-08,8.0000,8.2000,0.0244
600633.SH,2001-01-15,7.7900,8.0000,0.0262
600633.SH,2001-02-05,7.5000,7.7900,0.0372
600633.SH,2001-02-12,6.9000,7.5000,0.0800
600633.SH,2001-02-19,5.9000,6.9000,0.1449
600633.SH,2001-02-26,4.6900,5.9000,0.2051
600633.SH,2001-03-05,4.9200,4.6900,0.0490
600633.SH,2001-03-12,5.1700,4.9200,0.0508
600633.SH,2001-03-19,5.4300,5.1700,0.0503
600633.SH,2001-03-26,5.0100,5.4300,0.0773
600633.SH,2001-04-02,5.2500,5.0100,0.0479
600633.SH,2001-04-16,5.3100,5.2000,0.0212
600633.SH,2001-07-02,5.5800,5.3100,0.0508
600633.SH,2007-04-23,12.9000,12.4500,0.0361
600633.SH,2007-04-26,13.3900,13.7400,0.0255
600633.SH,2007-04-30,14.4400,13.9200,0.0374
600633.SH,2007-05-10,14.6100,15.1800,0.0375
600633.SH,2012-05-16,15.9800,16.1800,0.0124
600633.SH,2013-05-31,18.3000,18.5500,0.0135
600633.SH,2014-05-20,12.7400,25.8300,0.5068
600633.SH,2016-06-17,14.3300,14.4900,0.0110
600633.SH,2018-06-20,7.1900,7.3700,0.0244
600633.SH,2021-06-08,7.3300,7.4100,0.0108
600633.SH,2022-06-16,7.0300,7.1100,0.0113
600633.SH,2024-01-02,10.6093,11.0600,0.0408
600635.SH,1993-03-29,15.3600,25.9700,0.4085
600635.SH,1994-03-07,13.9700,23.7500,0.4118
600635.SH,1994-03-28,12.5100,14.7000,0.1490
600635.SH,1995-07-10,15.8000,20.8800,0.2433
600635.SH,1996-06-03,11.9300,12.1900,0.0213
600635.SH,1996-09-27,12.2400,15.3000,0.2000
600635.SH,1996-12-20,10.4700,11.7800,0.1112
600635.SH,1997-05-13,13.6800,27.3500,0.4998
600635.SH,1998-03-30,9.6500,14.4700,0.3331
600635.SH,1998-08-31,8.2600,8.9100,0.0730
600635.SH,2001-07-25,12.1000,12.3000,0.0163
600635.SH,2002-05-31,8.4000,8.6100,0.0244
600635.SH,2002-10-28,7.5500,7.9200,0.0467
600635.SH,2003-07-14,7.7600,7.9400,0.0227
600635.SH,2004-07-05,5.9700,6.1200,0.0245
600635.SH,2005-08-26,2.9700,3.8600,0.2306
600635.SH,2006-04-17,2.6800,3.4800,0.2299
600635.SH,2007-06-25,13.9600,18.8500,0.2594
600635.SH,2008-05-14,13.8700,16.6400,0.1665
600635.SH,2010-07-14,6.1400,6.7500,0.0904
600635.SH,2012-07-23,4.5400,4.6100,0.0152
600635.SH,2013-07-16,4.4100,4.4800,0.0156
600635.SH,2014-06-17,4.7800,4.8500,0.0144
600635.SH,2015-05-27,14.8500,22.3100,0.3344
600635.SH,2017-07-25,5.5100,5.5700,0.0108
600635.SH,2018-07-16,3.6800,3.7400,0.0160
600635.SH,2019-08-09,5.1000,5.1600,0.0116
600635.SH,2020-08-12,4.8700,4.9300,0.0122
600635.SH,2021-08-06,3.3900,3.4400,0.0145
600635.SH,2022-07-20,3.1800,3.2300,0.0155
600635.SH,2024-01-02,2.9642,3.0200,0.0185
600636.SH,1993-08-02,9.2600,13.3800,0.3079
600636.SH,1994-04-18,8.3800,10.0500,0.1662
600636.SH,1998-05-15,10.2100,12.2500,0.1665
600636.SH,1999-05-07,8.4200,10.9400,0.2303
600636.SH,2002-01-16,16.0400,18.4500,0.1306
600636.SH,2002-05-10,14.1100,16.7600,0.1581
600636.SH,2002-11-11,11.5500,13.8600,0.1667
600636.SH,2003-07-01,9.6200,9.7200,0.0103
600636.SH,2004-04-29,6.8100,8.9500,0.2391
600636.SH,2006-06-12,7.7600,10.1900,0.2385
600636.SH,2008-07-21,10.0700,11.0800,0.0912
600636.SH,2012-07-09,17.2300,18.9700,0.0917
600636.SH,2019-06-28,11.2000,11.5700,0.0320
600636.SH,2021-07-02,9.9100,10.0200,0.0110
600636.SH,2024-01-02,10.4222,10.5400,0.0112
600637.SH,1993-08-09,7.9800,12.4000,0.3565
600637.SH,1994-05-03,4.1300,4.3100,0.0418
600637.SH,1995-05-15,3.2300,3.5500,0.0901
600637.SH,1998-05-11,8.9700,9.8700,0.0912
600637.SH,2001-01-10,19.8100,20.3000,0.0241
600637.SH,2002-07-02,13.5300,14.9800,0.0968
600637.SH,2004-07-19,8.9900,9.0900,0.0110
600637.SH,2005-06-07,4.2500,4.6700,0.0899
600637.SH,2007-07-19,6.6300,7.2900,0.0905
600637.SH,2017-08-18,20.9300,21.2700,0.0160
600637.SH,2018-08-13,10.3500,13.8100,0.2505
600637.SH,2019-07-18,10.0200,10.2900,0.0262
600637.SH,2020-08-07,10.1900,10.4600,0.0258
600637.SH,2021-06-28,8.2500,8.5200,0.0317
600637.SH,2022-08-08,6.5100,6.7800,0.0398
600637.SH,2023-07-31,7.8900,8.0200,0.0162
600637.SH,2024-01-02,7.0768,7.5200,0.0589
600638.SH,1993-08-16,19.5600,33.9000,0.4230
600638.SH,1994-05-03,11.8300,17.7500,0.3335
600638.SH,1995-09-18,11.8900,17.7700,0.3309
600638.SH,1996-06-28,12.7100,15.3500,0.1720
600638.SH,1997-06-11,18.8700,28.3000,0.3332
600638.SH,1997-10-16,13.1000,14.1200,0.0722
600638.SH,2001-10-08,11.5900,12.0700,0.0398
600638.SH,2004-08-19,5.5000,5.6000,0.0179
600638.SH,2005-07-29,3.6000,3.7000,0.0270
600638.SH,2011-08-05,10.2100,10.3800,0.0164
600638.SH,2014-07-24,13.7900,14.0200,0.0164
600638.SH,2018-07-12,9.0600,11.2200,0.1925
600638.SH,2019-08-27,7.2800,7.5300,0.0332
600638.SH,2021-07-13,5.3600,5.4800,0.0219
600638.SH,2024-01-02,5.0935,5.1700,0.0148
600639.SH,1994-05-16,11.8300,23.8400,0.5038
600639.SH,1995-05-29,19.9300,20.2600,0.0163
600639.SH,1997-07-24,17.4700,21.3600,0.1821
600639.SH,2000-07-24,13.3300,14.6600,0.0907
600639.SH,2002-05-24,10.7500,11.8300,0.0913
600639.SH,2005-07-11,4.0200,4.4700,0.1007
600639.SH,2006-08-14,7.1300,7.2200,0.0125
600639.SH,2010-08-13,10.1400,11.2600,0.0995
600639.SH,2011-08-16,9.3800,9.4800,0.0105
600639.SH,2012-08-09,6.7000,6.7800,0.0118
600639.SH,2013-08-09,7.3900,7.5000,0.0147
600639.SH,2014-08-06,11.2200,11.3600,0.0123
600639.SH,2018-07-12,11.6500,11.9100,0.0218
600639.SH,2019-07-24,14.9200,15.2200,0.0197
600639.SH,2020-07-09,16.7200,17.0300,0.0182
600639.SH,2021-07-14,14.0800,14.3800,0.0209
600639.SH,2022-07-19,12.2500,12.7500,0.0392
600639.SH,2023-07-11,12.0600,12.5600,0.0398
600639.SH,2024-01-02,9.2672,10.1100,0.0834
600640.SH,1993-10-18,24.5200,38.1800,0.3578
600640.SH,1994-03-21,19.6100,35.4900,0.4474
600640.SH,1995-06-07,15.6500,16.1500,0.0310
600640.SH,1996-05-06,12.5200,16.2800,0.2310
600640.SH,1996-10-03,18.7500,22.5000,0.1667
600640.SH,1997-01-17,13.3800,14.9800,0.1068
600640.SH,1997-06-23,16.7500,17.0000,0.0147
600640.SH,1998-06-30,18.1800,18.5800,0.0215
600640.SH,1999-07-19,15.4200,15.6600,0.0153
600640.SH,2003-06-13,11.1300,12.2700,0.0929
600640.SH,2008-06-17,9.1300,9.2800,0.0162
600640.SH,2018-07-25,9.7500,9.8500,0.0102
600641.SH,1993-04-19,32.1300,38.0000,0.1545
600641.SH,1994-05-09,12.5600,22.0100,0.4294
600641.SH,1995-10-04,11.5000,15.0000,0.2333
600641.SH,1996-07-12,9.0400,9.2200,0.0195
600641.SH,1997-12-15,14.1400,18.3800,0.2307
600641.SH,1998-04-03,13.5800,16.2900,0.1664
600641.SH,2000-05-17,20.0700,28.1000,0.2858
600641.SH,2001-05-23,19.4800,19.6800,0.0102
600641.SH,2002-05-24,12.0700,12.2300,0.0131
600641.SH,2003-08-11,8.9500,9.0500,0.0110
600641.SH,2004-08-23,4.6900,4.7900,0.0209
600641.SH,2005-08-11,3.6400,3.8600,0.0570
600641.SH,2008-03-25,18.7300,19.2300,0.0260
600641.SH,2009-06-08,10.3800,19.1400,0.4577
600641.SH,2012-07-09,4.7700,4.8200,0.0104
600641.SH,2013-06-03,3.8900,3.9400,0.0127
600641.SH,2014-07-10,3.8900,3.9900,0.0251
600641.SH,2015-07-09,11.0800,11.2300,0.0134
600641.SH,2017-06-12,10.9900,11.2600,0.0240
600641.SH,2018-06-05,12.1800,12.8100,0.0492
600641.SH,2019-07-30,10.8700,11.0500,0.0163
600641.SH,2020-07-27,20.9800,24.9300,0.1584
600642.SH,1994-05-03,4.5900,4.7400,0.0316
600642.SH,1995-05-02,3.4600,3.6200,0.0442
600642.SH,1996-07-08,9.5400,9.7000,0.0165
600642.SH,1996-11-11,9.6800,14.8700,0.3490
600642.SH,1997-05-09,9.3900,9.5500,0.0168
600642.SH,1998-05-28,9.8200,10.0200,0.0200
600642.SH,1999-08-09,12.8100,13.0100,0.0154
600642.SH,2000-07-20,21.8300,22.0800,0.0113
600642.SH,2001-06-26,16.6800,17.1300,0.0263
600642.SH,2002-07-22,12.4900,12.8400,0.0273
600642.SH,2003-07-18,12.4800,12.7800,0.0235
600642.SH,2004-06-14,8.1900,12.5900,0.3495
600642.SH,2005-04-12,6.6100,6.8100,0.0294
600642.SH,2006-06-26,5.8000,6.0500,0.0413
600642.SH,2007-06-19,17.9700,18.2900,0.0175
600642.SH,2008-05-28,11.4100,11.7400,0.0281
600642.SH,2010-03-25,10.4900,10.6900,0.0187
600642.SH,2011-06-24,5.0100,7.6200,0.3425
600642.SH,2012-05-24,4.3800,4.4800,0.0223
600642.SH,2013-06-17,4.2100,4.3300,0.0277
600642.SH,2014-07-09,4.1700,4.3700,0.0458
600642.SH,2015-07-21,8.9200,9.1200,0.0219
600642.SH,2016-07-15,5.8500,6.0500,0.0331
600642.SH,2017-07-21,6.2600,6.4800,0.0340
600642.SH,2018-08-10,5.1400,5.3400,0.0375
600642.SH,2019-06-05,5.7000,5.9000,0.0339
600642.SH,2020-07-23,5.8100,6.0300,0.0365
600642.SH,2021-07-14,5.8900,6.1700,0.0454
600642.SH,2022-07-08,5.9900,6.1900,0.0323
600642.SH,2023-06-21,6.4100,6.5700,0.0244
600642.SH,2024-01-02,5.8270,6.4200,0.0924
600643.SH,1994-05-03,9.9100,11.9900,0.1735
600643.SH,1995-05-25,13.8600,14.2600,0.0281
600643.SH,1996-06-17,15.9100,17.8000,0.1062
600643.SH,1997-01-15,22.5200,26.8800,0.1622
600643.SH,1997-06-09,24.9200,30.1000,0.1721
600643.SH,1998-06-22,18.8200,20.8000,0.0952
600643.SH,1999-03-16,10.8600,11.1000,0.0216
600643.SH,1999-07-12,13.8100,15.1000,0.0854
600643.SH,2000-07-04,11.3600,12.6000,0.0984
600643.SH,2001-07-03,12.5100,12.6600,0.0118
600643.SH,2002-07-09,10.8100,10.9600,0.0137
600643.SH,2008-01-29,20.7200,28.3900,0.2702
600643.SH,2008-07-22,11.2800,14.6600,0.2306
600643.SH,2015-06-18,20.7800,27.0200,0.2309
600643.SH,2018-06-15,9.4600,9.5800,0.0125
600643.SH,2019-06-14,9.2700,9.3900,0.0128
600643.SH,2020-06-18,7.6700,7.9200,0.0316
600643.SH,2021-05-20,6.8700,7.1300,0.0365
600643.SH,2022-06-17,6.0400,6.2600,0.0351
600643.SH,2023-06-13,5.0200,5.1100,0.0176
600644.SH,1993-08-16,12.2600,20.7200,0.4083
600644.SH,1994-04-25,4.8800,5.8600,0.1672
600644.SH,1995-08-07,6.1400,6.2600,0.0192
600644.SH,1996-10-07,6.5200,7.1700,0.0907
600644.SH,1997-09-01,11.6400,13.7800,0.1553
600644.SH,1997-10-07,8.2200,11.6500,0.2944
600644.SH,1999-01-08,6.8600,6.9700,0.0158
600644.SH,2000-10-26,15.0200,24.0800,0.3762
600644.SH,2005-08-09,3.2400,3.3400,0.0299
600644.SH,2006-06-15,5.0400,5.1400,0.0195
600644.SH,2007-01-05,4.2000,5.5000,0.2364
600645.SH,1993-05-05,33.1900,31.6900,0.0473
600645.SH,1993-08-23,14.5500,26.0500,0.4415
600645.SH,1994-04-25,9.2800,13.9200,0.3333
600645.SH,1995-04-25,11.3900,16.0500,0.2903
600645.SH,1996-06-24,10.0800,12.1000,0.1669
600645.SH,1997-05-12,11.5400,15.0000,0.2307
600645.SH,1997-12-18,7.5800,8.5000,0.1082
600645.SH,2001-08-10,14.9900,23.9900,0.3752
600645.SH,2007-01-25,3.3600,4.3700,0.2311
600648.SH,1994-05-09,16.8000,25.2000,0.3333
600648.SH,1994-08-29,14.6100,34.9000,0.5814
600648.SH,1995-06-21,22.3200,22.6000,0.0124
600648.SH,1999-06-14,13.7700,15.1500,0.0911
600648.SH,2001-07-03,19.7700,21.7500,0.0910
600648.SH,2012-08-09,8.1700,8.2700,0.0121
600648.SH,2013-07-09,13.5500,13.6900,0.0102
600648.SH,2017-07-07,18.1800,18.3800,0.0109
600648.SH,2018-07-13,18.4800,18.6800,0.0107
600648.SH,2019-07-19,19.9500,20.1700,0.0109
600648.SH,2020-07-24,16.1500,16.3900,0.0146
600648.SH,2021-07-09,14.7000,14.9000,0.0134
600648.SH,2022-05-18,13.6800,14.5100,0.0572
600648.SH,2023-07-21,11.2100,11.5400,0.0286
600648.SH,2024-01-02,9.1104,9.8600,0.0760
600649.SH,1993-11-29,6.9500,19.9900,0.6523
600649.SH,1994-05-09,4.1700,4.3500,0.0414
600649.SH,1995-08-09,4.9800,5.1800,0.0386
600649.SH,1995-12-14,3.9200,4.4300,0.1151
600649.SH,1996-08-06,8.0900,8.2500,0.0194
600649.SH,1997-12-05,8.5600,12.4400,0.3119
600649.SH,1998-01-23,7.0900,8.1500,0.1301
600649.SH,1998-06-30,8.3300,8.5300,0.0234
600649.SH,1999-08-27,8.6300,8.7800,0.0171
600649.SH,2000-08-28,9.9600,11.0600,0.0995
600649.SH,2001-08-24,8.0400,8.2000,0.0195
600649.SH,2003-08-19,7.1900,7.2700,0.0110
600649.SH,2005-08-08,5.2600,5.3600,0.0187
600649.SH,2006-08-01,5.0200,5.1200,0.0195
600649.SH,2007-08-01,15.5700,15.7700,0.0127
600649.SH,2008-08-20,9.2000,9.3000,0.0108
600649.SH,2010-08-23,9.0000,9.1000,0.0110
600649.SH,2011-08-15,7.3500,7.4500,0.0134
600649.SH,2012-07-23,5.4000,7.0700,0.2362
600649.SH,2013-06-18,7.0200,7.1700,0.0209
600649.SH,2014-07-24,6.4100,6.5600,0.0229
600649.SH,2015-06-19,7.0300,7.2300,0.0277
600649.SH,2018-08-22,5.8800,6.1300,0.0408
600649.SH,2020-07-31,5.8000,5.8700,0.0119
600649.SH,2021-08-19,4.3300,4.4200,0.0204
600649.SH,2022-08-05,3.8600,3.9700,0.0277
600649.SH,2023-08-16,4.4500,4.5600,0.0241
600649.SH,2024-01-02,3.6058,3.7000,0.0255
600650.SH,1994-05-09,9.1000,10.9200,0.1667
600650.SH,1995-04-03,14.0400,14.2200,0.0127
600650.SH,1996-01-09,10.7800,11.0300,0.0227
600650.SH,1996-06-10,11.4200,12.5600,0.0908
600650.SH,1997-07-14,7.1300,8.5500,0.1661
600650.SH,1999-07-13,8.3300,10.0000,0.1670
600650.SH,2002-07-25,12.2500,13.4800,0.0912
600650.SH,2005-06-27,7.5000,7.7000,0.0260
600650.SH,2006-05-30,7.7300,8.0300,0.0374
600650.SH,2007-06-14,17.3000,17.6500,0.0198
600650.SH,2008-06-16,10.1800,10.5800,0.0378
600650.SH,2009-06-15,13.1800,13.4800,0.0223
600650.SH,2010-07-19,10.3400,10.6400,0.0282
600650.SH,2011-07-11,10.2800,10.5800,0.0284
600650.SH,2012-07-06,7.3900,7.6900,0.0390
600650.SH,2013-06-24,6.4700,6.7000,0.0343
600650.SH,2014-07-18,9.3200,9.5800,0.0271
600650.SH,2015-08-05,17.2400,17.4900,0.0143
600650.SH,2017-07-07,18.5200,18.7700,0.0133
600650.SH,2018-07-06,10.1500,10.4000,0.0240
600650.SH,2019-07-03,11.9700,12.2200,0.0205
600650.SH,2020-07-29,10.2600,10.5100,0.0238
600650.SH,2021-08-02,8.8500,8.9800,0.0145
600650.SH,2023-08-07,9.7900,10.0800,0.0288
600650.SH,2024-01-02,9.4510,9.5700,0.0124
600651.SH,1993-03-22,22.9900,42.9700,0.4650
600651.SH,1994-04-11,10.2800,47.4500,0.7834
600651.SH,1995-05-15,7.0100,8.4100,0.1665
600651.SH,1997-08-01,7.3600,9.5700,0.2309
600651.SH,1998-10-07,13.2300,17.2000,0.2308
600651.SH,1999-06-04,10.7400,15.0300,0.2854
600651.SH,2001-02-12,33.8900,41.6000,0.1853
600651.SH,2001-06-11,27.5200,35.7800,0.2309
600651.SH,2001-09-05,16.2800,27.6700,0.4116
600651.SH,2002-08-26,10.4600,10.5800,0.0113
600651.SH,2005-07-18,5.4600,6.6500,0.1789
600651.SH,2007-06-26,11.6500,12.8100,0.0906
600651.SH,2009-06-12,6.7100,7.3800,0.0908
600651.SH,2012-07-02,5.8600,7.0600,0.1700
600651.SH,2017-08-01,9.0100,9.1200,0.0121
600653.SH,1993-03-15,32.1700,78.1000,0.5881
600653.SH,1994-01-31,17.2300,34.4500,0.4999
600653.SH,1994-04-18,12.2600,14.2000,0.1366
600653.SH,1995-03-27,7.6800,13.0500,0.4115
600653.SH,1996-07-15,7.1000,9.7500,0.2718
600653.SH,1997-07-03,12.7900,15.3500,0.1668
600653.SH,1999-05-05,7.6900,13.0700,0.4116
600653.SH,2000-03-08,11.0100,16.5100,0.3331
600653.SH,2001-05-17,9.4700,11.6700,0.1885
600653.SH,2002-07-01,4.4000,7.9200,0.4444
600653.SH,2009-07-22,4.2800,5.1300,0.1657
600654.SH,1993-05-17,10.7900,14.8700,0.2744
600654.SH,1994-06-20,6.0600,10.5500,0.4256
600654.SH,1995-05-25,8.8700,9.8600,0.1004
600654.SH,1996-07-16,6.1500,6.7600,0.0902
600654.SH,1997-05-21,13.5700,16.4500,0.1751
600654.SH,1997-08-26,9.9800,12.0400,0.1711
600654.SH,1998-10-07,7.2400,11.5800,0.3748
600654.SH,2001-01-12,12.9700,14.0000,0.0736
600654.SH,2002-08-08,7.7700,8.5500,0.0912
600654.SH,2004-07-23,3.8600,5.0200,0.2311
600654.SH,2005-08-16,2.4300,2.9100,0.1649
600655.SH,1993-08-02,19.0600,30.6000,0.3771
600655.SH,1994-05-16,9.4500,12.3900,0.2373
600655.SH,1995-05-15,15.9300,16.1800,0.0155
600655.SH,1996-07-11,13.6300,15.1400,0.0997
600655.SH,1997-06-09,13.5000,14.9500,0.0970
600655.SH,1997-09-03,11.5900,13.2500,0.1253
600655.SH,1998-07-06,9.3300,13.1600,0.2910
600655.SH,1999-06-22,9.4300,9.5800,0.0157
600655.SH,2000-01-05,7.3900,7.8700,0.0610
600655.SH,2003-06-04,7.6800,7.7600,0.0103
600655.SH,2004-07-01,5.3600,5.4400,0.0147
600655.SH,2005-06-09,4.5800,4.7000,0.0255
600655.SH,2006-04-28,7.0800,7.2000,0.0167
600655.SH,2007-06-18,34.3600,44.7300,0.2318
600655.SH,2008-08-08,15.2100,18.3500,0.1711
600655.SH,2009-06-12,17.0800,18.8600,0.0944
600655.SH,2010-07-27,13.7400,24.8200,0.4464
600655.SH,2013-06-25,6.3500,6.5500,0.0305
600655.SH,2014-06-13,7.3200,7.5300,0.0279
600655.SH,2016-06-01,10.7400,10.9100,0.0156
600655.SH,2018-04-27,9.7200,9.8700,0.0152
600655.SH,2019-07-22,7.9700,8.2400,0.0328
600655.SH,2020-06-17,8.4800,8.7700,0.0331
600655.SH,2021-06-18,12.5400,12.8700,0.0256
600655.SH,2022-06-17,9.5300,9.8800,0.0354
600655.SH,2023-06-16,6.9500,7.3000,0.0479
600655.SH,2024-01-02,5.7969,6.2100,0.0665
600657.SH,1994-01-31,5.1300,8.1000,0.3667
600657.SH,1995-04-27,3.9900,4.1100,0.0292
600657.SH,1996-05-23,5.9100,6.0300,0.0199
600657.SH,1997-05-28,7.1600,7.2800,0.0165
600657.SH,1998-05-07,11.0400,13.2500,0.1668
600657.SH,1999-04-22,17.4500,22.6900,0.2309
600657.SH,2000-08-22,35.8100,39.9500,0.1036
600657.SH,2001-10-22,13.3100,17.3000,0.2306
600657.SH,2003-07-04,6.3600,10.8200,0.4122
600657.SH,2006-08-04,2.6500,4.3200,0.3866
600657.SH,2012-06-19,4.9300,4.9900,0.0120
600657.SH,2013-06-19,3.5900,3.6600,0.0191
600657.SH,2014-04-29,3.2900,3.3700,0.0237
600657.SH,2016-06-07,5.0500,5.1500,0.0194
600657.SH,2017-06-16,5.7600,5.8800,0.0204
600657.SH,2018-05-04,4.7200,4.8400,0.0248
600657.SH,2019-06-20,4.0800,4.2000,0.0286
600657.SH,2020-06-23,4.0600,4.1600,0.0240
600657.SH,2022-07-08,6.2100,6.2800,0.0111
600658.SH,1993-12-20,8.1900,13.5000,0.3933
600658.SH,1995-10-16,4.8200,5.3700,0.1024
600658.SH,1996-08-06,5.1800,5.4000,0.0407
600658.SH,1997-09-19,9.9900,14.9800,0.3331
600658.SH,2011-06-03,9.3100,9.4300,0.0127
600658.SH,2012-05-10,8.6100,8.7800,0.0194
600658.SH,2013-05-17,9.4000,9.6200,0.0229
600658.SH,2014-05-07,9.5000,9.7600,0.0266
600658.SH,2015-05-15,16.2400,16.5000,0.0158
600658.SH,2016-05-26,9.7500,10.0200,0.0269
600658.SH,2017-05-12,12.8000,12.9900,0.0146
600658.SH,2018-05-25,6.4800,9.2600,0.3002
600658.SH,2019-06-05,5.2500,5.3900,0.0260
600658.SH,2020-07-03,5.9600,6.0900,0.0213
600658.SH,2021-07-05,4.0400,4.1800,0.0335
600660.SH,1993-06-28,25.1900,37.7900,0.3334
600660.SH,1993-10-25,15.0700,19.6000,0.2311
600660.SH,1994-04-25,7.3700,11.0600,0.3336
600660.SH,1995-05-22,10.7800,14.0100,0.2305
600660.SH,1995-09-11,7.5900,8.0900,0.0618
600660.SH,1996-04-30,8.0000,7.7000,0.0390
600660.SH,1996-06-17,6.8300,7.1000,0.0380
600660.SH,1996-12-09,14.4500,18.7900,0.2310
600660.SH,2001-03-27,14.6400,23.7000,0.3823
600660.SH,2002-03-27,10.5100,11.8000,0.1093
600660.SH,2003-03-17,10.1500,10.3000,0.0146
600660.SH,2004-06-09,8.3000,16.9000,0.5089
600660.SH,2007-06-13,29.4500,29.7600,0.0104
600660.SH,2008-05-13,13.7500,28.0000,0.5089
600660.SH,2010-04-21,11.6500,11.8200,0.0144
600660.SH,2011-03-31,12.3800,12.9500,0.0440
600660.SH,2012-06-28,8.0000,8.4000,0.0476
600660.SH,2013-06-04,8.5000,9.0000,0.0556
600660.SH,2014-05-14,8.0900,8.5900,0.0582
600660.SH,2015-04-15,17.4000,18.1500,0.0413
600660.SH,2016-06-08,14.0300,14.7800,0.0507
600660.SH,2017-05-15,22.3300,23.0800,0.0325
600660.SH,2018-05-29,24.6300,25.3800,0.0296
600660.SH,2018-10-24,23.8200,24.2200,0.0165
600660.SH,2019-05-29,22.1200,22.8700,0.0328
600660.SH,2020-07-23,25.2500,26.0000,0.0288
600660.SH,2021-07-01,55.1000,55.8500,0.0134
600660.SH,2022-05-19,37.0000,38.0000,0.0263
600660.SH,2023-05-18,33.3300,34.5800,0.0361
600660.SH,2024-01-02,34.8456,37.3900,0.0681
600661.SH,1993-11-29,12.4900,18.3000,0.3175
600661.SH,1994-05-09,8.2100,9.1300,0.1008
600661.SH,1995-04-24,8.4100,9.2500,0.0908
600661.SH,1999-05-31,14.1800,15.6000,0.0910
600661.SH,1999-10-18,18.1800,27.2700,0.3333
600661.SH,2004-08-12,7.4800,8.9700,0.1661
600662.SH,1993-09-20,15.7300,26.9600,0.4165
600662.SH,1994-05-09,12.1700,18.4600,0.3407
600662.SH,1994-10-10,14.8100,20.7000,0.2845
600662.SH,1995-05-08,13.5800,16.3000,0.1669
600662.SH,1996-05-10,12.5700,14.6000,0.1390
600662.SH,1996-09-23,10.3700,11.9000,0.1286
600662.SH,1997-04-29,12.9500,25.9000,0.5000
600662.SH,1998-02-27,10.5500,11.3800,0.0729
600662.SH,1998-06-17,10.7100,10.8800,0.0156
600662.SH,2001-07-19,14.7700,16.3500,0.0966
600662.SH,2003-08-15,7.7600,8.0600,0.0372
600662.SH,2004-06-01,6.0100,8.1100,0.2589
600662.SH,2005-07-05,4.1100,6.1700,0.3339
600662.SH,2006-09-05,5.0700,5.2200,0.0287
600662.SH,2008-07-16,5.4900,7.1400,0.2311
600662.SH,2009-07-27,7.0100,7.0900,0.0113
600662.SH,2010-08-02,6.9900,7.0700,0.0113
600662.SH,2011-05-10,7.3400,7.4200,0.0108
600662.SH,2012-06-25,4.5000,4.6000,0.0217
600662.SH,2013-06-17,3.7600,3.8600,0.0259
600662.SH,2014-08-13,7.4500,7.5500,0.0132
600662.SH,2015-07-08,8.5000,8.6000,0.0116
600662.SH,2017-08-10,7.6800,7.7800,0.0129
600662.SH,2018-07-12,3.8300,3.8900,0.0154
600662.SH,2022-08-17,5.9400,6.1400,0.0326
600662.SH,2023-08-17,5.8500,5.9700,0.0201
600662.SH,2024-01-02,4.4606,4.8000,0.0707
600663.SH,1993-12-20,19.0700,25.3000,0.2462
600663.SH,1994-11-07,21.9000,22.2500,0.0157
600663.SH,1995-05-10,18.9100,19.3000,0.0202
600663.SH,1996-11-08,37.3400,46.8900,0.2037
600663.SH,1996-12-31,26.1200,36.5700,0.2858
600663.SH,1999-07-07,12.7900,17.9000,0.2855
600663.SH,2005-07-11,4.4200,4.4700,0.0112
600663.SH,2011-06-21,13.4700,13.6200,0.0110
600663.SH,2012-05-22,12.1500,12.3000,0.0122
600663.SH,2013-05-24,11.6100,11.7700,0.0136
600663.SH,2014-06-12,16.3500,16.5800,0.0139
600663.SH,2016-06-15,24.8500,45.2300,0.4506
600663.SH,2017-06-14,23.1100,23.5000,0.0166
600663.SH,2018-07-18,14.9100,15.3800,0.0306
600663.SH,2019-05-30,14.4500,17.8400,0.1900
600663.SH,2020-05-20,11.2200,11.6800,0.0394
600663.SH,2021-05-20,10.6500,11.1500,0.0448
600663.SH,2022-06-23,10.2500,10.7800,0.0492
600663.SH,2023-05-25,9.9300,10.0600,0.0129
600663.SH,2024-01-02,8.4604,8.7500,0.0331
600664.SH,1994-12-12,3.5300,3.7600,0.0612
600664.SH,1995-11-28,3.6600,3.8100,0.0394
600664.SH,1996-08-29,7.1000,7.2500,0.0207
600664.SH,1997-04-24,10.9700,14.2600,0.2307
600664.SH,1997-07-29,7.4000,8.0000,0.0750
600664.SH,1998-03-13,7.5900,7.1100,0.0675
600664.SH,1998-06-22,7.3700,7.4900,0.0160
600664.SH,1999-03-08,5.8500,6.1700,0.0519
600664.SH,2001-06-15,12.9500,13.1000,0.0115
600664.SH,2002-07-12,12.9300,15.6200,0.1722
600664.SH,2003-07-17,15.3300,23.1100,0.3367
600664.SH,2004-08-13,5.7500,7.5800,0.2414
600664.SH,2009-07-27,15.5500,16.1400,0.0366
600664.SH,2010-06-09,22.2600,22.7500,0.0215
600664.SH,2011-08-01,12.5200,16.8500,0.2570
600664.SH,2014-08-26,6.6200,6.6900,0.0105
600664.SH,2015-11-13,12.7300,13.7300,0.0728
600664.SH,2016-04-06,7.9900,10.3900,0.2310
600664.SH,2017-04-13,7.4600,7.9600,0.0628
600664.SH,2018-05-04,5.0100,5.5100,0.0907
600665.SH,1994-05-23,3.0700,4.4800,0.3147
600665.SH,1995-05-31,2.9900,3.0900,0.0324
600665.SH,1996-05-13,3.3700,3.4200,0.0146
600665.SH,1997-06-24,6.9500,8.3400,0.1667
600665.SH,1997-12-12,5.0100,5.6400,0.1117
600665.SH,2005-06-16,2.8900,2.9400,0.0170
600665.SH,2006-06-16,3.1800,3.2400,0.0185
600665.SH,2010-05-24,5.2300,5.2900,0.0113
600665.SH,2012-05-17,3.8500,4.6200,0.1667
600665.SH,2013-06-06,3.7200,3.8000,0.0211
600665.SH,2014-06-18,3.0200,3.1200,0.0321
600665.SH,2016-06-23,4.7100,4.7900,0.0167
600665.SH,2017-06-22,4.8800,4.9600,0.0161
600665.SH,2018-06-22,3.4200,3.5100,0.0256
600665.SH,2019-06-21,4.0200,4.1700,0.0360
600665.SH,2020-07-14,3.8200,3.9700,0.0378
600665.SH,2021-07-14,2.9100,3.0600,0.0490
600665.SH,2022-06-28,3.4200,3.5500,0.0366
600665.SH,2023-08-04,4.9700,5.0900,0.0236
600666.SH,1993-09-27,9.4400,13.1200,0.2805
600666.SH,1995-04-17,7.0600,7.2600,0.0275
600666.SH,1996-07-04,5.0700,5.5800,0.0914
600666.SH,1997-01-17,6.5200,7.4800,0.1283
600666.SH,1998-03-31,8.6800,13.0200,0.3333
600666.SH,2003-06-17,9.6100,9.7100,0.0103
600666.SH,2008-05-20,11.3900,14.8100,0.2309
600666.SH,2011-05-16,9.6300,14.5500,0.3381
600666.SH,2017-05-26,17.4000,27.8400,0.3750
600666.SH,2023-02-20,1.7900,2.8400,0.3697
600667.SH,1994-04-18,3.3800,4.0500,0.1654
600667.SH,1995-07-19,3.3800,3.5000,0.0343
600667.SH,1996-06-04,3.3000,3.6300,0.0909
600667.SH,1997-07-28,8.2600,8.3600,0.0120
600667.SH,1998-07-21,7.8500,9.0000,0.1278
600667.SH,1999-07-07,6.1500,6.7700,0.0916
600667.SH,2012-10-11,3.1400,6.3000,0.5016
600667.SH,2012-11-02,3.0700,3.3100,0.0725
600667.SH,2018-06-13,7.7900,7.8900,0.0127
600667.SH,2019-05-23,6.9500,7.0900,0.0197
600667.SH,2020-06-23,11.9500,12.1000,0.0124
600667.SH,2021-06-22,8.7300,8.9000,0.0191
600667.SH,2022-06-30,7.3800,7.5500,0.0225
600667.SH,2024-01-02,6.8080,7.0300,0.0316
600668.SH,1994-05-03,4.2600,7.1400,0.4034
600668.SH,1995-05-08,3.2800,3.9300,0.1654
600668.SH,1996-06-06,5.1800,6.0700,0.1466
600668.SH,1997-07-04,6.9000,10.3500,0.3333
600668.SH,1998-03-04,5.3400,5.6100,0.0481
600668.SH,1998-08-20,5.8100,5.9100,0.0169
600668.SH,1999-08-31,7.0200,7.1700,0.0209
600668.SH,2002-07-08,8.1100,8.2100,0.0122
600668.SH,2003-01-21,6.2100,6.5700,0.0548
600668.SH,2004-07-27,4.4600,4.5600,0.0219
600668.SH,2013-07-22,7.9400,8.0900,0.0185
600668.SH,2014-07-25,10.5800,10.7600,0.0167
600668.SH,2015-07-31,12.2500,12.5000,0.0200
600668.SH,2016-06-30,15.0900,15.2700,0.0118
600668.SH,2017-07-14,17.6300,17.8800,0.0140
600668.SH,2019-07-18,12.5500,12.8500,0.0233
600668.SH,2020-07-16,15.9800,16.2800,0.0184
600668.SH,2021-07-13,11.6200,12.0200,0.0333
600668.SH,2022-07-13,14.4500,14.9500,0.0334
600668.SH,2023-07-12,11.4100,11.5600,0.0130
600668.SH,2024-01-02,9.0334,11.0500,0.1825
600671.SH,1994-06-06,4.7100,6.8000,0.3074
600671.SH,1995-07-03,4.7000,4.9000,0.0408
600671.SH,1995-11-13,5.4700,5.7600,0.0503
600671.SH,1996-07-19,4.9400,5.7300,0.1379
600671.SH,1997-02-24,6.6300,9.9400,0.3330
600671.SH,1998-08-18,6.6500,6.7500,0.0148
600671.SH,1999-06-17,8.8500,8.9500,0.0112
600671.SH,2005-08-24,3.7000,3.8800,0.0464
600673.SH,1994-01-10,5.7400,9.0000,0.3622
600673.SH,1995-04-25,2.5000,2.6500,0.0566
600673.SH,1997-07-25,4.1800,4.6000,0.0913
600673.SH,2005-07-06,4.6200,4.6700,0.0107
600673.SH,2006-01-04,4.2600,4.8700,0.1253
600673.SH,2008-05-15,11.6400,23.2800,0.5000
600673.SH,2009-06-03,7.4400,7.5400,0.0133
600673.SH,2013-05-21,7.0300,7.1300,0.0140
600673.SH,2015-05-07,8.3600,21.8000,0.6165
600673.SH,2022-09-13,10.5100,10.7700,0.0241
600673.SH,2024-01-02,7.0303,7.3300,0.0409
600674.SH,1994-01-17,4.9000,6.0000,0.1833
600674.SH,1994-04-25,2.9000,3.0500,0.0492
600674.SH,1996-05-30,3.1500,3.2400,0.0278
600674.SH,1998-11-04,7.3900,8.1300,0.0910
600674.SH,1999-05-25,6.1700,6.7900,0.0913
600674.SH,2001-03-30,12.8500,20.6400,0.3774
600674.SH,2008-05-08,26.4700,34.4200,0.2310
600674.SH,2012-05-22,7.1700,12.9400,0.4459
600674.SH,2015-06-26,14.5700,29.4300,0.5049
600674.SH,2016-06-27,8.1700,8.4400,0.0320
600674.SH,2017-07-14,9.6000,9.9000,0.0303
600674.SH,2018-07-17,8.2300,8.5000,0.0318
600674.SH,2019-07-22,8.8200,9.1200,0.0329
600674.SH,2020-07-16,9.6200,9.9600,0.0341
600674.SH,2021-07-15,12.2300,12.6100,0.0301
600674.SH,2022-07-21,13.1600,13.5600,0.0295
600674.SH,2023-07-14,14.4600,14.8600,0.0269
600674.SH,2024-01-02,14.4456,15.1200,0.0446
600675.SH,1995-10-04,15.2500,25.9500,0.4123
600675.SH,1996-07-04,12.2800,13.6600,0.1010
600675.SH,1997-01-17,12.1600,14.1500,0.1406
600675.SH,1997-04-16,12.5300,18.7900,0.3332
600675.SH,1998-06-10,10.7300,11.9000,0.0983
600675.SH,1998-08-10,9.1900,10.3800,0.1146
600675.SH,1999-07-08,8.5200,8.6200,0.0116
600675.SH,2000-07-03,8.4200,12.6300,0.3333
600675.SH,2002-05-22,8.7800,10.5400,0.1670
600675.SH,2003-05-30,6.9500,7.1500,0.0280
600675.SH,2004-07-26,4.9300,5.0300,0.0199
600675.SH,2005-06-16,3.5200,3.6400,0.0330
600675.SH,2006-04-27,5.3600,5.5400,0.0325
600675.SH,2007-04-09,11.3500,14.7500,0.2305
600675.SH,2008-03-17,13.4700,16.1600,0.1665
600675.SH,2009-06-12,13.3700,13.5300,0.0118
600675.SH,2010-04-15,10.3900,13.5100,0.2309
600675.SH,2011-04-18,8.7000,8.8000,0.0114
600675.SH,2012-05-21,4.7600,5.2500,0.0933
600675.SH,2013-07-16,5.1200,5.2400,0.0229
600675.SH,2014-06-17,4.6500,5.6800,0.1813
600675.SH,2019-06-21,5.3300,6.5700,0.1887
600675.SH,2020-07-23,4.3600,4.5000,0.0311
600675.SH,2021-07-29,2.7800,2.9200,0.0479
600675.SH,2022-07-18,2.7400,2.7900,0.0179
600675.SH,2024-01-02,3.1139,3.1500,0.0115
600676.SH,1995-05-22,15.5400,18.6500,0.1668
600676.SH,1998-06-03,13.0100,19.5200,0.3335
600676.SH,1999-04-23,16.3800,21.3000,0.2310
600676.SH,2000-08-18,15.8800,16.6800,0.0480
600676.SH,2001-05-29,14.9000,15.1000,0.0132
600676.SH,2003-06-23,9.8400,9.9900,0.0150
600676.SH,2004-06-21,9.3500,9.5500,0.0209
600676.SH,2004-10-18,5.2400,10.4700,0.4995
600676.SH,2005-06-13,3.3000,3.4000,0.0294
600676.SH,2006-05-30,2.8000,3.3000,0.1515
600676.SH,2008-07-22,5.6800,5.8300,0.0257
600676.SH,2009-05-14,6.3200,8.2100,0.2302
600676.SH,2010-05-17,7.7400,7.8400,0.0128
600676.SH,2011-06-07,6.7500,6.8700,0.0175
600676.SH,2012-07-20,4.6000,4.7000,0.0213
600676.SH,2013-07-01,3.7600,3.8600,0.0259
600676.SH,2014-06-17,5.8600,5.9700,0.0184
600676.SH,2016-05-19,9.3200,9.4400,0.0127
600676.SH,2017-06-09,7.1400,7.2400,0.0138
600676.SH,2018-07-19,4.9000,5.0400,0.0278
600676.SH,2019-06-18,4.9900,5.0900,0.0196
600678.SH,1994-01-17,10.9700,17.9000,0.3872
600678.SH,1994-08-22,6.9600,8.6500,0.1954
600678.SH,1995-07-31,5.3400,5.5900,0.0447
600678.SH,1997-07-14,7.8800,7.9800,0.0125
600678.SH,2007-09-21,10.3800,15.6100,0.3350
600679.SH,1995-05-15,6.9600,7.3100,0.0479
600679.SH,1996-06-25,5.7400,6.3100,0.0903
600679.SH,1998-06-12,8.0500,9.6600,0.1667
600679.SH,2002-05-21,17.2700,22.4500,0.2307
600681.SH,1994-05-16,6.3400,8.8800,0.2860
600681.SH,1994-10-05,5.3800,6.3000,0.1460
600681.SH,1995-06-19,3.8700,4.3100,0.1021
600681.SH,1998-08-10,9.5300,11.1000,0.1414
600681.SH,2000-06-06,16.0600,24.0900,0.3333
600681.SH,2007-04-23,6.4300,6.1200,0.0507
600681.SH,2007-05-08,6.2400,6.4500,0.0326
600681.SH,2007-05-10,6.4100,6.2000,0.0339
600681.SH,2011-09-08,3.6600,4.4200,0.1719
600681.SH,2018-06-08,13.6800,14.1300,0.0318
600681.SH,2019-04-25,9.5600,13.7800,0.3062
600681.SH,2020-05-22,5.2400,5.6500,0.0726
600681.SH,2021-04-15,5.2500,5.5600,0.0558
600681.SH,2021-09-07,5.2700,5.4500,0.0330
600681.SH,2022-04-25,4.7600,5.0100,0.0499
600681.SH,2022-09-08,4.8200,4.9700,0.0302
600681.SH,2023-04-25,4.1800,4.3300,0.0346
600681.SH,2023-10-12,4.2300,4.3800,0.0342
600681.SH,2024-01-02,3.4614,3.9300,0.1192
600682.SH,1994-05-09,6.4700,9.9000,0.3465
600682.SH,1994-09-26,6.1400,8.0900,0.2410
600682.SH,1995-05-31,4.4900,4.7200,0.0487
600682.SH,1996-07-19,4.8900,5.0900,0.0393
600682.SH,1996-07-30,5.2900,5.2000,0.0173
600682.SH,1996-08-12,4.7800,5.3500,0.1065
600682.SH,1997-07-07,5.2200,5.3700,0.0279
600682.SH,1998-06-29,7.4200,7.6700,0.0326
600682.SH,1999-06-10,8.6700,8.8700,0.0225
600682.SH,2000-09-25,9.2900,9.7400,0.0462
600682.SH,2001-05-30,10.8600,11.0100,0.0136
600682.SH,2002-06-17,7.3500,7.5000,0.0200
600682.SH,2003-06-17,6.7900,6.9400,0.0216
600682.SH,2004-07-19,7.9800,8.1300,0.0185
600682.SH,2005-07-19,6.1800,6.3000,0.0190
600682.SH,2006-08-17,8.7400,8.8400,0.0113
600682.SH,2008-05-06,15.4000,23.9700,0.3575
600682.SH,2009-07-27,8.7900,8.9100,0.0135
600682.SH,2010-07-20,9.0600,9.1600,0.0109
600682.SH,2012-06-29,8.0800,8.1800,0.0122
600682.SH,2013-07-09,8.6500,8.7500,0.0114
600682.SH,2015-06-12,39.7600,79.6200,0.5006
600683.SH,1994-05-30,5.6600,7.4600,0.2413
600683.SH,1994-10-10,4.8800,5.8000,0.1586
600683.SH,1995-05-16,3.4100,3.6100,0.0554
600683.SH,1996-06-06,6.8300,8.8800,0.2309
600683.SH,2005-07-05,3.9700,4.0700,0.0246
600683.SH,2006-07-04,4.8400,5.7100,0.1524
600683.SH,2007-07-12,7.7200,9.2900,0.1690
600683.SH,2010-03-22,9.3200,14.0300,0.3357
600683.SH,2013-07-01,4.7100,4.7700,0.0126
600683.SH,2016-06-01,8.8700,9.0000,0.0144
600683.SH,2017-05-25,7.4300,7.6300,0.0262
600683.SH,2018-04-24,5.5000,5.7000,0.0351
600683.SH,2019-05-28,4.5700,4.7700,0.0419
600683.SH,2021-06-09,4.0500,4.3000,0.0581
600683.SH,2022-05-25,4.7700,4.9000,0.0265
600684.SH,1994-04-11,11.1200,16.7800,0.3373
600684.SH,1995-07-17,7.3700,8.7400,0.1568
600684.SH,1996-06-03,7.7300,7.9600,0.0289
600684.SH,1997-08-04,11.5800,11.9200,0.0285
600684.SH,1997-12-04,8.8200,9.6700,0.0879
600684.SH,1998-07-06,9.8500,10.0100,0.0160
600684.SH,2006-08-14,4.7100,4.7600,0.0105
600684.SH,2010-07-06,8.1300,8.3300,0.0240
600684.SH,2011-07-28,10.8200,14.0600,0.2304
600684.SH,2012-06-26,6.6100,8.5900,0.2305
600684.SH,2013-07-05,7.5200,11.4900,0.3455
600684.SH,2014-07-04,4.5300,6.8600,0.3397
600684.SH,2016-06-03,7.5200,7.6000,0.0105
600684.SH,2017-07-27,7.0800,8.5500,0.1719
600684.SH,2018-07-26,4.8500,4.9000,0.0102
600685.SH,1994-05-30,3.0800,3.1500,0.0222
600685.SH,1994-08-22,5.4400,5.5000,0.0109
600685.SH,1995-06-02,3.0800,3.2000,0.0375
600685.SH,1995-09-05,3.8500,3.8900,0.0103
600685.SH,1996-06-10,4.2800,4.4000,0.0273
600685.SH,1998-07-16,4.6300,4.6800,0.0107
600685.SH,2008-05-30,38.3200,38.8200,0.0129
600685.SH,2009-06-26,21.9900,22.4400,0.0201
600685.SH,2010-07-07,17.3300,17.6100,0.0159
600685.SH,2011-07-20,23.6800,30.8800,0.2332
600685.SH,2013-07-17,9.7400,9.8600,0.0122
600686.SH,1993-12-20,10.6700,18.2100,0.4141
600686.SH,1995-05-15,5.8800,6.0200,0.0233
600686.SH,1996-08-20,6.8300,8.1900,0.1661
600686.SH,1999-05-17,8.4900,12.7300,0.3331
600686.SH,2001-05-16,13.5300,13.7300,0.0146
600686.SH,2002-07-01,11.5300,11.6800,0.0128
600686.SH,2003-07-10,11.6100,11.8100,0.0169
600686.SH,2003-11-18,9.1600,9.2600,0.0108
600686.SH,2004-06-24,8.7100,8.8400,0.0147
600686.SH,2005-06-02,6.4700,6.6200,0.0227
600686.SH,2006-05-22,8.5100,11.2100,0.2409
600686.SH,2007-05-23,23.0100,30.0600,0.2345
600686.SH,2008-06-10,12.3400,18.6600,0.3387
600686.SH,2011-07-01,8.4800,8.5800,0.0117
600686.SH,2012-07-03,6.4600,6.5600,0.0152
600686.SH,2013-06-24,9.7100,9.8600,0.0152
600686.SH,2014-06-27,8.7200,8.9200,0.0224
600686.SH,2016-06-06,13.2500,13.4100,0.0119
600686.SH,2024-01-02,7.4783,7.5700,0.0121
600688.SH,1994-04-04,2.5300,2.6800,0.0560
600688.SH,1994-09-19,2.9200,2.9600,0.0135
600688.SH,1995-06-23,1.9800,2.0600,0.0388
600688.SH,1995-09-25,3.1400,3.1800,0.0126
600688.SH,1996-06-25,5.0600,5.1500,0.0175
600688.SH,1997-07-11,4.0300,4.1100,0.0195
600688.SH,1998-07-13,3.7400,3.8000,0.0158
600688.SH,2001-06-27,5.2700,5.3300,0.0113
600688.SH,2003-07-04,4.4000,4.4500,0.0112
600688.SH,2004-07-06,6.1800,6.2600,0.0128
600688.SH,2005-07-15,3.3300,3.5300,0.0567
600688.SH,2006-07-14,5.5900,5.6900,0.0176
600688.SH,2008-06-23,7.4400,7.5300,0.0120
600688.SH,2011-07-21,8.8000,8.9000,0.0112
600688.SH,2013-12-04,2.8100,4.2600,0.3404
600688.SH,2014-07-18,3.2600,3.3100,0.0151
600688.SH,2016-07-15,6.3000,6.4000,0.0156
600688.SH,2017-07-13,6.4700,6.7200,0.0372
600688.SH,2018-07-17,5.3100,5.6100,0.0535
600688.SH,2019-07-18,4.9000,5.1500,0.0485
600688.SH,2020-07-21,3.8200,3.9400,0.0305
600688.SH,2021-07-20,3.4700,3.5700,0.0280
600688.SH,2022-07-28,3.0300,3.1300,0.0319
600689.SH,1995-05-10,8.3600,8.5800,0.0256
600689.SH,1997-07-08,5.3000,5.8800,0.0986
600689.SH,1998-08-04,7.7800,9.9000,0.2141
600689.SH,2000-07-25,12.4900,13.9900,0.1072
600689.SH,2001-07-31,13.5900,16.3700,0.1698
600690.SH,1994-04-04,6.0600,7.8800,0.2310
600690.SH,1995-07-10,4.9300,5.2800,0.0663
600690.SH,1996-05-02,5.9500,6.5900,0.0971
600690.SH,1996-07-26,12.9800,15.6700,0.1717
600690.SH,1997-06-16,28.2700,28.7000,0.0150
600690.SH,1997-10-21,26.4400,32.3300,0.1822
600690.SH,1998-06-08,22.9600,23.4300,0.0201
600690.SH,1999-08-12,17.9400,19.8400,0.0958
600690.SH,2000-06-20,18.8700,22.8400,0.1738
600690.SH,2001-01-15,20.1700,20.5500,0.0185
600690.SH,2001-06-21,16.5300,20.0300,0.1747
600690.SH,2002-06-20,11.9800,12.2800,0.0244
600690.SH,2003-07-10,9.3600,9.6600,0.0311
600690.SH,2004-07-12,5.8200,8.7800,0.3371
600690.SH,2005-07-14,4.4300,4.7300,0.0634
600690.SH,2006-07-20,4.3300,4.4300,0.0226
600690.SH,2008-06-27,8.7400,8.9400,0.0224
600690.SH,2009-07-13,13.9100,14.0600,0.0107
600690.SH,2010-07-29,21.7800,22.0800,0.0136
600690.SH,2011-07-18,14.2400,28.5800,0.5017
600690.SH,2012-06-12,11.7300,11.9000,0.0143
600690.SH,2013-06-07,11.9400,12.3100,0.0301
600690.SH,2014-06-18,14.9800,15.4400,0.0298
600690.SH,2015-07-16,14.2300,28.9500,0.5085
600690.SH,2016-07-26,10.0500,10.2600,0.0205
600690.SH,2017-08-01,13.7900,14.0400,0.0178
600690.SH,2018-06-07,20.3500,20.6900,0.0164
600690.SH,2019-08-08,15.0600,15.4100,0.0227
600690.SH,2020-07-16,18.1800,18.5500,0.0199
600690.SH,2021-08-23,25.7500,26.1100,0.0138
600690.SH,2022-08-23,23.9400,24.4000,0.0189
600690.SH,2023-08-25,22.4400,23.0000,0.0243
600690.SH,2024-01-02,19.4256,21.0000,0.0750
600691.SH,1994-05-03,6.4200,7.7000,0.1662
600691.SH,1995-05-15,11.5300,13.7000,0.1584
600691.SH,1996-07-15,5.5400,6.6500,0.1669
600691.SH,2003-11-18,5.9000,6.0000,0.0167
600691.SH,2007-05-25,3.3700,4.9900,0.3246
600691.SH,2013-05-16,11.1600,27.9000,0.6000
600691.SH,2015-07-09,4.0800,4.8800,0.1639
600692.SH,1995-11-16,11.2700,15.2200,0.2595
600692.SH,1996-04-29,10.4200,12.5000,0.1664
600692.SH,1997-06-20,10.6600,12.7900,0.1665
600692.SH,1997-07-18,8.9500,10.1400,0.1174
600692.SH,1998-06-19,9.4800,9.6600,0.0186
600692.SH,2002-07-12,14.2600,15.7400,0.0940
600692.SH,2003-06-09,10.4300,12.5200,0.1669
600692.SH,2004-06-15,5.7700,6.9200,0.1662
600692.SH,2005-06-21,3.2200,3.8600,0.1658
600692.SH,2006-06-07,3.4300,3.7700,0.0902
600692.SH,2007-06-26,7.8100,8.5900,0.0908
600692.SH,2008-06-10,6.6200,7.2800,0.0907
600692.SH,2009-06-16,9.0300,9.9300,0.0906
600693.SH,1994-05-30,5.2600,5.7900,0.0915
600693.SH,1994-12-30,8.4100,9.6500,0.1285
600693.SH,1995-06-07,7.4500,7.6500,0.0261
600693.SH,1996-07-15,5.2800,5.3800,0.0186
600693.SH,1996-08-06,5.5500,6.0200,0.0781
600693.SH,1997-06-16,7.7900,8.8700,0.1218
600693.SH,1998-07-30,7.9300,8.1300,0.0246
600693.SH,2005-08-18,3.9600,4.0600,0.0246
600693.SH,2008-03-19,12.7500,25.5000,0.5000
600693.SH,2009-06-08,8.6500,11.4000,0.2412
600693.SH,2012-06-29,7.1500,7.3000,0.0205
600693.SH,2015-06-05,16.0200,16.2200,0.0123
600693.SH,2016-05-26,6.1800,12.3500,0.4996
600693.SH,2018-05-17,6.3600,6.4600,0.0155
600693.SH,2023-07-11,3.9100,3.9600,0.0126
600693.SH,2024-01-02,3.8515,4.0100,0.0395
600694.SH,1994-04-11,6.6300,11.5700,0.4270
600694.SH,1995-08-18,5.5900,6.2000,0.0984
600694.SH,1996-07-12,5.6800,5.9400,0.0438
600694.SH,1997-07-23,10.2500,13.3200,0.2305
600694.SH,1999-07-09,7.4100,7.6100,0.0263
600694.SH,2001-06-05,11.3700,11.5900,0.0190
600694.SH,2002-06-26,9.5900,9.7900,0.0204
600694.SH,2003-06-20,8.1100,8.2100,0.0122
600694.SH,2004-08-20,8.7800,8.8800,0.0113
600694.SH,2005-07-06,11.2200,12.4400,0.0981
600694.SH,2013-06-19,34.7400,35.7400,0.0280
600694.SH,2014-06-17,26.3400,27.5600,0.0443
600694.SH,2015-06-29,58.1500,59.4100,0.0212
600694.SH,2016-06-22,38.5700,39.0300,0.0118
600694.SH,2017-06-29,38.6200,39.3400,0.0183
600694.SH,2018-06-22,32.5100,33.4100,0.0269
600694.SH,2020-06-24,24.3300,25.1000,0.0307
600694.SH,2021-07-02,20.2800,20.8600,0.0278
600694.SH,2022-05-31,18.9400,20.8800,0.0929
600694.SH,2023-06-07,18.9700,19.4500,0.0247
600694.SH,2024-01-02,12.7450,16.8900,0.2454
600696.SH,1994-06-06,5.2100,7.8100,0.3329
600696.SH,1995-06-28,4.5800,5.2300,0.1243
600696.SH,1995-11-13,5.1000,5.8100,0.1222
600696.SH,1996-07-12,8.0400,8.1800,0.0171
600696.SH,2003-10-22,6.4200,8.3400,0.2302
600697.SH,1994-05-16,4.4300,5.0000,0.1140
600697.SH,1995-06-19,4.0700,4.2300,0.0378
600697.SH,1996-07-31,4.4200,4.5900,0.0370
600697.SH,1997-07-08,6.7900,7.5700,0.1030
600697.SH,1998-09-01,8.4900,8.7400,0.0286
600697.SH,1999-01-15,7.5200,8.0900,0.0705
600697.SH,2001-08-17,12.4700,12.6700,0.0158
600697.SH,2002-05-23,9.8900,10.0900,0.0198
600697.SH,2003-04-08,7.8900,8.0900,0.0247
600697.SH,2004-07-01,5.4400,5.6400,0.0355
600697.SH,2005-07-12,4.2600,4.4600,0.0448
600697.SH,2006-06-09,8.4100,8.7100,0.0344
600697.SH,2006-10-27,8.3500,9.3400,0.1060
600697.SH,2007-08-03,23.5800,23.8800,0.0126
600697.SH,2008-07-03,17.9300,18.2300,0.0165
600697.SH,2009-07-09,18.9300,19.2300,0.0156
600697.SH,2010-07-13,24.1200,24.4200,0.0123
600697.SH,2011-07-05,27.9600,28.2600,0.0106
600697.SH,2012-07-03,22.5500,22.8500,0.0131
600697.SH,2013-07-02,18.5000,18.8000,0.0160
600697.SH,2014-07-04,17.7000,18.0300,0.0183
600697.SH,2015-07-03,27.7000,28.0300,0.0118
600697.SH,2016-07-07,30.7000,31.0500,0.0113
600697.SH,2017-07-07,28.0900,28.4400,0.0123
600697.SH,2018-07-06,19.9600,20.3300,0.0182
600697.SH,2019-07-05,18.4900,18.8800,0.0207
600697.SH,2020-07-08,17.3700,17.7700,0.0225
600697.SH,2021-07-06,13.2700,13.6700,0.0293
600697.SH,2022-07-06,12.9300,13.3300,0.0300
600697.SH,2023-07-19,12.2000,12.6000,0.0317
600697.SH,2024-01-02,12.4889,12.7300,0.0189
600698.SH,1994-05-23,6.7000,6.9000,0.0290
600698.SH,1995-06-19,5.8600,8.2300,0.2880
600698.SH,1996-07-30,11.5300,14.9900,0.2308
600698.SH,1996-09-17,8.9600,12.7600,0.2978
600698.SH,1997-04-10,13.8400,20.7600,0.3333
600699.SH,1995-06-05,6.1000,7.3200,0.1667
600699.SH,1997-07-04,3.4200,3.4600,0.0116
600699.SH,1998-10-07,12.4500,16.1900,0.2310
600699.SH,2000-09-21,10.8300,13.0000,0.1669
600699.SH,2001-11-27,8.9200,9.4000,0.0511
600699.SH,2002-06-03,7.3700,7.5100,0.0186
600699.SH,2003-06-10,6.7300,6.8600,0.0190
600699.SH,2004-07-19,4.7900,4.8800,0.0184
600699.SH,2019-07-29,15.9400,21.8300,0.2698
600699.SH,2024-01-02,17.4109,17.9600,0.0306
600702.SH,1996-11-22,13.5000,27.0000,0.5000
600702.SH,1998-07-07,17.8800,19.3500,0.0760
600702.SH,1999-06-25,13.6000,13.8000,0.0145
600702.SH,2000-05-31,11.4000,11.7000,0.0256
600702.SH,2000-10-25,11.4500,11.8800,0.0362
600702.SH,2013-07-22,16.8800,17.2100,0.0192
600702.SH,2023-06-15,142.6900,144.1900,0.0104
600702.SH,2024-01-02,93.3829,96.7000,0.0343
600703.SH,1997-03-03,8.3200,10.8200,0.2311
600703.SH,1997-07-15,14.0100,14.4500,0.0304
600703.SH,1997-12-04,7.8100,8.2700,0.0556
600703.SH,2008-07-08,5.1600,5.4200,0.0480
600703.SH,2010-03-16,32.0000,63.9900,0.4999
600703.SH,2011-05-23,18.7800,41.5100,0.5476
600703.SH,2012-03-26,12.6400,12.9400,0.0232
600703.SH,2013-07-15,18.6500,18.8500,0.0106
600703.SH,2014-07-04,15.2200,23.0300,0.3391
600703.SH,2016-07-15,12.8200,20.7600,0.3825
600703.SH,2017-05-26,18.5300,18.7300,0.0107
600703.SH,2018-06-14,20.2200,20.4700,0.0122
600703.SH,2019-08-26,10.8200,11.0200,0.0181
600704.SH,1996-10-14,13.1800,15.8200,0.1669
600704.SH,1997-08-27,12.4700,13.9600,0.1067
600704.SH,1998-05-11,10.0500,15.0800,0.3336
600704.SH,2000-04-26,14.4300,14.5800,0.0103
600704.SH,2000-11-30,13.3500,14.3600,0.0703
600704.SH,2001-06-29,13.4900,13.6900,0.0146
600704.SH,2002-07-12,9.5200,9.6200,0.0104
600704.SH,2003-07-01,6.4000,6.5000,0.0154
600704.SH,2004-06-24,5.8800,5.9800,0.0167
600704.SH,2005-07-11,2.8500,3.7000,0.2297
600704.SH,2006-07-07,3.8200,3.9200,0.0255
600704.SH,2010-07-02,13.5000,13.7000,0.0146
600704.SH,2011-07-11,12.7700,19.1800,0.3342
600704.SH,2012-07-04,7.1300,8.6100,0.1719
600704.SH,2013-06-19,6.1300,6.3100,0.0285
600704.SH,2014-06-20,7.9800,8.0800,0.0124
600704.SH,2016-06-20,9.3400,12.3900,0.2462
600704.SH,2017-06-08,7.1600,11.2400,0.3630
600704.SH,2018-05-31,6.0700,6.2700,0.0319
600704.SH,2019-05-30,5.4800,5.7300,0.0436
600704.SH,2020-06-11,4.2900,4.5400,0.0551
600704.SH,2021-06-04,7.7500,7.9500,0.0252
600704.SH,2022-07-08,4.8800,5.0400,0.0317
600704.SH,2023-07-06,4.8200,4.9700,0.0302
600704.SH,2024-01-02,4.0658,4.4300,0.0822
600704.SH,2026-01-30,5.9000,6.0000,0.0167
600706.SH,1996-07-11,9.2200,11.9800,0.2304
600706.SH,1997-06-17,9.0800,9.1800,0.0109
600706.SH,1997-10-23,8.0300,9.2400,0.1310
600706.SH,2019-07-08,9.9200,11.9500,0.1699
600707.SH,1996-07-03,6.5100,7.8100,0.1665
600707.SH,1997-08-08,14.7000,15.0000,0.0200
600707.SH,2000-02-15,13.3600,14.6700,0.0893
600707.SH,2001-05-17,11.8400,11.9600,0.0100
600707.SH,2002-08-19,8.3900,8.5600,0.0199
600707.SH,2003-06-23,9.3800,9.5600,0.0188
600707.SH,2004-07-07,8.2900,8.3900,0.0119
600707.SH,2005-07-19,2.5000,2.8000,0.1071
600708.SH,1996-07-18,11.2900,13.5500,0.1668
600708.SH,1997-12-16,9.9800,15.9600,0.3747
600708.SH,2004-06-10,5.9300,8.9000,0.3337
600708.SH,2005-05-31,4.3300,4.3800,0.0114
600708.SH,2006-06-01,4.5800,4.6800,0.0214
600708.SH,2007-05-18,11.0800,14.4000,0.2306
600708.SH,2008-07-01,5.0200,5.1200,0.0195
600708.SH,2009-06-11,8.1300,8.2300,0.0122
600708.SH,2010-05-12,7.4500,8.1900,0.0904
600708.SH,2011-06-08,7.0400,7.1400,0.0140
600708.SH,2012-06-08,4.6900,4.7900,0.0209
600708.SH,2013-06-14,5.3200,5.4200,0.0185
600708.SH,2014-06-18,7.4600,7.5600,0.0132
600708.SH,2016-07-20,8.8800,8.9800,0.0111
600708.SH,2017-06-30,6.6800,8.8300,0.2435
600708.SH,2018-06-06,4.9500,6.6300,0.2534
600708.SH,2019-06-19,4.8900,5.0900,0.0393
600708.SH,2020-06-29,2.8000,2.9000,0.0345
600710.SH,1996-11-04,7.0000,8.4000,0.1667
600710.SH,1997-06-25,7.1000,7.2000,0.0139
600710.SH,1997-08-04,6.4700,7.2100,0.1026
600710.SH,2003-04-15,6.9600,13.9900,0.5025
600710.SH,2005-06-30,2.4500,2.4800,0.0121
600710.SH,2008-05-15,7.5200,9.8300,0.2350
600710.SH,2012-10-15,4.1000,4.9400,0.1700
600710.SH,2019-05-30,5.3800,5.4800,0.0182
600710.SH,2020-06-19,4.4500,4.5500,0.0220
600710.SH,2021-06-10,6.5900,6.8400,0.0365
600710.SH,2022-06-02,5.8400,6.1000,0.0426
600710.SH,2023-06-16,7.8700,8.1700,0.0367
600710.SH,2024-07-05,7.3300,7.6600,0.0431
600710.SH,2025-06-11,9.3400,9.7100,0.0381
600711.SH,1996-09-25,6.9600,8.4500,0.1763
600711.SH,2007-01-22,5.4300,6.1100,0.1113
600711.SH,2007-08-21,12.6600,14.8100,0.1452
600711.SH,2012-08-24,10.3300,18.5900,0.4443
600711.SH,2014-09-26,7.3600,18.4400,0.6009
600711.SH,2025-04-28,5.7800,5.8800,0.0170
600712.SH,2003-10-23,7.4500,11.9200,0.3750
600712.SH,2009-07-08,7.8100,9.5400,0.1813
600712.SH,2010-11-10,11.2500,16.9300,0.3355
600712.SH,2012-04-23,5.0800,8.1900,0.3797
600713.SH,1997-06-16,14.8200,15.0200,0.0133
600713.SH,1998-01-15,23.1800,28.2000,0.1780
600713.SH,1998-04-30,17.0900,30.7700,0.4446
600713.SH,1999-06-04,9.1500,9.3800,0.0245
600713.SH,2000-06-21,13.4200,13.6200,0.0147
600713.SH,2001-06-21,15.0600,15.2200,0.0105
600713.SH,2003-10-22,7.1800,7.2800,0.0137
600713.SH,2004-08-26,4.9000,4.9500,0.0101
600713.SH,2006-07-17,5.1700,6.6800,0.2260
600713.SH,2009-06-10,7.2900,8.7600,0.1678
600713.SH,2011-07-08,7.5800,15.1900,0.5010
600713.SH,2018-06-15,5.0800,5.1700,0.0174
600713.SH,2019-07-05,4.4900,4.5900,0.0218
600713.SH,2020-06-24,4.3300,4.4300,0.0226
600713.SH,2021-05-27,5.1400,5.2500,0.0210
600713.SH,2022-05-27,4.6600,4.7800,0.0251
600713.SH,2023-05-18,5.5400,5.6800,0.0246
600713.SH,2024-06-28,4.2100,4.3700,0.0366
600713.SH,2025-06-30,5.0400,5.2100,0.0326
600714.SH,1997-05-26,9.1400,11.4300,0.2003
600714.SH,2001-05-28,19.4300,22.4000,0.1326
600714.SH,2003-06-16,16.4600,23.0400,0.2856
600714.SH,2022-10-26,8.6700,8.7700,0.0114
600714.SH,2024-11-13,9.0900,9.1900,0.0109
600715.SH,1997-06-09,6.7900,8.1500,0.1669
600715.SH,2001-03-06,11.6000,18.5600,0.3750
600715.SH,2016-05-03,20.2900,40.5700,0.4999
600715.SH,2018-08-24,5.6200,5.6900,0.0123
600715.SH,2024-12-16,2.1200,2.4500,0.1347
600716.SH,1997-01-17,6.6600,11.9800,0.4441
600716.SH,1997-07-09,5.4400,5.5700,0.0233
600716.SH,2004-12-03,3.6900,5.9400,0.3788
600716.SH,2014-07-31,8.0600,8.1600,0.0123
600716.SH,2015-07-30,7.9600,8.0600,0.0124
600716.SH,2017-07-06,5.1400,5.2400,0.0191
600716.SH,2019-07-18,4.0500,4.1500,0.0241
600716.SH,2020-07-09,4.2100,4.3100,0.0232
600717.SH,1996-08-20,9.3200,13.0500,0.2858
600717.SH,1997-05-19,15.1200,15.3000,0.0118
600717.SH,1997-12-04,11.2800,13.9000,0.1885
600717.SH,1998-04-30,13.3300,18.9600,0.2969
600717.SH,2000-01-26,8.3400,8.7400,0.0458
600717.SH,2000-06-30,11.8300,12.1300,0.0247
600717.SH,2001-04-12,11.6100,20.9900,0.4469
600717.SH,2003-05-27,10.7900,10.9100,0.0110
600717.SH,2004-03-09,12.4200,13.2900,0.0655
600717.SH,2004-10-12,6.6600,13.4700,0.5056
600717.SH,2006-06-26,7.9400,8.0900,0.0185
600717.SH,2010-06-18,9.0500,9.1500,0.0109
600717.SH,2011-06-17,8.1100,8.2100,0.0122
600717.SH,2012-07-09,6.1700,6.2700,0.0159
600717.SH,2013-06-13,5.7100,5.8900,0.0306
600717.SH,2014-05-21,7.8700,8.0600,0.0236
600717.SH,2015-06-19,18.6000,18.8100,0.0112
600717.SH,2016-06-23,8.6600,8.8800,0.0248
600717.SH,2017-06-22,13.2500,13.4800,0.0171
600717.SH,2018-06-15,8.4800,8.6300,0.0174
600717.SH,2019-06-25,6.5100,7.9200,0.1780
600717.SH,2020-06-19,4.5000,5.4900,0.1803
600717.SH,2021-06-23,3.8900,4.7500,0.1811
600717.SH,2022-06-23,3.9800,4.0800,0.0245
600717.SH,2023-06-20,4.3200,4.4000,0.0182
600717.SH,2024-06-20,4.2300,4.3300,0.0231
600717.SH,2025-06-19,4.5000,4.6000,0.0217
600718.SH,1997-03-10,22.2200,40.0000,0.4445
600718.SH,1997-05-19,37.9000,35.4000,0.0706
600718.SH,1997-12-29,34.2400,37.6000,0.0894
600718.SH,1998-03-27,31.3000,42.0000,0.2548
600718.SH,1999-04-27,20.2700,26.3500,0.2307
600718.SH,2000-05-09,35.2200,45.7900,0.2308
600718.SH,2001-05-29,30.2800,30.7800,0.0162
600718.SH,2002-06-19,15.7700,15.9700,0.0125
600718.SH,2004-10-21,11.8100,12.4100,0.0483
600718.SH,2005-06-07,7.2100,7.8100,0.0768
600718.SH,2008-10-23,10.8900,19.6300,0.4452
600718.SH,2010-07-08,12.5500,16.5200,0.2403
600718.SH,2013-06-03,8.9000,9.0500,0.0166
600718.SH,2024-07-17,8.0200,8.1500,0.0160
600718.SH,2025-07-03,9.3300,9.4800,0.0158
600719.SH,1997-04-24,18.0900,32.7600,0.4478
600719.SH,1999-03-15,8.8700,9.4400,0.0604
600719.SH,2005-06-29,4.4100,4.5100,0.0222
600719.SH,2015-11-30,7.6100,15.2200,0.5000
600720.SH,1997-02-24,10.4400,16.7000,0.3749
600720.SH,1997-05-06,11.3700,11.4900,0.0104
600720.SH,1998-03-06,6.8300,7.1200,0.0407
600720.SH,2000-07-27,13.3200,14.6100,0.0883
600720.SH,2000-09-25,12.1100,18.6400,0.3503
600720.SH,2001-04-06,9.3100,14.9000,0.3752
600720.SH,2004-02-10,5.1400,5.5900,0.0805
600720.SH,2009-05-21,11.7300,11.8800,0.0126
600720.SH,2010-06-21,13.2600,13.4100,0.0112
600720.SH,2012-04-23,11.3000,11.4500,0.0131
600720.SH,2012-12-05,8.1800,8.7600,0.0662
600720.SH,2013-07-15,6.6400,8.6800,0.2350
600720.SH,2014-08-19,7.0300,7.1800,0.0209
600720.SH,2015-07-31,8.0600,8.2800,0.0266
600720.SH,2018-07-13,6.7400,6.9700,0.0330
600720.SH,2019-05-31,8.2000,8.5000,0.0353
600720.SH,2020-05-29,16.4200,17.0000,0.0341
600720.SH,2021-05-27,13.0100,13.6900,0.0497
600720.SH,2022-06-10,12.1300,12.5800,0.0358
600720.SH,2024-06-13,9.2000,9.5700,0.0387
600720.SH,2025-08-18,7.9100,8.1400,0.0283
600721.SH,1997-05-22,9.0100,11.3600,0.2069
600721.SH,1998-01-20,6.1900,6.4700,0.0433
600721.SH,2001-05-14,11.6000,11.8300,0.0194
600722.SH,1996-09-27,15.6500,31.3000,0.5000
600722.SH,1999-09-13,15.3000,30.5900,0.4998
600722.SH,2000-06-26,18.3000,20.0000,0.0850
600724.SH,1997-04-18,13.9600,18.1500,0.2309
600724.SH,1997-10-07,11.5300,11.7100,0.0154
600724.SH,1998-02-16,12.0000,13.6200,0.1189
600724.SH,1998-04-28,9.9400,11.9300,0.1668
600724.SH,1999-05-18,10.0000,10.2000,0.0196
600724.SH,2000-03-21,11.6700,23.3300,0.4998
600724.SH,2000-12-29,18.7100,20.0200,0.0654
600724.SH,2001-10-30,12.4900,20.1900,0.3814
600724.SH,2003-05-22,7.8300,7.9500,0.0151
600724.SH,2005-06-03,6.8400,7.0400,0.0284
600724.SH,2006-12-22,4.8400,5.9100,0.1810
600724.SH,2012-05-07,8.1100,8.2100,0.0122
600724.SH,2013-06-04,5.5200,5.6200,0.0178
600724.SH,2014-06-19,3.9000,4.0200,0.0299
600724.SH,2020-06-04,4.1300,4.4000,0.0614
600724.SH,2021-05-13,3.8600,4.0800,0.0539
600724.SH,2022-05-18,4.5700,4.8200,0.0519
600724.SH,2023-06-06,3.6600,3.8100,0.0394
600724.SH,2024-06-14,4.0300,4.1800,0.0359
600724.SH,2025-06-25,4.5000,4.6400,0.0302
600724.SH,2026-02-13,6.7000,6.7700,0.0103
600725.SH,1997-06-05,19.2300,19.4300,0.0103
600725.SH,2002-04-15,13.0000,13.2000,0.0152
600725.SH,2003-03-26,11.8400,12.0400,0.0166
600725.SH,2005-03-28,4.6800,7.0700,0.3380
600725.SH,2006-05-22,4.4300,4.5300,0.0221
600725.SH,2008-04-09,29.7000,30.0000,0.0100
600725.SH,2009-05-15,15.2900,15.4900,0.0129
600725.SH,2010-05-13,8.5300,15.3800,0.4454
600725.SH,2011-05-20,9.8900,9.9900,0.0100
600725.SH,2016-12-28,2.8500,5.7000,0.5000
600726.SH,1997-04-25,15.2000,15.4300,0.0149
600726.SH,1998-05-15,11.4000,17.1000,0.3333
600726.SH,1999-06-04,9.8500,10.0000,0.0150
600726.SH,2001-03-29,10.7800,17.3600,0.3790
600726.SH,2002-05-22,7.2900,7.4100,0.0162
600726.SH,2003-07-17,7.2300,7.3300,0.0136
600726.SH,2004-07-20,6.2200,6.2900,0.0111
600726.SH,2005-06-20,3.0600,3.1300,0.0224
600726.SH,2006-06-16,3.5600,3.6000,0.0111
600727.SH,1997-03-24,13.9400,27.8800,0.5000
600727.SH,1998-07-07,26.2400,31.0000,0.1535
600727.SH,1999-05-21,16.1200,24.1800,0.3333
600727.SH,2000-08-28,19.7100,20.8200,0.0533
600727.SH,2007-04-26,8.7900,8.6500,0.0162
600727.SH,2007-04-30,8.4600,8.9200,0.0516
600727.SH,2021-06-04,7.8800,8.1800,0.0367
600727.SH,2022-06-17,8.4200,8.5200,0.0117
600727.SH,2024-06-07,6.4400,6.5400,0.0153
600728.SH,1996-09-04,16.5400,33.0800,0.5000
600728.SH,1997-06-23,18.7100,18.9800,0.0142
600728.SH,1998-06-18,11.5500,11.8300,0.0237
600728.SH,1998-08-13,8.0300,8.9400,0.1018
600728.SH,1999-06-08,7.9200,8.1300,0.0258
600728.SH,2000-12-08,21.6800,22.7800,0.0483
600728.SH,2004-06-21,6.7100,6.8100,0.0147
600728.SH,2010-06-09,14.8600,23.1900,0.3592
600728.SH,2016-04-25,10.1300,26.3500,0.6156
600729.SH,1996-07-30,10.9900,10.7400,0.0233
600729.SH,1997-04-14,11.0900,18.8500,0.4117
600729.SH,1998-03-05,9.6500,8.8200,0.0941
600729.SH,1998-07-15,10.9900,11.2800,0.0257
600729.SH,1999-07-01,19.0000,19.2500,0.0130
600729.SH,2000-08-09,14.7700,15.0000,0.0153
600729.SH,2001-07-11,21.6300,21.9000,0.0123
600729.SH,2002-07-31,12.6600,12.7900,0.0102
600729.SH,2003-08-22,7.3500,7.5000,0.0200
600729.SH,2004-04-12,8.1900,8.3400,0.0180
600729.SH,2005-05-20,5.0400,5.2000,0.0308
600729.SH,2006-06-19,8.1600,8.3200,0.0192
600729.SH,2012-08-17,26.3900,26.8400,0.0168
600729.SH,2013-05-16,22.8500,23.4100,0.0239
600729.SH,2014-06-17,19.6000,20.2500,0.0321
600729.SH,2016-07-01,24.5200,24.8000,0.0113
600729.SH,2017-08-15,25.7100,26.2700,0.0213
600729.SH,2018-06-04,39.0900,39.6900,0.0151
600729.SH,2019-06-11,28.1800,28.8300,0.0225
600729.SH,2020-07-20,30.6800,31.4100,0.0232
600729.SH,2021-06-01,30.4900,34.1200,0.1064
600729.SH,2022-05-13,25.0500,28.7400,0.1284
600729.SH,2023-06-28,28.4200,29.0900,0.0230
600729.SH,2024-06-27,22.7800,24.1200,0.0556
600729.SH,2025-07-03,27.8300,29.1900,0.0466
600730.SH,1996-09-27,8.6500,10.4500,0.1722
600730.SH,2004-07-19,5.7600,8.0600,0.2854
600730.SH,2007-06-26,9.9300,11.9400,0.1683
600730.SH,2014-07-04,9.4200,9.5200,0.0105
600730.SH,2015-11-19,17.2900,34.6900,0.5016
600730.SH,2018-07-10,4.6500,4.7100,0.0127
600731.SH,1996-12-27,10.0000,13.0000,0.2308
600731.SH,1997-07-03,11.9200,17.8800,0.3333
600731.SH,1998-06-04,10.5200,13.6800,0.2310
600731.SH,1998-07-15,9.1000,9.3500,0.0267
600731.SH,2000-06-22,20.3900,23.6600,0.1382
600731.SH,2000-10-24,17.2600,26.0600,0.3377
600731.SH,2003-05-27,6.2600,6.5000,0.0369
600731.SH,2021-05-25,7.4300,9.7000,0.2340
600731.SH,2024-06-25,4.4800,4.6800,0.0427
600731.SH,2025-07-04,7.0600,7.2600,0.0275
600732.SH,1997-03-10,9.1600,13.2800,0.3102
600732.SH,1998-06-26,8.2600,9.1900,0.1012
600732.SH,2000-09-05,17.2100,22.3700,0.2307
600732.SH,2013-03-04,6.8200,12.3700,0.4487
600732.SH,2023-06-16,28.5000,40.3900,0.2944
600733.SH,1996-11-22,6.6700,10.0000,0.3330
600733.SH,1999-05-12,13.0600,23.5000,0.4443
600733.SH,2018-09-19,15.0500,52.6900,0.7144
600734.SH,1996-11-15,11.9000,17.8500,0.3333
600734.SH,1997-03-10,11.2700,17.2100,0.3451
600734.SH,1997-12-08,15.2000,16.4300,0.0749
600734.SH,1998-06-22,16.0100,16.2100,0.0123
600734.SH,1999-09-07,13.5200,15.1800,0.1094
600734.SH,2022-02-15,1.2300,2.8600,0.5699
600735.SH,1996-09-23,5.6700,8.5000,0.3329
600735.SH,2000-09-05,13.8800,15.9400,0.1292
600735.SH,2000-10-30,13.7600,16.1800,0.1496
600735.SH,2001-05-16,19.4300,25.2600,0.2308
600735.SH,2010-07-14,9.1300,12.3300,0.2595
600735.SH,2015-05-07,18.9300,28.4000,0.3335
600735.SH,2020-06-09,5.2500,5.3100,0.0113
600735.SH,2024-06-07,3.8100,3.8500,0.0104
600736.SH,1996-10-23,17.7400,28.3800,0.3749
600736.SH,1997-04-23,15.5000,23.2500,0.3333
600736.SH,1998-03-18,19.9700,35.9500,0.4445
600736.SH,1998-05-26,20.0900,21.4000,0.0612
600736.SH,1999-05-27,13.8000,20.7000,0.3333
600736.SH,2001-02-22,12.8200,13.3400,0.0390
600736.SH,2001-07-18,13.1600,13.3100,0.0113
600736.SH,2002-06-19,8.6600,8.7600,0.0114
600736.SH,2003-05-21,7.1500,7.2700,0.0165
600736.SH,2004-06-04,6.1000,6.2200,0.0193
600736.SH,2005-06-30,4.4300,4.5800,0.0328
600736.SH,2006-06-22,4.7000,4.8800,0.0369
600736.SH,2007-06-15,13.7400,13.9200,0.0129
600736.SH,2008-05-05,7.8200,14.0900,0.4450
600736.SH,2009-05-21,5.8900,5.9800,0.0151
600736.SH,2010-05-25,6.2100,6.3100,0.0158
600736.SH,2011-05-06,7.1300,8.5700,0.1680
600736.SH,2013-05-13,4.1700,4.2200,0.0118
600736.SH,2014-06-17,3.5900,3.6600,0.0191
600736.SH,2017-05-12,7.3400,7.4200,0.0108
600736.SH,2018-05-11,6.7100,6.8500,0.0204
600736.SH,2022-07-08,4.9800,5.0500,0.0139
600737.SH,1997-06-05,13.3300,16.0000,0.1669
600737.SH,1997-09-16,10.1100,18.2000,0.4445
600737.SH,1997-11-26,10.1500,10.8000,0.0602
600737.SH,2000-03-09,17.7200,19.2900,0.0814
600737.SH,2000-09-28,22.8900,45.9000,0.5013
600737.SH,2002-07-18,17.3600,26.0600,0.3338
600737.SH,2003-07-14,13.8300,19.4100,0.2875
600737.SH,2017-06-28,9.4700,9.6000,0.0135
600737.SH,2018-07-12,7.2700,7.4400,0.0228
600737.SH,2020-07-20,8.0300,8.1500,0.0147
600737.SH,2022-06-24,7.5500,7.6600,0.0144
600737.SH,2023-07-12,7.8900,8.1500,0.0319
600737.SH,2023-09-26,8.2100,8.4500,0.0284
600737.SH,2024-07-30,8.4800,9.1100,0.0692
600737.SH,2024-11-07,9.8200,10.0200,0.0200
600737.SH,2025-08-13,10.9400,11.3500,0.0361
600738.SH,1997-04-04,10.6100,16.9800,0.3751
600738.SH,1998-07-10,8.3700,10.0400,0.1663
600738.SH,1999-03-18,7.5600,8.2000,0.0780
600738.SH,2001-04-24,11.7800,23.6500,0.5019
600738.SH,2006-06-08,2.7900,3.1300,0.1086
600738.SH,2013-05-29,7.1500,7.2700,0.0165
600738.SH,2014-05-22,5.7200,5.8200,0.0172
600738.SH,2018-05-11,7.8800,7.9800,0.0125
600738.SH,2018-10-10,7.1500,7.2500,0.0138
600738.SH,2018-11-29,5.7300,6.0300,0.0498
600738.SH,2019-03-08,9.6600,11.2600,0.1421
600738.SH,2019-12-09,5.2900,5.5800,0.0520
600738.SH,2022-09-22,6.8300,6.9000,0.0101
600738.SH,2024-06-27,3.6600,3.7000,0.0108
600739.SH,1997-04-23,16.7000,21.7100,0.2308
600739.SH,1998-04-27,19.5700,31.3100,0.3750
600739.SH,1998-09-21,15.2400,16.6000,0.0819
600739.SH,2000-06-08,20.5500,36.9900,0.4444
600739.SH,2003-10-28,11.9600,13.1500,0.0905
600739.SH,2004-07-13,3.6300,6.6400,0.4533
600739.SH,2005-07-08,3.5000,3.5500,0.0141
600739.SH,2007-05-22,38.3600,69.1200,0.4450
600739.SH,2011-07-01,18.4700,27.8000,0.3356
600739.SH,2018-07-04,14.8800,15.0600,0.0120
600739.SH,2021-07-20,21.4700,21.6900,0.0101
600739.SH,2022-07-20,13.5900,13.8100,0.0159
600739.SH,2023-08-18,13.9500,14.1000,0.0106
600739.SH,2024-08-09,8.2900,8.3900,0.0119
600740.SH,1996-12-09,13.6300,27.2500,0.4998
600740.SH,1998-05-18,10.1100,10.3600,0.0241
600740.SH,1998-05-28,8.9200,10.4000,0.1423
600740.SH,2000-12-14,12.5800,13.8100,0.0891
600740.SH,2004-05-24,12.8500,13.2500,0.0302
600740.SH,2005-04-20,11.8000,12.0000,0.0167
600740.SH,2006-05-22,7.3600,7.4600,0.0134
600740.SH,2008-03-14,12.5600,25.1200,0.5000
600740.SH,2019-06-21,8.6500,8.8500,0.0226
600740.SH,2020-06-23,4.5500,6.0100,0.2429
600740.SH,2021-05-28,5.0400,6.7500,0.2533
600740.SH,2022-06-10,6.4900,6.6400,0.0226
600740.SH,2023-05-30,5.0700,5.2700,0.0380
600740.SH,2024-06-20,4.1100,4.1600,0.0120
600741.SH,1996-12-09,12.6800,25.3500,0.4998
600741.SH,1998-02-16,13.4300,17.6500,0.2391
600741.SH,1998-05-12,9.4100,15.2000,0.3809
600741.SH,1999-05-31,9.3900,9.6100,0.0229
600741.SH,2000-05-11,10.0200,15.0300,0.3333
600741.SH,2000-08-18,9.8300,11.1700,0.1200
600741.SH,2001-07-04,9.4900,9.6800,0.0196
600741.SH,2002-06-17,6.0100,8.5200,0.2946
600741.SH,2003-07-14,5.1700,5.2700,0.0190
600741.SH,2004-07-26,4.3500,4.4000,0.0114
600741.SH,2005-07-21,2.9500,3.0500,0.0328
600741.SH,2006-06-01,2.8300,3.6800,0.2310
600741.SH,2007-05-21,11.7200,15.2400,0.2310
600741.SH,2008-05-05,7.7500,9.3000,0.1667
600741.SH,2010-06-18,8.4700,8.7900,0.0364
600741.SH,2011-06-21,10.0200,10.2400,0.0215
600741.SH,2012-06-25,9.1900,9.4900,0.0316
600741.SH,2013-07-08,7.6200,7.9900,0.0463
600741.SH,2014-08-08,11.2700,11.7400,0.0400
600741.SH,2015-07-23,17.6600,18.1800,0.0286
600741.SH,2016-06-23,14.5700,15.3800,0.0527
600741.SH,2017-07-10,23.5600,24.5600,0.0407
600741.SH,2018-07-16,23.2200,24.2700,0.0433
600741.SH,2019-07-23,21.5500,22.6000,0.0465
600741.SH,2020-07-17,21.4800,22.3300,0.0381
600741.SH,2021-07-30,19.1100,19.8600,0.0378
600741.SH,2022-07-15,20.4500,21.3000,0.0399
600741.SH,2023-07-14,18.1400,19.0200,0.0463
600741.SH,2024-07-12,15.1300,15.8800,0.0472
600741.SH,2025-07-25,18.0100,18.8100,0.0425
600742.SH,1996-11-22,13.5600,24.4000,0.4443
600742.SH,1997-06-18,17.2200,17.4700,0.0143
600742.SH,1998-09-08,14.2400,14.4900,0.0173
600742.SH,1998-12-17,12.7800,14.2700,0.1044
600742.SH,1999-12-23,10.8100,16.2200,0.3335
600742.SH,2000-07-13,15.5300,15.7800,0.0158
600742.SH,2000-12-18,16.4800,16.7700,0.0173
600742.SH,2002-06-18,10.9900,11.2400,0.0222
600742.SH,2013-06-18,15.9600,16.5200,0.0339
600742.SH,2014-06-17,19.1600,19.5100,0.0179
600742.SH,2015-06-09,41.4800,41.9600,0.0114
600742.SH,2016-06-21,13.3600,27.2200,0.5092
600742.SH,2017-06-20,18.2700,18.7700,0.0266
600742.SH,2018-06-08,12.4400,15.4300,0.1938
600742.SH,2019-06-21,11.1500,11.7500,0.0511
600742.SH,2020-06-24,8.4200,11.1500,0.2448
600742.SH,2021-05-21,9.6600,9.9600,0.0301
600742.SH,2022-06-22,9.0100,9.3100,0.0322
600742.SH,2023-06-30,8.1700,8.4200,0.0297
600742.SH,2024-06-20,7.9100,8.1600,0.0306
600742.SH,2025-01-17,8.7900,8.8900,0.0112
600742.SH,2025-06-27,9.4800,9.7300,0.0257
600742.SH,2025-10-14,9.7600,10.0400,0.0279
600742.SH,2026-01-23,10.0500,10.1900,0.0137
600743.SH,1997-04-28,15.0500,30.1000,0.5000
600743.SH,1998-08-11,20.9100,23.0000,0.0909
600743.SH,1998-10-13,11.7600,20.0000,0.4120
600743.SH,2009-04-23,11.7800,12.0300,0.0208
600743.SH,2010-03-08,7.8600,9.9300,0.2085
600743.SH,2011-04-08,5.4700,7.2100,0.2413
600743.SH,2012-07-05,3.1900,4.0900,0.2200
600743.SH,2013-04-25,3.0300,3.5400,0.1441
600743.SH,2014-05-16,2.9700,3.0900,0.0388
600743.SH,2015-06-10,8.4500,8.5700,0.0140
600743.SH,2016-06-08,4.7100,4.7900,0.0167
600743.SH,2016-07-21,4.3900,4.7000,0.0660
600743.SH,2017-06-06,4.2900,4.3900,0.0228
600743.SH,2018-06-05,2.9100,3.0100,0.0332
600743.SH,2019-06-17,2.5500,2.6700,0.0449
600743.SH,2020-06-12,2.1200,2.2400,0.0536
600743.SH,2021-06-09,2.0300,2.0900,0.0287
600744.SH,1996-11-04,13.9800,14.2000,0.0155
600744.SH,1997-04-14,15.5900,31.1800,0.5000
600744.SH,1999-01-28,11.5800,11.7800,0.0170
600744.SH,1999-08-26,12.0000,13.2800,0.0964
600744.SH,1999-10-13,10.0000,12.0000,0.1667
600744.SH,2001-12-11,7.8900,8.1600,0.0331
600744.SH,2002-07-26,7.2400,7.3400,0.0136
600744.SH,2005-06-23,2.9900,3.0500,0.0197
600744.SH,2007-06-28,8.3900,8.5100,0.0141
600745.SH,1997-04-03,14.8800,29.7500,0.4998
600745.SH,1998-07-23,14.3600,14.8300,0.0317
600746.SH,1997-05-21,13.1100,17.7000,0.2593
600746.SH,1998-05-22,9.4300,10.8500,0.1309
600746.SH,1998-09-23,10.1900,15.2800,0.3331
600746.SH,1999-07-12,10.2500,12.3000,0.1667
600746.SH,2000-03-15,12.5600,13.5000,0.0696
600746.SH,2001-04-04,18.6800,33.6800,0.4454
600746.SH,2018-06-22,5.5400,5.6600,0.0212
600746.SH,2022-05-11,11.3800,12.3800,0.0808
600746.SH,2023-06-20,6.4300,6.6300,0.0302
600748.SH,1997-04-15,12.9800,14.2800,0.0910
600748.SH,1998-08-18,6.9500,7.4300,0.0646
600748.SH,1998-10-09,6.8200,7.9600,0.1432
600748.SH,1999-06-18,6.9100,11.0500,0.3747
600748.SH,2003-11-18,5.6600,5.7600,0.0174
600748.SH,2005-08-09,3.9500,4.0200,0.0174
600748.SH,2006-08-14,7.2800,7.3700,0.0122
600748.SH,2008-05-15,18.3200,27.1600,0.3255
600748.SH,2016-10-20,8.4800,11.0300,0.2312
600748.SH,2018-07-20,4.5600,4.6100,0.0108
600748.SH,2020-07-24,5.6400,5.7400,0.0174
600748.SH,2021-07-30,4.0800,4.2400,0.0377
600748.SH,2022-08-19,3.3100,3.4000,0.0265
600749.SH,1998-06-01,16.8800,27.0000,0.3748
600749.SH,2008-07-16,6.6600,9.9900,0.3333
600750.SH,1997-05-13,12.8800,25.7500,0.4998
600750.SH,1999-09-30,13.8100,14.9500,0.0763
600750.SH,2004-06-02,8.8300,8.9300,0.0112
600750.SH,2005-07-08,4.5400,4.6400,0.0216
600750.SH,2006-06-12,8.0900,8.2900,0.0241
600750.SH,2007-05-24,25.8100,38.7800,0.3345
600750.SH,2007-08-27,19.6000,26.4600,0.2593
600750.SH,2008-04-25,12.6800,12.8500,0.0132
600750.SH,2009-04-03,13.8700,14.2600,0.0273
600750.SH,2011-05-19,27.5800,27.8800,0.0108
600750.SH,2012-05-25,26.2200,26.5200,0.0113
600750.SH,2013-05-23,22.0700,22.3700,0.0134
600750.SH,2014-06-23,15.2700,15.5700,0.0193
600750.SH,2016-06-03,30.0200,30.4200,0.0131
600750.SH,2017-06-13,34.5400,34.9400,0.0114
600750.SH,2018-06-20,17.7500,25.3000,0.2984
600750.SH,2019-06-12,12.7200,16.2500,0.2172
600750.SH,2020-06-12,11.4200,14.0000,0.1843
600750.SH,2021-06-07,11.7800,12.0500,0.0224
600750.SH,2021-12-30,13.7000,13.9200,0.0158
600750.SH,2022-06-20,14.0500,14.7000,0.0442
600750.SH,2022-12-01,15.5700,16.0700,0.0311
600750.SH,2023-05-19,22.4600,23.1100,0.0281
600750.SH,2023-11-27,20.8000,21.4000,0.0280
600750.SH,2024-06-13,25.6900,26.3900,0.0265
600750.SH,2024-10-10,22.2900,22.7900,0.0219
600750.SH,2025-06-20,22.1600,22.8600,0.0306
600750.SH,2025-10-13,21.6700,22.1700,0.0226
600751.SH,1999-08-05,9.7700,19.5300,0.4997
600751.SH,2013-06-03,4.1100,7.4400,0.4476
600753.SH,1998-03-18,7.1800,11.4800,0.3746
600753.SH,2020-06-01,11.5300,16.1400,0.2856
600753.SH,2021-06-11,35.6800,42.8200,0.1667
600754.SH,1997-07-23,10.4100,12.5900,0.1732
600754.SH,1998-07-28,7.7100,10.0200,0.2305
600754.SH,2001-01-12,12.7800,13.0300,0.0192
600754.SH,2003-09-19,7.7900,7.8900,0.0127
600754.SH,2005-07-05,6.8100,6.9700,0.0230
600754.SH,2006-05-15,8.0300,8.2800,0.0302
600754.SH,2007-06-19,17.8500,18.1500,0.0165
600754.SH,2008-06-16,12.6800,13.0300,0.0269
600754.SH,2009-06-15,17.3000,17.6500,0.0198
600754.SH,2010-06-11,21.3000,21.6600,0.0166
600754.SH,2011-07-11,17.7700,18.1500,0.0209
600754.SH,2012-06-18,16.2700,16.6300,0.0216
600754.SH,2013-06-17,12.7300,13.1000,0.0282
600754.SH,2014-06-24,15.8400,16.2200,0.0234
600754.SH,2015-08-04,28.4100,28.8100,0.0139
600754.SH,2016-05-06,41.6300,42.1100,0.0114
600754.SH,2017-06-06,26.0500,26.5300,0.0181
600754.SH,2018-06-19,37.0600,37.6200,0.0149
600754.SH,2019-06-11,23.0300,23.6300,0.0254
600754.SH,2020-06-12,28.8900,29.4900,0.0203
600754.SH,2024-07-12,22.6200,23.1200,0.0216
600754.SH,2025-08-01,22.2100,22.5900,0.0168
600755.SH,1997-05-06,27.1300,37.9800,0.2857
600755.SH,1997-10-23,18.2500,29.2000,0.3750
600755.SH,1998-06-12,17.8500,18.7300,0.0470
600755.SH,2003-06-30,7.6800,7.7800,0.0129
600755.SH,2004-05-17,5.1900,9.5000,0.4537
600755.SH,2005-07-12,2.8500,2.9500,0.0339
600755.SH,2006-07-10,6.1600,8.0400,0.2338
600755.SH,2008-07-01,14.7700,14.9200,0.0101
600755.SH,2009-06-16,13.6600,13.8100,0.0109
600755.SH,2009-12-18,14.4000,16.5300,0.1289
600755.SH,2010-07-13,8.1400,13.1800,0.3824
600755.SH,2011-07-01,6.1200,8.0500,0.2398
600755.SH,2012-07-02,4.9300,5.0000,0.0140
600755.SH,2013-07-02,3.6400,3.7400,0.0267
600755.SH,2014-05-23,5.0700,5.2900,0.0416
600755.SH,2014-07-07,4.7100,4.8500,0.0289
600755.SH,2016-06-21,7.9400,8.0400,0.0124
600755.SH,2017-07-06,8.7200,8.8400,0.0136
600755.SH,2018-07-09,6.8700,7.0700,0.0283
600755.SH,2019-07-10,8.3700,8.6400,0.0313
600755.SH,2020-07-03,6.7300,6.9600,0.0330
600755.SH,2021-07-05,7.5500,8.0100,0.0574
600755.SH,2022-06-29,7.5300,8.0300,0.0623
600755.SH,2023-06-28,7.9500,8.6000,0.0756
600755.SH,2024-06-26,7.2100,7.7100,0.0649
600755.SH,2025-01-24,6.3500,6.5100,0.0246
600755.SH,2025-06-27,6.0700,6.2400,0.0272
600755.SH,2026-02-04,6.7200,6.8200,0.0147
600756.SH,1997-02-24,8.9300,14.2800,0.3746
600756.SH,1998-07-01,10.4100,10.6100,0.0189
600756.SH,2001-04-20,25.4700,38.3000,0.3350
600756.SH,2004-12-03,13.0000,14.4000,0.0972
600756.SH,2012-05-10,8.8600,13.3400,0.3358
600757.SH,1997-05-12,17.5400,31.5800,0.4446
600757.SH,1998-10-15,10.6900,10.8100,0.0111
600757.SH,1998-11-24,9.4800,10.2200,0.0724
600757.SH,2000-06-13,15.0800,19.7000,0.2345
600757.SH,2001-05-18,13.2700,20.0200,0.3372
600757.SH,2004-07-16,4.1800,4.2300,0.0118
600757.SH,2007-04-25,2.8100,3.2900,0.1459
600757.SH,2018-05-22,6.6100,6.7100,0.0149
600757.SH,2019-06-21,6.7000,6.8500,0.0219
600757.SH,2020-06-24,5.2100,5.4100,0.0370
600757.SH,2021-06-10,5.4700,5.8200,0.0601
600757.SH,2022-07-07,5.0800,5.4500,0.0679
600757.SH,2023-06-15,9.7300,10.0500,0.0318
600757.SH,2024-06-20,8.0200,8.4200,0.0475
600757.SH,2025-06-13,9.4900,9.9000,0.0414
600758.SH,1997-05-13,18.1000,36.2000,0.5000
600758.SH,2010-05-10,9.1500,11.8900,0.2304
600758.SH,2018-06-28,4.3100,4.4200,0.0249
600758.SH,2023-08-30,4.3400,4.4000,0.0136
600759.SH,1997-02-24,11.8300,14.2000,0.1669
600759.SH,1997-05-30,10.8600,11.9500,0.0912
600759.SH,1997-10-22,10.6200,16.9900,0.3749
600759.SH,2001-06-04,6.4200,6.1200,0.0490
600759.SH,2001-06-11,6.7000,6.4200,0.0436
600759.SH,2001-06-18,6.8000,6.7000,0.0149
600759.SH,2010-07-20,5.5500,7.2200,0.2313
600759.SH,2012-06-14,5.8300,5.8900,0.0102
600759.SH,2013-08-20,4.6100,4.7000,0.0191
600759.SH,2015-07-06,9.2200,11.9900,0.2310
600760.SH,1997-06-03,25.9500,51.9000,0.5000
600760.SH,1998-02-16,31.5200,34.9000,0.0968
600760.SH,1998-06-16,17.8500,30.2600,0.4101
600760.SH,2003-11-19,3.9200,3.8700,0.0129
600760.SH,2021-06-24,60.0700,84.3400,0.2878
600760.SH,2023-06-27,41.9900,59.1800,0.2905
600761.SH,1998-02-17,16.2500,18.7300,0.1324
600761.SH,1998-06-09,11.0100,17.6200,0.3751
600761.SH,1999-06-17,9.1000,9.4500,0.0370
600761.SH,2000-06-05,9.5800,10.3000,0.0699
600761.SH,2001-06-15,11.7800,12.0800,0.0248
600761.SH,2002-06-11,8.8200,9.0200,0.0222
600761.SH,2003-06-25,7.6900,11.7300,0.3444
600761.SH,2004-06-16,6.4800,6.6300,0.0226
600761.SH,2005-05-19,5.5300,5.6800,0.0264
600761.SH,2006-05-29,11.8400,11.9900,0.0125
600761.SH,2008-06-03,17.0200,17.2200,0.0116
600761.SH,2011-06-14,13.9800,17.0700,0.1810
600761.SH,2012-06-19,9.6700,11.8000,0.1805
600761.SH,2013-06-19,9.0200,9.2300,0.0228
600761.SH,2014-06-24,9.8700,12.1400,0.1870
600761.SH,2015-06-26,18.7500,19.0500,0.0157
600761.SH,2016-06-23,9.7900,9.9900,0.0200
600761.SH,2017-07-21,11.3800,13.9500,0.1842
600761.SH,2018-06-21,9.4300,9.9300,0.0504
600761.SH,2019-06-21,9.7900,10.1400,0.0345
600761.SH,2020-06-18,9.1700,9.5200,0.0368
600761.SH,2021-06-18,11.0900,11.4400,0.0306
600761.SH,2022-06-16,10.1700,10.5200,0.0333
600761.SH,2023-06-16,18.3800,18.7800,0.0213
600761.SH,2024-06-07,23.5500,24.1500,0.0248
600761.SH,2025-05-28,15.5900,16.1900,0.0371
600763.SH,1997-06-03,6.6500,7.9800,0.1667
600763.SH,2015-12-04,55.1800,110.3600,0.5000
600763.SH,2024-07-05,38.0100,53.6700,0.2918
600763.SH,2025-06-18,41.0900,41.5400,0.0108
600764.SH,1997-05-06,14.5000,26.1000,0.4444
600764.SH,1998-09-09,11.7700,13.2000,0.1083
600764.SH,1998-11-03,10.9000,13.4900,0.1920
600764.SH,1999-08-27,9.5400,12.4100,0.2313
600764.SH,2001-05-29,14.1800,14.3800,0.0139
600764.SH,2003-08-14,6.6200,12.0000,0.4483
600764.SH,2021-08-19,28.7700,29.0900,0.0110
600764.SH,2022-08-18,25.7600,26.1200,0.0138
600764.SH,2023-08-17,23.2700,23.5200,0.0106
600765.SH,1997-05-21,11.1500,22.2900,0.4998
600765.SH,1998-06-29,8.2300,8.3800,0.0179
600765.SH,1998-11-05,9.3300,10.0600,0.0726
600765.SH,2005-07-08,4.0800,4.1400,0.0145
600765.SH,2008-09-19,8.9600,17.9100,0.4997
600765.SH,2010-05-13,13.7500,20.6800,0.3351
600765.SH,2022-05-19,28.4700,40.0300,0.2888
600765.SH,2024-06-14,20.1600,20.4300,0.0132
600768.SH,1999-04-15,9.9800,17.9700,0.4446
600768.SH,2003-09-29,15.4100,18.4900,0.1666
600768.SH,2005-08-18,7.7900,9.3800,0.1695
600768.SH,2025-01-09,8.5200,8.6200,0.0116
600769.SH,1997-04-23,13.8000,27.6000,0.5000
600769.SH,1998-06-22,16.5200,18.4800,0.1061
600769.SH,1999-04-27,8.3400,13.3400,0.3748
600769.SH,2006-09-26,4.9100,5.2800,0.0701
600770.SH,1997-05-13,15.0500,30.1000,0.5000
600770.SH,1998-09-24,10.3900,15.5900,0.3335
600770.SH,1999-09-02,23.6700,35.5000,0.3332
600770.SH,2007-05-24,19.9500,29.9900,0.3348
600770.SH,2010-07-16,11.8200,17.7300,0.3333
600770.SH,2012-07-16,7.3700,11.1100,0.3366
600771.SH,1997-06-11,9.6300,13.0000,0.2592
600771.SH,1998-12-16,9.8100,10.8800,0.0983
600771.SH,2000-03-09,18.2500,36.4900,0.4999
600771.SH,2003-11-18,6.7000,6.8200,0.0176
600771.SH,2006-07-11,8.4200,9.0000,0.0644
600771.SH,2007-06-22,17.3100,24.2300,0.2856
600771.SH,2019-05-30,18.2400,25.5100,0.2850
600773.SH,1997-06-03,13.2600,15.3800,0.1378
600773.SH,1997-08-20,9.3500,13.0900,0.2857
600773.SH,1998-07-20,11.0600,11.8800,0.0690
600773.SH,1999-09-29,11.3600,11.5200,0.0139
600773.SH,2000-11-30,16.5200,18.2000,0.0923
600773.SH,2001-06-04,20.4000,24.5800,0.1701
600773.SH,2002-06-04,13.6900,15.0600,0.0910
600773.SH,2002-10-24,10.9100,15.2700,0.2855
600773.SH,2007-03-07,4.1200,5.2300,0.2122
600774.SH,1997-04-11,17.3800,27.8000,0.3748
600774.SH,1998-05-25,13.2800,14.8600,0.1063
600774.SH,2001-02-15,15.9500,17.1300,0.0689
600774.SH,2002-05-21,13.3400,14.0200,0.0485
600774.SH,2003-05-28,9.0900,10.0000,0.0910
600774.SH,2006-09-07,4.4500,7.1200,0.3750
600774.SH,2018-06-05,12.9500,16.8600,0.2319
600775.SH,2008-06-19,6.4100,6.4900,0.0123
600775.SH,2018-07-16,5.6200,5.6900,0.0123
600776.SH,1997-10-24,22.6700,34.0100,0.3334
600776.SH,1998-08-07,18.4500,18.7500,0.0160
600776.SH,2000-09-07,27.2600,27.5500,0.0105
600776.SH,2001-06-22,22.5600,22.8600,0.0131
600776.SH,2002-07-02,14.5400,14.7400,0.0136
600776.SH,2006-09-08,3.1200,6.2300,0.4992
600776.SH,2009-12-08,6.4900,6.5600,0.0107
600776.SH,2011-05-27,7.7200,7.8400,0.0153
600776.SH,2012-05-31,5.7000,5.7800,0.0138
600776.SH,2013-07-08,4.6800,4.7600,0.0168
600776.SH,2018-07-17,5.0700,5.1300,0.0117
600777.SH,1997-05-06,14.0000,18.2000,0.2308
600777.SH,1997-09-17,14.7300,16.2000,0.0907
600777.SH,1998-04-16,14.7000,26.4600,0.4444
600777.SH,1998-05-04,14.4600,15.1700,0.0468
600777.SH,2000-07-12,12.7600,13.4000,0.0478
600777.SH,2001-04-27,14.6400,14.7900,0.0101
600777.SH,2002-07-09,10.7700,10.9700,0.0182
600777.SH,2004-07-29,4.5100,5.8900,0.2343
600777.SH,2006-05-17,3.3400,4.3300,0.2286
600777.SH,2007-07-09,6.4100,8.9800,0.2862
600777.SH,2016-12-13,4.1100,15.6200,0.7369
600778.SH,1997-08-26,6.9000,7.1000,0.0282
600778.SH,1998-03-11,6.7900,7.5700,0.1030
600778.SH,1998-07-22,8.7800,10.8000,0.1870
600778.SH,1999-06-01,8.5700,12.8500,0.3331
600778.SH,2000-07-11,16.3600,16.5600,0.0121
600778.SH,2001-01-03,13.5300,15.9400,0.1512
600778.SH,2003-06-17,6.7500,6.8500,0.0146
600778.SH,2005-08-23,2.9700,3.0200,0.0166
600778.SH,2013-06-26,7.0600,7.3900,0.0447
600778.SH,2014-07-04,7.6800,7.9600,0.0352
600779.SH,1997-04-22,10.0400,13.6500,0.2645
600779.SH,1998-03-05,14.4400,14.2800,0.0112
600779.SH,1999-08-30,19.2900,34.7200,0.4444
600779.SH,2000-07-14,18.0500,27.0800,0.3335
600779.SH,2002-06-21,7.7500,8.5800,0.0967
600779.SH,2005-05-19,4.3100,4.4100,0.0227
600779.SH,2006-06-19,6.2500,6.3800,0.0204
600779.SH,2008-04-17,26.3300,26.7100,0.0142
600779.SH,2009-05-08,15.4200,15.9500,0.0332
600779.SH,2010-05-10,21.8600,22.4000,0.0241
600779.SH,2011-06-07,19.8800,20.1100,0.0114
600779.SH,2013-05-27,14.9700,15.2000,0.0151
600779.SH,2017-08-01,33.8500,34.3100,0.0134
600779.SH,2018-08-02,53.8800,54.5000,0.0114
600779.SH,2019-07-04,51.7000,52.8400,0.0216
600779.SH,2020-07-10,71.1800,72.6300,0.0200
600779.SH,2023-08-03,72.6600,73.4100,0.0102
600779.SH,2024-08-01,36.6200,37.5300,0.0242
600779.SH,2025-08-12,42.0800,43.0400,0.0223
600780.SH,1998-04-27,10.4500,12.5400,0.1667
600780.SH,1999-03-18,9.6000,11.5700,0.1703
600780.SH,1999-08-30,14.4100,15.9900,0.0988
600780.SH,1999-10-12,9.8200,13.9700,0.2971
600780.SH,2001-07-20,10.3300,10.4500,0.0115
600780.SH,2002-07-22,8.4300,8.5500,0.0140
600780.SH,2003-06-02,7.7200,15.4800,0.5013
600780.SH,2004-04-19,6.8600,10.3400,0.3366
600780.SH,2005-07-11,2.6200,2.6700,0.0187
600780.SH,2005-10-31,3.6300,3.9300,0.0763
600780.SH,2012-06-21,6.7000,6.8000,0.0147
600780.SH,2013-06-28,5.4700,5.5700,0.0180
600780.SH,2014-07-16,4.5500,4.6600,0.0236
600780.SH,2015-07-22,8.6400,8.7900,0.0171
600780.SH,2020-08-07,3.4800,3.5600,0.0225
600780.SH,2021-07-09,3.7100,3.8000,0.0237
600780.SH,2024-07-25,4.9400,5.1200,0.0352
600782.SH,1997-09-23,8.7000,15.6600,0.4444
600782.SH,1998-07-01,14.7900,14.9700,0.0120
600782.SH,1999-04-13,14.1900,14.3500,0.0111
600782.SH,1999-10-26,11.5800,12.8100,0.0960
600782.SH,2001-05-11,15.5700,25.0000,0.3772
600782.SH,2003-05-29,9.3600,9.4800,0.0127
600782.SH,2004-05-25,6.1500,6.2500,0.0160
600782.SH,2005-06-01,3.2300,3.3300,0.0300
600782.SH,2006-06-26,4.8000,4.9200,0.0244
600782.SH,2007-06-28,12.7300,12.8700,0.0109
600782.SH,2010-06-18,5.5100,5.5700,0.0108
600782.SH,2016-10-13,2.9900,5.9700,0.4992
600782.SH,2018-06-25,6.1700,6.2600,0.0144
600782.SH,2019-06-28,5.0600,5.2600,0.0380
600782.SH,2020-06-12,4.0400,4.2400,0.0472
600782.SH,2021-06-28,5.5500,5.8400,0.0497
600782.SH,2022-06-21,5.2100,5.7000,0.0860
600782.SH,2023-06-28,3.6900,3.7900,0.0264
600782.SH,2024-07-03,3.2900,3.4400,0.0436
600783.SH,1997-05-27,8.0000,10.4000,0.2308
600783.SH,1998-08-24,8.8800,10.0500,0.1164
600783.SH,1999-05-07,9.0000,13.5000,0.3333
600783.SH,2011-06-29,24.3000,48.6900,0.5009
600783.SH,2021-07-19,11.1700,11.3200,0.0133
600783.SH,2022-08-10,12.4700,12.6800,0.0166
600783.SH,2023-07-10,12.5200,12.7500,0.0180
600783.SH,2024-07-10,9.0000,9.1100,0.0121
600784.SH,1997-05-13,20.4400,36.8000,0.4446
600784.SH,1998-04-30,10.7600,16.1400,0.3333
600784.SH,2000-07-18,14.0800,15.4900,0.0910
600784.SH,2002-07-04,9.6100,10.5700,0.0908
600784.SH,2012-04-16,7.0300,14.1700,0.5039
600784.SH,2024-07-12,4.5300,4.5900,0.0131
600784.SH,2025-07-03,6.3600,6.4300,0.0109
600785.SH,1998-03-25,7.5200,11.2800,0.3333
600785.SH,1999-11-24,10.8400,12.5900,0.1390
600785.SH,2001-10-17,11.9700,12.2600,0.0237
600785.SH,2003-06-10,9.4300,9.5500,0.0126
600785.SH,2004-05-24,9.0600,9.2600,0.0216
600785.SH,2005-05-31,6.2300,6.4800,0.0386
600785.SH,2006-09-01,10.5600,12.6700,0.1665
600785.SH,2007-06-14,23.2500,23.5500,0.0127
600785.SH,2008-05-15,22.3900,22.8900,0.0218
600785.SH,2008-09-19,11.5700,16.4000,0.2945
600785.SH,2010-05-19,28.4900,34.4900,0.1740
600785.SH,2011-06-09,26.6600,26.9600,0.0111
600785.SH,2012-07-19,17.2400,17.5400,0.0171
600785.SH,2013-07-15,10.6400,10.9400,0.0274
600785.SH,2014-05-27,10.9400,11.2400,0.0267
600785.SH,2020-06-05,15.9300,16.1300,0.0124
600785.SH,2024-06-21,13.8100,14.0100,0.0143
600785.SH,2025-06-20,11.2200,11.4700,0.0218
600787.SH,1997-06-06,10.0900,11.1000,0.0910
600787.SH,1998-04-13,8.8800,15.1000,0.4119
600787.SH,1998-08-31,9.9300,10.5100,0.0552
600787.SH,1999-05-10,7.6200,12.9600,0.4120
600787.SH,2000-05-30,15.1800,22.7700,0.3333
600787.SH,2004-10-18,4.3600,8.7100,0.4994
600787.SH,2014-08-21,8.0800,16.2000,0.5012
600787.SH,2021-07-14,5.3200,5.4000,0.0148
600787.SH,2022-07-19,5.4400,5.6000,0.0286
600787.SH,2023-06-15,5.5600,5.6600,0.0177
600787.SH,2024-06-06,4.9900,5.1200,0.0254
600787.SH,2025-06-05,6.0600,6.1300,0.0114
600789.SH,1997-05-06,12.2000,12.4000,0.0161
600789.SH,1998-05-29,8.1300,9.0600,0.1026
600789.SH,1998-08-24,6.2700,6.5000,0.0354
600789.SH,2003-12-24,5.6500,5.7500,0.0174
600789.SH,2004-06-15,4.6800,4.7400,0.0127
600789.SH,2006-10-31,3.1600,4.4600,0.2915
600789.SH,2019-06-19,6.4500,8.4300,0.2349
600789.SH,2024-06-21,7.2000,7.2900,0.0123
600789.SH,2025-06-27,9.9400,10.0500,0.0109
600790.SH,1998-05-12,13.4900,20.3500,0.3371
600790.SH,1998-06-12,12.8200,13.7800,0.0697
600790.SH,1999-06-09,12.1700,12.4500,0.0225
600790.SH,2000-06-14,13.2400,13.4800,0.0178
600790.SH,2000-12-14,14.3600,15.2200,0.0565
600790.SH,2001-04-18,10.7100,17.2400,0.3788
600790.SH,2006-12-25,5.0300,6.4400,0.2189
600790.SH,2008-05-21,7.0400,9.1500,0.2306
600790.SH,2010-06-03,7.8800,7.9800,0.0125
600790.SH,2012-06-25,6.9100,7.0100,0.0143
600790.SH,2013-06-07,6.1400,6.3400,0.0315
600790.SH,2014-06-16,6.4600,6.6800,0.0329
600790.SH,2015-05-21,12.9300,16.8100,0.2308
600790.SH,2016-06-20,5.7200,5.8200,0.0172
600790.SH,2017-06-19,6.7400,6.8400,0.0146
600790.SH,2018-06-07,4.1500,5.9200,0.2990
600790.SH,2019-05-27,3.6500,3.8300,0.0470
600790.SH,2020-06-03,3.4900,3.6700,0.0490
600790.SH,2021-06-11,3.1000,3.2000,0.0313
600790.SH,2022-07-06,3.5800,3.7300,0.0402
600790.SH,2023-07-11,4.2100,4.3700,0.0366
600790.SH,2024-06-14,3.2500,3.3400,0.0269
600790.SH,2025-06-19,3.6200,3.7300,0.0295
600791.SH,1997-05-29,10.7300,11.9300,0.1006
600791.SH,1998-09-15,15.3300,22.9900,0.3332
600791.SH,2003-03-31,10.9200,14.2500,0.2337
600791.SH,2007-05-29,13.6700,20.5600,0.3351
600791.SH,2008-05-16,7.2500,11.6000,0.3750
600791.SH,2010-05-18,5.4400,5.5000,0.0109
600791.SH,2014-05-27,4.5500,4.6000,0.0109
600792.SH,2003-04-15,16.0500,24.0800,0.3335
600792.SH,2004-05-21,9.6300,14.4500,0.3336
600792.SH,2005-07-25,5.5600,6.3200,0.1203
600792.SH,2014-10-29,6.2900,12.5800,0.5000
600792.SH,2024-06-28,3.3000,3.3700,0.0208
600793.SH,1997-06-27,7.8800,10.2400,0.2305
600793.SH,2020-06-15,10.5100,14.7100,0.2855
600794.SH,1998-07-10,10.9800,13.1700,0.1663
600794.SH,1999-10-18,11.2300,17.9700,0.3751
600794.SH,2006-11-23,3.7500,4.8700,0.2300
600794.SH,2008-10-07,4.3400,4.9900,0.1303
600794.SH,2011-04-07,13.8400,16.6100,0.1668
600794.SH,2013-03-14,7.8000,15.8100,0.5066
600794.SH,2014-03-19,9.7300,9.8400,0.0112
600794.SH,2015-03-18,8.5900,19.0000,0.5479
600794.SH,2023-05-31,3.5400,3.5800,0.0112
600794.SH,2024-05-17,3.6300,3.7100,0.0216
600794.SH,2024-10-16,3.2700,3.3100,0.0121
600795.SH,1997-05-07,17.1000,27.3600,0.3750
600795.SH,1998-04-13,28.8500,37.5000,0.2307
600795.SH,1998-08-24,20.9100,33.4500,0.3749
600795.SH,1999-05-12,15.4000,23.1000,0.3333
600795.SH,2000-11-13,33.7000,47.8600,0.2959
600795.SH,2001-03-16,20.7200,37.5000,0.4475
600795.SH,2002-04-08,16.4300,16.6800,0.0150
600795.SH,2002-09-10,9.7500,16.5800,0.4119
600795.SH,2004-04-08,8.8700,14.2300,0.3767
600795.SH,2005-07-08,6.1800,6.2600,0.0128
600795.SH,2008-03-17,8.6100,17.3400,0.5035
600795.SH,2010-05-04,3.9500,7.9800,0.5050
600795.SH,2011-06-13,2.9500,3.0500,0.0328
600795.SH,2012-06-12,2.5400,2.6400,0.0379
600795.SH,2013-05-23,2.7100,2.8400,0.0458
600795.SH,2014-06-13,2.1800,2.3100,0.0563
600795.SH,2015-07-08,4.7900,4.9400,0.0304
600795.SH,2016-07-06,2.9100,3.0200,0.0364
600795.SH,2017-07-04,3.4900,3.6000,0.0306
600795.SH,2018-07-10,2.5900,2.6700,0.0300
600795.SH,2019-06-28,2.5200,2.5600,0.0156
600795.SH,2020-07-03,1.8400,1.8900,0.0265
600795.SH,2021-07-07,2.3900,2.4300,0.0165
600795.SH,2023-07-06,3.7700,3.8700,0.0258
600795.SH,2023-10-24,3.4900,3.5400,0.0141
600795.SH,2024-07-05,5.9400,6.0100,0.0116
600795.SH,2024-10-31,4.8400,4.9300,0.0183
600795.SH,2025-07-10,4.7600,4.8700,0.0226
600795.SH,2025-10-29,5.2800,5.3800,0.0186
600796.SH,1998-04-21,16.6700,18.3400,0.0911
600796.SH,1999-03-16,13.8800,24.9800,0.4444
600796.SH,1999-09-15,19.6400,21.1000,0.0692
600796.SH,2000-07-07,21.3200,21.6200,0.0139
600796.SH,2002-05-14,13.4800,13.9000,0.0302
600796.SH,2002-07-16,14.1700,14.3500,0.0125
600796.SH,2003-06-12,12.4300,12.6300,0.0158
600796.SH,2004-05-20,7.6000,13.6800,0.4444
600796.SH,2005-06-22,7.3000,7.4000,0.0135
600796.SH,2006-06-01,4.8800,6.3400,0.2303
600796.SH,2011-05-06,9.0500,9.9800,0.0932
600796.SH,2022-06-29,5.5300,5.6300,0.0178
600796.SH,2023-06-16,5.1400,5.2400,0.0191
600797.SH,1998-04-27,9.4000,15.0400,0.3750
600797.SH,1998-06-12,9.1400,9.3500,0.0225
600797.SH,1999-04-28,7.0100,11.9200,0.4119
600797.SH,2001-02-13,18.8300,20.8800,0.0982
600797.SH,2001-06-05,20.7100,26.2900,0.2122
600797.SH,2002-09-26,10.7600,15.0600,0.2855
600797.SH,2004-06-15,5.9200,10.1100,0.4144
600798.SH,1998-04-30,14.9800,22.4700,0.3333
600798.SH,1999-05-27,7.1500,14.5900,0.5099
600798.SH,1999-12-10,7.3500,7.6300,0.0367
600798.SH,2000-05-30,9.6200,9.7400,0.0123
600798.SH,2001-06-14,10.8800,11.0000,0.0109
600798.SH,2002-05-27,7.7700,7.8900,0.0152
600798.SH,2003-06-16,6.3900,6.4900,0.0154
600798.SH,2004-06-09,5.7600,5.8900,0.0221
600798.SH,2005-04-14,4.5300,4.6700,0.0300
600798.SH,2006-06-19,3.3000,3.4500,0.0435
600798.SH,2007-06-12,10.5600,10.7300,0.0158
600798.SH,2008-06-04,10.6400,10.8000,0.0148
600798.SH,2009-05-27,5.5400,8.5100,0.3490
600798.SH,2018-05-23,4.6600,4.7100,0.0106
600798.SH,2019-05-24,3.7000,3.7600,0.0160
600798.SH,2020-05-19,2.9400,3.0000,0.0200
600798.SH,2021-06-11,5.5900,5.6500,0.0106
600798.SH,2022-07-15,3.9300,4.0100,0.0200
600798.SH,2024-06-21,2.7900,2.8200,0.0106
600800.SH,1995-05-08,5.1800,5.3800,0.0372
600800.SH,1996-05-30,6.3400,6.5900,0.0379
600800.SH,1997-03-18,29.8700,37.3300,0.1998
600800.SH,1997-05-06,23.8700,35.8000,0.3332
600800.SH,1998-03-05,21.9800,21.4200,0.0261
600800.SH,1998-06-12,20.0600,30.0900,0.3333
600800.SH,1999-09-10,18.8400,20.2100,0.0678
600800.SH,2000-05-31,26.6900,40.0300,0.3333
600800.SH,2001-08-01,12.6400,18.9900,0.3344
600800.SH,2009-03-04,3.5100,3.8900,0.0977
600801.SH,1994-04-18,6.2500,7.5000,0.1667
600801.SH,1994-12-05,5.2500,5.4700,0.0402
600801.SH,1996-07-30,5.1800,5.3100,0.0245
600801.SH,2005-06-16,3.8700,3.9300,0.0153
600801.SH,2010-06-07,17.5700,17.7700,0.0113
600801.SH,2011-05-26,22.8600,45.9200,0.5022
600801.SH,2013-06-06,13.7700,13.9500,0.0129
600801.SH,2014-06-17,7.1400,11.6300,0.3861
600801.SH,2015-06-12,14.8300,15.0000,0.0113
600801.SH,2017-06-09,8.4600,8.5600,0.0117
600801.SH,2018-06-11,14.5600,14.8400,0.0189
600801.SH,2019-06-03,18.4700,27.0100,0.3162
600801.SH,2020-07-08,25.2300,26.4400,0.0458
600801.SH,2021-06-17,19.4000,20.4800,0.0527
600801.SH,2022-06-14,17.5700,18.5700,0.0539
600801.SH,2023-06-20,12.4600,12.9700,0.0393
600801.SH,2024-06-18,13.4800,14.0100,0.0378
600801.SH,2025-06-20,11.4700,11.9300,0.0386
600801.SH,2025-12-04,21.9200,22.2600,0.0153
600802.SH,1995-04-24,3.7500,4.4300,0.1535
600802.SH,1996-08-19,5.0500,5.1500,0.0194
600802.SH,1996-09-23,4.5100,5.0500,0.1069
600802.SH,1997-07-25,7.4500,7.5500,0.0132
600802.SH,1998-02-27,5.3300,5.5800,0.0448
600802.SH,1999-06-29,8.1600,8.3600,0.0239
600802.SH,2000-05-08,7.7400,7.8900,0.0190
600802.SH,2000-08-21,8.6200,9.5500,0.0974
600802.SH,2005-08-24,2.2600,2.2900,0.0131
600802.SH,2006-08-23,2.7700,3.5100,0.2108
600802.SH,2020-07-09,10.2000,12.4000,0.1774
600802.SH,2021-07-08,7.0500,7.1300,0.0112
600802.SH,2022-07-15,6.2900,6.3800,0.0141
600803.SH,1994-10-05,4.4000,5.2800,0.1667
600803.SH,1996-07-19,4.5200,5.4200,0.1661
600803.SH,1997-05-19,19.0500,19.3300,0.0145
600803.SH,1999-01-12,11.4300,16.0000,0.2856
600803.SH,1999-12-06,9.7300,10.3600,0.0608
600803.SH,2002-08-26,10.3500,10.4700,0.0115
600803.SH,2006-06-12,3.5200,7.0300,0.4993
600803.SH,2015-08-06,14.8300,14.9900,0.0107
600803.SH,2018-02-12,13.5000,14.5400,0.0715
600803.SH,2019-08-06,9.6600,9.8700,0.0213
600803.SH,2020-06-04,10.3700,10.5800,0.0198
600803.SH,2021-08-23,18.1300,18.3200,0.0104
600803.SH,2022-08-02,17.0100,17.3200,0.0179
600803.SH,2023-07-11,18.9200,19.4300,0.0262
600803.SH,2024-08-01,18.7200,19.6300,0.0464
600803.SH,2025-07-22,18.7500,19.7800,0.0521
600805.SH,1994-09-19,16.8600,23.6000,0.2856
600805.SH,1994-12-26,12.6100,19.0000,0.3363
600805.SH,1996-05-09,9.3100,12.3000,0.2431
600805.SH,1996-09-04,8.0200,8.9500,0.1039
600805.SH,1998-02-09,10.9700,13.0000,0.1562
600805.SH,1998-05-12,7.5200,13.5400,0.4446
600805.SH,2000-02-25,7.5300,7.9000,0.0468
600805.SH,2011-05-20,13.7200,18.0300,0.2390
600805.SH,2012-05-21,11.5400,11.6900,0.0128
600805.SH,2013-06-14,10.4200,12.6500,0.1763
600805.SH,2014-06-30,9.1700,9.3200,0.0161
600805.SH,2015-06-30,14.2700,14.4200,0.0104
600805.SH,2016-06-27,8.4700,8.5700,0.0117
600805.SH,2017-06-30,7.4100,7.5100,0.0133
600807.SH,1994-04-04,5.1900,7.9400,0.3463
600807.SH,1996-07-24,6.4900,7.7900,0.1669
600807.SH,1999-06-15,8.3700,10.8800,0.2307
600807.SH,2011-05-25,8.2000,16.3900,0.4997
600807.SH,2015-05-07,17.7400,23.0600,0.2307
600808.SH,1994-06-27,1.8400,1.8600,0.0108
600808.SH,1994-10-24,1.9300,1.9600,0.0153
600808.SH,1995-06-27,1.8100,1.8500,0.0216
600808.SH,2004-06-18,4.5200,4.7300,0.0444
600808.SH,2005-07-05,2.8000,3.0200,0.0728
600808.SH,2006-07-12,2.7700,2.9300,0.0546
600808.SH,2007-07-11,6.6500,6.7800,0.0192
600808.SH,2008-07-10,5.9000,6.0300,0.0216
600808.SH,2010-07-14,3.2400,3.2800,0.0122
600808.SH,2011-07-12,3.4600,3.5100,0.0142
600808.SH,2018-08-15,4.0500,4.2100,0.0380
600808.SH,2018-12-21,3.4700,3.5200,0.0142
600808.SH,2019-07-12,3.0900,3.4000,0.0912
600808.SH,2020-07-29,2.6700,2.7500,0.0291
600808.SH,2021-07-29,4.4700,4.6000,0.0283
600808.SH,2022-07-21,3.3400,3.6900,0.0949
600809.SH,1995-05-16,4.0200,4.2400,0.0519
600809.SH,1996-03-25,5.1500,5.6500,0.0885
600809.SH,1996-07-23,6.0500,6.6500,0.0902
600809.SH,1997-09-30,6.0400,6.1400,0.0163
600809.SH,1998-07-28,6.1700,6.2700,0.0159
600809.SH,2004-07-08,5.9300,6.0000,0.0117
600809.SH,2005-07-18,6.6100,6.7600,0.0222
600809.SH,2006-07-11,15.7900,15.9900,0.0125
600809.SH,2007-06-07,35.7600,36.2100,0.0124
600809.SH,2008-08-12,10.9400,11.1000,0.0144
600809.SH,2009-08-06,35.1000,35.5000,0.0113
600809.SH,2010-06-25,44.6800,45.1800,0.0111
600809.SH,2012-06-12,37.0300,74.5600,0.5034
600809.SH,2013-06-27,27.1700,27.9700,0.0286
600809.SH,2014-06-16,13.3300,13.6800,0.0256
600809.SH,2016-07-08,24.1600,24.4800,0.0131
600809.SH,2017-07-14,32.4700,33.0200,0.0167
600809.SH,2018-08-17,47.2400,47.8400,0.0125
600809.SH,2019-08-21,70.2500,71.0000,0.0106
600809.SH,2021-07-05,309.7700,433.8800,0.2860
600809.SH,2023-06-26,200.2800,203.6000,0.0163
600809.SH,2024-07-05,196.9800,201.3500,0.0217
600809.SH,2025-01-24,174.6200,177.0800,0.0139
600809.SH,2025-07-07,172.1000,175.7000,0.0205
600810.SH,1994-08-15,5.6700,7.0500,0.1957
600810.SH,1995-07-11,5.7400,5.9400,0.0337
600810.SH,1996-03-05,5.0900,4.8600,0.0473
600810.SH,1996-08-12,6.4000,6.6000,0.0303
600810.SH,1997-07-02,15.4000,15.6500,0.0160
600810.SH,1997-07-07,12.5700,15.2900,0.1779
600810.SH,1998-12-25,12.7100,13.2700,0.0422
600810.SH,1999-06-21,12.6000,12.8000,0.0156
600810.SH,2001-07-20,10.6400,11.7000,0.0906
600810.SH,2005-07-21,3.4100,3.4600,0.0145
600810.SH,2006-07-24,4.5600,4.6300,0.0151
600810.SH,2008-08-07,6.0800,6.2300,0.0241
600810.SH,2019-07-18,9.4300,12.7100,0.2581
600810.SH,2020-07-29,7.5000,7.7200,0.0285
600810.SH,2021-06-28,12.3100,12.5100,0.0160
600810.SH,2021-10-29,11.7200,12.1500,0.0354
600810.SH,2022-05-30,9.1400,9.7400,0.0616
600810.SH,2023-05-25,7.1000,7.2300,0.0180
600810.SH,2024-07-08,6.0900,6.2200,0.0209
600812.SH,1994-05-03,2.9500,4.4300,0.3341
600812.SH,1995-07-03,2.1700,2.5400,0.1457
600812.SH,1996-08-26,6.4700,6.7200,0.0372
600812.SH,1997-07-02,6.1800,6.8000,0.0912
600812.SH,1997-07-29,5.1800,5.4900,0.0565
600812.SH,1998-08-27,4.7400,4.9600,0.0444
600812.SH,1999-01-27,4.0500,4.2200,0.0403
600812.SH,1999-08-26,5.6000,5.7000,0.0175
600812.SH,2005-08-17,2.2400,2.2800,0.0175
600812.SH,2006-08-16,2.3600,3.1800,0.2579
600814.SH,1994-05-09,6.9800,9.3800,0.2559
600814.SH,1995-05-08,4.9900,5.4900,0.0911
600814.SH,1995-10-04,5.6200,5.9200,0.0507
600814.SH,1996-05-10,5.6800,6.4500,0.1194
600814.SH,1997-05-23,8.2100,9.1800,0.1057
600814.SH,1999-01-04,6.0700,6.2900,0.0350
600814.SH,2000-05-17,7.8500,11.7800,0.3336
600814.SH,2006-06-12,6.5800,8.6000,0.2349
600814.SH,2008-07-14,7.0700,7.1600,0.0126
600814.SH,2009-07-14,7.2800,7.4000,0.0162
600814.SH,2012-07-09,5.9200,5.9900,0.0117
600814.SH,2013-05-17,6.6900,6.7600,0.0104
600814.SH,2014-06-30,6.8700,6.9400,0.0101
600814.SH,2018-07-23,6.3700,6.4500,0.0124
600814.SH,2019-08-14,4.7600,4.8200,0.0124
600814.SH,2020-07-21,7.1800,7.2800,0.0137
600814.SH,2021-07-20,6.4800,6.5900,0.0167
600814.SH,2022-06-15,6.4000,6.5900,0.0288
600814.SH,2023-06-20,8.5900,8.7200,0.0149
600814.SH,2024-06-18,6.0400,6.1800,0.0227
600814.SH,2025-07-04,7.6200,7.7600,0.0180
600815.SH,1994-04-11,8.1500,11.4100,0.2857
600815.SH,1995-07-17,4.2300,4.9600,0.1472
600815.SH,1996-06-27,5.8300,6.0300,0.0332
600815.SH,1996-09-17,6.9600,7.7500,0.1019
600815.SH,1997-06-23,6.4300,6.5500,0.0183
600815.SH,1999-07-06,7.0500,7.1500,0.0140
600815.SH,2002-06-04,9.0900,13.6900,0.3360
600815.SH,2003-08-21,6.6500,6.7500,0.0148
600815.SH,2004-07-21,4.9700,5.0700,0.0197
600815.SH,2006-08-21,3.3500,4.0500,0.1728
600815.SH,2008-07-02,6.9300,8.3400,0.1691
600815.SH,2012-05-23,8.5900,8.6900,0.0115
600815.SH,2013-07-10,3.7600,3.8100,0.0131
600815.SH,2019-12-23,2.8400,2.9400,0.0340
600816.SH,1994-03-07,9.3800,12.6300,0.2573
600816.SH,1996-03-11,5.7000,7.9800,0.2857
600816.SH,1997-05-06,12.9900,15.5900,0.1668
600816.SH,1997-07-24,12.1800,14.1500,0.1392
600816.SH,1998-02-18,9.4100,10.3500,0.0908
600816.SH,1998-06-05,10.4000,11.4400,0.0909
600816.SH,2001-06-25,9.9000,12.9400,0.2349
600816.SH,2014-07-21,15.2400,15.4400,0.0130
600816.SH,2015-06-08,47.2800,47.9800,0.0146
600816.SH,2015-09-23,16.3400,40.8400,0.5999
600816.SH,2016-04-13,16.6500,17.0000,0.0206
600816.SH,2017-03-06,12.3700,27.8100,0.5552
600816.SH,2018-05-04,9.2600,11.6100,0.2024
600817.SH,1994-04-18,11.6700,15.8000,0.2614
600817.SH,1995-08-23,11.2000,12.3200,0.0909
600817.SH,1997-07-11,8.1500,8.2500,0.0121
600817.SH,2004-07-26,11.6900,14.0300,0.1668
600817.SH,2006-06-16,10.2200,13.2800,0.2304
600817.SH,2007-04-23,14.7100,14.2200,0.0345
600817.SH,2007-04-26,15.3700,15.2100,0.0105
600817.SH,2007-04-30,15.2900,15.8600,0.0359
600817.SH,2007-05-10,15.0900,15.6800,0.0376
600817.SH,2013-02-08,5.6500,7.0600,0.1997
600817.SH,2022-05-27,11.9400,12.2900,0.0285
600817.SH,2023-05-29,11.0600,11.4300,0.0324
600817.SH,2024-06-20,8.4100,8.7900,0.0432
600817.SH,2025-08-19,12.2200,12.5000,0.0224
600818.SH,1995-05-23,10.1600,10.3000,0.0136
600818.SH,1997-07-18,11.2700,12.9600,0.1304
600818.SH,2001-05-28,11.1500,11.3500,0.0176
600818.SH,2001-06-04,11.7100,11.1500,0.0502
600818.SH,2001-06-11,12.3000,11.7100,0.0504
600818.SH,2001-06-18,12.9200,12.3000,0.0504
600818.SH,2001-06-25,13.5700,12.9200,0.0503
600818.SH,2010-04-26,15.9600,17.5900,0.0927
600818.SH,2013-05-29,12.6000,13.8900,0.0929
600819.SH,1995-05-10,11.1700,11.7000,0.0453
600819.SH,1996-06-11,10.9600,13.7000,0.2000
600819.SH,1997-07-15,6.3900,6.5400,0.0229
600819.SH,2001-05-22,16.2700,16.4900,0.0133
600819.SH,2002-07-18,12.7200,12.9400,0.0170
600819.SH,2003-07-30,14.0000,14.2000,0.0141
600819.SH,2004-07-12,6.8700,10.5400,0.3482
600819.SH,2005-07-06,3.7200,3.9200,0.0510
600819.SH,2006-07-11,4.5800,4.6800,0.0214
600819.SH,2008-08-04,7.2300,7.3200,0.0123
600819.SH,2020-08-07,5.1700,5.2400,0.0134
600820.SH,1995-09-11,13.8800,18.6000,0.2538
600820.SH,1996-06-17,10.3600,11.5000,0.0991
600820.SH,1997-01-20,9.9200,11.7600,0.1565
600820.SH,1997-06-19,8.8300,10.2500,0.1385
600820.SH,1998-10-16,13.1800,18.5500,0.2895
600820.SH,1999-02-09,8.2700,9.5600,0.1349
600820.SH,2001-05-18,11.6900,15.2500,0.2334
600820.SH,2001-12-04,10.7400,11.3700,0.0554
600820.SH,2002-07-26,8.8700,9.8100,0.0958
600820.SH,2008-05-13,12.1000,13.0900,0.0756
600820.SH,2010-08-19,10.8500,11.0500,0.0181
600820.SH,2011-07-06,10.7900,10.9900,0.0182
600820.SH,2013-05-23,9.0200,9.2900,0.0291
600820.SH,2014-06-16,5.0200,10.3300,0.5140
600820.SH,2015-07-15,11.3000,11.4500,0.0131
600820.SH,2016-06-22,8.1900,8.3400,0.0180
600820.SH,2017-07-18,9.7200,9.8800,0.0162
600820.SH,2018-07-20,5.7800,5.9600,0.0302
600820.SH,2019-06-20,6.3200,6.5100,0.0292
600820.SH,2020-06-24,5.7400,5.9500,0.0353
600820.SH,2021-07-08,5.1400,5.3600,0.0410
600820.SH,2022-07-28,5.5000,5.7300,0.0401
600820.SH,2023-07-20,5.8300,6.1000,0.0443
600820.SH,2023-11-30,5.3300,5.4300,0.0184
600820.SH,2024-08-16,6.8100,7.0400,0.0327
600820.SH,2024-12-06,6.7000,6.8000,0.0147
600820.SH,2025-08-15,6.4700,6.6900,0.0329
600820.SH,2025-10-24,7.0600,7.1400,0.0112
600821.SH,1994-05-23,3.7900,5.0900,0.2554
600821.SH,1995-05-15,3.5200,3.6800,0.0435
600821.SH,1996-05-31,4.5400,4.7500,0.0442
600821.SH,1996-06-24,4.7200,5.1400,0.0817
600821.SH,1998-02-16,7.1300,7.7100,0.0752
600821.SH,1998-04-23,6.1300,8.4800,0.2771
600821.SH,2006-08-25,4.5000,6.4100,0.2980
600821.SH,2023-10-16,6.6600,6.7600,0.0148
600821.SH,2024-05-28,5.7500,5.8200,0.0120
600821.SH,2024-10-31,5.6500,5.7500,0.0174
600821.SH,2025-07-08,5.4300,5.5300,0.0181
600821.SH,2025-11-14,5.7400,5.8400,0.0171
600822.SH,1995-09-25,10.0100,11.1000,0.0982
600822.SH,1997-06-03,6.8500,7.5300,0.0903
600822.SH,1999-06-02,8.6600,9.5300,0.0913
600822.SH,2008-07-21,7.6500,7.7500,0.0129
600822.SH,2010-06-08,8.4900,12.8400,0.3388
600822.SH,2012-07-18,5.0700,5.1700,0.0193
600824.SH,1995-10-04,10.1100,13.9800,0.2768
600824.SH,1996-06-21,8.6000,9.8000,0.1224
600824.SH,1997-07-03,9.3400,16.0500,0.4181
600824.SH,1998-02-17,8.4700,8.9000,0.0483
600824.SH,1998-08-10,7.8000,7.9600,0.0201
600824.SH,2000-05-22,10.3200,10.4700,0.0143
600824.SH,2001-02-14,11.2700,12.5500,0.1020
600824.SH,2002-08-07,11.7800,11.9300,0.0126
600824.SH,2003-06-02,8.5800,8.7300,0.0172
600824.SH,2004-06-01,6.7900,6.9400,0.0216
600824.SH,2005-05-24,6.9700,7.1200,0.0211
600824.SH,2005-12-08,3.4500,6.9000,0.5000
600824.SH,2006-07-24,6.5200,6.6200,0.0151
600824.SH,2006-12-11,5.6000,5.8400,0.0411
600824.SH,2007-05-08,10.5000,12.0700,0.1301
600824.SH,2008-04-29,7.0700,8.4800,0.1663
600824.SH,2009-04-13,5.8400,7.0700,0.1740
600824.SH,2012-05-17,5.3900,5.4500,0.0110
600824.SH,2013-07-26,3.8000,4.6200,0.1775
600824.SH,2014-05-21,5.7700,5.8300,0.0103
600824.SH,2015-05-29,10.7900,13.0100,0.1706
600824.SH,2018-07-05,3.4600,3.5000,0.0114
600824.SH,2021-08-19,3.5300,3.5800,0.0140
600825.SH,1995-12-07,9.5300,10.7500,0.1135
600825.SH,1996-06-04,7.3600,8.1000,0.0914
600825.SH,1998-05-20,9.2300,15.6900,0.4117
600825.SH,2001-05-29,20.1700,30.3000,0.3343
600825.SH,2005-07-18,3.9700,4.9100,0.1914
600825.SH,2006-10-17,11.8500,12.0800,0.0190
600825.SH,2008-07-02,16.6700,25.0000,0.3332
600825.SH,2009-07-14,12.3300,18.6100,0.3375
600825.SH,2010-07-02,7.9400,9.5800,0.1712
600826.SH,1995-04-24,9.9000,10.3000,0.0388
600826.SH,1996-06-24,10.8300,13.1000,0.1733
600826.SH,1996-11-26,11.4100,15.9800,0.2860
600826.SH,1996-12-11,12.3200,13.8200,0.1085
600826.SH,1998-06-15,11.0000,11.5500,0.0476
600826.SH,2000-07-11,13.1000,13.3000,0.0150
600826.SH,2011-05-31,10.4800,15.7500,0.3346
600826.SH,2015-07-22,28.5800,28.9600,0.0131
600826.SH,2016-06-29,25.9500,26.3300,0.0144
600826.SH,2017-07-14,18.7500,19.3500,0.0310
600826.SH,2018-07-31,15.2800,15.4900,0.0136
600826.SH,2019-06-21,10.8700,11.0400,0.0154
600826.SH,2020-06-24,10.1500,10.2800,0.0126
600826.SH,2021-06-29,7.9100,8.0400,0.0162
600826.SH,2022-07-19,7.3800,7.4900,0.0147
600826.SH,2023-07-04,10.2300,10.3400,0.0106
600826.SH,2024-06-28,5.5200,7.9500,0.3057
600826.SH,2025-06-24,7.4800,7.7000,0.0286
600827.SH,1995-05-15,9.7300,11.8000,0.1754
600827.SH,1996-06-06,7.7100,8.4800,0.0908
600827.SH,1997-07-04,9.0500,11.9200,0.2408
600827.SH,1998-08-06,9.3500,12.2800,0.2386
600827.SH,1999-07-02,10.1300,12.1500,0.1663
600827.SH,2000-03-07,11.2400,12.4000,0.0935
600827.SH,2002-07-29,15.7700,18.5100,0.1480
600827.SH,2003-07-22,9.9900,10.1400,0.0148
600827.SH,2004-07-02,6.6100,8.6900,0.2394
600827.SH,2005-07-11,5.2400,5.3900,0.0278
600827.SH,2006-07-17,7.7400,7.8900,0.0190
600827.SH,2008-06-19,11.7100,11.9900,0.0234
600827.SH,2009-07-03,12.0400,13.2900,0.0941
600827.SH,2010-07-16,15.4700,15.6700,0.0128
600827.SH,2012-07-02,11.0600,11.3100,0.0221
600827.SH,2013-07-29,6.7100,7.0100,0.0428
600827.SH,2014-07-23,10.6800,10.9100,0.0211
600827.SH,2015-07-30,18.6600,18.9100,0.0132
600827.SH,2017-08-03,14.7300,14.9100,0.0121
600827.SH,2018-07-23,9.8200,10.0000,0.0180
600827.SH,2019-08-01,9.0800,9.2600,0.0194
600827.SH,2022-07-06,12.2200,12.3700,0.0121
600827.SH,2024-07-22,7.6200,7.7400,0.0155
600827.SH,2025-08-07,9.9700,10.2300,0.0254
600828.SH,1995-04-24,5.5000,5.8000,0.0517
600828.SH,1996-06-03,6.5600,6.8700,0.0451
600828.SH,1997-05-13,18.7500,28.1200,0.3332
600828.SH,1997-07-09,11.2900,12.4500,0.0932
600828.SH,1998-05-25,8.5300,9.5300,0.1049
600828.SH,2000-06-13,16.9300,17.2200,0.0168
600828.SH,2002-06-03,8.9300,10.7200,0.1670
600828.SH,2010-04-09,17.7900,32.1800,0.4472
600828.SH,2011-05-16,13.4700,16.1900,0.1680
600828.SH,2012-05-07,6.7500,8.8200,0.2347
600828.SH,2014-05-13,4.6400,4.7300,0.0190
600828.SH,2016-07-07,6.8400,6.9400,0.0144
600828.SH,2017-05-26,6.8900,7.1900,0.0417
600828.SH,2018-04-25,6.1700,6.3200,0.0237
600828.SH,2018-12-07,4.8000,5.0000,0.0400
600828.SH,2019-04-23,6.0500,6.1500,0.0163
600828.SH,2020-04-30,3.8900,4.1900,0.0716
600828.SH,2021-04-30,3.6300,3.7300,0.0268
600828.SH,2022-06-09,3.5400,3.6900,0.0407
600828.SH,2023-05-10,3.9100,4.0600,0.0369
600828.SH,2024-04-25,2.7100,2.7400,0.0109
600829.SH,1995-05-29,6.0900,6.8000,0.1044
600829.SH,1996-06-17,4.6400,5.1500,0.0990
600829.SH,1997-07-07,4.7000,5.2200,0.0996
600829.SH,2002-07-02,14.8400,19.3100,0.2315
600829.SH,2002-10-23,10.7700,16.1500,0.3331
600829.SH,2004-08-25,6.1300,9.2000,0.3337
600829.SH,2009-07-02,17.6100,18.3500,0.0403
600829.SH,2010-06-28,18.7300,19.4100,0.0350
600829.SH,2011-06-14,12.8200,19.7200,0.3499
600829.SH,2014-07-11,6.6200,6.7500,0.0193
600829.SH,2017-04-13,14.4300,14.9300,0.0335
600829.SH,2018-04-25,10.7300,11.2300,0.0445
600829.SH,2021-05-27,6.1800,6.3000,0.0190
600829.SH,2024-07-25,5.4700,5.6100,0.0250
600830.SH,1995-07-03,6.5600,11.1000,0.4090
600830.SH,1996-06-06,6.4500,7.2000,0.1042
600830.SH,1997-01-17,6.6400,7.5000,0.1147
600830.SH,1997-07-10,5.9400,6.0900,0.0246
600830.SH,1999-07-06,15.0000,15.2000,0.0132
600830.SH,1999-10-11,11.3100,16.9600,0.3331
600830.SH,2000-12-26,12.9200,13.7000,0.0569
600830.SH,2003-10-21,5.5000,8.2500,0.3333
600830.SH,2004-06-04,6.2800,6.3800,0.0157
600830.SH,2005-06-23,4.2200,4.3200,0.0231
600830.SH,2006-10-24,3.8100,5.2900,0.2798
600830.SH,2014-06-19,7.8800,8.0000,0.0150
600830.SH,2016-05-27,8.7400,8.8400,0.0113
600831.SH,1994-10-20,5.6500,8.4700,0.3329
600831.SH,2003-06-24,19.5400,21.4900,0.0907
600831.SH,2004-06-15,10.4000,11.4700,0.0933
600831.SH,2006-01-17,7.5800,7.9200,0.0429
600831.SH,2008-06-05,11.1600,17.8600,0.3751
600831.SH,2009-05-14,7.3800,9.6500,0.2352
600831.SH,2010-06-07,8.6100,11.2400,0.2340
600833.SH,1994-05-03,12.1400,21.7500,0.4418
600833.SH,1995-05-31,14.6900,17.7800,0.1738
600833.SH,1996-07-26,10.2400,11.3000,0.0938
600833.SH,1997-05-06,13.2500,14.5800,0.0912
600833.SH,1997-08-04,9.6000,10.9900,0.1265
600833.SH,1998-07-16,9.2200,11.9800,0.2304
600833.SH,2000-05-15,6.1000,6.4200,0.0498
600833.SH,2000-05-22,5.8000,6.1000,0.0492
600833.SH,2000-05-29,5.5100,5.8000,0.0500
600833.SH,2000-06-05,5.2300,5.5100,0.0508
600833.SH,2000-06-12,4.9700,5.2300,0.0497
600833.SH,2000-06-19,4.7200,4.9700,0.0503
600833.SH,2000-06-26,3.5000,4.7200,0.2585
600833.SH,2000-07-03,3.0000,3.5000,0.1429
600833.SH,2000-07-10,3.1500,3.0000,0.0500
600833.SH,2000-07-17,3.3100,3.1500,0.0508
600833.SH,2000-07-24,3.4800,3.3100,0.0514
600833.SH,2000-07-31,3.6500,3.4800,0.0489
600833.SH,2000-08-07,3.8300,3.6500,0.0493
600833.SH,2000-08-14,4.0200,3.8300,0.0496
600833.SH,2000-08-21,4.2200,4.0200,0.0498
600833.SH,2000-08-28,4.4300,4.2200,0.0498
600833.SH,2000-09-04,4.6500,4.4300,0.0497
600833.SH,2000-09-11,4.8800,4.6500,0.0495
600833.SH,2000-09-18,5.1200,4.8800,0.0492
600833.SH,2000-09-25,5.3800,5.1200,0.0508
600833.SH,2000-10-09,5.6500,5.3800,0.0502
600833.SH,2000-10-16,5.9300,5.6500,0.0496
600833.SH,2000-10-23,6.2300,5.9300,0.0506
600833.SH,2000-10-30,6.5400,6.2300,0.0498
600833.SH,2000-11-06,6.8600,6.5400,0.0489
600833.SH,2000-11-13,7.1900,6.8600,0.0481
600833.SH,2000-11-20,7.3800,7.1900,0.0264
600833.SH,2000-11-27,7.2500,7.3800,0.0176
600833.SH,2000-12-04,7.1000,7.2500,0.0207
600833.SH,2000-12-11,6.7900,7.1000,0.0437
600833.SH,2000-12-25,7.1000,6.8000,0.0441
600833.SH,2001-01-02,7.4600,7.1000,0.0507
600833.SH,2001-01-08,7.8300,7.4600,0.0496
600833.SH,2001-01-15,7.9800,7.8300,0.0192
600833.SH,2001-02-05,6.9800,7.9800,0.1253
600833.SH,2001-02-12,5.8800,6.9800,0.1576
600833.SH,2001-02-19,5.2900,5.8800,0.1003
600833.SH,2001-02-26,4.0000,5.2900,0.2439
600833.SH,2001-03-05,4.2000,4.0000,0.0500
600833.SH,2001-03-12,4.4100,4.2000,0.0500
600833.SH,2001-03-19,4.6300,4.4100,0.0499
600833.SH,2001-03-26,4.8600,4.6300,0.0497
600833.SH,2001-04-02,5.1000,4.8600,0.0494
600833.SH,2001-04-09,5.3600,5.1000,0.0510
600833.SH,2003-11-18,5.1700,5.2300,0.0115
600833.SH,2011-07-15,9.8900,13.9000,0.2885
600833.SH,2021-08-19,8.4600,8.5500,0.0105
600833.SH,2023-06-16,14.2800,14.4700,0.0131
600833.SH,2024-06-21,10.6100,10.7300,0.0112
600833.SH,2025-08-19,12.9800,13.2000,0.0167
600834.SH,1995-09-11,16.6600,16.9000,0.0142
600834.SH,1996-07-12,12.3400,12.5000,0.0128
600834.SH,1997-07-02,12.1200,12.3000,0.0146
600834.SH,1997-08-27,11.0100,13.2600,0.1697
600834.SH,1998-06-25,11.8100,11.9700,0.0134
600834.SH,2000-07-18,19.5900,28.4000,0.3102
600834.SH,2001-07-12,15.3900,17.7000,0.1305
600834.SH,2003-07-28,8.3100,9.2400,0.1006
600834.SH,2004-07-27,6.0700,6.1700,0.0162
600834.SH,2005-07-22,4.4100,4.9000,0.1000
600834.SH,2006-08-03,5.7200,5.7800,0.0104
600834.SH,2007-07-20,9.2800,9.3800,0.0107
600834.SH,2008-07-21,7.3500,7.4500,0.0134
600834.SH,2009-06-04,9.5500,9.6500,0.0104
600834.SH,2013-06-24,5.9100,5.9800,0.0117
600834.SH,2014-06-24,6.5200,6.6000,0.0121
600835.SH,1995-05-15,10.5100,10.9200,0.0375
600835.SH,1996-06-04,10.2000,12.2400,0.1667
600835.SH,1999-07-09,18.5400,22.0000,0.1573
600835.SH,2001-07-20,14.0700,17.1800,0.1810
600835.SH,2002-08-13,11.8200,13.1500,0.1011
600835.SH,2003-06-23,10.5000,12.7000,0.1732
600835.SH,2004-07-06,8.2000,9.9400,0.1751
600835.SH,2005-05-23,4.6600,4.8600,0.0412
600835.SH,2006-07-11,8.0400,8.1400,0.0123
600835.SH,2008-07-09,13.2300,15.9800,0.1721
600835.SH,2010-06-22,9.5400,9.6400,0.0104
600835.SH,2011-06-07,11.7500,11.9500,0.0167
600835.SH,2012-07-03,8.5100,8.8100,0.0341
600835.SH,2013-07-03,11.2700,11.4800,0.0183
600835.SH,2014-07-24,15.3200,15.6000,0.0179
600835.SH,2016-06-21,18.6800,18.9400,0.0137
600835.SH,2017-06-07,19.8300,20.2600,0.0212
600835.SH,2018-06-15,19.3400,19.8200,0.0242
600835.SH,2019-06-05,15.4200,15.8600,0.0277
600835.SH,2020-07-14,17.4500,17.8200,0.0208
600835.SH,2021-07-14,15.4500,15.8400,0.0246
600835.SH,2022-07-13,12.8300,13.1200,0.0221
600835.SH,2023-07-10,15.3200,15.7500,0.0273
600835.SH,2024-06-04,12.4900,12.9300,0.0340
600835.SH,2024-10-24,15.2100,15.4100,0.0130
600835.SH,2025-06-11,19.6400,19.8600,0.0111
600838.SH,1995-09-11,10.8900,15.2000,0.2836
600838.SH,1996-07-11,7.5500,9.0600,0.1667
600838.SH,1997-05-28,8.8800,14.3500,0.3812
600838.SH,1998-01-08,7.3200,7.7500,0.0555
600838.SH,1998-05-08,6.9300,9.7000,0.2856
600838.SH,2001-02-27,11.8400,12.7500,0.0714
600838.SH,2001-05-18,10.0100,15.0200,0.3336
600838.SH,2003-11-18,4.4500,4.5200,0.0155
600838.SH,2012-08-13,5.3200,5.4200,0.0185
600838.SH,2017-08-23,12.5900,12.7300,0.0110
600838.SH,2019-08-23,6.5000,6.5700,0.0107
600838.SH,2022-08-18,6.6000,6.6800,0.0120
600839.SH,1994-06-13,10.6500,13.9800,0.2382
600839.SH,1995-07-31,11.3700,12.3700,0.0808
600839.SH,1995-08-21,10.9600,18.7300,0.4148
600839.SH,1996-07-03,16.7400,26.7900,0.3751
600839.SH,1997-05-26,38.9400,62.3000,0.3750
600839.SH,1997-08-04,33.8400,38.3500,0.1176
600839.SH,1998-08-10,20.4500,27.1600,0.2471
600839.SH,1999-07-26,18.2400,20.1400,0.0943
600839.SH,2008-06-11,5.1100,5.1900,0.0154
600839.SH,2010-06-28,4.0700,6.1100,0.3339
600839.SH,2011-06-24,3.2600,4.0700,0.1990
600839.SH,2017-07-21,3.5200,3.5600,0.0112
600841.SH,1995-05-03,10.6700,11.1000,0.0387
600841.SH,1996-05-24,8.3800,10.0500,0.1662
600841.SH,1998-08-03,10.2000,10.3500,0.0145
600841.SH,2004-07-15,10.1300,10.2800,0.0146
600841.SH,2005-08-10,6.5900,6.7500,0.0237
600841.SH,2012-06-04,12.0800,19.3800,0.3767
600841.SH,2022-08-16,7.6000,7.7300,0.0168
600843.SH,1995-05-10,8.5700,8.7400,0.0195
600843.SH,1997-06-09,6.5400,8.5000,0.2306
600843.SH,2003-06-03,10.4400,12.0100,0.1307
600843.SH,2004-07-19,6.8100,7.8300,0.1303
600844.SH,1995-05-09,9.2500,12.1500,0.2387
600844.SH,1996-07-17,8.9600,10.4000,0.1385
600844.SH,1997-07-11,10.0100,11.8300,0.1538
600844.SH,1997-08-26,8.4600,10.8900,0.2231
600844.SH,1999-01-05,8.9100,10.2500,0.1307
600844.SH,2010-03-19,19.4300,38.8500,0.4999
600845.SH,1995-05-15,8.6000,9.5000,0.0947
600845.SH,2001-05-21,22.1600,21.1200,0.0492
600845.SH,2001-05-28,23.1600,22.1600,0.0451
600845.SH,2001-06-04,23.9800,23.1600,0.0354
600845.SH,2001-06-11,23.5800,23.9800,0.0167
600845.SH,2001-06-18,22.5800,23.5800,0.0424
600845.SH,2001-07-02,23.5000,22.5800,0.0407
600845.SH,2005-11-02,10.4000,10.6000,0.0189
600845.SH,2010-06-03,26.9900,27.2900,0.0110
600845.SH,2011-06-01,17.8300,23.4800,0.2406
600845.SH,2013-05-29,16.8200,17.0500,0.0135
600845.SH,2016-05-09,20.2800,40.8100,0.5031
600845.SH,2019-06-28,28.6100,37.5800,0.2387
600845.SH,2021-06-09,48.3800,63.8000,0.2417
600845.SH,2022-07-15,40.2800,53.3600,0.2451
600845.SH,2023-06-09,44.6600,54.3900,0.1789
600845.SH,2024-06-12,34.0200,41.8200,0.1865
600845.SH,2025-06-06,25.0800,25.6800,0.0234
600846.SH,1995-09-11,13.9800,22.5000,0.3787
600846.SH,1996-07-30,10.5200,11.2000,0.0607
600846.SH,1997-06-17,9.9300,12.1200,0.1807
600846.SH,1997-09-01,8.7100,9.4600,0.0793
600846.SH,1998-06-17,12.3700,12.5600,0.0151
600846.SH,1999-06-01,10.2600,15.3900,0.3333
600846.SH,2000-06-20,13.1800,21.0800,0.3748
600846.SH,2003-08-12,7.1500,7.2500,0.0138
600846.SH,2005-08-19,3.7500,3.8100,0.0157
600846.SH,2006-06-23,3.4100,3.4800,0.0201
600846.SH,2010-06-07,6.6500,10.0100,0.3357
600846.SH,2010-11-29,7.2600,8.7300,0.1684
600846.SH,2014-07-10,7.6300,7.7100,0.0104
600846.SH,2016-07-07,9.8800,9.9800,0.0100
600846.SH,2018-08-09,7.6000,7.7300,0.0168
600846.SH,2019-08-07,7.5800,7.7300,0.0194
600846.SH,2020-07-28,8.6000,8.9400,0.0380
600846.SH,2021-07-16,8.2300,8.5500,0.0374
600846.SH,2022-08-26,7.8700,8.1500,0.0344
600846.SH,2023-10-27,8.7000,8.8700,0.0192
600846.SH,2024-08-09,7.0000,7.2000,0.0278
600846.SH,2025-08-15,9.9300,10.1300,0.0197
600847.SH,1996-05-23,6.1000,6.3500,0.0394
600847.SH,1996-07-11,5.7800,6.3600,0.0912
600847.SH,1997-06-26,5.9200,7.7000,0.2312
600848.SH,1995-06-07,9.2700,10.3000,0.1000
600848.SH,1996-07-02,6.1100,7.0300,0.1309
600848.SH,1997-07-08,5.0200,5.5200,0.0906
600848.SH,1998-07-07,8.4200,9.2600,0.0907
600848.SH,2020-06-15,21.4900,21.7300,0.0110
600848.SH,2021-06-22,18.3000,22.2600,0.1779
600848.SH,2022-06-29,13.4800,13.7800,0.0218
600848.SH,2023-06-27,11.7600,11.9600,0.0167
600848.SH,2024-07-29,9.1500,9.3500,0.0214
600848.SH,2025-07-30,9.6600,9.8600,0.0203
600850.SH,1997-06-24,8.9500,9.0500,0.0110
600850.SH,1998-05-08,13.9900,16.7900,0.1668
600850.SH,1999-05-25,13.9200,16.7000,0.1665
600850.SH,2000-05-16,25.6300,38.4500,0.3334
600850.SH,2000-12-18,26.4600,29.3500,0.0985
600850.SH,2001-05-11,16.8700,25.3500,0.3345
600850.SH,2014-05-26,19.5600,19.7900,0.0116
600850.SH,2016-06-29,28.5800,37.5000,0.2379
600850.SH,2018-06-21,18.9900,19.2100,0.0115
600850.SH,2019-06-28,21.6600,22.0200,0.0163
600850.SH,2020-06-29,22.9000,23.1500,0.0108
600850.SH,2022-06-23,18.4600,24.3800,0.2428
600850.SH,2023-06-29,23.3600,23.6600,0.0127
600850.SH,2024-06-21,18.2500,18.7000,0.0241
600850.SH,2025-06-26,23.6000,23.9500,0.0146
600851.SH,1994-09-26,18.3600,20.4000,0.1000
600851.SH,1995-06-05,14.1200,14.3000,0.0126
600851.SH,1996-07-01,11.0000,13.3000,0.1729
600851.SH,1997-06-16,16.0500,16.4000,0.0213
600851.SH,1997-07-21,20.2600,24.2000,0.1628
600851.SH,1997-10-28,11.8600,15.4200,0.2309
600851.SH,1998-06-30,12.0800,12.3600,0.0227
600851.SH,1999-07-08,10.7500,10.9500,0.0183
600851.SH,2000-07-31,15.5800,15.7800,0.0127
600851.SH,2000-10-20,14.7600,15.0000,0.0160
600851.SH,2001-07-09,16.4000,24.8000,0.3387
600851.SH,2002-07-17,14.9700,18.0600,0.1711
600851.SH,2005-06-08,4.5900,9.2800,0.5054
600851.SH,2024-07-31,4.6800,4.7400,0.0127
600853.SH,1995-04-25,2.6100,2.8700,0.0906
600853.SH,1998-07-22,4.5500,5.0100,0.0918
600853.SH,2006-10-13,3.0100,3.5700,0.1569
600853.SH,2019-07-29,3.5800,4.6700,0.2334
600853.SH,2020-12-03,2.8300,3.4100,0.1701
600853.SH,2025-07-03,3.5200,3.5600,0.0112
600854.SH,1995-04-25,13.4300,14.7300,0.0883
600854.SH,1996-06-24,17.1600,19.6000,0.1245
600854.SH,1997-07-15,40.9900,49.9900,0.1800
600854.SH,1998-06-08,35.3200,46.5200,0.2408
600854.SH,1998-07-23,28.2700,30.8200,0.0827
600854.SH,1999-06-08,20.2300,26.7000,0.2423
600854.SH,2000-07-14,23.3900,23.8900,0.0209
600854.SH,2001-08-24,13.3700,19.1300,0.3011
600854.SH,2002-07-15,11.1000,11.4000,0.0263
600854.SH,2003-06-20,7.0500,7.1500,0.0140
600854.SH,2019-08-09,3.6200,3.6800,0.0163
600854.SH,2021-06-04,3.5900,3.6300,0.0110
600854.SH,2022-06-01,5.7800,5.8700,0.0153
600854.SH,2023-06-12,6.0000,6.1100,0.0180
600854.SH,2024-06-07,3.5100,3.6500,0.0384
600854.SH,2025-06-10,4.9200,5.0400,0.0238
600855.SH,1995-05-22,3.6600,3.7000,0.0108
600855.SH,2000-06-05,10.1200,10.6500,0.0498
600855.SH,2000-06-12,9.6200,10.1200,0.0494
600855.SH,2006-05-18,6.7500,8.7700,0.2303
600857.SH,1995-05-15,9.9700,10.2500,0.0273
600857.SH,1995-07-03,6.9100,9.6900,0.2869
600857.SH,1996-06-19,5.8300,7.0000,0.1671
600857.SH,1997-05-28,6.5400,7.8500,0.1669
600857.SH,1998-05-26,6.5700,7.8800,0.1662
600857.SH,2000-04-25,28.7300,45.9900,0.3753
600857.SH,2006-08-11,3.4800,4.0600,0.1429
600857.SH,2024-06-14,5.9200,6.0000,0.0133
600858.SH,1994-07-18,2.9300,3.0700,0.0456
600858.SH,1995-06-12,7.8200,8.7400,0.1053
600858.SH,1997-05-27,7.1700,11.4700,0.3749
600858.SH,2007-10-25,36.5600,40.6900,0.1015
600858.SH,2008-07-11,23.0000,34.5300,0.3339
600858.SH,2012-04-12,11.2800,20.3400,0.4454
600858.SH,2015-08-26,8.2300,8.3400,0.0132
600859.SH,1995-04-25,6.2300,6.5800,0.0532
600859.SH,1995-11-01,6.5300,6.8400,0.0453
600859.SH,1996-07-04,9.1400,10.2500,0.1083
600859.SH,1997-05-06,13.0500,15.9100,0.1798
600859.SH,1997-09-03,11.7800,12.6800,0.0710
600859.SH,1998-07-29,8.4100,10.1900,0.1747
600859.SH,2000-07-05,8.0300,8.8300,0.0906
600859.SH,2005-08-01,4.8200,4.8700,0.0103
600859.SH,2012-08-09,26.1100,26.4100,0.0114
600859.SH,2013-07-19,15.9200,16.6200,0.0421
600859.SH,2014-07-11,15.2500,15.7500,0.0317
600859.SH,2015-07-23,26.0000,26.4200,0.0159
600859.SH,2016-06-08,15.9800,21.6500,0.2619
600859.SH,2017-05-26,14.6900,15.1200,0.0284
600859.SH,2018-06-07,24.0400,24.4000,0.0148
600859.SH,2019-06-28,15.4000,15.8700,0.0296
600859.SH,2022-07-08,23.5500,23.9500,0.0167
600859.SH,2024-07-10,13.1400,13.3400,0.0150
600860.SH,1995-06-05,3.6600,3.7300,0.0188
600860.SH,1996-07-01,4.8600,4.9200,0.0122
600860.SH,2002-07-25,10.0100,10.1300,0.0118
600860.SH,2003-07-25,7.0800,7.1800,0.0139
600860.SH,2004-07-19,5.4400,5.5200,0.0145
600860.SH,2005-07-25,3.2700,3.3500,0.0239
600860.SH,2006-08-14,3.4600,3.5300,0.0198
600861.SH,1995-05-29,5.3800,5.6000,0.0393
600861.SH,1996-06-06,6.7400,6.8600,0.0175
600861.SH,1996-12-25,7.7300,8.5500,0.0959
600861.SH,1997-06-03,11.4400,11.5600,0.0104
600861.SH,1998-04-22,9.5000,9.6200,0.0125
600861.SH,1999-01-11,8.7500,9.4200,0.0711
600861.SH,1999-11-29,8.6000,12.9000,0.3333
600861.SH,2004-07-09,4.9900,5.0600,0.0138
600861.SH,2005-07-06,3.6200,3.6900,0.0190
600861.SH,2006-07-03,6.1100,6.1800,0.0113
600861.SH,2009-05-27,8.9800,9.0800,0.0110
600861.SH,2010-04-22,10.5400,10.6500,0.0103
600861.SH,2011-05-19,10.5000,10.6200,0.0113
600861.SH,2012-05-04,7.3800,7.5000,0.0160
600861.SH,2013-05-10,6.0100,6.1400,0.0212
600861.SH,2014-05-07,8.6200,8.7700,0.0171
600861.SH,2016-06-28,13.2000,13.3500,0.0112
600861.SH,2017-06-28,12.7100,12.8600,0.0117
600861.SH,2018-08-10,6.6900,6.7700,0.0118
600861.SH,2024-07-12,15.9600,16.4400,0.0292
600861.SH,2025-06-27,18.8800,19.5800,0.0358
600862.SH,1995-09-25,5.3900,5.6200,0.0409
600862.SH,1996-06-17,6.1300,7.3500,0.1660
600862.SH,1999-09-27,18.9900,37.9800,0.5000
600862.SH,2000-05-22,17.3400,18.5000,0.0627
600862.SH,2001-05-15,14.9800,18.1000,0.1724
600862.SH,2012-01-05,4.4300,8.8500,0.4994
600862.SH,2019-08-02,9.7200,9.8300,0.0112
600862.SH,2024-06-28,18.3100,18.5300,0.0119
600862.SH,2025-06-27,24.1300,24.3800,0.0103
600863.SH,1995-06-07,5.1600,5.3000,0.0264
600863.SH,1996-06-24,5.5400,5.6800,0.0246
600863.SH,1996-11-25,5.8300,6.3800,0.0862
600863.SH,1997-05-15,9.3800,12.2000,0.2311
600863.SH,1998-12-18,7.2400,9.0300,0.1982
600863.SH,1999-07-14,7.9800,8.1000,0.0148
600863.SH,2001-11-20,7.3100,7.5200,0.0279
600863.SH,2002-07-12,8.7300,8.8500,0.0136
600863.SH,2003-04-28,5.4500,11.0200,0.5054
600863.SH,2005-07-11,3.3700,3.4900,0.0344
600863.SH,2006-07-31,2.6500,2.7700,0.0433
600863.SH,2007-08-10,6.9100,7.0300,0.0171
600863.SH,2008-08-04,4.2500,4.3300,0.0185
600863.SH,2012-08-22,7.4800,7.6000,0.0158
600863.SH,2013-07-08,3.5700,5.5800,0.3602
600863.SH,2014-07-25,2.5100,4.0700,0.3833
600863.SH,2015-07-24,6.1100,6.2900,0.0286
600863.SH,2016-07-22,3.1300,3.1900,0.0188
600863.SH,2018-07-30,2.4000,2.4300,0.0123
600863.SH,2019-08-15,3.1500,3.2500,0.0308
600863.SH,2020-07-29,2.5200,2.6500,0.0491
600863.SH,2021-06-25,2.3700,2.5000,0.0520
600863.SH,2022-07-28,3.6600,3.7600,0.0266
600863.SH,2023-07-27,3.5000,3.6600,0.0437
600863.SH,2024-07-26,4.2400,4.4200,0.0407
600863.SH,2025-07-28,4.1600,4.3800,0.0502
600864.SH,1995-12-27,5.3500,5.9900,0.1068
600864.SH,1997-06-16,6.9300,7.7300,0.1035
600864.SH,1999-08-18,10.3200,12.4800,0.1731
600864.SH,1999-12-15,9.0900,9.6100,0.0541
600864.SH,2002-08-13,10.1600,10.2700,0.0107
600864.SH,2005-08-16,5.5700,5.6900,0.0211
600864.SH,2007-05-22,35.9600,71.9100,0.4999
600864.SH,2008-07-21,8.2000,16.5000,0.5030
600864.SH,2012-08-17,6.0500,6.3000,0.0397
600864.SH,2013-08-12,8.7400,8.9900,0.0278
600864.SH,2014-08-18,8.6500,8.9000,0.0281
600864.SH,2015-07-31,14.5700,14.8200,0.0169
600864.SH,2017-08-14,8.4900,8.5900,0.0116
600864.SH,2018-08-13,4.3500,4.4500,0.0225
600865.SH,1995-05-22,8.9600,10.9000,0.1780
600865.SH,1995-11-20,5.4400,5.7900,0.0604
600865.SH,1996-05-13,6.1800,6.4800,0.0463
600865.SH,1996-08-15,8.0700,10.4900,0.2307
600865.SH,1997-06-09,10.2400,12.8000,0.2000
600865.SH,1997-12-09,6.6900,7.2800,0.0810
600865.SH,1998-06-29,8.5200,8.7000,0.0207
600865.SH,1999-07-20,6.7100,6.9200,0.0303
600865.SH,2001-06-12,10.5400,10.7000,0.0150
600865.SH,2002-07-24,8.0000,8.0900,0.0111
600865.SH,2003-07-10,5.5600,5.6900,0.0228
600865.SH,2004-07-02,4.8700,4.9300,0.0122
600865.SH,2005-06-13,3.9500,4.0300,0.0199
600865.SH,2006-06-06,9.3700,9.4700,0.0106
600865.SH,2008-05-14,13.3500,18.6300,0.2834
600865.SH,2008-06-19,6.7100,6.8400,0.0190
600865.SH,2009-06-10,6.8800,6.9600,0.0115
600865.SH,2012-07-10,4.8600,4.9400,0.0162
600865.SH,2014-07-15,6.4900,6.5900,0.0152
600865.SH,2016-05-20,11.2500,11.3700,0.0106
600865.SH,2019-05-09,6.2000,6.4000,0.0313
600865.SH,2020-07-06,6.7300,6.8500,0.0175
600865.SH,2022-05-27,11.3500,11.5500,0.0173
600865.SH,2023-05-19,9.3100,9.5600,0.0262
600865.SH,2024-05-09,7.5900,7.8200,0.0294
600865.SH,2025-06-06,9.1600,9.3400,0.0193
600866.SH,1994-10-17,10.0000,12.0000,0.1667
600866.SH,1995-05-08,6.6800,8.1100,0.1763
600866.SH,1996-03-22,6.5300,6.7900,0.0383
600866.SH,1996-06-24,7.4400,7.6000,0.0211
600866.SH,1997-03-31,12.6500,20.2400,0.3750
600866.SH,1997-07-02,14.4400,15.4600,0.0660
600866.SH,1998-06-10,15.4200,20.0500,0.2309
600866.SH,1999-06-18,11.9400,12.0900,0.0124
600866.SH,1999-07-27,10.9000,11.4700,0.0497
600866.SH,2000-07-21,13.1200,17.2500,0.2394
600866.SH,2001-04-25,13.4800,17.6300,0.2354
600866.SH,2002-06-24,9.0800,9.1800,0.0109
600866.SH,2004-05-21,4.8400,7.8900,0.3866
600866.SH,2005-05-24,2.2300,2.2800,0.0219
600866.SH,2010-05-18,11.8900,12.0400,0.0125
600866.SH,2024-06-17,5.9800,6.3600,0.0597
600866.SH,2025-06-23,6.9500,7.3300,0.0518
600867.SH,1994-08-29,13.2100,15.8500,0.1666
600867.SH,1995-05-02,7.5200,9.7800,0.2311
600867.SH,1995-12-25,6.5200,6.9500,0.0619
600867.SH,1996-07-19,15.5000,15.9000,0.0252
600867.SH,1997-05-08,21.0100,31.5200,0.3334
600867.SH,1997-07-04,13.5800,14.7000,0.0762
600867.SH,1998-12-18,10.9600,12.1500,0.0979
600867.SH,1999-07-02,10.4800,12.5800,0.1669
600867.SH,2003-07-08,7.5900,7.7900,0.0257
600867.SH,2006-06-07,3.7900,4.5300,0.1634
600867.SH,2009-06-17,12.0500,15.6600,0.2305
600867.SH,2010-06-11,11.3100,13.5700,0.1665
600867.SH,2011-06-08,8.6300,11.6500,0.2592
600867.SH,2012-06-14,7.4500,7.6500,0.0261
600867.SH,2013-05-24,13.4100,16.2900,0.1768
600867.SH,2014-04-22,11.5700,12.9300,0.1052
600867.SH,2015-05-18,28.2500,31.2800,0.0969
600867.SH,2016-06-02,20.6700,25.0000,0.1732
600867.SH,2017-06-06,16.5100,20.0100,0.1749
600867.SH,2018-05-25,25.4300,30.7100,0.1719
600867.SH,2019-05-23,14.0700,14.2700,0.0140
600867.SH,2020-05-25,14.8000,15.0000,0.0133
600867.SH,2021-05-31,12.3500,12.5600,0.0167
600867.SH,2022-06-08,10.0200,10.3200,0.0291
600867.SH,2022-10-28,8.8000,9.0500,0.0276
600867.SH,2023-06-09,10.6800,10.9300,0.0229
600867.SH,2024-05-23,9.7500,10.0000,0.0250
600867.SH,2025-06-25,7.5600,7.8100,0.0320
600868.SH,1995-03-27,8.9000,13.4500,0.3383
600868.SH,1995-08-21,9.7400,10.6800,0.0880
600868.SH,1996-04-22,6.9700,9.8600,0.2931
600868.SH,1996-09-12,11.0000,14.3000,0.2308
600868.SH,1996-11-25,9.8900,10.6000,0.0670
600868.SH,1997-04-04,12.3200,22.1800,0.4445
600868.SH,1998-04-07,10.0800,13.7100,0.2648
600868.SH,1999-04-30,5.1700,8.3200,0.3786
600868.SH,2001-03-09,6.8300,7.0800,0.0353
600868.SH,2001-06-01,6.0100,7.2600,0.1722
600868.SH,2002-05-20,4.2900,4.8200,0.1100
600868.SH,2003-04-21,4.1900,4.4700,0.0626
600868.SH,2004-05-20,4.0500,4.4800,0.0960
600868.SH,2006-08-22,1.8900,2.8100,0.3274
600869.SH,1995-12-04,7.3500,14.7000,0.5000
600869.SH,1996-06-26,7.9200,8.0700,0.0186
600869.SH,2012-07-02,11.2300,23.4500,0.5211
600869.SH,2013-05-30,7.6900,7.8900,0.0253
600869.SH,2014-06-17,8.1400,8.2400,0.0121
600869.SH,2015-10-16,9.0000,18.0000,0.5000
600869.SH,2024-07-26,3.4600,3.5300,0.0198
600871.SH,1996-07-04,4.9500,5.0300,0.0159
600871.SH,2000-07-13,6.4100,6.5200,0.0169
600871.SH,2001-07-23,7.9000,7.9900,0.0113
600871.SH,2005-07-19,1.8400,1.8600,0.0108
600871.SH,2013-11-21,3.0800,4.6200,0.3333
600872.SH,1995-05-10,8.3800,13.4100,0.3751
600872.SH,1996-06-04,8.5300,12.7900,0.3331
600872.SH,1997-05-30,9.3300,12.1800,0.2340
600872.SH,1998-12-22,6.3200,6.3900,0.0110
600872.SH,1999-06-03,4.9900,7.1300,0.3001
600872.SH,2006-05-17,3.5800,5.7600,0.3785
600872.SH,2010-07-02,6.4100,7.0700,0.0934
600872.SH,2021-04-30,45.5100,46.1900,0.0147
600872.SH,2024-05-22,27.5900,27.9800,0.0139
600872.SH,2025-07-07,18.4300,18.8500,0.0223
600873.SH,1995-08-21,15.0800,19.6000,0.2306
600873.SH,1996-06-24,9.7900,10.0000,0.0210
600873.SH,1997-07-15,8.0500,8.1900,0.0171
600873.SH,1997-07-22,7.2000,7.7100,0.0661
600873.SH,2011-04-11,17.5600,47.6700,0.6316
600873.SH,2012-11-09,4.6200,4.7200,0.0212
600873.SH,2013-07-05,4.1600,4.2600,0.0235
600873.SH,2014-06-20,4.9100,5.0100,0.0200
600873.SH,2016-06-20,6.2300,6.3300,0.0158
600873.SH,2017-04-11,7.0300,7.3300,0.0409
600873.SH,2018-07-30,4.2800,4.6100,0.0716
600873.SH,2019-08-13,4.2000,4.5300,0.0728
600873.SH,2020-06-30,4.5200,4.7800,0.0544
600873.SH,2021-07-26,6.1500,6.4500,0.0465
600873.SH,2022-07-26,11.0100,11.4000,0.0342
600873.SH,2023-05-10,8.8600,9.2600,0.0432
600873.SH,2024-06-06,10.6500,11.0700,0.0379
600873.SH,2024-11-22,10.5700,10.7400,0.0158
600873.SH,2025-05-23,10.6200,11.0400,0.0380
600874.SH,1996-07-05,3.8000,3.8600,0.0155
600874.SH,2003-05-23,7.0000,7.0800,0.0113
600874.SH,2004-05-20,7.6700,7.7500,0.0103
600874.SH,2005-07-28,3.4200,3.5200,0.0284
600874.SH,2006-07-31,3.5400,3.5800,0.0112
600874.SH,2010-07-05,5.7600,5.8400,0.0137
600874.SH,2011-07-06,6.1500,6.2600,0.0176
600874.SH,2019-07-10,8.4100,8.5200,0.0129
600874.SH,2020-07-10,7.2400,7.3500,0.0150
600874.SH,2021-06-22,6.0800,6.2000,0.0194
600874.SH,2022-06-17,6.7500,6.9000,0.0217
600874.SH,2023-07-03,5.7200,5.8600,0.0239
600874.SH,2024-07-05,5.4800,5.6500,0.0301
600874.SH,2025-07-11,6.0000,6.1700,0.0276
600875.SH,1996-06-11,8.4900,8.6100,0.0139
600875.SH,1997-06-24,6.5700,6.6700,0.0150
600875.SH,1998-06-30,7.6100,7.6900,0.0104
600875.SH,1999-07-08,6.2000,6.2700,0.0112
600875.SH,2005-05-30,10.5700,10.6900,0.0112
600875.SH,2006-06-29,16.0100,16.5100,0.0303
600875.SH,2010-07-02,21.0300,42.2100,0.5018
600875.SH,2013-07-17,10.5700,10.6800,0.0103
600875.SH,2014-05-14,11.6900,11.8700,0.0152
600875.SH,2019-08-26,9.3600,9.4700,0.0116
600875.SH,2020-08-24,9.9700,10.1700,0.0197
600875.SH,2021-07-30,11.2800,11.4600,0.0157
600875.SH,2022-07-28,17.0800,17.3100,0.0133
600875.SH,2023-07-28,18.8600,19.1900,0.0172
600875.SH,2024-07-26,15.6900,16.1600,0.0291
600875.SH,2025-08-22,19.9000,20.3000,0.0197
600877.SH,1996-05-27,9.3700,19.2800,0.5140
600877.SH,1997-05-20,14.6700,16.2000,0.0944
600877.SH,1997-06-19,15.0700,15.3700,0.0195
600877.SH,1999-12-22,5.5200,6.3700,0.1334
600877.SH,2000-06-26,7.6800,7.8000,0.0154
600877.SH,2006-08-11,2.7900,4.0500,0.3111
600879.SH,1996-08-12,8.6300,10.4600,0.1750
600879.SH,1996-12-06,13.7800,17.2300,0.2002
600879.SH,1997-08-01,8.4100,9.2500,0.0908
600879.SH,1998-11-06,9.2100,9.9400,0.0734
600879.SH,2000-06-09,26.1000,39.1500,0.3333
600879.SH,2001-01-08,24.1700,25.0000,0.0332
600879.SH,2001-05-08,17.4400,25.3500,0.3120
600879.SH,2003-06-19,9.6900,14.5800,0.3354
600879.SH,2005-06-09,7.3600,7.4600,0.0134
600879.SH,2006-02-13,8.9600,12.5200,0.2843
600879.SH,2009-07-01,9.1500,13.7300,0.3336
600879.SH,2010-07-08,9.4600,9.5600,0.0105
600879.SH,2013-03-08,9.1500,9.2500,0.0108
600879.SH,2013-06-04,9.2600,10.2400,0.0957
600879.SH,2017-06-23,8.0500,16.0900,0.4997
600880.SH,1995-12-29,7.2900,7.5000,0.0280
600880.SH,1996-06-19,9.2100,12.1700,0.2432
600880.SH,1997-03-10,8.3900,9.4000,0.1074
600880.SH,1997-08-01,8.2800,8.4600,0.0213
600880.SH,1998-06-22,13.3200,13.5000,0.0133
600880.SH,1999-09-09,14.6700,26.4000,0.4443
600880.SH,2004-04-08,13.8500,19.4600,0.2883
600880.SH,2006-05-17,10.9200,11.1700,0.0224
600880.SH,2007-11-16,29.4100,31.1700,0.0565
600880.SH,2008-05-16,17.3200,31.3800,0.4481
600880.SH,2009-03-18,14.2600,14.4100,0.0104
600880.SH,2010-05-07,19.3300,31.0800,0.3781
600880.SH,2012-05-17,10.5600,10.7100,0.0140
600880.SH,2013-04-03,9.3100,9.5400,0.0241
600880.SH,2014-03-31,10.7600,17.4100,0.3820
600881.SH,1995-12-18,7.8800,14.9800,0.4740
600881.SH,1996-05-02,8.9300,12.5000,0.2856
600881.SH,1997-01-15,8.9700,9.9100,0.0949
600881.SH,1997-04-22,11.2100,13.4500,0.1665
600881.SH,1998-07-02,11.6900,21.0500,0.4447
600881.SH,1999-04-30,7.2100,10.1000,0.2861
600881.SH,2000-08-16,10.3800,11.5400,0.1005
600881.SH,2003-06-17,5.5200,5.7400,0.0383
600881.SH,2005-07-20,2.1100,3.1700,0.3344
600881.SH,2006-08-10,3.6200,5.0200,0.2789
600881.SH,2009-05-26,7.4500,11.2800,0.3395
600881.SH,2010-06-07,6.8800,6.9800,0.0143
600881.SH,2011-07-01,8.2300,8.3300,0.0120
600881.SH,2012-08-06,5.2700,5.3700,0.0186
600881.SH,2013-06-25,4.0000,4.1000,0.0244
600881.SH,2014-07-30,4.1800,4.2800,0.0234
600881.SH,2018-08-10,3.8300,3.8800,0.0129
600882.SH,1996-06-24,6.7500,7.0500,0.0426
600882.SH,1997-05-20,8.7700,10.0800,0.1300
600882.SH,1997-06-27,6.7800,7.2800,0.0687
600882.SH,1998-06-25,7.4800,7.5800,0.0132
600882.SH,1999-07-27,8.0800,8.2300,0.0182
600882.SH,1999-10-27,7.4800,8.0700,0.0731
600882.SH,2006-07-13,3.3800,3.8900,0.1311
600882.SH,2013-09-30,8.2800,8.4800,0.0236
600882.SH,2014-09-03,8.5700,9.0700,0.0551
600883.SH,1996-07-19,5.9700,6.1700,0.0324
600883.SH,2000-03-23,17.6500,26.4700,0.3332
600883.SH,2002-05-27,8.6800,15.6500,0.4454
600883.SH,2006-07-07,6.3600,7.5800,0.1609
600883.SH,2023-06-29,7.3500,7.4500,0.0134
600884.SH,1996-04-01,8.3400,10.3100,0.1911
600884.SH,1996-09-09,13.0600,18.2800,0.2856
600884.SH,1997-06-02,20.5300,20.7800,0.0120
600884.SH,1997-07-21,22.6800,26.2500,0.1360
600884.SH,1998-10-08,24.1400,33.8000,0.2858
600884.SH,1998-12-22,18.9400,20.8500,0.0916
600884.SH,1999-09-23,13.7300,20.6000,0.3335
600884.SH,2002-04-30,7.8300,11.9500,0.3448
600884.SH,2003-06-02,5.6700,5.8700,0.0341
600884.SH,2004-03-24,6.4700,6.5700,0.0152
600884.SH,2005-05-23,3.9600,4.0600,0.0246
600884.SH,2006-05-22,5.4600,5.5600,0.0180
600884.SH,2008-06-05,9.7500,9.8700,0.0122
600884.SH,2016-06-20,18.5400,37.2500,0.5023
600884.SH,2020-06-19,10.4800,15.3200,0.3159
600884.SH,2022-05-25,22.3300,22.6600,0.0146
600884.SH,2023-06-02,14.8700,15.1700,0.0198
600884.SH,2024-06-06,9.6600,9.8500,0.0193
600885.SH,1998-07-23,7.4400,9.6700,0.2306
600885.SH,1999-11-08,8.6700,12.1400,0.2858
600885.SH,2006-08-03,5.9700,7.0700,0.1556
600885.SH,2018-06-14,30.7600,43.4600,0.2922
600885.SH,2019-06-14,22.3100,22.6000,0.0128
600885.SH,2022-06-30,39.7400,56.0600,0.2911
600885.SH,2023-06-15,29.1300,29.4900,0.0122
600885.SH,2024-06-20,28.3100,28.7500,0.0153
600885.SH,2025-06-19,22.3300,31.7800,0.2974
600886.SH,1996-06-04,12.9300,19.6900,0.3433
600886.SH,1996-11-25,17.9100,25.0800,0.2859
600886.SH,1998-05-27,21.5500,43.1000,0.5000
600886.SH,1998-07-24,18.3600,18.8600,0.0265
600886.SH,2004-09-30,9.1200,18.2400,0.5000
600886.SH,2005-04-19,7.5000,7.6000,0.0132
600886.SH,2005-11-04,5.6800,6.1800,0.0809
600886.SH,2006-04-21,5.4300,5.5600,0.0234
600886.SH,2007-06-04,15.5900,15.7700,0.0114
600886.SH,2007-09-17,18.1900,21.8000,0.1656
600886.SH,2008-05-12,9.0200,9.1400,0.0131
600886.SH,2009-05-19,10.7500,11.0600,0.0280
600886.SH,2010-07-05,6.7800,7.0000,0.0314
600886.SH,2012-06-25,4.3500,6.5400,0.3349
600886.SH,2013-05-22,4.0900,6.6300,0.3831
600886.SH,2014-06-26,4.9600,5.1100,0.0294
600886.SH,2015-06-26,14.8700,15.1600,0.0191
600886.SH,2016-07-05,6.4600,6.7400,0.0415
600886.SH,2017-08-25,7.5800,7.7800,0.0257
600886.SH,2018-08-07,7.5000,7.6700,0.0222
600886.SH,2019-07-30,8.3900,8.6100,0.0256
600886.SH,2020-08-14,8.7600,9.0100,0.0277
600886.SH,2021-08-18,8.7300,9.0100,0.0311
600886.SH,2022-07-29,10.3300,10.4900,0.0153
600886.SH,2023-08-04,12.9000,13.1700,0.0205
600886.SH,2024-08-09,16.5000,16.9900,0.0288
600886.SH,2025-08-08,15.1000,15.5600,0.0296
600887.SH,1997-01-15,14.2400,28.4800,0.5000
600887.SH,1997-06-27,19.7600,23.6500,0.1645
600887.SH,1998-07-31,23.1400,23.3900,0.0107
600887.SH,1998-11-19,19.6200,21.0000,0.0657
600887.SH,2000-06-28,21.8800,22.1600,0.0126
600887.SH,2001-06-11,24.7000,25.0500,0.0140
600887.SH,2002-07-29,19.5800,19.9400,0.0181
600887.SH,2003-07-10,12.1800,24.5600,0.5041
600887.SH,2004-07-15,10.2600,10.5900,0.0312
600887.SH,2005-07-07,12.9500,13.2000,0.0189
600887.SH,2006-04-24,13.3300,17.8500,0.2532
600887.SH,2008-05-22,16.7800,20.1300,0.1664
600887.SH,2011-06-13,18.0900,36.1700,0.4999
600887.SH,2012-04-12,22.7600,23.0100,0.0109
600887.SH,2014-07-16,22.0700,33.9100,0.3492
600887.SH,2015-05-28,21.3900,43.5800,0.5092
600887.SH,2016-05-06,14.9400,15.3900,0.0292
600887.SH,2017-05-09,17.8200,18.4200,0.0326
600887.SH,2018-06-15,29.8100,30.5100,0.0229
600887.SH,2019-04-08,29.0800,29.7800,0.0235
600887.SH,2020-06-10,29.7400,30.5500,0.0265
600887.SH,2021-06-11,38.5900,39.4100,0.0208
600887.SH,2022-06-01,37.0400,38.0000,0.0253
600887.SH,2023-06-13,28.8500,29.8900,0.0348
600887.SH,2024-06-05,27.4200,28.6200,0.0419
600887.SH,2025-06-06,28.9800,30.2000,0.0404
600887.SH,2025-12-17,28.4700,28.9500,0.0166
600888.SH,1997-06-09,10.3500,13.4600,0.2311
600888.SH,2006-05-24,16.4700,18.8400,0.1258
600888.SH,2006-10-19,18.4300,25.8300,0.2865
600888.SH,2007-09-10,29.2700,52.7500,0.4451
600888.SH,2012-05-25,11.5500,15.0800,0.2341
600888.SH,2013-06-13,6.8000,8.2600,0.1768
600888.SH,2017-06-29,6.2100,8.1000,0.2333
600888.SH,2019-05-17,5.0300,5.1000,0.0137
600888.SH,2020-06-12,4.6300,4.6900,0.0128
600888.SH,2021-03-09,6.3000,6.4100,0.0172
600888.SH,2021-04-21,5.7400,6.2900,0.0874
600888.SH,2022-05-12,7.9700,8.1600,0.0233
600888.SH,2023-05-18,8.2600,8.6100,0.0407
600888.SH,2024-05-31,7.7300,7.8500,0.0153
600888.SH,2025-06-12,6.6900,6.9600,0.0388
600889.SH,1996-06-03,6.4500,6.6300,0.0271
600889.SH,1997-07-07,5.8300,7.0000,0.1671
600889.SH,1999-08-10,8.3200,8.9600,0.0714
600889.SH,2000-05-25,9.9500,12.9400,0.2311
600889.SH,2004-07-08,6.1800,7.4400,0.1694
600889.SH,2005-06-24,3.0200,3.0600,0.0131
600889.SH,2007-06-18,10.0500,11.0600,0.0913
600889.SH,2008-07-15,5.3900,6.4900,0.1695
600889.SH,2010-06-21,6.7300,8.1200,0.1712
600889.SH,2017-05-16,9.8900,10.0100,0.0120
600892.SH,2009-02-27,5.4500,6.8100,0.1997
600892.SH,2017-06-09,16.0200,64.0800,0.7500
600893.SH,1996-07-08,11.5400,12.8900,0.1047
600893.SH,1997-07-23,13.5800,15.1400,0.1030
600893.SH,1997-12-11,9.8900,10.6100,0.0679
600893.SH,1999-07-13,6.7900,7.5700,0.1030
600893.SH,2011-06-13,15.0800,30.2700,0.5018
600894.SH,1996-06-14,5.8400,6.0000,0.0267
600894.SH,1996-11-04,6.0000,9.0000,0.3333
600894.SH,1997-06-23,6.0700,6.1900,0.0194
600894.SH,1997-07-23,5.2400,5.3700,0.0242
600894.SH,1998-07-28,4.6600,4.8100,0.0312
600894.SH,1999-03-03,3.7500,3.8000,0.0132
600894.SH,1999-07-23,4.7800,4.8500,0.0144
600894.SH,2000-07-14,5.7500,5.8500,0.0171
600894.SH,2001-07-24,9.0500,9.1500,0.0109
600894.SH,2004-05-21,5.0500,7.8400,0.3559
600894.SH,2005-07-05,2.0700,2.2200,0.0676
600894.SH,2016-06-29,13.7000,14.4500,0.0519
600894.SH,2017-06-15,11.6900,12.0700,0.0315
600894.SH,2018-06-20,5.8000,5.9400,0.0236
600894.SH,2020-06-18,7.0400,7.1900,0.0209
600894.SH,2021-06-23,6.9600,7.3600,0.0543
600894.SH,2022-06-16,6.4200,6.6500,0.0346
600894.SH,2023-06-30,7.5900,7.7700,0.0232
600894.SH,2024-06-14,11.5900,12.1300,0.0445
600894.SH,2024-10-21,12.0000,12.7500,0.0588
600894.SH,2025-07-11,10.3600,10.9600,0.0547
600894.SH,2025-11-07,9.6700,9.7700,0.0102
600895.SH,1996-10-10,15.5700,23.3500,0.3332
600895.SH,1997-09-19,14.3500,18.6600,0.2310
600895.SH,1998-07-10,14.1600,15.7000,0.0981
600895.SH,2001-02-14,23.8000,30.8400,0.2283
600895.SH,2001-04-25,19.0700,29.3800,0.3509
600895.SH,2002-05-17,8.1200,16.2400,0.5000
600895.SH,2003-05-22,6.6800,8.6800,0.2304
600895.SH,2005-07-04,3.9900,4.0500,0.0148
600895.SH,2006-05-31,5.0100,5.0900,0.0157
600895.SH,2008-05-22,11.6600,11.8400,0.0152
600895.SH,2008-08-15,9.9800,10.6400,0.0620
600895.SH,2010-06-04,9.3700,9.6700,0.0310
600895.SH,2012-07-25,7.8900,8.0900,0.0247
600895.SH,2013-08-02,5.4900,5.5700,0.0144
600895.SH,2014-08-08,6.8500,6.9300,0.0115
600895.SH,2021-07-30,17.3000,17.6600,0.0204
600895.SH,2022-07-06,12.0300,12.1800,0.0123
600895.SH,2023-07-14,14.2600,14.4200,0.0111
600895.SH,2024-08-08,18.1300,18.3200,0.0104
600897.SH,1997-05-26,23.3100,46.6200,0.5000
600897.SH,1997-07-18,21.1000,23.8800,0.1164
600897.SH,2002-07-03,13.8600,14.0100,0.0107
600897.SH,2003-08-20,8.8600,8.9600,0.0112
600897.SH,2004-04-09,10.3000,10.7000,0.0374
600897.SH,2005-05-10,8.3400,8.8400,0.0566
600897.SH,2006-05-11,10.2900,10.5900,0.0283
600897.SH,2006-07-03,10.9600,12.0900,0.0935
600897.SH,2007-05-17,16.8100,17.1600,0.0204
600897.SH,2013-06-03,13.4600,13.8500,0.0282
600897.SH,2014-06-19,14.1200,14.5700,0.0309
600897.SH,2015-06-19,33.9900,34.4600,0.0136
600897.SH,2016-06-24,20.5600,20.9400,0.0181
600897.SH,2017-07-14,24.5600,25.5700,0.0395
600897.SH,2018-07-13,20.3200,21.3600,0.0487
600897.SH,2019-06-28,24.3400,25.6200,0.0500
600897.SH,2020-07-03,17.6700,18.1900,0.0286
600897.SH,2021-07-16,16.4400,16.6100,0.0102
600897.SH,2023-07-14,14.2600,20.0500,0.2888
600897.SH,2024-07-18,12.7800,13.0400,0.0199
600897.SH,2025-07-18,14.6200,14.9400,0.0214
600900.SH,2004-06-01,8.8600,8.9500,0.0101
600900.SH,2005-05-24,7.5000,7.7100,0.0272
600900.SH,2005-08-15,8.2200,8.7400,0.0595
600900.SH,2006-06-07,6.7000,6.8900,0.0276
600900.SH,2007-06-11,13.1000,13.3400,0.0180
600900.SH,2009-05-18,14.3500,14.6500,0.0205
600900.SH,2009-08-07,15.9900,16.2100,0.0136
600900.SH,2010-07-20,8.1100,12.5300,0.3528
600900.SH,2011-06-23,7.1600,7.4200,0.0350
600900.SH,2012-07-02,6.5500,6.8000,0.0368
600900.SH,2013-07-01,6.5900,6.9200,0.0477
600900.SH,2014-07-11,6.0000,6.2800,0.0446
600900.SH,2015-06-30,14.3500,14.7300,0.0258
600900.SH,2016-07-19,12.7700,13.1300,0.0274
600900.SH,2017-07-14,14.5000,15.2100,0.0467
600900.SH,2018-06-22,16.9700,17.6500,0.0385
600900.SH,2019-07-18,17.4100,18.0900,0.0376
600900.SH,2020-07-17,18.4500,19.1300,0.0355
600900.SH,2021-07-16,19.5800,20.2800,0.0345
600900.SH,2022-07-21,24.1200,24.9400,0.0329
600900.SH,2023-07-21,21.5800,22.4000,0.0366
600900.SH,2024-07-19,30.5400,31.3600,0.0261
600900.SH,2025-07-18,29.4300,30.1600,0.0242
600901.SH,2018-06-14,8.6800,8.8000,0.0136
600901.SH,2019-06-24,6.4200,6.6200,0.0302
600901.SH,2020-06-22,5.2000,5.4400,0.0441
600901.SH,2021-05-11,5.4900,5.7900,0.0518
600901.SH,2022-05-30,4.8500,5.2000,0.0673
600901.SH,2023-06-29,4.1300,6.1300,0.3263
600901.SH,2024-06-14,4.9100,5.2300,0.0612
600901.SH,2025-06-13,6.0100,6.2800,0.0430
600901.SH,2025-12-12,5.8900,6.0200,0.0216
600903.SH,2019-05-29,13.1300,18.4500,0.2883
600905.SH,2023-08-10,5.2600,5.3400,0.0150
600905.SH,2024-08-14,4.6400,4.7200,0.0169
600905.SH,2025-08-19,4.2300,4.3000,0.0163
600906.SH,2022-08-12,8.2200,8.3200,0.0120
600906.SH,2024-07-26,5.5800,5.6800,0.0176
600906.SH,2025-08-15,7.4600,7.5600,0.0132
600908.SH,2017-06-12,12.9000,13.0500,0.0115
600908.SH,2018-06-05,6.4700,6.6200,0.0227
600908.SH,2019-05-31,5.6300,5.8100,0.0310
600908.SH,2020-06-05,4.9400,5.1200,0.0352
600908.SH,2021-07-06,5.5400,5.7200,0.0315
600908.SH,2022-07-06,5.4700,5.6500,0.0319
600908.SH,2023-07-06,5.1100,5.3100,0.0377
600908.SH,2024-07-05,5.2000,5.4000,0.0370
600908.SH,2025-07-04,6.3000,6.5200,0.0337
600908.SH,2025-11-25,5.9600,6.0700,0.0181
600909.SH,2018-07-03,5.5400,5.6000,0.0107
600909.SH,2020-07-06,8.0300,8.1300,0.0123
600909.SH,2021-05-10,5.9600,6.0800,0.0197
600909.SH,2021-06-10,5.6300,6.2200,0.0949
600909.SH,2022-06-17,4.6300,4.7300,0.0211
600909.SH,2023-06-29,4.5900,4.6900,0.0213
600909.SH,2024-06-28,4.2800,4.3800,0.0228
600909.SH,2025-06-30,5.8700,5.9700,0.0168
600916.SH,2021-06-29,15.7400,15.9000,0.0101
600916.SH,2022-06-07,10.7600,11.0000,0.0218
600916.SH,2023-06-02,11.9100,12.2100,0.0246
600916.SH,2024-06-04,10.2900,10.7400,0.0419
600916.SH,2025-06-10,8.2800,8.6300,0.0406
600917.SH,2016-06-23,9.8400,9.9900,0.0150
600917.SH,2017-06-16,9.5600,9.6900,0.0134
600917.SH,2018-06-19,7.3600,7.4900,0.0174
600917.SH,2019-06-13,6.9700,7.0500,0.0113
600917.SH,2020-06-19,7.2400,7.3200,0.0109
600917.SH,2022-06-17,7.4500,7.6000,0.0197
600917.SH,2023-06-28,6.7900,6.9200,0.0188
600917.SH,2024-06-19,5.5100,5.6100,0.0178
600917.SH,2025-07-07,5.6400,5.7100,0.0123
600918.SH,2021-07-16,9.9000,10.0100,0.0110
600919.SH,2017-06-06,9.3500,9.5300,0.0189
600919.SH,2018-07-10,6.2400,6.4200,0.0280
600919.SH,2019-07-12,6.8700,7.2100,0.0472
600919.SH,2020-06-24,5.6500,5.9300,0.0472
600919.SH,2020-12-17,5.6200,5.9300,0.0523
600919.SH,2021-06-18,7.2700,7.5900,0.0422
600919.SH,2022-05-26,6.4000,6.8000,0.0588
600919.SH,2023-07-17,6.9400,7.4300,0.0659
600919.SH,2024-06-14,7.1100,7.5800,0.0620
600919.SH,2025-01-10,9.5500,9.8600,0.0314
600919.SH,2025-07-10,12.1100,12.3200,0.0170
600919.SH,2026-01-14,10.2700,10.6000,0.0311
600925.SH,2023-07-10,5.9800,6.1800,0.0324
600925.SH,2024-06-18,5.2700,5.4800,0.0383
600925.SH,2025-07-01,5.1100,5.2300,0.0229
600926.SH,2017-06-06,15.5500,22.0700,0.2954
600926.SH,2018-07-04,7.6800,11.0500,0.3050
600926.SH,2019-07-04,8.2600,8.5100,0.0294
600926.SH,2020-07-09,10.5300,10.8800,0.0322
600926.SH,2021-06-25,15.0500,15.4000,0.0227
600926.SH,2022-07-13,14.5700,14.9200,0.0235
600926.SH,2023-07-13,11.4300,11.8300,0.0338
600926.SH,2024-07-11,12.8000,13.3200,0.0390
600926.SH,2024-11-06,13.7600,14.1300,0.0262
600926.SH,2025-07-21,16.9700,17.2500,0.0162
600926.SH,2025-11-18,15.3200,15.7000,0.0242
600927.SH,2022-07-20,19.5100,19.7900,0.0141
600928.SH,2019-06-26,8.3200,8.4800,0.0189
600928.SH,2020-05-27,5.0900,5.2700,0.0342
600928.SH,2021-06-18,4.7900,4.9800,0.0382
600928.SH,2022-06-20,3.7700,3.9600,0.0480
600928.SH,2023-06-20,3.5600,3.7200,0.0430
600928.SH,2024-08-01,3.2600,3.3200,0.0181
600928.SH,2025-07-11,4.1400,4.2400,0.0236
600929.SH,2021-05-31,6.2800,6.3600,0.0126
600929.SH,2022-06-13,8.7200,8.9200,0.0224
600929.SH,2023-06-05,7.5300,7.7800,0.0321
600929.SH,2024-07-15,5.3800,5.5800,0.0358
600929.SH,2025-05-28,5.0700,5.1600,0.0174
600933.SH,2018-06-08,13.1800,13.4100,0.0172
600933.SH,2019-05-17,8.2500,8.4800,0.0271
600933.SH,2020-05-21,11.4300,11.6800,0.0214
600933.SH,2021-06-21,13.9600,14.2100,0.0176
600933.SH,2022-06-14,15.7900,15.9900,0.0125
600933.SH,2023-05-19,19.8200,20.0500,0.0115
600933.SH,2024-07-10,13.5300,13.8200,0.0210
600933.SH,2025-06-25,15.6800,15.9800,0.0188
600935.SH,2022-06-24,5.3300,5.4100,0.0148
600935.SH,2023-07-20,3.7800,3.8200,0.0105
600936.SH,2018-07-10,4.6600,4.7100,0.0106
600938.SH,2022-07-15,15.1800,16.1900,0.0624
600938.SH,2022-10-13,16.0600,16.6700,0.0366
600938.SH,2023-07-14,19.0700,19.7500,0.0344
600938.SH,2023-10-18,20.5900,21.1300,0.0256
600938.SH,2024-07-12,33.2000,33.8000,0.0178
600938.SH,2024-10-18,28.2500,28.9300,0.0235
600938.SH,2025-07-11,26.4900,27.1000,0.0225
600938.SH,2025-10-17,25.7400,26.4100,0.0254
600939.SH,2018-07-25,5.7200,5.7800,0.0104
600939.SH,2019-07-15,4.7500,4.8200,0.0145
600939.SH,2020-07-16,3.9700,4.0500,0.0198
600939.SH,2021-07-22,3.4500,3.4900,0.0115
600941.SH,2022-06-01,64.1700,66.2600,0.0315
600941.SH,2022-09-06,63.2100,65.1000,0.0290
600941.SH,2023-06-07,96.3500,98.3300,0.0201
600941.SH,2023-09-01,98.2600,100.4800,0.0221
600941.SH,2024-06-06,99.5000,101.6800,0.0214
600941.SH,2024-09-02,102.6100,104.9900,0.0227
600941.SH,2025-06-06,115.9600,118.2500,0.0194
600941.SH,2025-09-01,107.0000,109.5000,0.0228
600955.SH,2022-04-20,33.4200,33.8100,0.0115
600956.SH,2020-11-02,8.4700,8.5900,0.0140
600956.SH,2021-06-09,13.3400,13.4800,0.0104
600956.SH,2022-07-21,14.5300,14.7000,0.0116
600956.SH,2023-06-19,8.6600,8.8500,0.0215
600956.SH,2024-07-29,7.5200,7.7300,0.0272
600956.SH,2025-08-18,7.7900,8.0000,0.0262
600958.SH,2016-06-17,16.8900,17.2400,0.0203
600958.SH,2018-07-10,8.8700,9.0700,0.0221
600958.SH,2020-06-29,9.4800,9.6300,0.0156
600958.SH,2021-07-08,9.6100,9.8600,0.0254
600958.SH,2022-04-29,9.0500,9.2200,0.0184
600958.SH,2022-07-29,8.6800,8.9300,0.0280
600958.SH,2023-06-28,9.4600,9.6100,0.0156
600958.SH,2024-06-28,7.7000,7.8500,0.0191
600958.SH,2025-06-27,9.7700,9.8700,0.0101
600958.SH,2025-10-28,11.2800,11.4000,0.0105
600959.SH,2016-07-07,11.3600,14.7700,0.2309
600959.SH,2019-05-31,4.4000,4.5000,0.0222
600959.SH,2021-07-30,2.9100,2.9400,0.0102
600960.SH,2005-06-28,6.9700,7.1200,0.0211
600960.SH,2008-07-07,5.8000,8.7600,0.3379
600960.SH,2013-07-22,6.7500,8.8000,0.2330
600960.SH,2015-04-14,11.2800,18.0800,0.3761
600961.SH,2005-05-09,3.6000,3.8000,0.0526
600961.SH,2006-04-19,6.2100,6.3100,0.0158
600961.SH,2007-05-17,19.0500,19.3500,0.0155
600961.SH,2010-06-21,9.9900,10.1400,0.0148
600962.SH,2005-06-10,4.1300,4.1800,0.0120
600962.SH,2006-06-26,5.6300,5.8300,0.0343
600962.SH,2012-07-11,8.0000,10.4500,0.2344
600963.SH,2005-07-20,4.3900,6.6900,0.3438
600963.SH,2006-06-19,6.0800,6.2300,0.0241
600963.SH,2008-06-16,11.2700,16.9300,0.3343
600963.SH,2010-12-28,10.8200,11.7600,0.0799
600963.SH,2020-05-13,3.8100,4.9600,0.2319
600963.SH,2022-06-02,5.9800,6.1000,0.0197
600963.SH,2023-05-23,6.4900,6.6300,0.0211
600965.SH,2005-06-03,2.7500,3.0800,0.1071
600965.SH,2014-07-11,5.4700,7.1800,0.2382
600965.SH,2019-05-10,10.4500,10.6000,0.0142
600965.SH,2020-06-12,6.5900,6.7400,0.0223
600965.SH,2021-05-21,6.1700,6.2700,0.0159
600965.SH,2022-06-14,6.8600,6.9800,0.0172
600965.SH,2024-07-03,3.7500,3.8000,0.0132
600966.SH,2005-07-11,6.2100,7.5500,0.1775
600966.SH,2006-05-16,5.5100,7.1600,0.2304
600966.SH,2008-04-29,14.6300,23.5000,0.3774
600966.SH,2009-05-04,7.3200,7.4000,0.0108
600966.SH,2015-05-14,5.7800,11.5600,0.5000
600966.SH,2018-10-19,3.2500,3.3100,0.0181
600966.SH,2022-08-25,6.9500,7.2100,0.0361
600967.SH,2005-07-04,3.7600,3.8600,0.0259
600967.SH,2011-06-03,16.7100,16.9100,0.0118
600967.SH,2012-08-15,17.5000,17.7000,0.0113
600967.SH,2013-06-27,11.0300,22.1500,0.5020
600967.SH,2014-05-20,10.3400,18.7100,0.4474
600967.SH,2022-07-04,9.0200,9.1900,0.0185
600967.SH,2023-07-04,9.8400,10.0800,0.0238
600967.SH,2024-07-11,6.7400,6.9900,0.0358
600968.SH,2020-07-10,2.7100,2.7500,0.0145
600968.SH,2021-07-09,2.5300,2.5700,0.0156
600968.SH,2022-07-11,2.4800,2.5300,0.0198
600968.SH,2023-07-06,3.0600,3.1400,0.0255
600968.SH,2024-06-21,3.9100,4.0200,0.0274
600968.SH,2025-06-26,4.1100,4.2400,0.0307
600969.SH,2005-06-06,4.3400,4.4400,0.0225
600969.SH,2006-06-12,6.1500,6.2700,0.0191
600969.SH,2013-06-05,12.1200,12.2900,0.0138
600969.SH,2014-05-16,12.4500,12.6300,0.0143
600969.SH,2018-05-29,7.4700,10.5000,0.2886
600970.SH,2005-06-24,15.5100,15.7600,0.0159
600970.SH,2006-06-15,26.9700,27.3600,0.0143
600970.SH,2008-11-04,36.0400,37.0400,0.0270
600970.SH,2009-06-02,29.0600,58.1600,0.5003
600970.SH,2010-05-13,18.6900,33.6800,0.4451
600970.SH,2011-05-16,31.3100,37.6000,0.1673
600970.SH,2011-09-20,25.5000,25.9500,0.0173
600970.SH,2012-06-11,14.0300,17.3400,0.1909
600970.SH,2013-05-27,10.5100,10.7200,0.0196
600970.SH,2016-05-30,6.1900,9.4600,0.3457
600970.SH,2018-05-30,7.6800,7.8500,0.0217
600970.SH,2019-06-13,6.6200,6.8800,0.0378
600970.SH,2020-06-11,5.4900,5.7900,0.0518
600970.SH,2021-06-04,9.7500,9.9800,0.0230
600970.SH,2022-06-02,8.1600,8.3900,0.0274
600970.SH,2023-06-05,12.2300,12.5300,0.0239
600970.SH,2024-06-05,12.6600,13.0600,0.0306
600970.SH,2025-06-12,8.7800,9.2300,0.0488
600971.SH,2005-06-13,10.5100,15.8600,0.3373
600971.SH,2006-02-15,9.6900,10.6900,0.0935
600971.SH,2007-04-20,19.3600,19.9600,0.0301
600971.SH,2009-04-21,20.3100,24.6700,0.1767
600971.SH,2011-04-22,42.5700,43.3700,0.0184
600971.SH,2011-09-30,19.2100,43.8000,0.5614
600971.SH,2013-06-18,9.0900,9.3500,0.0278
600971.SH,2014-07-04,5.3900,5.4900,0.0182
600971.SH,2018-05-31,6.7000,7.0600,0.0510
600971.SH,2019-05-28,5.9600,7.5600,0.2116
600971.SH,2020-06-24,4.7200,5.0700,0.0690
600971.SH,2021-05-28,6.1000,6.4300,0.0513
600971.SH,2022-05-26,7.4000,7.9000,0.0633
600971.SH,2023-06-08,8.0900,9.0900,0.1100
600971.SH,2024-05-24,12.2400,13.0900,0.0649
600971.SH,2025-01-22,8.4700,8.6700,0.0231
600971.SH,2025-05-23,6.7500,7.0200,0.0385
600973.SH,2005-07-12,5.6700,5.8700,0.0341
600973.SH,2006-05-22,6.7700,8.8500,0.2350
600973.SH,2012-05-10,8.5700,12.8500,0.3331
600973.SH,2013-07-04,6.9900,9.5400,0.2673
600973.SH,2016-06-22,7.8100,12.5800,0.3792
600973.SH,2017-05-16,5.7200,7.8100,0.2676
600973.SH,2021-06-07,4.1300,4.1800,0.0120
600975.SH,2005-06-06,5.0800,5.1500,0.0136
600975.SH,2006-07-14,8.7600,8.9800,0.0245
600975.SH,2007-07-06,12.2700,12.4200,0.0121
600975.SH,2007-10-11,12.2900,22.1200,0.4444
600975.SH,2008-08-21,9.0200,9.2100,0.0206
600975.SH,2010-06-07,8.0100,8.1300,0.0148
600975.SH,2012-07-06,6.6000,8.5800,0.2308
600975.SH,2016-06-20,7.6500,15.3500,0.5016
600975.SH,2017-06-14,5.9800,6.0800,0.0164
600975.SH,2018-05-23,4.9600,5.0600,0.0198
600976.SH,2006-07-12,7.0600,14.1100,0.4996
600976.SH,2011-06-13,18.6900,18.9900,0.0158
600976.SH,2012-05-15,14.8900,15.2900,0.0262
600976.SH,2013-05-16,19.6100,19.9900,0.0190
600976.SH,2014-05-26,19.4400,19.8200,0.0192
600976.SH,2015-05-08,33.4600,33.8400,0.0112
600976.SH,2019-06-06,16.2500,16.4500,0.0122
600976.SH,2020-07-01,17.7700,17.9700,0.0111
600976.SH,2022-05-23,42.4500,43.2500,0.0185
600976.SH,2023-05-19,65.5200,66.5200,0.0150
600976.SH,2024-04-26,55.2900,56.4900,0.0212
600976.SH,2025-04-30,41.9300,42.8300,0.0210
600976.SH,2026-04-28,32.2700,33.1700,0.0271
600977.SH,2017-07-25,17.1200,17.3300,0.0121
600977.SH,2018-07-30,15.3200,15.6500,0.0211
600977.SH,2019-07-26,14.1100,14.3900,0.0195
600977.SH,2020-08-12,14.0500,14.3700,0.0223
600979.SH,2005-06-23,4.2700,4.4200,0.0339
600979.SH,2007-06-18,10.7800,13.1800,0.1821
600979.SH,2008-08-28,4.0200,4.8200,0.1660
600979.SH,2011-04-27,7.5100,15.0300,0.5003
600979.SH,2014-06-18,4.5500,4.6000,0.0109
600979.SH,2018-07-09,4.0100,4.0600,0.0123
600979.SH,2019-07-17,4.3300,4.4300,0.0226
600979.SH,2020-06-16,3.0800,4.0300,0.2357
600979.SH,2021-05-27,3.0400,3.0900,0.0162
600979.SH,2022-06-21,3.2800,3.3300,0.0150
600979.SH,2023-06-29,3.6300,3.6800,0.0136
600979.SH,2024-06-20,3.4300,3.4800,0.0144
600979.SH,2025-06-20,4.8700,4.9300,0.0122
600980.SH,2005-07-01,5.8200,7.6600,0.2402
600981.SH,2005-06-09,3.9800,4.1500,0.0410
600981.SH,2006-06-01,4.0000,4.1800,0.0431
600981.SH,2006-10-17,3.2400,4.8600,0.3333
600981.SH,2007-07-04,11.2500,21.4800,0.4763
600981.SH,2010-07-13,5.6000,5.6600,0.0106
600981.SH,2017-07-14,7.3100,7.4100,0.0135
600981.SH,2018-07-05,4.3900,4.5400,0.0330
600981.SH,2019-07-11,4.1800,4.3400,0.0369
600981.SH,2020-07-10,3.4800,3.5300,0.0142
600981.SH,2022-07-08,2.8200,2.8500,0.0105
600982.SH,2005-06-21,4.3400,4.4400,0.0225
600982.SH,2006-06-02,3.9100,4.0100,0.0249
600982.SH,2008-05-27,6.5200,6.6200,0.0151
600982.SH,2009-05-25,6.9400,7.0400,0.0142
600982.SH,2010-07-02,6.9800,7.0800,0.0141
600982.SH,2013-07-10,8.6100,8.7300,0.0137
600982.SH,2014-05-19,5.7500,14.5000,0.6034
600982.SH,2016-05-09,5.2300,5.3000,0.0132
600982.SH,2018-06-04,3.5600,3.6000,0.0111
600982.SH,2019-06-24,3.4400,3.5100,0.0199
600982.SH,2020-06-02,2.9900,3.0400,0.0164
600982.SH,2021-05-28,3.4200,3.5500,0.0366
600982.SH,2022-05-27,5.5100,5.6800,0.0299
600982.SH,2023-05-24,4.2100,4.3400,0.0300
600982.SH,2024-05-29,4.1200,4.2700,0.0351
600982.SH,2025-05-27,4.6800,4.8300,0.0311
600983.SH,2005-04-26,2.9500,3.0400,0.0296
600983.SH,2006-04-11,3.0800,3.1700,0.0284
600983.SH,2007-05-11,8.5900,8.6900,0.0115
600983.SH,2008-04-30,8.4600,8.5900,0.0151
600983.SH,2009-05-13,13.3700,13.5500,0.0133
600983.SH,2010-10-22,14.7700,23.6800,0.3763
600983.SH,2023-11-29,8.2600,8.9700,0.0792
600983.SH,2025-06-27,10.2200,10.5100,0.0276
600984.SH,2005-06-16,3.2800,3.4800,0.0575
600984.SH,2018-06-22,5.1800,6.7300,0.2303
600984.SH,2021-11-10,8.6700,8.7700,0.0114
600984.SH,2022-06-23,5.7400,7.5100,0.2357
600985.SH,2005-07-14,4.2500,4.3300,0.0185
600985.SH,2006-06-26,5.1800,5.2700,0.0171
600985.SH,2008-08-01,11.2400,11.3600,0.0106
600985.SH,2010-06-24,13.2200,15.9800,0.1727
600985.SH,2011-07-11,13.7400,16.6100,0.1728
600985.SH,2013-08-20,9.6800,9.7800,0.0102
600985.SH,2015-07-10,9.7300,14.7600,0.3408
600985.SH,2018-07-11,9.7400,9.8600,0.0122
600985.SH,2019-05-31,11.0900,11.5900,0.0431
600985.SH,2020-06-05,8.2400,8.8400,0.0679
600985.SH,2021-05-21,11.0500,11.7000,0.0556
600985.SH,2022-06-07,14.8300,15.5300,0.0451
600985.SH,2023-06-08,11.9100,12.9600,0.0810
600985.SH,2024-06-07,17.7000,18.7000,0.0535
600985.SH,2025-06-13,11.9800,12.7300,0.0589
600986.SH,2004-07-01,9.4800,12.5200,0.2428
600986.SH,2007-07-13,10.2200,12.2800,0.1678
600986.SH,2009-06-22,6.8500,13.7600,0.5022
600986.SH,2013-08-01,4.0200,4.0700,0.0123
600986.SH,2018-07-18,6.1100,8.6100,0.2904
600987.SH,2005-06-01,3.2200,3.3200,0.0301
600987.SH,2006-05-25,3.4100,4.0000,0.1475
600987.SH,2007-05-17,10.3500,10.4700,0.0115
600987.SH,2008-05-14,6.9200,9.1700,0.2454
600987.SH,2009-05-15,5.1500,5.3000,0.0283
600987.SH,2010-06-01,6.7500,6.9000,0.0217
600987.SH,2011-06-03,7.4900,7.6700,0.0235
600987.SH,2012-06-04,6.4000,6.6000,0.0303
600987.SH,2013-06-17,6.4500,9.8800,0.3472
600987.SH,2014-05-09,5.4900,5.6900,0.0351
600987.SH,2015-05-15,13.6300,13.8400,0.0152
600987.SH,2016-05-19,11.5900,11.8200,0.0195
600987.SH,2017-06-02,12.0400,12.3000,0.0211
600987.SH,2018-05-18,11.2900,11.5700,0.0242
600987.SH,2019-05-17,7.0500,10.5000,0.3286
600987.SH,2020-05-28,5.6200,5.8400,0.0377
600987.SH,2021-06-07,5.2700,5.4700,0.0366
600987.SH,2022-06-09,5.0600,5.3600,0.0560
600987.SH,2023-05-31,7.4300,7.7300,0.0388
600987.SH,2024-05-17,7.6000,7.9000,0.0380
600987.SH,2025-05-23,6.9900,7.2900,0.0412
600987.SH,2025-09-25,7.0900,7.1900,0.0139
600988.SH,2007-04-20,10.3500,11.3800,0.0905
600988.SH,2014-06-25,6.7100,13.4200,0.5000
600988.SH,2017-10-25,6.5700,13.1300,0.4996
600989.SH,2019-09-27,10.1600,10.4400,0.0268
600989.SH,2020-06-04,8.8400,9.1200,0.0307
600989.SH,2021-05-20,14.9500,15.2300,0.0184
600989.SH,2022-05-12,13.9200,14.2000,0.0197
600989.SH,2022-12-27,12.2500,12.3900,0.0113
600989.SH,2023-05-30,12.3100,12.4500,0.0112
600989.SH,2024-07-24,16.0100,16.2900,0.0172
600989.SH,2025-05-13,15.3900,15.8000,0.0259
600989.SH,2025-09-08,17.4300,17.7100,0.0158
600989.SH,2026-04-28,29.6600,30.0800,0.0140
600990.SH,2005-07-12,6.1000,6.2000,0.0161
600990.SH,2010-03-23,31.3500,62.7900,0.5007
600990.SH,2022-07-25,31.8000,41.6900,0.2372
600990.SH,2023-07-10,23.7000,30.9000,0.2330
600992.SH,2005-05-26,4.1000,4.3000,0.0465
600992.SH,2006-05-11,5.4600,5.6800,0.0387
600992.SH,2012-06-05,7.7000,7.7800,0.0103
600993.SH,2005-08-01,24.1700,24.5700,0.0163
600993.SH,2006-07-19,33.5900,34.2400,0.0190
600993.SH,2007-05-31,60.5000,72.9000,0.1701
600993.SH,2008-06-04,29.4100,44.4100,0.3378
600993.SH,2009-06-12,22.8400,41.2100,0.4458
600993.SH,2010-07-02,28.4000,28.7000,0.0105
600993.SH,2011-05-20,19.3200,38.6800,0.5005
600993.SH,2013-07-15,15.8400,16.0000,0.0100
600993.SH,2014-07-21,15.9500,16.1200,0.0105
600993.SH,2015-07-21,24.2800,31.6000,0.2316
600993.SH,2018-08-09,15.2400,15.4700,0.0149
600993.SH,2020-07-30,23.1700,23.4300,0.0111
600993.SH,2021-07-15,28.7000,29.0000,0.0103
600993.SH,2022-07-28,21.9500,22.3000,0.0157
600993.SH,2023-07-28,25.7200,26.0700,0.0134
600993.SH,2024-07-26,26.6500,27.0500,0.0148
600993.SH,2025-08-08,28.1900,28.8100,0.0215
600995.SH,2005-04-08,6.7100,13.9100,0.5176
600995.SH,2006-04-19,8.2200,8.5200,0.0352
600995.SH,2006-09-22,7.6100,9.6200,0.2089
600995.SH,2007-04-13,9.8500,11.9200,0.1737
600995.SH,2008-04-22,10.2000,15.3600,0.3359
600995.SH,2009-05-22,7.5800,9.1200,0.1689
600995.SH,2013-06-18,5.4500,5.5500,0.0180
600995.SH,2014-06-16,4.7400,4.8200,0.0166
600995.SH,2017-06-20,9.8700,9.9700,0.0100
600995.SH,2018-06-19,7.8600,7.9600,0.0126
600995.SH,2019-06-19,7.6700,7.8700,0.0254
600995.SH,2020-06-23,7.5700,7.7900,0.0282
600995.SH,2021-06-18,6.9200,6.9900,0.0100
600996.SH,2018-07-11,7.3000,7.4300,0.0175
600996.SH,2020-07-17,7.4600,7.5600,0.0132
600997.SH,2005-06-17,6.8000,7.0500,0.0355
600997.SH,2006-05-16,8.2600,9.8500,0.1614
600997.SH,2007-05-28,24.6200,24.9700,0.0140
600997.SH,2008-04-23,40.1500,40.6500,0.0123
600997.SH,2009-05-21,19.3300,38.8600,0.5026
600997.SH,2013-04-22,10.6800,10.8000,0.0111
600997.SH,2014-06-20,4.1900,4.2500,0.0141
600997.SH,2017-07-07,6.3000,6.4000,0.0156
600997.SH,2018-06-22,5.3900,5.5100,0.0218
600997.SH,2019-06-20,6.1600,6.4200,0.0405
600997.SH,2020-06-24,4.6900,4.9100,0.0448
600997.SH,2021-06-11,7.7600,8.0400,0.0348
600997.SH,2022-06-02,7.6400,8.1000,0.0568
600997.SH,2023-05-18,6.4900,7.0700,0.0820
600997.SH,2024-05-17,7.8000,8.1400,0.0418
600997.SH,2025-05-15,6.0000,6.2600,0.0415
600998.SH,2021-06-17,15.8000,16.2900,0.0301
600998.SH,2022-06-14,11.6400,11.9300,0.0243
600998.SH,2023-06-29,9.7100,14.9700,0.3514
600998.SH,2023-10-12,7.5600,10.5900,0.2861
600998.SH,2024-06-07,5.5000,7.3500,0.2517
600998.SH,2025-06-17,5.1200,5.3200,0.0376
600999.SH,2010-07-13,21.2100,21.7100,0.0230
600999.SH,2011-07-14,14.0200,18.5300,0.2434
600999.SH,2012-08-02,10.7500,10.9000,0.0138
600999.SH,2013-07-22,10.5800,10.7200,0.0131
600999.SH,2014-11-05,12.3200,12.4700,0.0120
600999.SH,2015-10-12,16.9600,17.4600,0.0286
600999.SH,2016-06-17,15.3700,15.6200,0.0160
600999.SH,2017-07-21,17.9100,18.1000,0.0105
600999.SH,2018-08-17,13.0200,13.3700,0.0262
600999.SH,2019-08-27,16.1900,16.4500,0.0158
600999.SH,2020-07-20,23.7100,28.5900,0.1707
600999.SH,2020-12-11,22.4000,22.7300,0.0145
600999.SH,2021-07-30,17.0300,17.4700,0.0252
600999.SH,2022-08-08,13.5000,14.0400,0.0385
600999.SH,2023-07-25,13.7600,13.9400,0.0129
600999.SH,2024-07-16,13.9500,14.2000,0.0176
600999.SH,2025-07-16,17.4700,17.8500,0.0213
601000.SH,2011-04-22,7.7700,7.8900,0.0152
601000.SH,2012-04-26,6.7400,6.8200,0.0117
601000.SH,2012-09-10,3.7300,6.7100,0.4441
601000.SH,2013-05-23,3.1700,3.2200,0.0155
601000.SH,2014-05-15,4.3400,4.3900,0.0114
601000.SH,2015-09-30,7.3600,7.4600,0.0134
601000.SH,2016-05-19,4.3100,7.9000,0.4544
601000.SH,2017-05-25,5.4800,5.5800,0.0179
601000.SH,2018-05-17,3.4300,4.5400,0.2445
601000.SH,2019-05-24,2.7500,2.8200,0.0248
601000.SH,2020-06-10,2.1800,2.2700,0.0396
601000.SH,2021-05-18,2.6700,2.8700,0.0697
601000.SH,2021-11-26,2.5600,2.7100,0.0554
601000.SH,2022-05-17,2.6600,2.8600,0.0699
601000.SH,2023-05-22,3.5800,3.7800,0.0529
601000.SH,2024-05-23,4.1000,4.3000,0.0465
601000.SH,2025-05-30,4.0600,4.2600,0.0469
601001.SH,2010-07-26,16.4600,33.4400,0.5078
601001.SH,2011-07-13,17.0500,17.2600,0.0122
601001.SH,2012-07-16,10.5000,10.6900,0.0178
601001.SH,2022-07-29,14.5100,14.9100,0.0268
601001.SH,2023-07-14,9.0500,9.6800,0.0651
601001.SH,2024-06-27,16.5600,17.3500,0.0455
601001.SH,2025-07-31,13.6600,14.4100,0.0520
601002.SH,2007-06-28,10.5400,10.7300,0.0177
601002.SH,2010-06-07,6.3800,6.4800,0.0154
601002.SH,2011-06-03,17.6200,17.8200,0.0112
601002.SH,2014-06-27,8.1300,8.2300,0.0122
601002.SH,2015-07-10,9.4300,9.5300,0.0105
601002.SH,2018-06-14,6.7000,6.8000,0.0147
601002.SH,2021-06-30,4.8600,4.9100,0.0102
601002.SH,2023-07-07,4.8500,4.9500,0.0202
601002.SH,2024-06-20,3.0300,3.1300,0.0319
601002.SH,2025-06-05,4.7900,4.8900,0.0204
601003.SH,2007-06-25,19.2900,38.7700,0.5025
601003.SH,2008-05-21,8.7100,15.8700,0.4512
601003.SH,2010-06-04,4.7500,4.9000,0.0306
601003.SH,2011-07-13,5.2800,5.4300,0.0276
601003.SH,2014-07-15,2.2300,2.2600,0.0133
601003.SH,2018-05-22,6.8100,7.3100,0.0684
601003.SH,2019-05-30,6.3800,6.9800,0.0860
601003.SH,2020-05-28,4.7300,5.1800,0.0869
601003.SH,2021-06-18,5.8500,6.1000,0.0410
601003.SH,2022-06-16,4.1800,4.3600,0.0413
601005.SH,2007-07-05,7.8500,7.9500,0.0126
601005.SH,2008-07-09,5.4200,5.5200,0.0181
601005.SH,2009-06-26,5.4000,5.5000,0.0182
601006.SH,2007-06-18,17.0900,17.3900,0.0173
601006.SH,2008-07-01,13.3100,13.6100,0.0220
601006.SH,2009-07-01,10.2900,10.5900,0.0283
601006.SH,2010-06-24,8.2900,8.5900,0.0349
601006.SH,2011-06-29,8.0500,8.4000,0.0417
601006.SH,2012-07-19,6.2200,6.6100,0.0590
601006.SH,2013-06-05,6.6000,6.9900,0.0558
601006.SH,2014-06-23,6.4300,6.8600,0.0627
601006.SH,2015-06-19,13.7900,14.2700,0.0336
601006.SH,2016-07-07,6.1500,6.6000,0.0682
601006.SH,2017-06-29,8.1100,8.3600,0.0299
601006.SH,2018-06-28,8.3900,8.8600,0.0530
601006.SH,2019-06-27,8.2800,8.7600,0.0548
601006.SH,2020-07-02,6.5400,7.0200,0.0684
601006.SH,2021-07-08,6.1500,6.6300,0.0724
601006.SH,2022-07-07,6.1500,6.6300,0.0724
601006.SH,2023-07-13,6.9600,7.4400,0.0645
601006.SH,2024-07-11,6.7600,7.1400,0.0532
601006.SH,2024-10-24,6.6700,6.8000,0.0191
601006.SH,2025-07-11,6.5400,6.6800,0.0210
601006.SH,2025-10-24,5.8400,5.9200,0.0135
601007.SH,2008-07-11,6.9600,7.0600,0.0142
601007.SH,2011-07-18,9.5600,9.6600,0.0104
601007.SH,2013-08-06,6.7000,6.8100,0.0162
601007.SH,2017-07-28,10.8500,10.9700,0.0109
601007.SH,2018-05-18,10.0600,10.3000,0.0233
601007.SH,2019-07-25,11.0300,11.2300,0.0178
601007.SH,2021-07-19,6.2200,8.1300,0.2349
601007.SH,2023-07-12,8.8000,8.9000,0.0112
601007.SH,2024-07-10,6.1700,6.2900,0.0191
601008.SH,2008-05-09,8.0800,9.7200,0.1687
601008.SH,2012-05-02,3.8500,5.0400,0.2361
601008.SH,2013-06-03,3.2800,3.3400,0.0180
601008.SH,2014-06-23,4.0900,4.1400,0.0121
601008.SH,2023-05-12,4.7700,4.8200,0.0104
601008.SH,2024-05-10,4.0100,4.0600,0.0123
601008.SH,2025-05-09,5.3500,5.4100,0.0111
601009.SH,2008-08-04,11.0900,11.3900,0.0263
601009.SH,2009-06-16,15.5500,15.8500,0.0189
601009.SH,2010-06-09,9.6800,12.6800,0.2366
601009.SH,2010-11-24,11.1000,11.7800,0.0577
601009.SH,2011-06-15,8.9600,9.1600,0.0218
601009.SH,2012-06-18,8.6200,8.9200,0.0336
601009.SH,2013-07-18,8.2400,8.6500,0.0474
601009.SH,2014-07-25,7.8400,8.3000,0.0554
601009.SH,2015-09-23,15.1500,15.6500,0.0319
601009.SH,2016-06-07,9.7100,17.8800,0.4569
601009.SH,2017-07-18,8.3900,12.0100,0.3014
601009.SH,2018-08-08,7.2900,7.6300,0.0446
601009.SH,2019-07-31,8.3600,8.7500,0.0446
601009.SH,2020-06-19,7.3500,7.7400,0.0504
601009.SH,2021-06-04,10.0900,10.4800,0.0372
601009.SH,2022-06-17,10.8000,11.2600,0.0409
601009.SH,2023-06-21,8.0500,8.5800,0.0618
601009.SH,2024-06-14,9.4400,9.9800,0.0541
601009.SH,2024-11-01,9.9000,10.2500,0.0341
601009.SH,2025-06-23,11.8500,12.0500,0.0166
601009.SH,2025-11-20,11.2000,11.5100,0.0269
601010.SH,2012-05-10,15.5000,15.9200,0.0264
601010.SH,2013-05-08,7.8500,12.2700,0.3602
601010.SH,2014-05-19,7.0000,7.3600,0.0489
601010.SH,2015-04-10,19.5300,49.1800,0.6029
601010.SH,2018-06-08,3.4700,3.5200,0.0142
601010.SH,2019-05-30,3.7300,3.7700,0.0106
601010.SH,2020-05-28,2.9700,3.0600,0.0294
601010.SH,2021-06-02,3.2600,3.4000,0.0412
601010.SH,2022-06-16,2.9700,3.1000,0.0419
601010.SH,2024-06-26,1.6500,1.7000,0.0294
601010.SH,2024-09-06,1.6800,1.7200,0.0233
601010.SH,2025-06-10,2.8200,2.9000,0.0276
601011.SH,2012-07-09,11.5400,11.8400,0.0253
601011.SH,2015-09-28,5.5200,13.8000,0.6000
601011.SH,2021-07-15,4.2300,4.2800,0.0117
601012.SH,2012-06-26,9.3600,17.0000,0.4494
601012.SH,2015-05-05,17.9500,53.9800,0.6675
601012.SH,2018-05-29,25.0500,35.2500,0.2894
601012.SH,2019-04-17,21.9100,27.0900,0.1912
601012.SH,2021-06-23,78.1800,109.7000,0.2873
601012.SH,2022-06-06,56.9400,79.9800,0.2881
601012.SH,2023-06-19,29.2300,29.6300,0.0135
601012.SH,2024-07-15,14.0100,14.1800,0.0120
601015.SH,2016-07-22,7.6000,11.4000,0.3333
601015.SH,2019-05-09,4.2800,5.6100,0.2371
601015.SH,2020-06-12,2.6500,2.7500,0.0364
601015.SH,2021-07-08,7.7000,8.9500,0.1397
601015.SH,2023-06-16,4.1500,4.2500,0.0235
601016.SH,2017-04-19,4.2200,8.4900,0.5029
601016.SH,2018-06-20,3.1700,3.2100,0.0125
601016.SH,2019-06-24,2.6900,2.7400,0.0182
601016.SH,2020-06-23,2.1400,2.1900,0.0228
601016.SH,2022-05-27,4.4100,4.4600,0.0112
601016.SH,2022-11-28,3.9300,4.4300,0.1129
601016.SH,2023-06-15,3.6500,3.7400,0.0241
601016.SH,2024-06-19,3.0500,3.1300,0.0256
601016.SH,2025-06-18,2.9200,2.9900,0.0234
601016.SH,2025-10-23,3.1500,3.1900,0.0125
601018.SH,2012-07-06,2.4600,2.5300,0.0277
601018.SH,2013-06-19,2.2600,2.3500,0.0383
601018.SH,2014-06-26,2.2100,2.2900,0.0349
601018.SH,2016-06-08,5.3700,5.4500,0.0147
601018.SH,2017-06-16,5.5600,5.6300,0.0124
601018.SH,2018-06-07,4.9500,5.0200,0.0139
601018.SH,2019-05-29,4.6600,4.7500,0.0189
601018.SH,2020-07-08,3.9100,4.0100,0.0249
601018.SH,2021-06-30,3.9400,4.0200,0.0199
601018.SH,2022-05-19,3.8200,3.9100,0.0230
601018.SH,2023-06-01,3.4400,3.5300,0.0255
601018.SH,2024-05-16,3.5600,3.6500,0.0247
601018.SH,2025-05-16,3.8100,3.9200,0.0281
601019.SH,2018-06-26,7.9900,8.2100,0.0268
601019.SH,2019-06-13,7.6700,7.9600,0.0364
601019.SH,2020-06-12,6.1500,6.4700,0.0495
601019.SH,2021-06-25,5.8000,6.1200,0.0523
601019.SH,2022-07-11,5.9300,6.2800,0.0557
601019.SH,2023-07-07,8.6200,9.0100,0.0433
601019.SH,2024-06-14,13.1400,13.7000,0.0409
601019.SH,2025-05-22,10.5800,10.8900,0.0285
601020.SH,2023-06-16,9.3900,13.1400,0.2854
601021.SH,2015-10-21,65.2900,130.5800,0.5000
601021.SH,2024-08-09,55.1700,55.8700,0.0125
601021.SH,2025-07-17,53.5800,54.4000,0.0151
601022.SH,2023-06-02,10.4500,10.6000,0.0142
601022.SH,2024-05-29,10.8300,10.9500,0.0110
601022.SH,2025-06-20,9.2600,9.3900,0.0138
601038.SH,2013-07-15,7.1800,7.2800,0.0137
601038.SH,2023-06-21,11.3200,11.5500,0.0199
601038.SH,2024-06-14,16.1700,16.4900,0.0194
601038.SH,2025-06-25,12.9300,13.2300,0.0227
601058.SH,2012-07-02,8.3200,8.4200,0.0119
601058.SH,2013-07-08,9.8100,9.9600,0.0151
601058.SH,2014-05-20,11.0700,11.2700,0.0177
601058.SH,2015-05-08,9.9400,20.0900,0.5052
601058.SH,2016-05-06,4.0400,8.9900,0.5506
601058.SH,2017-05-05,3.6600,3.7200,0.0161
601058.SH,2018-06-01,2.8100,2.8600,0.0175
601058.SH,2019-05-31,2.9800,3.0300,0.0165
601058.SH,2020-06-11,3.6400,3.7400,0.0267
601058.SH,2021-06-18,9.7800,9.9300,0.0151
601058.SH,2022-05-12,10.1500,10.3000,0.0146
601058.SH,2023-06-13,10.6700,10.8200,0.0139
601058.SH,2024-06-07,14.7200,14.8900,0.0114
601058.SH,2024-11-11,14.5900,14.7400,0.0102
601058.SH,2025-06-11,12.0900,12.3200,0.0187
601061.SH,2023-08-08,9.1400,9.2900,0.0161
601061.SH,2024-07-08,6.9300,7.0800,0.0212
601061.SH,2025-06-25,7.6400,7.8100,0.0218
601065.SH,2024-06-17,9.1800,9.5300,0.0367
601065.SH,2025-06-23,8.1500,8.3700,0.0263
601066.SH,2018-12-04,10.3300,10.5100,0.0171
601066.SH,2019-08-09,17.3600,17.5400,0.0103
601066.SH,2021-08-19,30.6900,31.0600,0.0119
601066.SH,2022-08-18,26.8900,27.2800,0.0143
601066.SH,2023-08-22,25.8500,26.1200,0.0103
601066.SH,2024-08-22,19.0000,19.2500,0.0130
601077.SH,2020-06-19,4.7800,5.0100,0.0459
601077.SH,2021-06-29,4.0600,4.2800,0.0514
601077.SH,2022-06-29,3.7100,3.9600,0.0631
601077.SH,2023-06-29,3.5600,3.8300,0.0705
601077.SH,2024-06-28,4.9500,5.2400,0.0553
601077.SH,2025-01-23,5.7800,5.9700,0.0318
601077.SH,2025-06-27,7.4500,7.5600,0.0146
601077.SH,2026-01-23,6.0700,6.2700,0.0319
601083.SH,2024-06-14,10.3400,10.6300,0.0273
601083.SH,2024-11-15,9.8700,9.9800,0.0110
601083.SH,2025-06-17,11.2400,11.5300,0.0252
601083.SH,2025-11-18,11.8400,12.0400,0.0166
601086.SH,2018-06-20,8.1500,8.2500,0.0121
601086.SH,2019-06-21,5.5200,5.6200,0.0178
601086.SH,2019-10-24,4.9900,5.0900,0.0196
601086.SH,2020-07-01,4.7200,4.8200,0.0207
601086.SH,2021-06-24,3.9000,4.0200,0.0299
601086.SH,2021-10-14,3.8600,4.3600,0.1147
601086.SH,2022-06-17,3.8400,3.9400,0.0254
601086.SH,2023-06-09,5.4000,5.5000,0.0182
601086.SH,2024-06-20,3.9000,4.0800,0.0441
601088.SH,2009-06-22,27.6600,28.1200,0.0164
601088.SH,2010-07-05,21.1600,21.6900,0.0244
601088.SH,2011-06-13,27.4600,28.2100,0.0266
601088.SH,2012-06-11,23.9900,24.8900,0.0362
601088.SH,2013-07-08,16.2600,17.2200,0.0557
601088.SH,2014-07-14,13.8700,14.7800,0.0616
601088.SH,2015-06-15,24.6000,25.3400,0.0292
601088.SH,2016-07-04,13.8800,14.2000,0.0225
601088.SH,2017-07-10,19.3200,22.2900,0.1332
601088.SH,2018-07-09,18.3900,19.3000,0.0472
601088.SH,2019-07-08,19.7300,20.6100,0.0427
601088.SH,2020-06-15,15.0200,16.2800,0.0774
601088.SH,2021-07-12,18.1700,19.9800,0.0906
601088.SH,2022-07-11,30.9100,33.4500,0.0759
601088.SH,2023-07-05,28.5600,31.1100,0.0820
601088.SH,2024-07-08,42.8400,45.1000,0.0501
601088.SH,2025-07-07,38.7900,41.0500,0.0551
601088.SH,2025-11-10,42.7500,43.7300,0.0224
601089.SH,2023-05-26,18.3700,18.7700,0.0213
601089.SH,2024-06-14,14.1900,14.6800,0.0334
601089.SH,2025-06-06,16.0800,16.5700,0.0296
601098.SH,2012-06-21,9.8500,9.9700,0.0120
601098.SH,2013-06-14,9.1800,9.3600,0.0192
601098.SH,2014-06-26,14.4800,14.6800,0.0136
601098.SH,2016-06-20,17.9200,18.2100,0.0159
601098.SH,2017-06-21,17.8700,18.3700,0.0272
601098.SH,2018-07-06,12.1000,12.7000,0.0472
601098.SH,2019-06-20,12.3000,12.9100,0.0473
601098.SH,2020-06-22,11.0000,11.6200,0.0534
601098.SH,2021-06-25,8.9200,9.5500,0.0660
601098.SH,2022-07-15,8.7300,9.3800,0.0693
601098.SH,2023-06-30,11.7000,12.3000,0.0488
601098.SH,2024-07-12,11.5800,12.1300,0.0453
601098.SH,2025-06-30,13.2700,13.7200,0.0328
601099.SH,2012-07-10,6.0800,6.7200,0.0952
601099.SH,2014-10-09,6.5900,9.8800,0.3330
601099.SH,2016-01-25,6.8000,7.5700,0.1017
601099.SH,2016-04-12,6.8900,6.9700,0.0115
601099.SH,2016-09-27,4.6600,6.9900,0.3333
601100.SH,2012-06-21,11.6400,17.7100,0.3427
601100.SH,2013-04-25,10.8100,10.9600,0.0137
601100.SH,2014-05-22,9.1200,9.2500,0.0141
601100.SH,2018-06-22,20.3100,28.6500,0.2911
601100.SH,2020-07-01,53.7800,80.2000,0.3294
601100.SH,2022-06-09,53.1700,53.9000,0.0135
601100.SH,2024-06-28,46.9200,47.6200,0.0147
601101.SH,2010-07-14,29.1800,29.8800,0.0234
601101.SH,2011-07-04,30.1700,67.1500,0.5507
601101.SH,2012-07-12,13.9100,17.0400,0.1837
601101.SH,2013-06-27,7.8500,8.0700,0.0273
601101.SH,2014-07-04,5.6100,5.7500,0.0243
601101.SH,2018-07-20,5.9800,6.1400,0.0261
601101.SH,2019-07-26,5.9500,6.1400,0.0309
601101.SH,2020-07-30,4.1700,4.2400,0.0165
601101.SH,2022-07-01,8.1300,10.3000,0.2107
601101.SH,2023-06-19,5.7900,6.1300,0.0555
601101.SH,2024-06-26,9.1000,9.4500,0.0370
601101.SH,2025-07-11,7.1500,7.6100,0.0604
601107.SH,2009-09-04,7.8100,7.9400,0.0164
601107.SH,2011-06-13,5.8000,5.8900,0.0153
601107.SH,2012-06-13,3.6100,3.7000,0.0243
601107.SH,2013-06-17,2.9400,3.0200,0.0265
601107.SH,2014-06-24,2.6600,2.7400,0.0292
601107.SH,2016-06-16,4.7600,4.8400,0.0165
601107.SH,2017-06-23,4.6800,4.7900,0.0230
601107.SH,2018-06-22,3.4300,3.5300,0.0283
601107.SH,2019-06-24,4.1800,4.2800,0.0234
601107.SH,2020-06-19,3.4400,3.5500,0.0310
601107.SH,2021-06-09,3.1400,3.2200,0.0248
601107.SH,2022-06-15,4.2200,4.3300,0.0254
601107.SH,2023-06-15,3.9600,4.0600,0.0246
601107.SH,2024-06-13,5.3400,5.5800,0.0430
601107.SH,2025-06-13,6.1800,6.4700,0.0448
601108.SH,2018-07-11,10.8300,11.0100,0.0163
601108.SH,2020-07-13,13.6300,13.7900,0.0116
601108.SH,2021-06-07,10.9200,11.1200,0.0180
601108.SH,2022-04-12,8.0900,8.4800,0.0460
601108.SH,2022-06-20,7.8000,8.0000,0.0250
601108.SH,2023-06-19,7.4000,7.5000,0.0133
601108.SH,2024-06-07,6.9400,7.0400,0.0142
601108.SH,2025-07-25,8.2700,8.3800,0.0131
601111.SH,2011-06-10,9.0900,9.2100,0.0130
601111.SH,2012-07-17,6.2900,6.4100,0.0187
601111.SH,2013-07-10,3.8800,3.9400,0.0152
601111.SH,2014-07-15,3.3100,3.3600,0.0149
601111.SH,2016-06-30,6.7900,6.9000,0.0159
601111.SH,2017-07-07,9.7000,9.8100,0.0112
601111.SH,2018-07-04,7.9800,8.0900,0.0136
601111.SH,2019-07-11,9.0700,9.1700,0.0109
601113.SH,2012-06-05,5.7200,11.5800,0.5060
601113.SH,2013-06-07,4.1400,4.1900,0.0119
601113.SH,2014-06-18,4.2100,4.2600,0.0117
601113.SH,2019-07-09,6.9300,7.0000,0.0100
601116.SH,2012-05-21,11.2100,11.3600,0.0132
601116.SH,2013-05-23,9.0700,9.2700,0.0216
601116.SH,2014-05-21,7.3600,7.5600,0.0265
601116.SH,2015-05-25,15.1200,15.3200,0.0131
601116.SH,2016-05-19,9.6600,9.8600,0.0203
601116.SH,2019-06-03,13.3700,13.5700,0.0147
601116.SH,2020-06-01,14.9900,15.1900,0.0132
601116.SH,2021-05-31,9.5900,9.7900,0.0204
601116.SH,2022-06-07,9.8200,10.0200,0.0200
601116.SH,2023-05-29,10.9400,11.1400,0.0180
601116.SH,2024-06-11,8.1300,8.3300,0.0240
601116.SH,2025-06-10,10.8200,11.0200,0.0181
601117.SH,2014-07-17,5.3600,5.4600,0.0183
601117.SH,2015-07-17,8.1200,8.2200,0.0122
601117.SH,2016-07-15,5.7200,5.8100,0.0155
601117.SH,2017-07-14,7.2400,7.3500,0.0150
601117.SH,2018-06-27,6.6100,6.7000,0.0134
601117.SH,2019-06-28,6.0900,6.2100,0.0193
601117.SH,2020-07-15,6.0300,6.2200,0.0305
601117.SH,2021-06-10,6.5200,6.7400,0.0326
601117.SH,2022-06-13,10.0700,10.2200,0.0147
601117.SH,2023-06-14,7.9200,8.1000,0.0222
601117.SH,2024-07-15,7.2600,7.4400,0.0242
601117.SH,2025-08-22,7.8800,8.0700,0.0235
601117.SH,2026-01-30,8.9000,9.0000,0.0111
601118.SH,2012-07-11,6.7900,6.8700,0.0116
601121.SH,2023-07-14,7.5900,7.7200,0.0168
601121.SH,2024-06-03,6.3200,6.4400,0.0186
601126.SH,2011-06-03,18.1000,18.3000,0.0109
601126.SH,2012-05-22,15.6400,15.8900,0.0157
601126.SH,2013-05-30,17.9100,18.1600,0.0138
601126.SH,2014-06-30,14.1900,14.4600,0.0187
601126.SH,2015-10-12,14.2500,28.5000,0.5000
601126.SH,2016-06-24,10.4500,10.6100,0.0151
601126.SH,2017-05-05,10.0900,10.2700,0.0175
601126.SH,2018-05-24,6.3200,6.5000,0.0277
601126.SH,2019-06-13,5.6500,5.8200,0.0292
601126.SH,2020-07-08,6.4300,6.6000,0.0258
601126.SH,2021-04-29,8.1400,9.1200,0.1075
601126.SH,2022-05-20,12.5300,13.0300,0.0384
601126.SH,2023-05-10,13.2500,13.8600,0.0440
601126.SH,2024-04-26,14.8200,15.4200,0.0389
601126.SH,2025-05-22,16.4000,17.1200,0.0421
601127.SH,2017-04-24,22.3700,22.6700,0.0132
601127.SH,2018-06-28,16.9500,17.1900,0.0140
601128.SH,2017-05-23,12.2300,12.4100,0.0145
601128.SH,2018-05-18,6.7400,6.9200,0.0260
601128.SH,2019-06-05,6.9400,7.1200,0.0253
601128.SH,2020-07-14,7.8800,8.0800,0.0248
601128.SH,2021-05-26,7.0900,7.2900,0.0274
601128.SH,2022-06-08,6.9500,7.1500,0.0280
601128.SH,2023-06-05,6.8000,7.0500,0.0355
601128.SH,2024-05-29,7.7600,8.7900,0.1172
601128.SH,2025-06-05,7.0500,8.0000,0.1188
601128.SH,2025-09-08,7.4200,7.5700,0.0198
601133.SH,2024-06-14,12.5900,12.7500,0.0125
601133.SH,2025-06-06,11.2800,11.4400,0.0140
601137.SH,2012-05-23,15.4400,15.6400,0.0128
601137.SH,2013-05-31,15.9500,16.1300,0.0112
601137.SH,2016-04-22,11.7800,23.6700,0.5023
601137.SH,2018-05-10,10.0100,10.1600,0.0148
601137.SH,2020-06-03,13.4900,13.6900,0.0146
601137.SH,2021-06-23,11.1500,11.3200,0.0150
601137.SH,2023-06-02,13.4700,13.6800,0.0154
601137.SH,2024-06-19,16.4500,16.9000,0.0266
601137.SH,2025-06-03,17.0600,17.5600,0.0285
601138.SH,2019-06-20,11.7100,11.8400,0.0110
601138.SH,2020-06-30,15.0200,15.2200,0.0131
601138.SH,2021-07-27,11.3700,11.6200,0.0215
601138.SH,2022-08-05,9.3900,9.8900,0.0506
601138.SH,2023-07-28,22.1300,22.6800,0.0243
601138.SH,2024-08-15,20.8000,21.3800,0.0271
601138.SH,2025-07-31,32.6400,33.2800,0.0192
601139.SH,2011-06-29,10.4600,10.5900,0.0123
601139.SH,2012-06-14,8.2400,12.4900,0.3403
601139.SH,2013-06-24,9.5500,9.6900,0.0144
601139.SH,2014-06-25,6.6600,6.8000,0.0206
601139.SH,2015-06-26,12.4600,12.6000,0.0111
601139.SH,2016-06-20,7.6600,7.7600,0.0129
601139.SH,2017-06-14,8.5500,8.6500,0.0116
601139.SH,2018-06-22,5.4100,7.1800,0.2465
601139.SH,2019-06-20,5.6300,5.7800,0.0260
601139.SH,2020-06-19,6.5200,6.7000,0.0269
601139.SH,2021-06-24,6.5600,6.7700,0.0310
601139.SH,2022-06-23,6.9000,7.0600,0.0227
601139.SH,2023-06-08,6.7500,6.8800,0.0189
601139.SH,2024-06-19,6.7600,6.9200,0.0231
601139.SH,2025-06-19,6.3100,6.4700,0.0247
601155.SH,2016-04-21,11.0600,14.4800,0.2362
601155.SH,2017-05-12,14.8300,15.1600,0.0218
601155.SH,2018-05-21,33.1500,33.9600,0.0239
601155.SH,2019-05-27,34.6400,36.1300,0.0412
601155.SH,2020-07-13,35.2300,36.9300,0.0460
601155.SH,2021-07-13,38.1100,40.1600,0.0510
601156.SH,2022-05-27,22.1400,22.8300,0.0302
601156.SH,2023-05-31,13.5100,13.8600,0.0253
601156.SH,2024-10-25,16.6000,16.9900,0.0230
601156.SH,2025-06-20,12.7600,13.0500,0.0222
601158.SH,2010-07-05,6.6800,6.7600,0.0118
601158.SH,2011-06-07,8.3900,8.5800,0.0221
601158.SH,2012-06-15,5.9100,6.1400,0.0375
601158.SH,2013-05-20,6.5300,6.7900,0.0383
601158.SH,2014-05-23,5.0200,5.2900,0.0510
601158.SH,2015-05-28,12.6600,12.9100,0.0194
601158.SH,2016-06-03,6.6300,6.8900,0.0377
601158.SH,2017-06-05,7.3700,7.6500,0.0366
601158.SH,2018-06-08,6.1300,6.4300,0.0467
601158.SH,2019-06-06,5.5700,5.8500,0.0479
601158.SH,2020-06-10,5.0900,5.3500,0.0486
601158.SH,2021-06-10,5.3300,5.5800,0.0448
601158.SH,2022-06-10,5.4200,5.6800,0.0458
601158.SH,2023-06-09,5.2900,5.5600,0.0486
601158.SH,2024-06-21,4.8300,5.0000,0.0340
601158.SH,2025-05-30,4.8000,4.9300,0.0264
601162.SH,2020-03-19,6.3300,7.1500,0.1147
601163.SH,2017-07-28,24.5400,24.9400,0.0160
601163.SH,2018-07-19,13.4200,13.6900,0.0197
601163.SH,2019-07-25,12.9000,13.1000,0.0153
601163.SH,2020-07-23,15.0000,15.3500,0.0228
601163.SH,2021-06-25,14.7700,15.1700,0.0264
601163.SH,2022-07-28,11.5800,11.8100,0.0195
601163.SH,2023-07-20,17.1900,17.4700,0.0160
601163.SH,2024-08-22,13.7100,14.3800,0.0466
601163.SH,2025-07-24,14.1400,14.6700,0.0361
601166.SH,2009-06-11,30.8800,31.3300,0.0144
601166.SH,2010-04-12,35.7700,36.2700,0.0138
601166.SH,2010-06-02,26.3800,28.0600,0.0599
601166.SH,2011-05-06,15.3700,28.1200,0.4534
601166.SH,2012-05-07,14.2700,14.6400,0.0253
601166.SH,2013-07-03,9.1400,14.2800,0.3599
601166.SH,2014-07-18,9.4100,9.8700,0.0466
601166.SH,2015-05-27,19.5100,20.0800,0.0284
601166.SH,2016-06-06,15.5500,16.1600,0.0377
601166.SH,2017-06-14,15.9300,16.5400,0.0369
601166.SH,2018-06-15,15.2600,15.9100,0.0409
601166.SH,2019-06-19,17.8000,18.4900,0.0373
601166.SH,2020-07-15,16.5900,17.3500,0.0438
601166.SH,2021-06-29,19.4300,20.2300,0.0395
601166.SH,2022-06-16,19.6900,20.7200,0.0497
601166.SH,2023-06-19,15.8000,16.9900,0.0700
601166.SH,2024-07-09,16.2400,17.2800,0.0602
601166.SH,2025-06-20,22.7400,23.8000,0.0445
601166.SH,2026-02-06,18.8200,19.3800,0.0289
601168.SH,2008-05-20,23.4400,23.7400,0.0126
601168.SH,2010-07-08,9.4800,9.5800,0.0104
601168.SH,2011-05-17,15.2200,15.4000,0.0117
601168.SH,2013-05-16,6.8300,6.9300,0.0144
601168.SH,2018-05-17,7.0800,7.1800,0.0139
601168.SH,2020-05-21,5.4900,5.5900,0.0179
601168.SH,2022-05-30,11.8900,12.0900,0.0165
601168.SH,2023-05-18,11.4900,12.8900,0.1086
601168.SH,2024-05-31,18.6400,19.1400,0.0261
601168.SH,2025-06-20,15.5000,16.5000,0.0606
601169.SH,2009-07-20,17.2200,17.4000,0.0103
601169.SH,2010-07-20,13.1700,13.3500,0.0135
601169.SH,2011-06-13,10.1800,10.4000,0.0212
601169.SH,2012-07-11,7.6300,9.3600,0.1848
601169.SH,2013-07-22,7.5100,7.9100,0.0506
601169.SH,2014-07-17,6.6900,8.2100,0.1851
601169.SH,2015-07-17,10.3900,12.7200,0.1832
601169.SH,2016-07-11,8.6000,10.5700,0.1864
601169.SH,2017-07-12,7.5900,9.3600,0.1891
601169.SH,2018-07-12,5.7900,6.0600,0.0446
601169.SH,2019-07-11,5.5900,5.8800,0.0493
601169.SH,2020-07-15,5.0800,5.3800,0.0558
601169.SH,2021-07-16,4.5300,4.8300,0.0621
601169.SH,2022-07-15,4.1600,4.4600,0.0673
601169.SH,2023-07-06,4.3400,4.6500,0.0667
601169.SH,2024-07-10,5.4800,5.8000,0.0552
601169.SH,2025-01-20,5.8700,5.9900,0.0200
601169.SH,2025-07-10,7.0500,7.2500,0.0276
601179.SH,2014-06-20,3.4900,3.5700,0.0224
601179.SH,2016-06-14,5.1500,5.2900,0.0265
601179.SH,2017-06-16,5.4500,5.5500,0.0180
601179.SH,2018-06-15,3.7400,3.7900,0.0132
601186.SH,2010-07-19,7.3100,7.4700,0.0214
601186.SH,2012-07-30,4.6900,4.7900,0.0209
601186.SH,2013-07-22,4.4300,4.5400,0.0242
601186.SH,2014-07-28,4.9000,5.0300,0.0258
601186.SH,2016-07-19,9.1100,9.2600,0.0162
601186.SH,2017-07-19,13.2100,13.3700,0.0120
601186.SH,2018-07-18,8.3000,8.4800,0.0212
601186.SH,2019-07-25,10.0000,10.2100,0.0206
601186.SH,2020-07-27,8.8100,9.0200,0.0233
601186.SH,2021-08-04,7.3900,7.6200,0.0302
601186.SH,2022-07-26,7.4700,7.7200,0.0324
601186.SH,2023-08-02,10.5000,10.7800,0.0260
601186.SH,2024-07-23,8.1600,8.5100,0.0411
601186.SH,2025-07-22,8.3600,8.6600,0.0346
601187.SH,2021-07-22,8.7400,8.9200,0.0202
601187.SH,2022-06-21,5.9500,6.2000,0.0403
601187.SH,2023-06-08,5.3000,5.5900,0.0519
601187.SH,2024-06-14,5.1600,5.4700,0.0567
601187.SH,2024-12-12,5.6300,5.7800,0.0260
601187.SH,2025-06-26,6.7600,6.9200,0.0231
601187.SH,2025-12-05,7.2900,7.4300,0.0188
601188.SH,2014-07-22,2.4300,2.4800,0.0202
601188.SH,2015-07-16,5.0100,5.0800,0.0138
601188.SH,2016-07-21,4.2000,4.2600,0.0141
601188.SH,2017-08-23,4.7500,4.8200,0.0145
601188.SH,2018-07-31,3.4100,3.4900,0.0229
601188.SH,2019-07-18,3.2400,3.3100,0.0211
601188.SH,2020-06-10,2.7200,2.8800,0.0556
601188.SH,2021-05-20,2.9100,2.9600,0.0169
601188.SH,2022-07-22,3.0100,3.0900,0.0259
601188.SH,2023-07-17,3.2700,3.3300,0.0180
601188.SH,2024-06-25,2.9300,2.9900,0.0201
601188.SH,2025-07-24,3.6000,3.6700,0.0191
601198.SH,2016-06-28,23.2700,23.5200,0.0106
601198.SH,2018-08-09,9.9300,10.0800,0.0149
601198.SH,2020-07-23,13.5600,13.7000,0.0102
601198.SH,2021-07-06,10.4900,10.6600,0.0159
601198.SH,2022-07-28,8.2000,8.4600,0.0307
601198.SH,2024-08-09,8.4100,8.5100,0.0118
601199.SH,2013-05-27,13.9300,14.1800,0.0176
601199.SH,2014-06-17,15.7600,15.9500,0.0119
601199.SH,2015-12-18,20.2500,40.4900,0.4999
601199.SH,2016-06-15,8.0000,16.1800,0.5056
601199.SH,2017-06-28,6.8900,7.0000,0.0157
601199.SH,2018-06-28,4.3800,4.4600,0.0179
601199.SH,2019-06-24,4.0400,4.1100,0.0170
601199.SH,2020-06-19,3.9200,4.0000,0.0200
601199.SH,2021-06-16,3.6800,3.7600,0.0213
601199.SH,2022-06-22,8.5800,8.6700,0.0104
601199.SH,2023-06-28,6.9000,6.9900,0.0129
601199.SH,2024-06-28,4.8400,4.9400,0.0202
601199.SH,2025-06-23,5.1800,5.2900,0.0208
601200.SH,2019-05-06,11.3000,14.7700,0.2349
601200.SH,2024-07-26,7.3000,8.8600,0.1761
601200.SH,2025-06-13,7.9700,8.0700,0.0124
601208.SH,2011-07-22,25.1300,25.4300,0.0118
601208.SH,2012-05-07,9.8000,20.0900,0.5122
601208.SH,2013-05-07,6.1900,6.3900,0.0313
601208.SH,2014-06-19,6.9000,7.0000,0.0143
601208.SH,2017-07-05,6.9900,7.0900,0.0141
601208.SH,2018-06-13,4.6400,4.6900,0.0107
601208.SH,2021-07-08,12.8100,16.7000,0.2329
601208.SH,2024-06-05,7.6600,7.8100,0.0192
601208.SH,2025-06-17,9.1000,9.2000,0.0109
601211.SH,2016-06-08,17.8200,18.3400,0.0284
601211.SH,2017-03-29,18.3500,18.7400,0.0208
601211.SH,2018-06-29,14.4600,14.8600,0.0269
601211.SH,2019-08-12,16.3300,16.6000,0.0163
601211.SH,2020-08-12,18.2300,18.6200,0.0209
601211.SH,2021-08-20,16.9800,17.5400,0.0319
601211.SH,2022-07-15,14.3200,15.0000,0.0453
601211.SH,2023-06-29,13.7700,14.3000,0.0371
601211.SH,2024-06-28,13.6200,14.0200,0.0285
601211.SH,2025-07-28,20.2100,20.4900,0.0137
601216.SH,2012-05-24,8.2900,16.6700,0.5027
601216.SH,2014-07-07,6.7200,10.8100,0.3784
601216.SH,2015-07-15,11.5300,20.8000,0.4457
601216.SH,2016-08-10,3.9800,7.9700,0.5006
601216.SH,2018-10-22,2.6500,2.8100,0.0569
601216.SH,2020-05-26,2.6400,2.9900,0.1171
601216.SH,2021-06-11,5.7300,6.0300,0.0498
601216.SH,2022-06-07,4.2600,4.4200,0.0362
601216.SH,2023-06-02,4.1500,4.3300,0.0416
601216.SH,2024-06-06,3.9800,4.3000,0.0744
601216.SH,2025-06-06,5.3000,5.4500,0.0275
601218.SH,2013-06-03,4.4600,9.8100,0.5454
601218.SH,2021-03-24,4.9700,5.1700,0.0387
601218.SH,2022-05-26,4.2400,4.2900,0.0117
601218.SH,2023-05-26,3.9300,3.9700,0.0101
601218.SH,2024-05-07,3.2000,3.3000,0.0303
601222.SH,2012-05-31,10.6700,13.0000,0.1792
601222.SH,2013-05-16,14.2500,14.6000,0.0240
601222.SH,2015-09-21,26.7900,27.2900,0.0183
601222.SH,2016-09-28,10.1100,35.6000,0.7160
601222.SH,2017-06-07,7.2900,7.3700,0.0109
601222.SH,2019-07-19,4.4400,4.6100,0.0369
601222.SH,2021-07-09,8.1600,8.2600,0.0121
601222.SH,2022-06-08,8.2200,8.4400,0.0261
601222.SH,2023-06-13,7.5600,7.7400,0.0233
601222.SH,2024-06-19,6.5300,6.8300,0.0439
601222.SH,2025-01-22,6.8100,7.0800,0.0381
601222.SH,2025-12-12,5.5500,5.6400,0.0160
601225.SH,2014-07-11,4.0700,4.1900,0.0286
601225.SH,2017-07-20,8.8400,8.9500,0.0123
601225.SH,2018-07-10,7.5000,7.9200,0.0530
601225.SH,2019-07-11,8.7700,9.0900,0.0352
601225.SH,2020-07-10,8.2500,8.6000,0.0407
601225.SH,2021-07-09,10.1900,10.9700,0.0711
601225.SH,2022-07-08,20.5800,21.9300,0.0616
601225.SH,2023-07-12,16.8600,19.0400,0.1145
601225.SH,2024-06-28,25.3200,26.6300,0.0492
601225.SH,2025-06-25,19.5700,20.7100,0.0550
601226.SH,2015-06-11,22.4500,33.8200,0.3362
601226.SH,2016-08-05,8.7600,8.8600,0.0113
601226.SH,2022-07-29,5.8300,5.9100,0.0135
601226.SH,2023-07-07,7.6900,7.7900,0.0128
601228.SH,2020-06-23,3.0900,3.1300,0.0128
601228.SH,2021-06-18,3.1600,3.2000,0.0125
601228.SH,2022-05-27,3.5000,3.5600,0.0169
601228.SH,2023-06-21,3.1200,3.1600,0.0127
601228.SH,2024-07-12,3.0600,3.1000,0.0129
601228.SH,2025-08-08,3.3500,3.3900,0.0118
601229.SH,2017-07-20,20.5500,27.2100,0.2448
601229.SH,2018-07-17,10.6900,15.4600,0.3085
601229.SH,2019-07-03,9.0800,12.2600,0.2594
601229.SH,2020-07-08,9.0600,9.4600,0.0423
601229.SH,2021-07-06,7.7600,8.1600,0.0490
601229.SH,2022-07-08,6.1500,6.5500,0.0611
601229.SH,2023-06-28,5.6800,6.0800,0.0658
601229.SH,2024-06-27,7.0200,7.4800,0.0615
601229.SH,2024-11-28,8.0700,8.3500,0.0335
601229.SH,2025-06-12,10.4500,10.6700,0.0206
601229.SH,2025-10-16,9.4000,9.7000,0.0309
601231.SH,2013-06-14,17.0800,17.2700,0.0110
601231.SH,2015-06-23,20.5800,41.3500,0.5023
601231.SH,2018-06-08,11.0300,11.2100,0.0161
601231.SH,2019-05-27,11.9500,12.1100,0.0132
601231.SH,2021-06-03,15.6600,16.1600,0.0309
601231.SH,2022-06-13,13.1100,13.3700,0.0194
601231.SH,2023-05-30,13.7900,14.2200,0.0302
601231.SH,2024-06-05,14.7800,15.0500,0.0179
601231.SH,2025-06-06,14.8000,15.0300,0.0153
601233.SH,2011-09-06,16.2400,33.2700,0.5119
601233.SH,2013-04-23,6.7700,6.8700,0.0146
601233.SH,2017-06-20,12.2800,12.5600,0.0223
601233.SH,2018-05-15,17.6100,24.7900,0.2896
601233.SH,2020-07-08,14.3500,14.5800,0.0158
601233.SH,2022-07-07,15.4000,15.7300,0.0210
601236.SH,2021-05-11,12.2500,12.4000,0.0121
601236.SH,2021-08-04,11.9700,13.3600,0.1040
601236.SH,2022-06-23,9.3600,9.4600,0.0106
601236.SH,2025-05-12,7.4400,7.5400,0.0133
601238.SH,2012-07-25,7.2400,7.4400,0.0269
601238.SH,2012-10-12,5.2400,5.3100,0.0132
601238.SH,2014-07-24,7.7400,7.8400,0.0128
601238.SH,2018-06-12,13.3200,19.0800,0.3019
601238.SH,2019-06-25,10.9100,11.1900,0.0250
601238.SH,2020-06-22,9.0900,9.2400,0.0162
601238.SH,2021-06-08,11.3300,11.4800,0.0131
601238.SH,2022-06-23,16.2600,16.4300,0.0103
601238.SH,2023-06-16,10.4000,10.5800,0.0170
601238.SH,2024-06-13,8.4000,8.5000,0.0118
601288.SH,2011-06-17,2.6600,2.7100,0.0185
601288.SH,2012-06-20,2.5400,2.6700,0.0487
601288.SH,2013-06-28,2.4000,2.5600,0.0625
601288.SH,2014-07-03,2.3400,2.5200,0.0714
601288.SH,2015-07-10,3.9500,4.1300,0.0436
601288.SH,2016-07-07,3.1100,3.2800,0.0518
601288.SH,2017-07-13,3.4200,3.5900,0.0474
601288.SH,2018-05-25,3.6100,3.7900,0.0475
601288.SH,2019-06-19,3.6500,3.8200,0.0445
601288.SH,2020-07-10,3.4600,3.6400,0.0495
601288.SH,2021-06-17,3.0800,3.2700,0.0581
601288.SH,2022-07-15,2.7400,2.9500,0.0712
601288.SH,2023-07-18,3.4000,3.6200,0.0608
601288.SH,2024-06-07,4.2000,4.4300,0.0519
601288.SH,2025-01-08,5.1400,5.2600,0.0228
601288.SH,2025-07-17,6.1600,6.2900,0.0207
601288.SH,2025-12-15,7.6000,7.7200,0.0155
601298.SH,2019-07-16,8.4600,8.8400,0.0430
601298.SH,2020-08-05,6.6100,6.8100,0.0294
601298.SH,2021-08-26,5.6900,5.9500,0.0437
601298.SH,2022-08-26,5.2700,5.5300,0.0470
601298.SH,2023-08-01,6.3900,6.6600,0.0405
601298.SH,2024-07-31,8.9800,9.2700,0.0313
601298.SH,2024-12-30,8.5600,8.6700,0.0127
601298.SH,2025-08-25,8.4800,8.6800,0.0230
601298.SH,2025-12-24,8.5100,8.6600,0.0173
601311.SH,2012-05-21,10.8300,22.0600,0.5091
601311.SH,2013-05-29,13.8300,14.0000,0.0121
601311.SH,2014-07-08,10.9000,11.0800,0.0162
601311.SH,2016-07-18,19.4200,19.6300,0.0107
601311.SH,2019-07-05,10.6800,10.8300,0.0139
601311.SH,2020-07-13,7.5500,10.0300,0.2473
601311.SH,2021-07-12,12.2500,12.4500,0.0161
601311.SH,2022-07-18,10.6600,10.8800,0.0202
601311.SH,2023-07-07,9.1700,9.3700,0.0213
601311.SH,2024-07-04,7.5900,7.8600,0.0344
601311.SH,2025-07-04,8.7400,9.0300,0.0321
601318.SH,2014-06-27,39.2500,39.7000,0.0113
601318.SH,2015-07-27,40.0600,80.6200,0.5031
601318.SH,2016-07-05,32.0900,32.4400,0.0108
601318.SH,2017-07-11,50.5800,51.1300,0.0108
601318.SH,2018-06-07,62.6100,63.8100,0.0188
601318.SH,2019-05-23,76.5400,77.6400,0.0142
601318.SH,2020-05-08,71.9400,73.2300,0.0176
601318.SH,2020-09-16,79.1100,79.9100,0.0100
601318.SH,2021-04-22,74.2300,75.6200,0.0184
601318.SH,2021-10-25,53.4200,54.2900,0.0160
601318.SH,2022-06-20,45.5400,47.0300,0.0317
601318.SH,2022-10-20,40.3600,41.2700,0.0220
601318.SH,2023-06-14,48.1500,49.6300,0.0298
601318.SH,2023-10-25,45.1800,46.1000,0.0200
601318.SH,2024-07-26,41.0800,42.5700,0.0350
601318.SH,2024-10-18,56.0800,57.0000,0.0161
601318.SH,2025-06-30,55.3600,56.9600,0.0281
601318.SH,2025-10-24,57.8000,58.7500,0.0162
601319.SH,2020-08-21,7.4700,7.5900,0.0158
601319.SH,2021-07-29,5.2300,5.3500,0.0224
601319.SH,2022-07-29,4.6900,4.8400,0.0310
601319.SH,2023-07-28,6.1700,6.3400,0.0268
601319.SH,2024-08-09,5.4500,5.6100,0.0285
601319.SH,2025-08-08,8.2500,8.3700,0.0143
601326.SH,2018-07-06,3.8400,3.9000,0.0154
601326.SH,2019-07-05,3.5200,3.6000,0.0222
601326.SH,2020-06-24,2.5200,2.6100,0.0345
601326.SH,2021-07-14,2.5900,2.6500,0.0226
601326.SH,2022-07-19,2.9800,3.0400,0.0197
601326.SH,2023-07-19,3.2500,3.3200,0.0211
601326.SH,2024-07-17,3.2100,3.2900,0.0243
601326.SH,2025-07-18,3.2400,3.3200,0.0241
601328.SH,2008-06-20,7.4700,7.6200,0.0197
601328.SH,2008-09-25,5.7500,5.8500,0.0171
601328.SH,2009-05-27,6.7100,6.8100,0.0147
601328.SH,2009-09-21,8.7000,8.8000,0.0114
601328.SH,2010-05-06,6.9500,7.0500,0.0142
601328.SH,2010-06-23,6.1300,6.3800,0.0392
601328.SH,2010-09-13,5.8300,5.9300,0.0169
601328.SH,2011-07-19,5.0600,5.5900,0.0948
601328.SH,2012-05-31,4.6700,4.7700,0.0210
601328.SH,2013-07-11,3.8500,4.0900,0.0587
601328.SH,2014-07-11,3.6400,3.9000,0.0667
601328.SH,2015-06-03,7.1900,7.4600,0.0362
601328.SH,2016-07-13,5.6100,5.8800,0.0459
601328.SH,2017-07-07,5.9200,6.1900,0.0436
601328.SH,2018-07-16,5.7200,6.0100,0.0483
601328.SH,2019-07-09,5.8200,6.1200,0.0490
601328.SH,2020-07-14,5.1300,5.4400,0.0570
601328.SH,2021-07-13,4.5000,4.8200,0.0664
601328.SH,2022-07-12,4.6400,4.9900,0.0701
601328.SH,2023-07-12,5.4300,5.8000,0.0638
601328.SH,2024-07-10,7.3700,7.7400,0.0478
601328.SH,2025-01-24,7.2200,7.4000,0.0243
601328.SH,2025-04-18,7.5000,7.7000,0.0260
601328.SH,2025-12-25,7.2000,7.3600,0.0217
601330.SH,2020-06-19,9.6200,9.7200,0.0103
601330.SH,2021-07-02,8.4800,8.6800,0.0230
601330.SH,2022-07-21,8.0500,8.1500,0.0123
601330.SH,2023-07-26,7.4100,7.5300,0.0159
601330.SH,2024-06-26,5.8100,5.9600,0.0252
601330.SH,2024-11-19,6.4800,6.5800,0.0152
601330.SH,2025-07-30,7.1700,7.3700,0.0271
601330.SH,2025-11-11,7.4900,7.5900,0.0132
601333.SH,2007-07-19,7.6100,7.6900,0.0104
601333.SH,2008-07-17,4.0300,4.1100,0.0195
601333.SH,2009-07-09,5.1200,5.2000,0.0154
601333.SH,2010-07-13,3.6200,3.7000,0.0216
601333.SH,2011-06-23,3.8900,3.9800,0.0226
601333.SH,2012-07-12,2.9100,3.0100,0.0332
601333.SH,2013-07-16,2.3300,2.4100,0.0332
601333.SH,2014-07-28,2.5700,2.6500,0.0302
601333.SH,2016-07-25,4.0300,4.1100,0.0195
601333.SH,2017-08-14,5.0000,5.0800,0.0157
601333.SH,2018-08-03,4.1100,4.1900,0.0191
601333.SH,2019-08-12,2.9900,3.0500,0.0197
601333.SH,2020-08-14,2.5300,2.5900,0.0232
601333.SH,2024-08-16,3.4400,3.5100,0.0199
601333.SH,2025-08-15,2.8900,2.9600,0.0236
601336.SH,2012-08-16,26.9600,27.2800,0.0117
601336.SH,2018-08-10,44.3600,44.8800,0.0116
601336.SH,2019-08-09,51.0000,51.7700,0.0149
601336.SH,2020-08-07,56.5900,58.0000,0.0243
601336.SH,2021-08-06,39.1000,40.4900,0.0343
601336.SH,2022-08-10,27.4200,28.8600,0.0499
601336.SH,2023-08-10,43.9600,45.0400,0.0240
601336.SH,2024-08-09,29.0100,29.8600,0.0285
601336.SH,2024-11-29,46.0100,46.5500,0.0116
601336.SH,2025-08-08,64.5000,66.4900,0.0299
601339.SH,2013-06-27,8.0000,8.1000,0.0123
601339.SH,2014-05-22,8.0400,8.2400,0.0243
601339.SH,2015-06-29,10.7500,21.7200,0.5051
601339.SH,2016-05-11,5.7800,5.8900,0.0187
601339.SH,2017-06-07,5.7500,5.9000,0.0254
601339.SH,2017-09-15,5.8500,5.9800,0.0217
601339.SH,2018-07-06,5.3600,5.4600,0.0183
601339.SH,2019-05-21,4.6600,4.7500,0.0189
601339.SH,2020-06-19,3.5700,3.6300,0.0165
601339.SH,2021-06-28,5.4500,5.6500,0.0354
601339.SH,2022-06-14,5.6000,6.0900,0.0805
601339.SH,2023-06-12,5.6200,6.1100,0.0802
601339.SH,2024-06-05,5.2700,5.5700,0.0539
601339.SH,2025-05-30,4.8500,5.1100,0.0509
601339.SH,2025-08-28,5.4300,5.5800,0.0269
601360.SH,2012-04-24,10.6500,10.8000,0.0139
601360.SH,2013-04-08,6.9100,12.7300,0.4572
601360.SH,2014-04-09,8.2800,8.5300,0.0293
601360.SH,2015-04-15,16.5400,16.8400,0.0178
601360.SH,2016-05-06,12.3800,12.5800,0.0159
601360.SH,2017-05-11,9.5700,9.7000,0.0134
601360.SH,2022-06-15,8.2000,8.3000,0.0120
601360.SH,2024-06-06,7.9200,8.0200,0.0125
601366.SH,2018-08-27,8.6700,8.8700,0.0225
601366.SH,2019-07-08,6.3000,6.5000,0.0308
601366.SH,2020-07-20,6.2100,6.3600,0.0236
601366.SH,2022-07-20,5.8700,6.0200,0.0249
601366.SH,2023-07-10,5.3100,5.4100,0.0185
601368.SH,2017-07-19,9.2100,9.3300,0.0129
601368.SH,2018-06-27,6.6900,6.8300,0.0205
601368.SH,2019-05-24,6.1500,6.2600,0.0176
601368.SH,2020-07-08,5.5900,5.6800,0.0158
601368.SH,2021-07-06,4.9400,5.0300,0.0179
601368.SH,2022-07-05,6.0800,6.1800,0.0162
601368.SH,2023-06-16,5.2400,5.3000,0.0113
601369.SH,2011-04-22,15.7800,24.1700,0.3471
601369.SH,2012-05-07,11.4400,11.7900,0.0297
601369.SH,2013-04-22,8.1800,8.5300,0.0410
601369.SH,2014-04-25,6.7000,7.0500,0.0496
601369.SH,2015-04-30,11.9400,12.1900,0.0205
601369.SH,2016-06-07,6.3300,6.5300,0.0306
601369.SH,2017-06-09,6.6300,6.7800,0.0221
601369.SH,2018-06-26,6.2400,6.3900,0.0235
601369.SH,2019-07-03,6.4900,6.6900,0.0299
601369.SH,2020-05-29,6.0000,6.2300,0.0369
601369.SH,2021-06-10,9.1700,9.4500,0.0296
601369.SH,2022-06-16,8.8500,9.1600,0.0338
601369.SH,2023-06-16,8.4800,8.8300,0.0396
601369.SH,2024-06-06,8.2700,8.6600,0.0450
601369.SH,2024-10-11,8.4200,8.6000,0.0209
601369.SH,2025-07-11,8.7600,9.0300,0.0299
601369.SH,2025-09-19,8.2200,8.3800,0.0191
601375.SH,2017-06-12,10.0100,10.1300,0.0118
601377.SH,2013-04-11,11.2100,11.3300,0.0106
601377.SH,2014-09-19,5.9100,11.8200,0.5000
601377.SH,2016-01-07,10.3500,11.0000,0.0591
601377.SH,2016-05-19,7.6300,7.7300,0.0129
601377.SH,2017-08-02,8.0400,8.1900,0.0183
601377.SH,2018-08-22,4.5100,4.6600,0.0322
601377.SH,2021-08-25,11.5500,11.7300,0.0153
601377.SH,2022-08-25,6.0500,6.3100,0.0412
601377.SH,2022-12-26,5.6400,5.8200,0.0309
601377.SH,2023-08-25,6.6000,6.7300,0.0193
601377.SH,2024-08-21,5.0700,5.1700,0.0193
601377.SH,2025-08-14,6.7400,6.8400,0.0146
601388.SH,2012-07-31,14.5200,14.6700,0.0102
601388.SH,2014-07-03,8.1700,10.6800,0.2350
601388.SH,2016-07-26,5.3000,20.1500,0.7370
601388.SH,2021-06-11,3.6300,3.6900,0.0163
601388.SH,2022-05-31,3.5800,3.6600,0.0219
601388.SH,2023-06-01,2.7400,2.7700,0.0108
601390.SH,2010-07-16,4.2600,4.3200,0.0139
601390.SH,2011-07-19,3.8900,3.9400,0.0127
601390.SH,2012-07-30,2.5600,2.6100,0.0192
601390.SH,2013-08-05,2.7600,2.8100,0.0178
601390.SH,2014-08-06,2.8900,2.9600,0.0236
601390.SH,2016-08-12,6.8200,6.9100,0.0130
601390.SH,2017-08-04,8.5900,8.6800,0.0104
601390.SH,2018-07-18,7.3600,7.4700,0.0147
601390.SH,2019-07-23,6.3000,6.4300,0.0202
601390.SH,2020-08-07,5.5400,5.7100,0.0298
601390.SH,2021-07-29,5.0500,5.2300,0.0344
601390.SH,2022-07-29,5.9300,6.1300,0.0326
601390.SH,2023-07-28,7.4500,7.6500,0.0261
601390.SH,2024-07-26,6.1100,6.3200,0.0332
601390.SH,2025-07-18,5.5800,5.7600,0.0312
601390.SH,2025-12-23,5.3800,5.4600,0.0147
601398.SH,2008-06-18,5.0400,5.1700,0.0251
601398.SH,2009-06-04,4.5300,4.6900,0.0341
601398.SH,2010-05-27,4.3500,4.5200,0.0376
601398.SH,2010-11-24,4.9100,5.0000,0.0180
601398.SH,2011-06-15,4.2700,4.4500,0.0404
601398.SH,2012-06-14,4.0000,4.2000,0.0476
601398.SH,2013-06-26,3.7200,3.9600,0.0606
601398.SH,2014-06-20,3.4500,3.7100,0.0701
601398.SH,2015-07-07,5.5300,5.7900,0.0449
601398.SH,2016-07-08,4.3600,4.5900,0.0501
601398.SH,2017-07-11,5.0000,5.2300,0.0440
601398.SH,2018-07-13,5.4200,5.6600,0.0424
601398.SH,2019-07-03,5.6800,5.9300,0.0422
601398.SH,2020-06-30,4.9900,5.2500,0.0495
601398.SH,2021-07-06,4.9300,5.2000,0.0519
601398.SH,2022-07-12,4.5000,4.7900,0.0605
601398.SH,2023-07-17,4.5700,4.8700,0.0616
601398.SH,2024-07-16,5.8900,6.2000,0.0500
601398.SH,2025-01-07,6.6100,6.7500,0.0207
601398.SH,2025-07-14,7.8500,8.0100,0.0200
601398.SH,2025-12-15,7.8300,7.9700,0.0176
601456.SH,2024-08-05,9.9000,10.0400,0.0139
601500.SH,2019-06-13,7.0600,7.1400,0.0112
601500.SH,2021-06-04,5.4900,5.6300,0.0249
601500.SH,2022-07-13,3.7400,4.5700,0.1816
601500.SH,2024-06-27,5.5100,5.5700,0.0108
601512.SH,2020-06-22,11.6100,11.8300,0.0186
601512.SH,2021-06-21,9.9900,10.2500,0.0254
601512.SH,2022-06-21,9.1300,9.4300,0.0318
601512.SH,2023-07-10,9.2600,9.5800,0.0334
601512.SH,2024-07-08,7.3700,7.6400,0.0353
601512.SH,2025-07-08,7.2600,7.3900,0.0176
601515.SH,2012-05-30,13.9400,14.3000,0.0252
601515.SH,2013-06-24,13.0100,13.3900,0.0284
601515.SH,2013-10-10,18.0300,18.6800,0.0348
601515.SH,2014-06-23,12.2400,24.4800,0.5000
601515.SH,2016-06-13,10.6100,11.1500,0.0484
601515.SH,2017-09-29,10.9600,11.2100,0.0223
601515.SH,2018-10-25,6.6600,6.8900,0.0334
601515.SH,2019-04-23,10.7700,13.4200,0.1975
601515.SH,2020-06-23,6.0300,6.1800,0.0243
601515.SH,2021-05-27,6.4800,6.7800,0.0442
601515.SH,2022-05-23,4.5400,5.9000,0.2305
601518.SH,2012-05-09,2.7900,2.8400,0.0176
601518.SH,2013-07-03,2.1200,2.1800,0.0275
601518.SH,2014-06-26,2.1700,2.2300,0.0269
601518.SH,2017-06-06,3.6700,3.7200,0.0134
601518.SH,2018-05-16,3.6100,3.6800,0.0190
601518.SH,2023-06-29,2.4400,3.4200,0.2865
601518.SH,2024-07-04,2.4200,2.5100,0.0359
601518.SH,2025-07-03,2.6800,2.7700,0.0325
601519.SH,2012-05-17,6.1900,12.4800,0.5040
601519.SH,2013-06-20,4.0300,5.2400,0.2309
601519.SH,2014-04-30,6.6500,7.3200,0.0915
601528.SH,2022-05-10,8.0700,8.2500,0.0218
601528.SH,2023-05-10,6.1500,8.1400,0.2445
601528.SH,2024-05-09,4.9400,5.1200,0.0352
601528.SH,2025-05-09,5.0600,5.2600,0.0380
601555.SH,2016-06-16,12.5000,12.8000,0.0234
601555.SH,2017-05-19,11.1100,11.2600,0.0133
601555.SH,2018-05-10,7.9900,8.1400,0.0184
601555.SH,2020-03-23,8.6500,9.2100,0.0608
601555.SH,2020-06-10,7.6900,7.8200,0.0166
601555.SH,2021-07-23,8.2000,8.3600,0.0191
601555.SH,2021-12-23,8.4800,8.8700,0.0440
601555.SH,2022-06-21,6.9300,7.1000,0.0239
601555.SH,2023-06-20,7.1700,7.3300,0.0218
601555.SH,2024-06-13,6.1700,6.3600,0.0299
601555.SH,2025-06-11,8.1100,8.3500,0.0287
601555.SH,2025-10-15,9.7400,9.8800,0.0142
601566.SH,2012-05-31,24.4300,25.0300,0.0240
601566.SH,2013-06-19,14.1800,14.8800,0.0470
601566.SH,2014-05-23,11.1700,11.8700,0.0590
601566.SH,2015-05-27,36.6200,37.6200,0.0266
601566.SH,2016-06-01,15.7100,16.2100,0.0308
601566.SH,2017-05-25,17.7400,18.7400,0.0534
601566.SH,2018-06-01,16.0900,17.0900,0.0585
601566.SH,2019-06-04,13.2500,14.2500,0.0702
601566.SH,2020-05-29,9.0300,9.6800,0.0671
601566.SH,2021-06-08,11.1900,11.6900,0.0428
601566.SH,2022-05-30,8.0000,8.5000,0.0588
601566.SH,2024-06-06,9.4500,9.7500,0.0308
601566.SH,2025-06-09,8.9600,9.2600,0.0324
601567.SH,2012-06-29,8.9000,13.8500,0.3574
601567.SH,2013-07-02,7.8600,8.3600,0.0598
601567.SH,2014-07-09,10.5100,11.0100,0.0454
601567.SH,2015-06-17,22.0600,55.2500,0.6007
601567.SH,2017-07-17,10.4300,10.7300,0.0280
601567.SH,2018-06-15,8.3400,8.6400,0.0347
601567.SH,2019-06-18,5.6600,5.9600,0.0503
601567.SH,2020-06-23,6.9400,7.1500,0.0294
601567.SH,2021-06-07,17.5500,17.9000,0.0196
601567.SH,2022-06-10,9.6500,9.9700,0.0321
601567.SH,2023-06-01,12.4600,12.8100,0.0273
601567.SH,2024-06-19,36.4600,37.1000,0.0173
601567.SH,2025-06-11,22.2600,23.1400,0.0380
601567.SH,2025-10-20,23.5200,24.0000,0.0200
601568.SH,2021-05-26,8.7900,9.0400,0.0277
601568.SH,2022-06-01,6.7600,7.7900,0.1322
601568.SH,2023-06-26,5.2900,5.5500,0.0468
601568.SH,2023-11-03,5.0100,5.3100,0.0565
601568.SH,2024-06-26,3.7300,3.8300,0.0261
601568.SH,2025-07-07,4.1300,4.2300,0.0236
601577.SH,2019-07-04,9.5000,9.7800,0.0286
601577.SH,2020-07-15,8.6700,8.9900,0.0356
601577.SH,2021-07-12,8.5900,8.9100,0.0359
601577.SH,2022-08-02,7.0800,7.4300,0.0471
601577.SH,2023-07-21,7.6200,7.9700,0.0439
601577.SH,2024-07-16,7.7300,8.1100,0.0469
601577.SH,2025-06-13,9.9400,10.3600,0.0405
601577.SH,2025-09-26,8.8200,9.0200,0.0222
601579.SH,2019-07-22,8.4600,8.5700,0.0128
601579.SH,2022-06-13,12.2500,12.4200,0.0137
601579.SH,2023-05-19,11.7900,12.0900,0.0248
601579.SH,2024-05-23,11.4500,11.6600,0.0180
601579.SH,2025-05-30,26.0600,26.4500,0.0147
601588.SH,2012-07-02,2.8200,2.8500,0.0105
601588.SH,2013-07-08,2.9500,3.0100,0.0199
601588.SH,2014-06-17,2.4700,2.5300,0.0237
601588.SH,2016-06-16,4.1800,4.2400,0.0142
601588.SH,2018-06-28,3.5200,3.6300,0.0303
601588.SH,2019-06-27,3.7900,3.9100,0.0307
601588.SH,2020-07-03,2.8200,2.9700,0.0505
601588.SH,2021-07-02,2.3000,2.3300,0.0129
601588.SH,2024-07-08,1.3800,1.4000,0.0143
601595.SH,2018-07-12,15.5100,15.7700,0.0165
601595.SH,2019-07-18,15.1400,15.3700,0.0150
601595.SH,2020-07-24,14.4700,17.4800,0.1722
601598.SH,2019-07-19,4.6400,4.7700,0.0273
601598.SH,2020-07-16,3.5800,3.7000,0.0324
601598.SH,2021-07-28,4.6600,4.7800,0.0251
601598.SH,2022-07-15,3.6400,3.8200,0.0471
601598.SH,2022-11-18,3.7200,3.8200,0.0262
601598.SH,2023-06-28,4.4500,4.5500,0.0220
601598.SH,2023-10-19,4.6600,4.8000,0.0292
601598.SH,2024-07-22,4.9400,5.0800,0.0276
601598.SH,2024-10-15,5.4700,5.6100,0.0250
601598.SH,2025-07-21,5.2200,5.3600,0.0261
601598.SH,2025-10-20,6.1200,6.2600,0.0224
601599.SH,2012-04-12,7.4200,11.3300,0.3451
601599.SH,2016-06-08,11.3400,22.7800,0.5022
601599.SH,2017-06-16,6.6600,6.7300,0.0104
601599.SH,2018-07-24,3.8000,3.9100,0.0281
601600.SH,2024-07-26,6.6500,6.7300,0.0119
601600.SH,2024-12-27,7.3600,7.4400,0.0108
601600.SH,2025-08-08,7.4100,7.5400,0.0172
601600.SH,2025-10-17,8.6000,8.7200,0.0138
601601.SH,2008-06-17,19.8100,20.1100,0.0149
601601.SH,2009-06-12,19.9200,20.2200,0.0148
601601.SH,2010-07-02,22.4500,22.7500,0.0132
601601.SH,2011-06-24,20.7100,21.0600,0.0166
601601.SH,2012-06-25,21.2900,21.6400,0.0162
601601.SH,2013-07-22,16.0100,16.3600,0.0214
601601.SH,2014-07-18,17.5500,17.9500,0.0223
601601.SH,2015-07-17,28.5600,29.0600,0.0172
601601.SH,2016-08-11,26.0200,27.0200,0.0370
601601.SH,2017-08-02,35.0900,35.7900,0.0196
601601.SH,2018-08-08,32.5800,33.3800,0.0240
601601.SH,2019-07-23,37.3000,38.3000,0.0261
601601.SH,2020-06-11,28.7000,29.9000,0.0401
601601.SH,2021-06-30,28.7700,30.0700,0.0432
601601.SH,2022-07-11,21.8800,22.8800,0.0437
601601.SH,2023-06-29,26.0100,27.0300,0.0377
601601.SH,2024-07-12,27.2300,28.2500,0.0361
601601.SH,2025-07-18,36.6700,37.7500,0.0286
601607.SH,1995-05-10,10.3200,10.5400,0.0209
601607.SH,1996-05-10,7.6300,7.8200,0.0243
601607.SH,1997-03-14,10.0700,11.9000,0.1538
601607.SH,1997-06-09,8.1200,12.3000,0.3398
601607.SH,1999-05-06,9.7100,14.5700,0.3336
601607.SH,2001-03-02,19.0600,19.9800,0.0460
601607.SH,2001-05-15,17.7100,20.8000,0.1486
601607.SH,2003-06-19,9.3100,14.1700,0.3430
601607.SH,2004-08-20,5.1600,5.2500,0.0171
601607.SH,2005-08-19,3.8300,3.9100,0.0205
601607.SH,2007-04-23,15.2400,14.5900,0.0446
601607.SH,2007-04-26,15.3400,15.9000,0.0352
601607.SH,2007-04-30,14.7900,15.5700,0.0501
601607.SH,2007-05-10,15.5400,16.2100,0.0413
601607.SH,2007-08-16,14.1900,17.0300,0.1668
601607.SH,2010-03-05,4.5000,14.7300,0.6945
601607.SH,2012-07-20,10.8400,11.0000,0.0145
601607.SH,2013-07-24,11.1500,11.3900,0.0211
601607.SH,2014-05-26,12.0900,12.3500,0.0211
601607.SH,2015-06-19,27.1300,27.4200,0.0106
601607.SH,2016-07-19,19.2200,19.5500,0.0169
601607.SH,2017-07-14,26.8400,27.2000,0.0132
601607.SH,2018-07-16,24.8400,25.2200,0.0151
601607.SH,2019-07-16,17.3000,17.7100,0.0232
601607.SH,2020-07-20,18.8600,19.3000,0.0228
601607.SH,2021-07-19,19.5100,19.9900,0.0240
601607.SH,2022-07-22,17.4600,17.8800,0.0235
601607.SH,2023-07-20,20.2300,20.8400,0.0293
601607.SH,2024-07-22,19.7700,20.1800,0.0203
601607.SH,2025-07-18,18.8900,19.1800,0.0151
601608.SH,2013-08-16,3.2200,3.2800,0.0183
601608.SH,2014-07-02,3.0500,3.1100,0.0193
601608.SH,2015-08-25,7.5600,11.4000,0.3368
601609.SH,2021-06-23,8.7400,8.8500,0.0124
601609.SH,2022-06-15,7.4200,7.5300,0.0146
601609.SH,2023-06-14,6.3500,6.4400,0.0140
601609.SH,2024-06-06,5.8800,6.0000,0.0200
601609.SH,2025-06-13,6.9000,7.0100,0.0157
601611.SH,2023-07-26,7.8800,7.9600,0.0101
601611.SH,2024-08-01,7.9300,8.0200,0.0112
601615.SH,2023-06-14,16.6200,16.9200,0.0177
601615.SH,2024-07-05,8.9800,9.2700,0.0313
601615.SH,2025-07-04,11.0800,11.3700,0.0255
601616.SH,2011-06-22,14.9100,15.2100,0.0197
601616.SH,2012-05-15,5.5500,10.0900,0.4500
601616.SH,2013-05-24,3.9000,4.0000,0.0250
601616.SH,2014-05-15,3.7100,3.7600,0.0133
601616.SH,2019-07-12,3.4300,3.4700,0.0115
601616.SH,2020-06-15,3.3100,3.3600,0.0149
601616.SH,2021-07-19,3.2100,3.3000,0.0273
601616.SH,2023-06-28,3.2700,3.3300,0.0180
601616.SH,2024-07-16,2.7900,2.8600,0.0245
601616.SH,2025-07-11,4.0000,4.0700,0.0172
601618.SH,2011-08-08,3.3400,3.3900,0.0147
601618.SH,2014-07-15,1.6900,1.7500,0.0343
601618.SH,2016-05-06,4.0100,4.0600,0.0123
601618.SH,2017-07-18,5.1200,5.1800,0.0116
601618.SH,2018-07-17,3.2400,3.3100,0.0211
601618.SH,2019-07-19,2.9600,3.0300,0.0231
601618.SH,2020-07-17,2.7600,2.8300,0.0247
601618.SH,2021-07-16,3.1000,3.1700,0.0221
601618.SH,2022-07-26,3.3100,3.3900,0.0236
601618.SH,2023-07-25,3.9300,4.0100,0.0200
601618.SH,2024-07-19,3.0500,3.1200,0.0224
601618.SH,2025-07-21,3.0100,3.0700,0.0195
601619.SH,2020-08-04,3.8300,3.8700,0.0103
601619.SH,2021-06-11,3.3900,3.4400,0.0145
601619.SH,2022-06-07,4.1400,4.2400,0.0236
601619.SH,2023-05-26,4.7000,4.7800,0.0167
601619.SH,2024-05-31,3.4700,3.5800,0.0307
601619.SH,2025-05-29,3.4900,3.5900,0.0279
601619.SH,2025-12-11,4.2400,4.3000,0.0140
601628.SH,2008-06-12,26.9100,27.3300,0.0154
601628.SH,2010-06-24,24.5900,25.2900,0.0277
601628.SH,2011-06-20,18.0000,18.4000,0.0217
601628.SH,2012-06-08,16.4300,16.6600,0.0138
601628.SH,2014-06-25,13.6000,13.9000,0.0216
601628.SH,2015-06-12,37.3400,37.7400,0.0106
601628.SH,2016-06-17,20.3700,20.7900,0.0202
601628.SH,2018-06-21,24.0500,24.4500,0.0164
601628.SH,2020-07-16,38.8400,39.5700,0.0184
601628.SH,2021-07-15,30.5600,31.2000,0.0205
601628.SH,2022-07-14,28.7700,29.4200,0.0221
601628.SH,2023-07-13,33.4900,33.9800,0.0144
601628.SH,2024-07-11,30.8400,31.2700,0.0138
601628.SH,2025-07-10,39.6900,40.1400,0.0112
601633.SH,2012-05-21,15.4300,15.7300,0.0191
601633.SH,2013-05-24,36.8300,37.4000,0.0152
601633.SH,2014-05-23,27.5600,28.3800,0.0289
601633.SH,2015-05-26,51.5300,52.3300,0.0153
601633.SH,2015-10-13,12.3400,37.2700,0.6689
601633.SH,2016-05-31,8.3000,8.4900,0.0224
601633.SH,2017-05-25,11.9600,12.3100,0.0284
601633.SH,2018-05-28,10.7500,10.9200,0.0156
601633.SH,2019-05-31,8.2600,8.5500,0.0339
601633.SH,2020-06-30,7.6700,7.9200,0.0316
601633.SH,2023-07-13,25.7100,26.0100,0.0115
601633.SH,2024-06-12,24.8500,25.1500,0.0119
601633.SH,2025-07-16,21.7500,22.2000,0.0203
601636.SH,2012-06-04,8.8300,8.9800,0.0167
601636.SH,2013-04-19,5.9200,6.0200,0.0166
601636.SH,2014-04-04,7.3600,7.5400,0.0239
601636.SH,2015-09-23,4.8300,12.1800,0.6034
601636.SH,2017-06-28,4.4400,4.5900,0.0327
601636.SH,2018-05-23,5.4000,5.7000,0.0526
601636.SH,2019-05-24,3.6700,3.9600,0.0732
601636.SH,2020-06-18,5.7300,6.0200,0.0482
601636.SH,2021-06-18,16.6800,17.0300,0.0206
601636.SH,2022-05-27,11.1300,11.9300,0.0671
601636.SH,2023-07-07,8.1400,8.3900,0.0298
601636.SH,2024-07-11,6.0200,6.3500,0.0520
601658.SH,2020-06-10,5.0100,5.2200,0.0402
601658.SH,2021-07-22,4.7600,4.9700,0.0423
601658.SH,2022-07-12,5.0400,5.2900,0.0473
601658.SH,2023-07-13,4.7000,4.9600,0.0524
601658.SH,2024-07-11,4.8700,5.1300,0.0507
601658.SH,2025-01-08,5.4400,5.5900,0.0268
601658.SH,2025-04-30,5.2400,5.3500,0.0206
601658.SH,2026-01-12,5.3000,5.4200,0.0221
601665.SH,2021-08-20,6.7900,6.9700,0.0258
601665.SH,2022-07-06,4.7000,4.8800,0.0369
601665.SH,2023-07-10,3.7800,3.9700,0.0479
601665.SH,2024-07-05,4.8100,5.0300,0.0437
601665.SH,2025-01-23,5.2900,5.4200,0.0240
601665.SH,2025-06-12,6.5000,6.6400,0.0211
601665.SH,2026-02-11,5.8700,5.9900,0.0200
601666.SH,2008-06-25,36.4400,36.9500,0.0138
601666.SH,2009-06-24,26.7600,35.9000,0.2546
601666.SH,2010-06-18,16.2300,21.3000,0.2380
601666.SH,2011-06-20,13.3100,17.5000,0.2394
601666.SH,2012-06-06,10.9000,11.1000,0.0180
601666.SH,2013-06-20,6.3600,6.5000,0.0215
601666.SH,2014-07-11,3.9500,4.0300,0.0199
601666.SH,2020-06-12,3.9100,4.2100,0.0713
601666.SH,2021-06-10,7.2800,7.6300,0.0459
601666.SH,2022-05-31,15.3600,16.1200,0.0471
601666.SH,2023-05-30,8.5400,9.4100,0.0925
601666.SH,2024-05-24,12.7800,13.7600,0.0712
601666.SH,2025-06-09,7.9100,8.4800,0.0672
601668.SH,2011-06-03,3.6300,3.6900,0.0163
601668.SH,2012-06-12,3.2900,3.3700,0.0237
601668.SH,2013-07-25,3.1600,3.2600,0.0307
601668.SH,2014-06-17,2.8600,3.0000,0.0467
601668.SH,2015-06-16,9.4900,9.6600,0.0176
601668.SH,2016-06-16,5.1800,5.3800,0.0372
601668.SH,2017-06-16,9.3300,9.5400,0.0220
601668.SH,2018-06-29,5.3700,7.7300,0.3053
601668.SH,2019-06-14,5.7500,5.9200,0.0287
601668.SH,2020-06-24,4.8200,5.0000,0.0360
601668.SH,2021-06-30,4.6800,4.8900,0.0429
601668.SH,2022-06-30,5.2800,5.5300,0.0452
601668.SH,2023-06-30,5.7300,5.9800,0.0418
601668.SH,2024-06-27,5.1900,5.4600,0.0495
601668.SH,2025-07-17,5.8200,6.0900,0.0443
601669.SH,2013-07-04,2.6400,2.7700,0.0469
601669.SH,2014-07-04,2.6500,2.7900,0.0502
601669.SH,2016-07-14,5.9600,6.0400,0.0132
601669.SH,2017-07-14,8.1600,8.2500,0.0109
601669.SH,2018-06-29,5.3600,5.4500,0.0165
601669.SH,2019-07-24,4.9800,5.0800,0.0197
601669.SH,2021-07-07,3.8500,3.9400,0.0228
601669.SH,2022-07-25,7.5100,7.6100,0.0131
601669.SH,2023-07-11,5.7200,5.8400,0.0205
601669.SH,2024-07-19,5.3500,5.4900,0.0255
601669.SH,2025-07-18,4.9300,5.0600,0.0257
601677.SH,2013-07-03,7.0200,7.1200,0.0140
601677.SH,2019-06-17,9.9900,10.1800,0.0187
601677.SH,2020-06-08,8.8600,8.9600,0.0112
601677.SH,2021-05-14,17.6600,17.8600,0.0112
601677.SH,2022-05-11,24.4400,34.5000,0.2916
601677.SH,2023-06-07,13.6000,13.7700,0.0123
601677.SH,2024-06-27,11.7500,11.8800,0.0109
601678.SH,2011-03-10,20.4200,30.7300,0.3355
601678.SH,2012-03-15,14.4200,14.6200,0.0137
601678.SH,2013-04-17,8.4400,8.5900,0.0175
601678.SH,2014-04-16,7.2900,7.4400,0.0202
601678.SH,2015-04-15,10.2000,15.4700,0.3407
601678.SH,2016-04-25,5.5000,6.7500,0.1852
601678.SH,2017-04-19,6.7700,6.8700,0.0146
601678.SH,2018-04-17,6.7700,9.0200,0.2494
601678.SH,2019-04-19,8.2300,8.3800,0.0179
601678.SH,2020-06-03,4.4200,4.5200,0.0221
601678.SH,2021-05-27,6.7200,6.8200,0.0147
601678.SH,2022-06-02,5.7400,5.8900,0.0255
601678.SH,2023-06-12,4.5200,4.6500,0.0280
601678.SH,2024-06-20,3.5600,3.6100,0.0139
601686.SH,2021-02-05,12.6500,13.1000,0.0344
601686.SH,2022-01-26,9.9200,10.0700,0.0149
601686.SH,2023-01-20,6.1000,6.2500,0.0240
601686.SH,2024-01-29,6.1000,6.3900,0.0454
601686.SH,2025-01-23,5.1500,5.3000,0.0283
601686.SH,2025-06-13,5.8100,5.9600,0.0252
601686.SH,2026-01-21,6.3100,6.6000,0.0439
601688.SH,2011-06-21,11.5100,11.6600,0.0129
601688.SH,2012-06-21,10.9500,11.1000,0.0135
601688.SH,2013-06-13,9.8000,9.9500,0.0151
601688.SH,2014-06-25,7.4600,7.6100,0.0197
601688.SH,2015-04-30,30.1300,30.6300,0.0163
601688.SH,2016-08-05,18.6300,19.1300,0.0261
601688.SH,2017-08-08,19.6500,20.1500,0.0248
601688.SH,2018-11-15,16.9100,17.2100,0.0174
601688.SH,2019-08-16,18.9600,19.2600,0.0156
601688.SH,2020-07-16,22.7100,23.0100,0.0130
601688.SH,2021-08-06,14.4400,14.8400,0.0270
601688.SH,2022-08-05,12.4600,12.9100,0.0349
601688.SH,2023-08-11,17.5300,17.9800,0.0250
601688.SH,2024-08-16,12.4800,12.9100,0.0333
601688.SH,2025-08-15,21.4700,21.8400,0.0169
601689.SH,2016-08-17,29.2400,29.8600,0.0208
601689.SH,2019-07-10,10.7600,16.0100,0.3279
601689.SH,2024-07-19,39.4000,57.6900,0.3170
601689.SH,2025-06-13,47.4700,47.9900,0.0108
601699.SH,2008-06-03,43.0400,78.1900,0.4495
601699.SH,2009-06-11,37.2700,38.2700,0.0261
601699.SH,2010-06-10,33.9600,34.9600,0.0286
601699.SH,2011-06-28,32.4900,65.9800,0.5076
601699.SH,2012-06-15,23.3700,23.8700,0.0209
601699.SH,2013-07-05,11.6900,12.0300,0.0283
601699.SH,2015-06-11,12.1100,15.7800,0.2326
601699.SH,2017-06-29,7.7800,7.8700,0.0114
601699.SH,2018-06-26,9.8000,10.0900,0.0287
601699.SH,2019-06-26,8.0100,8.2800,0.0326
601699.SH,2020-06-29,5.6100,5.8500,0.0410
601699.SH,2021-06-29,12.2700,12.4600,0.0152
601699.SH,2022-06-24,13.6800,14.3500,0.0467
601699.SH,2023-06-08,16.6400,19.4900,0.1462
601699.SH,2024-06-19,20.1000,21.6900,0.0733
601699.SH,2025-06-25,10.4600,10.8700,0.0377
601700.SH,2011-05-16,25.7100,26.0600,0.0134
601700.SH,2012-06-11,14.7600,14.9600,0.0134
601700.SH,2013-04-02,8.8200,18.1300,0.5135
601700.SH,2014-05-05,15.9400,16.2600,0.0197
601700.SH,2015-05-13,14.4900,36.6600,0.6047
601700.SH,2016-06-13,7.5900,7.7400,0.0194
601700.SH,2017-06-15,5.9300,6.0800,0.0247
601700.SH,2018-07-05,3.4200,3.5200,0.0284
601700.SH,2019-05-31,6.6600,6.8400,0.0263
601700.SH,2021-05-14,4.3300,4.4300,0.0226
601700.SH,2022-05-27,4.6500,4.7000,0.0106
601700.SH,2024-06-19,4.6800,4.7300,0.0106
601702.SH,2024-06-18,18.9200,19.1200,0.0105
601702.SH,2025-06-06,15.8100,16.1100,0.0186
601717.SH,2011-10-19,24.3100,24.7600,0.0182
601717.SH,2012-03-13,15.5400,31.1900,0.5018
601717.SH,2013-06-26,6.3800,6.6800,0.0449
601717.SH,2014-07-04,4.7600,4.9200,0.0325
601717.SH,2019-07-08,5.9700,6.1100,0.0229
601717.SH,2020-07-06,6.0700,6.2500,0.0288
601717.SH,2021-07-02,11.6100,11.8200,0.0178
601717.SH,2022-06-15,13.3600,13.7900,0.0312
601717.SH,2023-06-09,11.6200,12.1800,0.0460
601717.SH,2024-06-26,14.4800,15.3200,0.0548
601717.SH,2025-07-25,16.7000,17.8200,0.0629
601718.SH,2013-07-08,2.4500,2.4800,0.0121
601718.SH,2014-07-11,2.4800,2.5200,0.0159
601718.SH,2018-08-15,4.1000,4.2700,0.0398
601718.SH,2024-08-09,2.5000,2.5300,0.0119
601727.SH,2012-07-20,4.3100,4.3900,0.0182
601727.SH,2013-08-16,3.3000,3.3600,0.0179
601727.SH,2014-08-22,4.0200,4.0900,0.0171
601727.SH,2018-08-28,5.0000,5.0900,0.0177
601727.SH,2019-08-08,4.8700,4.9300,0.0122
601727.SH,2021-08-09,4.2300,4.3000,0.0163
601728.SH,2022-06-08,3.7400,3.9100,0.0435
601728.SH,2022-09-08,3.7000,3.8200,0.0314
601728.SH,2023-06-09,6.0900,6.1700,0.0130
601728.SH,2023-08-31,5.7900,5.9300,0.0236
601728.SH,2024-06-13,5.7300,5.8200,0.0155
601728.SH,2024-09-11,6.0200,6.1900,0.0275
601728.SH,2025-06-11,7.7900,7.8800,0.0114
601728.SH,2025-09-04,7.4000,7.5800,0.0237
601766.SH,2012-07-09,4.2100,4.3900,0.0410
601766.SH,2013-07-08,3.4700,3.5600,0.0253
601766.SH,2014-07-29,5.1600,5.2500,0.0171
601766.SH,2016-08-05,8.8800,9.0300,0.0166
601766.SH,2017-08-11,10.0000,10.2100,0.0206
601766.SH,2018-07-16,7.4400,7.5900,0.0198
601766.SH,2019-08-15,7.3000,7.4500,0.0201
601766.SH,2020-08-14,5.9000,6.0500,0.0248
601766.SH,2021-08-13,5.9300,6.1100,0.0295
601766.SH,2022-08-12,4.9600,5.1400,0.0350
601766.SH,2023-08-11,6.4100,6.6100,0.0303
601766.SH,2024-08-14,7.4600,7.6600,0.0261
601766.SH,2025-08-14,7.3300,7.5400,0.0279
601766.SH,2025-11-20,7.4600,7.5700,0.0145
601777.SH,2011-05-16,12.0800,12.4300,0.0282
601777.SH,2012-06-15,7.0800,7.2800,0.0275
601777.SH,2013-06-20,6.0300,6.2300,0.0321
601777.SH,2014-06-27,6.3900,6.6400,0.0377
601777.SH,2015-07-10,10.4800,10.6800,0.0187
601788.SH,2009-10-27,24.3500,24.9300,0.0233
601788.SH,2010-04-30,20.2200,20.7200,0.0241
601788.SH,2011-06-03,13.7700,14.2200,0.0316
601788.SH,2012-06-05,13.9100,14.1700,0.0183
601788.SH,2016-05-18,15.9100,16.5100,0.0363
601788.SH,2017-07-19,14.6200,14.8200,0.0135
601788.SH,2018-07-06,10.4200,10.6200,0.0188
601788.SH,2021-07-09,15.8100,15.9700,0.0100
601788.SH,2022-08-05,13.9500,14.1800,0.0162
601788.SH,2023-08-22,16.9300,17.1400,0.0123
601788.SH,2024-07-25,14.1600,14.4400,0.0194
601789.SH,2012-05-15,8.2300,8.3300,0.0120
601789.SH,2013-05-24,8.1700,8.2700,0.0121
601789.SH,2014-05-26,7.6400,7.7900,0.0193
601789.SH,2016-06-24,5.4300,10.9800,0.5055
601789.SH,2017-06-15,4.8400,4.9100,0.0143
601789.SH,2018-07-06,3.4500,3.5200,0.0199
601789.SH,2019-06-24,4.3000,4.3700,0.0160
601789.SH,2020-06-03,5.0300,5.1300,0.0195
601789.SH,2021-06-24,3.8200,3.9200,0.0255
601789.SH,2022-07-07,5.4100,5.5300,0.0217
601789.SH,2023-06-30,4.6900,4.7900,0.0209
601789.SH,2024-07-04,3.6800,3.7800,0.0265
601789.SH,2025-07-11,5.5000,5.6000,0.0179
601798.SH,2014-01-22,10.6700,11.2200,0.0490
601799.SH,2011-06-03,19.1500,19.3800,0.0119
601799.SH,2012-04-19,13.1500,13.7300,0.0422
601799.SH,2013-06-07,13.0100,13.6600,0.0476
601799.SH,2014-06-18,17.2700,18.0000,0.0406
601799.SH,2015-06-11,50.5600,51.3400,0.0152
601799.SH,2016-04-27,38.0600,38.7800,0.0186
601799.SH,2017-06-16,43.2400,43.9600,0.0164
601799.SH,2018-06-07,58.7000,59.6600,0.0161
601799.SH,2019-05-08,69.5300,70.5200,0.0140
601800.SH,2012-07-27,4.6000,4.7800,0.0377
601800.SH,2013-08-21,4.0300,4.2100,0.0428
601800.SH,2014-07-02,3.5600,3.7500,0.0507
601800.SH,2016-06-30,10.7000,10.8900,0.0174
601800.SH,2017-06-30,15.9400,16.1300,0.0118
601800.SH,2018-07-06,11.1500,11.3900,0.0211
601800.SH,2019-07-05,11.3300,11.5600,0.0199
601800.SH,2020-06-23,7.5600,7.7900,0.0295
601800.SH,2021-06-25,6.5100,6.6900,0.0269
601800.SH,2022-06-30,9.3000,9.5000,0.0211
601800.SH,2023-07-18,10.9800,11.2000,0.0196
601800.SH,2024-07-10,8.2000,8.4900,0.0342
601800.SH,2025-01-22,9.3400,9.4800,0.0148
601800.SH,2025-07-01,8.7300,8.8900,0.0180
601800.SH,2026-01-09,8.3000,8.4200,0.0143
601801.SH,2013-06-18,10.6100,10.7800,0.0158
601801.SH,2014-07-04,13.1900,13.3900,0.0149
601801.SH,2016-06-13,11.8300,23.9100,0.5052
601801.SH,2017-06-02,13.1000,13.2600,0.0121
601801.SH,2018-07-25,8.0000,8.1700,0.0208
601801.SH,2019-06-27,6.0600,6.2300,0.0273
601801.SH,2020-06-16,5.9800,6.1400,0.0261
601801.SH,2021-06-08,4.8400,5.0000,0.0320
601801.SH,2022-06-24,4.8000,4.9700,0.0342
601801.SH,2023-07-05,8.7600,8.9400,0.0201
601801.SH,2024-07-01,6.6300,6.9300,0.0433
601801.SH,2024-10-31,7.6000,7.7000,0.0130
601801.SH,2025-07-04,6.7400,6.8400,0.0146
601801.SH,2026-01-09,6.6100,6.7100,0.0149
601808.SH,2010-06-08,11.6600,11.8000,0.0119
601808.SH,2012-06-18,16.7500,16.9300,0.0106
601808.SH,2013-06-13,15.4800,15.7900,0.0196
601808.SH,2014-06-16,16.7700,17.2000,0.0250
601808.SH,2015-06-16,29.3900,29.8700,0.0161
601808.SH,2020-06-12,13.4400,13.6000,0.0118
601808.SH,2021-06-17,15.8700,16.0400,0.0106
601808.SH,2023-06-09,14.1300,14.2900,0.0112
601808.SH,2024-06-12,17.0100,17.2200,0.0122
601808.SH,2025-06-11,13.4900,13.7200,0.0168
601811.SH,2016-12-29,22.7900,23.0900,0.0130
601811.SH,2017-06-13,15.7800,16.0800,0.0187
601811.SH,2018-06-15,10.7400,11.0400,0.0272
601811.SH,2019-06-10,11.8400,12.1400,0.0247
601811.SH,2020-06-09,10.2600,10.5600,0.0284
601811.SH,2021-06-08,9.1100,9.4200,0.0329
601811.SH,2022-06-10,8.9200,9.2400,0.0346
601811.SH,2023-06-05,15.5100,15.8500,0.0215
601811.SH,2024-01-08,13.5500,13.7300,0.0131
601811.SH,2024-06-06,14.0700,14.4700,0.0276
601811.SH,2024-11-04,13.9200,14.1100,0.0135
601811.SH,2025-06-06,15.1600,15.5700,0.0263
601811.SH,2025-11-07,14.1200,14.3100,0.0133
601816.SH,2022-07-29,4.7100,4.7600,0.0105
601816.SH,2024-06-28,5.2300,5.3400,0.0206
601816.SH,2025-07-15,5.5600,5.6800,0.0211
601818.SH,2011-06-16,3.3600,3.4500,0.0261
601818.SH,2012-05-31,2.9100,3.0400,0.0428
601818.SH,2013-06-06,3.0400,3.1000,0.0194
601818.SH,2014-07-17,2.3900,2.5600,0.0664
601818.SH,2015-06-03,5.5500,5.7400,0.0331
601818.SH,2016-07-13,3.7100,3.9000,0.0487
601818.SH,2017-07-05,3.9300,4.0300,0.0248
601818.SH,2018-07-27,3.6100,3.7900,0.0475
601818.SH,2019-06-26,3.8600,4.0200,0.0398
601818.SH,2020-06-24,3.5700,3.7800,0.0556
601818.SH,2021-07-21,3.4400,3.6500,0.0575
601818.SH,2022-06-29,2.9900,3.1900,0.0627
601818.SH,2023-07-19,2.9200,3.1100,0.0611
601818.SH,2024-07-24,3.1600,3.3300,0.0511
601818.SH,2025-01-22,3.6800,3.7800,0.0265
601818.SH,2025-07-24,4.1600,4.2400,0.0189
601818.SH,2026-02-05,3.2700,3.3700,0.0297
601825.SH,2021-12-03,6.8500,7.1100,0.0366
601825.SH,2022-06-30,6.3200,6.6200,0.0453
601825.SH,2023-06-28,5.5000,5.8400,0.0582
601825.SH,2024-06-26,6.4500,6.8300,0.0556
601825.SH,2024-09-25,6.8200,7.0600,0.0340
601825.SH,2025-06-27,9.9900,10.1800,0.0187
601825.SH,2025-09-26,8.3800,8.6200,0.0278
601827.SH,2021-06-02,8.9800,9.1300,0.0164
601827.SH,2022-05-20,6.8200,7.0400,0.0312
601827.SH,2023-05-23,7.7000,7.9200,0.0278
601827.SH,2024-06-07,8.3100,8.5400,0.0269
601827.SH,2025-08-11,8.4900,8.7300,0.0275
601828.SH,2018-06-22,15.0500,15.3700,0.0208
601828.SH,2019-06-28,12.3800,12.6500,0.0213
601828.SH,2020-07-06,9.8000,11.0300,0.1115
601828.SH,2022-07-05,5.6700,5.7700,0.0173
601828.SH,2023-07-24,4.8800,4.9600,0.0161
601838.SH,2018-06-08,10.8400,11.1200,0.0252
601838.SH,2019-07-19,8.4300,8.7800,0.0399
601838.SH,2020-07-13,9.1100,9.5300,0.0441
601838.SH,2021-06-28,13.0200,13.4800,0.0341
601838.SH,2022-06-29,15.9800,16.6100,0.0379
601838.SH,2023-07-26,12.8100,13.5800,0.0567
601838.SH,2024-07-05,14.6000,15.5000,0.0581
601838.SH,2025-07-28,18.5900,19.4800,0.0457
601857.SH,2008-09-19,10.0400,10.1700,0.0128
601857.SH,2009-06-01,13.5100,13.6600,0.0110
601857.SH,2010-06-03,10.6400,10.7700,0.0121
601857.SH,2010-09-16,10.0400,10.2000,0.0157
601857.SH,2011-06-01,10.8300,11.0100,0.0163
601857.SH,2011-09-15,9.6400,9.8000,0.0163
601857.SH,2012-06-07,9.1700,9.3300,0.0171
601857.SH,2012-09-18,8.7400,8.8900,0.0169
601857.SH,2013-06-06,8.3800,8.5100,0.0153
601857.SH,2013-09-12,8.0800,8.2400,0.0194
601857.SH,2014-06-05,7.4900,7.6500,0.0209
601857.SH,2014-09-19,7.8600,8.0300,0.0212
601857.SH,2018-09-21,8.8700,8.9600,0.0100
601857.SH,2019-06-28,6.9000,6.9900,0.0129
601857.SH,2019-09-24,6.2800,6.3600,0.0126
601857.SH,2020-06-30,4.1700,4.2400,0.0165
601857.SH,2020-09-22,4.1600,4.2500,0.0212
601857.SH,2021-06-29,5.2600,5.3500,0.0168
601857.SH,2021-09-17,5.8200,5.9500,0.0218
601857.SH,2022-06-28,5.2900,5.3900,0.0186
601857.SH,2022-09-20,5.1500,5.3500,0.0374
601857.SH,2023-06-28,7.5100,7.7300,0.0285
601857.SH,2023-09-20,8.1100,8.3200,0.0252
601857.SH,2024-06-26,9.8200,10.0500,0.0229
601857.SH,2024-09-19,7.8400,8.0600,0.0273
601857.SH,2025-06-25,8.7100,8.9600,0.0279
601857.SH,2025-09-17,8.4200,8.6400,0.0255
601858.SH,2018-06-15,11.5500,11.7300,0.0153
601858.SH,2020-07-09,9.6000,9.7900,0.0194
601858.SH,2021-06-30,8.8700,9.1200,0.0274
601858.SH,2022-07-05,7.5800,7.8300,0.0319
601858.SH,2024-07-15,17.9400,18.2000,0.0143
601858.SH,2025-07-17,20.1300,20.4000,0.0132
601860.SH,2019-05-31,6.9300,7.0300,0.0142
601860.SH,2020-05-21,4.0700,4.1700,0.0240
601860.SH,2021-06-15,3.7600,3.8600,0.0259
601860.SH,2022-06-13,2.9100,3.0100,0.0332
601860.SH,2023-06-16,2.5400,2.6400,0.0379
601860.SH,2024-06-06,2.5300,2.6300,0.0380
601860.SH,2025-01-22,2.7000,2.7500,0.0182
601860.SH,2025-06-06,2.9000,2.9500,0.0169
601860.SH,2026-02-05,2.7500,2.8000,0.0179
601865.SH,2024-07-19,18.1500,18.5300,0.0205
601866.SH,2019-07-18,2.7700,2.8000,0.0107
601866.SH,2020-07-28,2.0000,2.0400,0.0196
601866.SH,2021-07-28,3.3100,3.3700,0.0178
601866.SH,2022-07-28,2.8900,3.1100,0.0707
601866.SH,2023-07-28,2.4600,2.5500,0.0353
601866.SH,2024-07-30,2.3600,2.3900,0.0126
601868.SH,2023-06-16,2.3300,2.3600,0.0127
601868.SH,2024-08-15,2.2100,2.2400,0.0134
601868.SH,2025-08-15,2.4700,2.5000,0.0120
601869.SH,2018-12-12,38.2300,38.7300,0.0129
601869.SH,2020-08-14,31.1800,31.5000,0.0102
601869.SH,2023-08-22,31.6200,32.0800,0.0143
601869.SH,2024-08-16,23.5100,24.0200,0.0212
601872.SH,2009-07-14,6.2300,6.3300,0.0158
601872.SH,2011-06-27,3.8200,3.8600,0.0104
601872.SH,2012-11-26,2.4100,2.6500,0.0906
601872.SH,2016-06-22,4.6900,4.7600,0.0147
601872.SH,2017-07-26,5.0600,5.1600,0.0194
601872.SH,2019-07-17,4.1800,4.2400,0.0142
601872.SH,2020-06-24,5.6500,5.7500,0.0174
601872.SH,2021-06-24,4.6900,5.7500,0.1843
601872.SH,2022-07-07,5.8300,5.9400,0.0185
601872.SH,2023-06-20,6.0100,6.2000,0.0306
601872.SH,2024-07-23,7.8700,8.1100,0.0296
601872.SH,2024-10-31,6.7100,6.8100,0.0147
601872.SH,2025-06-19,6.5100,6.6700,0.0240
601877.SH,2011-06-07,17.2000,17.6000,0.0227
601877.SH,2012-04-11,15.6900,16.3900,0.0427
601877.SH,2012-10-08,14.8500,15.1400,0.0192
601877.SH,2013-05-06,20.2600,20.8600,0.0288
601877.SH,2013-09-26,22.3900,22.7900,0.0176
601877.SH,2014-04-29,23.8400,24.4400,0.0245
601877.SH,2014-09-30,25.4100,25.9100,0.0193
601877.SH,2015-05-21,30.6200,40.1100,0.2366
601877.SH,2015-10-14,30.0200,30.6200,0.0196
601877.SH,2016-05-24,18.5200,18.7200,0.0107
601877.SH,2016-09-14,23.6400,23.9400,0.0125
601877.SH,2017-06-21,19.0900,19.3900,0.0155
601877.SH,2018-06-15,22.9700,23.6700,0.0296
601877.SH,2019-07-11,23.2800,23.8800,0.0251
601877.SH,2020-06-24,25.7700,26.2700,0.0190
601877.SH,2021-07-07,30.6000,31.1000,0.0161
601877.SH,2023-07-13,27.7000,28.1000,0.0142
601877.SH,2024-06-27,19.2200,19.7700,0.0278
601877.SH,2025-06-12,21.9900,22.5900,0.0266
601878.SH,2018-08-15,7.0100,7.1100,0.0141
601878.SH,2021-11-18,12.0700,12.2000,0.0107
601878.SH,2022-10-31,10.1600,10.3300,0.0165
601878.SH,2023-08-11,11.4600,11.5900,0.0112
601878.SH,2024-07-25,10.2500,10.3900,0.0135
601880.SH,2011-08-15,3.4000,3.4500,0.0145
601880.SH,2012-08-13,2.9300,2.9900,0.0201
601880.SH,2013-08-12,2.2400,2.2900,0.0218
601880.SH,2014-08-22,3.1000,3.1600,0.0190
601880.SH,2016-08-01,2.5500,5.9500,0.5714
601880.SH,2021-07-07,1.6800,1.7100,0.0175
601880.SH,2022-07-20,1.6800,1.7100,0.0175
601880.SH,2023-07-05,1.5500,1.5700,0.0127
601880.SH,2024-07-17,1.2500,1.2700,0.0157
601880.SH,2025-07-22,1.5500,1.5700,0.0127
601881.SH,2017-07-04,11.7800,11.9300,0.0126
601881.SH,2018-07-06,7.6100,7.7300,0.0155
601881.SH,2020-07-15,15.0300,15.1900,0.0105
601881.SH,2021-07-15,9.8900,10.1100,0.0218
601881.SH,2022-07-15,8.8600,9.1700,0.0338
601881.SH,2023-07-17,11.8200,12.0500,0.0191
601881.SH,2024-07-16,9.7600,9.9800,0.0220
601881.SH,2025-07-14,17.2300,17.4300,0.0115
601882.SH,2021-04-27,15.9900,16.2300,0.0148
601882.SH,2022-04-29,15.2300,15.5900,0.0231
601882.SH,2023-04-27,32.5600,32.9200,0.0109
601882.SH,2025-04-30,18.8900,19.2500,0.0187
601882.SH,2026-04-30,19.7200,20.0200,0.0150
601886.SH,2012-05-15,17.7500,17.9500,0.0111
601886.SH,2013-05-14,11.8200,23.8900,0.5052
601886.SH,2014-06-12,6.3600,6.4400,0.0124
601886.SH,2018-05-10,8.6700,8.9700,0.0334
601886.SH,2019-05-16,7.9200,8.2100,0.0353
601886.SH,2020-05-26,5.7200,6.0100,0.0483
601886.SH,2021-05-25,6.8200,7.2100,0.0541
601886.SH,2022-06-13,6.7900,6.8900,0.0145
601886.SH,2024-05-10,5.9200,6.1200,0.0327
601886.SH,2024-10-11,5.5000,5.6500,0.0265
601886.SH,2025-04-28,5.6600,6.0600,0.0660
601886.SH,2025-10-13,7.4200,7.5700,0.0198
601886.SH,2026-04-30,9.3200,9.6700,0.0362
601888.SH,2013-05-22,32.1700,32.5200,0.0108
601888.SH,2014-06-24,31.8400,32.2400,0.0124
601888.SH,2016-06-03,43.5800,44.0800,0.0113
601888.SH,2017-06-16,28.1400,57.2700,0.5086
601888.SH,2024-06-14,69.1500,70.8000,0.0233
601888.SH,2025-06-20,59.7600,60.8100,0.0173
601890.SH,2011-06-08,12.7900,16.7800,0.2378
601890.SH,2012-06-13,8.0900,8.1900,0.0122
601890.SH,2015-06-09,15.4200,31.6600,0.5130
601890.SH,2024-06-17,7.5800,7.6800,0.0130
601890.SH,2025-06-20,8.7700,8.8700,0.0113
601898.SH,2009-07-16,13.5500,13.7000,0.0109
601898.SH,2010-07-15,8.6400,8.7900,0.0171
601898.SH,2011-06-13,9.6500,9.8100,0.0163
601898.SH,2012-06-08,8.5400,8.7500,0.0240
601898.SH,2013-05-27,6.6000,6.8100,0.0308
601898.SH,2014-05-23,4.0600,4.1400,0.0193
601898.SH,2018-07-18,4.6400,4.6900,0.0107
601898.SH,2019-07-16,4.6600,4.7400,0.0169
601898.SH,2020-07-07,4.3200,4.4500,0.0292
601898.SH,2021-06-17,7.5300,7.6600,0.0170
601898.SH,2022-07-29,8.9400,9.2400,0.0325
601898.SH,2023-07-26,8.4400,8.8500,0.0463
601898.SH,2024-08-20,12.9700,13.5200,0.0407
601898.SH,2024-10-23,13.3100,13.5300,0.0163
601898.SH,2025-08-27,11.7900,12.0500,0.0216
601898.SH,2025-10-22,13.1100,13.2800,0.0128
601899.SH,2008-07-18,7.9900,8.0800,0.0111
601899.SH,2009-06-03,9.8200,9.9200,0.0101
601899.SH,2010-06-10,7.0400,7.1400,0.0140
601899.SH,2011-07-04,4.8000,7.3000,0.3425
601899.SH,2012-07-06,3.7800,3.8800,0.0258
601899.SH,2013-07-05,2.4300,2.5300,0.0395
601899.SH,2014-07-07,2.1300,2.2100,0.0362
601899.SH,2015-07-09,3.6100,3.6900,0.0217
601899.SH,2016-07-22,3.6200,3.6800,0.0163
601899.SH,2017-08-04,3.7000,3.7600,0.0160
601899.SH,2018-06-29,3.5500,3.6400,0.0247
601899.SH,2019-07-11,3.4800,3.5800,0.0279
601899.SH,2020-07-17,5.3400,5.4400,0.0184
601899.SH,2021-07-09,9.6100,9.7300,0.0123
601899.SH,2022-06-10,10.0800,10.2800,0.0195
601899.SH,2023-06-15,11.6800,11.8800,0.0168
601899.SH,2024-06-11,17.5600,17.7600,0.0113
601899.SH,2025-06-13,19.1800,19.4600,0.0144
601900.SH,2018-08-09,9.2300,9.4300,0.0212
601900.SH,2019-08-22,8.6900,8.9100,0.0247
601900.SH,2020-07-30,9.1100,9.3600,0.0267
601900.SH,2021-07-01,7.4900,7.8000,0.0397
601900.SH,2022-08-23,7.4300,7.7500,0.0413
601900.SH,2023-07-27,20.6000,21.0600,0.0218
601900.SH,2024-07-01,11.9000,12.4300,0.0426
601900.SH,2025-07-28,14.4600,15.0100,0.0366
601901.SH,2012-06-19,5.4300,5.5000,0.0127
601901.SH,2016-07-20,7.5200,7.6100,0.0118
601908.SH,2012-06-11,9.3500,18.9900,0.5076
601908.SH,2015-09-28,6.3800,12.7500,0.4996
601908.SH,2018-07-26,4.5000,4.5600,0.0132
601908.SH,2019-08-16,3.0900,3.1600,0.0222
601916.SH,2020-07-10,4.8000,5.0400,0.0476
601916.SH,2021-07-30,3.6900,3.8500,0.0416
601916.SH,2023-05-19,3.0300,3.2400,0.0648
601916.SH,2023-06-27,2.5700,2.7400,0.0620
601916.SH,2024-06-26,2.6600,2.8200,0.0567
601916.SH,2025-06-27,3.5200,3.6800,0.0435
601918.SH,2009-05-11,14.1500,14.3500,0.0139
601918.SH,2010-05-24,11.7500,11.9500,0.0167
601918.SH,2011-06-24,11.8900,12.0900,0.0165
601918.SH,2012-07-19,13.5600,13.7600,0.0145
601918.SH,2013-08-15,5.3200,7.5500,0.2954
601918.SH,2022-07-12,5.0000,5.0700,0.0138
601918.SH,2023-07-28,4.2500,4.3600,0.0252
601918.SH,2024-06-21,10.0500,10.2000,0.0147
601918.SH,2025-08-22,6.4300,6.5900,0.0243
601919.SH,2009-07-01,13.2800,13.5700,0.0214
601919.SH,2011-06-21,8.0200,8.1100,0.0111
601919.SH,2021-07-14,23.7500,30.8800,0.2309
601919.SH,2022-06-21,14.1200,14.9900,0.0580
601919.SH,2022-12-14,10.9600,12.9700,0.1550
601919.SH,2023-06-28,9.4800,10.8700,0.1279
601919.SH,2023-12-20,10.0800,10.5900,0.0482
601919.SH,2024-06-20,15.3500,15.5800,0.0148
601919.SH,2024-10-10,14.4700,14.9900,0.0347
601919.SH,2025-06-25,15.1600,16.1900,0.0636
601919.SH,2025-10-24,14.4900,15.0500,0.0372
601921.SH,2022-06-02,7.7700,8.0900,0.0396
601921.SH,2023-06-09,10.2100,10.5600,0.0331
601921.SH,2024-06-21,8.0300,8.4200,0.0463
601921.SH,2025-06-20,7.8800,8.1800,0.0367
601921.SH,2025-09-08,8.2800,8.3800,0.0119
601928.SH,2012-11-02,7.9300,8.0500,0.0149
601928.SH,2013-07-15,8.9900,9.0900,0.0110
601928.SH,2014-07-16,9.0400,9.1400,0.0109
601928.SH,2017-07-12,9.4900,9.6400,0.0156
601928.SH,2018-06-22,5.8400,5.9900,0.0250
601928.SH,2019-07-18,7.8800,8.1800,0.0367
601928.SH,2020-07-29,7.0800,7.3800,0.0407
601928.SH,2021-07-16,6.6900,7.0900,0.0564
601928.SH,2022-07-18,6.6900,7.1900,0.0695
601928.SH,2023-07-31,10.2700,10.7700,0.0464
601928.SH,2024-07-12,10.2500,10.7500,0.0465
601928.SH,2025-07-09,11.3300,11.8300,0.0423
601929.SH,2013-05-20,7.0200,7.4200,0.0539
601929.SH,2015-10-09,5.6900,11.3800,0.5000
601933.SH,2013-05-10,13.5200,27.3400,0.5055
601933.SH,2014-04-14,6.3400,12.8700,0.5074
601933.SH,2015-07-16,9.5700,9.6900,0.0124
601933.SH,2016-06-03,4.2700,8.6900,0.5086
601933.SH,2017-05-10,6.1000,6.2200,0.0193
601933.SH,2018-05-31,9.1300,9.2800,0.0162
601933.SH,2019-06-24,10.5000,10.6100,0.0104
601933.SH,2020-06-18,9.4700,9.6000,0.0135
601939.SH,2008-11-17,4.4500,4.5600,0.0241
601939.SH,2009-06-24,6.1600,6.2400,0.0128
601939.SH,2010-07-08,4.7400,4.9400,0.0405
601939.SH,2010-11-15,5.2400,5.3400,0.0187
601939.SH,2011-06-24,4.8500,5.0600,0.0415
601939.SH,2012-06-25,4.2800,4.5200,0.0531
601939.SH,2013-06-21,4.2400,4.5100,0.0599
601939.SH,2014-07-10,3.9000,4.2000,0.0714
601939.SH,2015-07-01,6.8300,7.1300,0.0421
601939.SH,2016-06-30,4.7400,5.0100,0.0539
601939.SH,2017-06-30,6.1600,6.4400,0.0435
601939.SH,2018-07-17,6.5100,6.8000,0.0426
601939.SH,2019-07-10,7.0900,7.4000,0.0419
601939.SH,2020-07-10,6.8500,7.1700,0.0446
601939.SH,2021-07-15,5.9700,6.3000,0.0524
601939.SH,2022-07-08,5.7300,6.0900,0.0591
601939.SH,2023-07-14,5.9900,6.3800,0.0611
601939.SH,2024-07-12,7.2900,7.6900,0.0520
601939.SH,2025-01-10,8.5600,8.7600,0.0228
601939.SH,2025-05-09,9.1000,9.3100,0.0226
601939.SH,2025-12-11,9.0000,9.1900,0.0207
601949.SH,2018-07-16,4.6900,4.7800,0.0188
601949.SH,2019-08-14,5.3500,5.4500,0.0183
601949.SH,2020-08-06,6.1000,6.2200,0.0193
601949.SH,2021-07-15,5.8300,5.9500,0.0202
601949.SH,2022-08-11,4.4300,4.5600,0.0285
601949.SH,2024-07-24,5.4500,5.6000,0.0268
601949.SH,2025-07-14,6.7700,6.8700,0.0146
601952.SH,2018-05-28,8.4900,11.2400,0.2447
601952.SH,2019-05-30,7.5400,7.7400,0.0258
601952.SH,2020-06-18,9.2600,9.4600,0.0211
601952.SH,2021-06-28,10.5800,10.7900,0.0195
601952.SH,2022-06-28,14.6900,14.9300,0.0161
601952.SH,2023-06-08,11.6000,11.9000,0.0252
601952.SH,2024-06-27,9.0600,9.3600,0.0321
601952.SH,2025-06-27,9.8800,10.0900,0.0208
601956.SH,2021-05-24,7.7000,7.8000,0.0128
601956.SH,2023-06-14,5.5800,5.6800,0.0176
601956.SH,2024-06-14,4.7100,4.9100,0.0407
601956.SH,2025-06-03,6.7800,6.8800,0.0145
601958.SH,2009-05-19,13.3500,16.4200,0.1870
601958.SH,2010-06-11,13.7400,13.9900,0.0179
601958.SH,2011-06-13,20.1200,20.3700,0.0123
601958.SH,2012-05-28,13.4500,13.6500,0.0147
601958.SH,2013-05-28,10.7500,10.9100,0.0147
601958.SH,2019-07-03,6.7700,6.8700,0.0146
601958.SH,2020-07-03,6.1400,6.4400,0.0466
601958.SH,2021-06-25,6.5200,6.7700,0.0369
601958.SH,2022-06-24,8.8900,8.9900,0.0111
601958.SH,2023-07-07,11.3100,11.6100,0.0258
601958.SH,2024-07-02,10.6900,11.0900,0.0361
601958.SH,2025-08-08,12.6000,13.0000,0.0308
601963.SH,2021-07-09,10.3300,10.7000,0.0346
601963.SH,2022-07-28,7.4400,7.8300,0.0498
601963.SH,2023-07-20,7.9400,8.3300,0.0468
601963.SH,2024-07-19,7.6400,8.0500,0.0509
601963.SH,2025-01-24,8.7600,8.9300,0.0190
601963.SH,2025-06-10,11.1200,11.3700,0.0220
601963.SH,2026-01-07,10.6900,10.8600,0.0157
601965.SH,2014-05-23,11.4200,11.6200,0.0172
601965.SH,2015-05-29,14.8800,22.4200,0.3363
601965.SH,2016-06-21,9.0400,9.1400,0.0109
601965.SH,2017-07-21,9.6200,9.7700,0.0154
601965.SH,2018-06-28,8.2200,8.4200,0.0238
601965.SH,2019-07-11,7.1700,7.4200,0.0337
601965.SH,2020-06-24,8.8500,9.1000,0.0275
601965.SH,2021-07-16,17.8000,18.1000,0.0166
601965.SH,2022-08-12,15.2700,15.5700,0.0193
601965.SH,2023-07-26,22.8200,23.1200,0.0130
601965.SH,2024-07-18,16.8300,17.1600,0.0192
601965.SH,2025-07-09,18.9800,19.2200,0.0125
601966.SH,2018-06-15,16.7100,16.9700,0.0153
601966.SH,2019-06-25,16.6400,16.9300,0.0171
601966.SH,2020-06-11,19.8600,20.2900,0.0212
601966.SH,2021-06-10,43.9500,44.4400,0.0110
601966.SH,2024-06-14,18.3100,18.6800,0.0198
601968.SH,2020-07-17,7.4300,7.5100,0.0107
601968.SH,2022-07-20,7.8300,7.9500,0.0151
601968.SH,2023-06-20,6.9900,7.1100,0.0169
601968.SH,2024-06-13,4.8600,4.9600,0.0202
601969.SH,2023-05-08,6.8800,6.9800,0.0143
601969.SH,2024-05-21,7.4500,7.5500,0.0132
601969.SH,2025-05-20,7.1000,7.1800,0.0111
601985.SH,2016-07-13,6.9700,7.0600,0.0127
601985.SH,2017-07-27,7.8800,7.9900,0.0138
601985.SH,2018-07-19,5.6000,5.7100,0.0193
601985.SH,2019-07-19,5.4100,5.5300,0.0217
601985.SH,2020-07-17,4.3300,4.4500,0.0270
601985.SH,2021-07-16,4.7800,4.9100,0.0265
601985.SH,2022-07-15,6.5400,6.6900,0.0224
601985.SH,2023-07-14,7.1400,7.3100,0.0233
601985.SH,2024-07-16,11.1900,11.3800,0.0167
601985.SH,2025-07-18,9.1900,9.3500,0.0171
601988.SH,2008-06-27,4.2500,4.3500,0.0230
601988.SH,2009-06-26,4.6300,4.7600,0.0273
601988.SH,2010-06-04,3.7000,3.8400,0.0365
601988.SH,2010-11-11,3.4900,3.6000,0.0306
601988.SH,2011-06-10,3.1900,3.3400,0.0449
601988.SH,2012-06-13,2.8600,3.0100,0.0498
601988.SH,2013-06-18,2.7500,2.9200,0.0582
601988.SH,2014-06-27,2.5700,2.7700,0.0722
601988.SH,2015-07-03,4.8200,5.0100,0.0379
601988.SH,2016-06-24,3.2000,3.3700,0.0504
601988.SH,2017-07-14,3.6400,3.8100,0.0446
601988.SH,2018-07-13,3.6100,3.7900,0.0475
601988.SH,2019-06-03,3.7000,3.8800,0.0464
601988.SH,2020-07-15,3.4800,3.6700,0.0518
601988.SH,2021-06-04,3.1500,3.3500,0.0597
601988.SH,2022-07-15,3.0100,3.2300,0.0681
601988.SH,2023-07-17,3.7600,3.9900,0.0576
601988.SH,2024-07-17,4.6400,4.8800,0.0492
601988.SH,2025-01-23,5.1900,5.3100,0.0226
601988.SH,2025-04-25,5.7100,5.8300,0.0206
601988.SH,2025-12-11,5.6400,5.7500,0.0191
601990.SH,2019-07-30,8.1600,9.8900,0.1749
601990.SH,2021-07-28,10.3700,10.5000,0.0124
601990.SH,2022-08-04,7.5200,7.6200,0.0131
601990.SH,2023-07-20,8.1800,8.2800,0.0121
601990.SH,2024-08-20,7.5700,7.6500,0.0105
601991.SH,2007-07-30,18.8400,37.9100,0.5030
601991.SH,2008-06-23,10.5200,10.6400,0.0113
601991.SH,2009-06-18,7.7800,7.8900,0.0139
601991.SH,2011-10-19,4.4400,4.5100,0.0155
601991.SH,2012-07-27,4.9100,5.0200,0.0219
601991.SH,2013-08-09,5.2100,5.3100,0.0188
601991.SH,2014-08-08,3.7800,3.9000,0.0308
601991.SH,2015-08-21,6.6000,6.7300,0.0193
601991.SH,2016-08-23,4.0300,4.2000,0.0405
601991.SH,2018-08-27,3.0300,3.1200,0.0288
601991.SH,2019-08-23,2.7900,2.8900,0.0346
601991.SH,2020-08-28,2.5100,2.5700,0.0233
601991.SH,2021-08-27,2.7500,2.8400,0.0317
601991.SH,2023-08-25,2.7900,2.8200,0.0106
601991.SH,2025-08-22,3.4000,3.4600,0.0173
601991.SH,2025-12-12,3.4800,3.5300,0.0142
601992.SH,2012-07-16,6.0600,6.1300,0.0114
601992.SH,2013-07-10,4.8200,4.8900,0.0143
601992.SH,2014-07-18,5.6900,5.7700,0.0139
601992.SH,2016-07-06,3.9600,7.9400,0.5013
601992.SH,2018-07-12,3.2700,3.3200,0.0151
601992.SH,2019-07-04,3.7400,3.7900,0.0132
601992.SH,2020-07-09,3.3400,3.4600,0.0347
601992.SH,2021-07-06,2.6100,2.6700,0.0225
601992.SH,2022-07-06,2.6500,2.7500,0.0364
601992.SH,2023-07-06,2.1400,2.2100,0.0317
601992.SH,2024-07-26,1.3000,1.3200,0.0152
601992.SH,2025-07-09,1.5600,1.6100,0.0311
601996.SH,2012-05-16,5.5100,11.1200,0.5045
601996.SH,2017-05-04,5.3500,10.7900,0.5042
601996.SH,2018-05-18,4.2600,4.3200,0.0139
601996.SH,2019-05-16,3.2300,3.2900,0.0182
601996.SH,2020-05-25,2.4100,2.4700,0.0243
601996.SH,2021-05-24,3.3400,3.4400,0.0291
601996.SH,2022-05-26,2.9100,2.9700,0.0202
601996.SH,2024-06-07,1.8500,1.9700,0.0609
601997.SH,2017-06-14,15.5700,15.8300,0.0164
601997.SH,2018-07-10,12.0700,12.4000,0.0266
601997.SH,2019-06-17,8.9500,12.9300,0.3078
601997.SH,2020-06-22,7.1900,7.5000,0.0413
601997.SH,2021-06-23,7.2700,7.5700,0.0396
601997.SH,2022-06-09,5.8200,6.1200,0.0490
601997.SH,2023-06-08,5.3700,5.6700,0.0529
601997.SH,2024-06-12,5.3300,5.6200,0.0516
601997.SH,2025-06-06,5.8500,6.1400,0.0472
601998.SH,2009-07-23,6.3300,6.4200,0.0140
601998.SH,2010-07-22,5.7200,5.8100,0.0155
601998.SH,2011-07-07,4.5100,4.7500,0.0505
601998.SH,2011-11-11,4.4300,4.4800,0.0112
601998.SH,2012-07-19,3.8600,4.0000,0.0350
601998.SH,2013-07-18,3.6700,3.8200,0.0393
601998.SH,2014-07-17,4.0600,4.3100,0.0580
601998.SH,2016-07-25,5.9200,6.1300,0.0343
601998.SH,2017-07-24,6.8000,7.0100,0.0300
601998.SH,2018-07-03,5.9200,6.1800,0.0421
601998.SH,2019-07-22,5.7200,5.9500,0.0387
601998.SH,2020-07-15,5.4500,5.6900,0.0422
601998.SH,2021-07-29,4.7100,4.9600,0.0504
601998.SH,2022-07-28,4.4300,4.7300,0.0634
601998.SH,2023-07-20,5.7500,6.0800,0.0543
601998.SH,2024-07-10,6.3900,6.7200,0.0491
601998.SH,2024-12-11,7.1300,7.3100,0.0246
601998.SH,2025-07-10,8.7900,8.9600,0.0190
601998.SH,2025-11-21,7.9600,8.1500,0.0233
601999.SH,2018-08-17,5.2300,5.3200,0.0169
601999.SH,2019-07-12,5.8100,5.9200,0.0186
601999.SH,2020-08-21,7.0100,7.0900,0.0113
601999.SH,2021-08-25,5.6900,5.7700,0.0139
601999.SH,2022-08-25,5.7700,5.8300,0.0103
601999.SH,2024-08-16,5.3600,5.4200,0.0111
603000.SH,2013-07-12,51.4300,51.9800,0.0106
603000.SH,2014-06-27,38.0200,76.5300,0.5032
603000.SH,2015-07-14,24.8400,49.8600,0.5018
603000.SH,2021-07-23,14.2300,14.3900,0.0111
603001.SH,2013-05-31,19.6900,20.0900,0.0199
603001.SH,2014-06-25,13.5300,13.7500,0.0160
603001.SH,2015-06-03,39.0200,39.5200,0.0127
603001.SH,2016-06-15,19.7300,20.4800,0.0366
603001.SH,2017-06-20,19.2300,19.8300,0.0303
603001.SH,2018-06-06,14.5000,15.0000,0.0333
603001.SH,2019-06-17,9.7400,10.0300,0.0289
603001.SH,2020-06-09,7.4900,7.9700,0.0602
603001.SH,2021-06-07,9.1400,9.6200,0.0499
603001.SH,2022-06-06,7.5200,8.0200,0.0623
603001.SH,2024-09-20,4.0100,4.1300,0.0291
603001.SH,2025-05-26,5.9500,6.1000,0.0246
603002.SH,2015-12-23,8.1100,12.1600,0.3331
603002.SH,2018-06-08,4.9100,4.9700,0.0121
603002.SH,2020-06-09,5.3700,5.4300,0.0110
603002.SH,2021-06-16,6.1200,6.3600,0.0377
603002.SH,2022-06-09,5.5800,5.8700,0.0494
603002.SH,2023-06-15,4.9600,5.1600,0.0388
603004.SH,2024-07-12,16.7100,16.9300,0.0130
603005.SH,2020-05-19,72.8600,102.1000,0.2864
603005.SH,2021-06-15,50.3300,60.6300,0.1699
603005.SH,2022-05-20,19.9500,32.2100,0.3806
603006.SH,2016-05-26,23.1500,46.6200,0.5034
603006.SH,2020-06-23,10.6400,10.7600,0.0112
603006.SH,2021-05-25,9.3500,9.6700,0.0331
603006.SH,2022-06-07,8.8200,9.2000,0.0413
603006.SH,2023-06-06,10.0200,10.4000,0.0365
603006.SH,2024-06-04,10.3400,10.6200,0.0264
603006.SH,2025-06-06,13.2900,13.6700,0.0278
603006.SH,2025-09-30,14.2800,14.6600,0.0259
603007.SH,2017-05-25,19.1600,48.0500,0.6012
603007.SH,2020-06-16,6.5800,6.6800,0.0150
603007.SH,2024-12-26,8.2800,15.3900,0.4620
603008.SH,2013-06-14,7.2300,11.0300,0.3445
603008.SH,2014-07-08,9.2700,9.4000,0.0138
603008.SH,2024-06-06,19.3600,19.8600,0.0252
603008.SH,2025-06-18,16.1000,16.6200,0.0313
603008.SH,2025-11-26,20.0500,20.3300,0.0138
603009.SH,2017-07-28,14.6100,36.5200,0.5999
603010.SH,2016-04-26,21.2300,46.9300,0.5476
603010.SH,2019-05-28,12.2100,17.2500,0.2922
603010.SH,2020-06-01,13.0200,13.1700,0.0114
603010.SH,2021-04-27,18.9800,26.9700,0.2963
603010.SH,2022-06-06,16.3100,16.7300,0.0251
603010.SH,2023-05-17,11.2800,11.4800,0.0174
603010.SH,2024-05-16,9.8300,10.0100,0.0180
603011.SH,2016-05-10,10.5900,21.2800,0.5023
603011.SH,2019-06-28,5.2800,5.3900,0.0204
603012.SH,2016-06-15,12.7600,25.5800,0.5012
603012.SH,2021-06-02,6.0400,6.1300,0.0147
603012.SH,2022-06-30,5.9700,6.0500,0.0132
603012.SH,2023-05-31,5.8000,5.9000,0.0169
603012.SH,2024-05-30,5.1100,5.2600,0.0285
603012.SH,2025-05-30,5.5200,5.6200,0.0178
603013.SH,2019-06-26,16.6600,17.0600,0.0234
603013.SH,2020-07-03,15.8200,16.3200,0.0306
603013.SH,2021-07-15,13.6100,14.3100,0.0489
603013.SH,2022-06-23,14.5800,15.2800,0.0458
603013.SH,2023-06-29,15.4000,15.9000,0.0314
603013.SH,2024-05-13,15.4100,15.8100,0.0253
603013.SH,2025-06-05,17.3200,17.6700,0.0198
603015.SH,2016-06-22,13.5500,27.2000,0.5018
603015.SH,2018-06-05,7.6000,7.7800,0.0231
603015.SH,2019-06-12,6.9100,7.0300,0.0171
603015.SH,2021-06-29,6.7300,6.8300,0.0146
603015.SH,2022-06-09,6.0500,6.1500,0.0163
603015.SH,2024-06-05,7.5900,7.7400,0.0194
603016.SH,2017-06-27,28.6000,28.9400,0.0117
603016.SH,2018-07-11,21.5400,21.8400,0.0137
603016.SH,2019-07-15,14.9100,15.2800,0.0242
603016.SH,2020-05-26,23.3600,23.9000,0.0226
603016.SH,2021-06-04,27.4600,28.0000,0.0193
603016.SH,2022-06-08,20.3100,20.6200,0.0150
603016.SH,2023-06-07,22.2300,22.5400,0.0138
603016.SH,2024-06-07,15.4800,15.8500,0.0233
603016.SH,2025-06-18,29.0600,29.5300,0.0159
603017.SH,2015-04-24,47.2900,95.1800,0.5032
603017.SH,2016-06-03,19.7700,39.6900,0.5019
603017.SH,2018-06-25,9.6700,9.9700,0.0301
603017.SH,2019-07-17,13.0100,13.3100,0.0225
603017.SH,2020-07-13,11.3400,11.7700,0.0365
603017.SH,2021-06-29,11.1200,11.7400,0.0528
603017.SH,2022-09-16,9.6500,9.8900,0.0243
603017.SH,2023-10-18,9.8500,10.1500,0.0296
603017.SH,2024-12-20,8.9800,9.0800,0.0110
603017.SH,2025-10-13,10.3900,10.5900,0.0189
603018.SH,2016-05-11,31.7000,63.9000,0.5039
603018.SH,2018-04-26,18.2100,27.3700,0.3347
603018.SH,2019-05-17,12.9300,19.5100,0.3373
603018.SH,2020-06-02,10.5300,12.8800,0.1825
603018.SH,2021-06-10,8.3200,10.2300,0.1867
603018.SH,2022-04-28,7.9000,8.1600,0.0319
603018.SH,2023-06-13,9.1100,9.3700,0.0277
603018.SH,2024-07-05,8.4300,8.7400,0.0355
603018.SH,2025-06-18,7.7600,7.8600,0.0127
603019.SH,2016-04-25,34.0700,68.2800,0.5010
603019.SH,2019-04-23,42.8600,60.1500,0.2874
603019.SH,2020-05-08,37.1200,52.1100,0.2877
603020.SH,2016-05-13,21.3100,43.4200,0.5092
603020.SH,2017-06-09,14.8200,15.0200,0.0133
603020.SH,2018-06-11,11.3400,11.4900,0.0131
603020.SH,2019-05-30,8.0400,8.1500,0.0135
603020.SH,2020-06-01,11.2500,11.4000,0.0132
603020.SH,2022-06-16,9.9700,10.1200,0.0148
603020.SH,2024-06-18,6.6500,6.7500,0.0148
603020.SH,2025-07-09,9.0900,9.2700,0.0194
603021.SH,2017-05-25,13.8900,36.3200,0.6176
603022.SH,2016-05-31,19.9300,49.9400,0.6009
603022.SH,2024-06-19,7.2800,7.3600,0.0109
603023.SH,2015-09-24,24.9300,37.3900,0.3332
603023.SH,2016-06-15,19.5000,58.6500,0.6675
603023.SH,2018-06-12,6.5000,6.6000,0.0152
603023.SH,2019-06-13,4.3800,5.3600,0.1828
603023.SH,2020-06-09,4.7500,5.7500,0.1739
603025.SH,2016-05-31,31.0900,31.4900,0.0127
603025.SH,2017-03-03,35.0500,35.5000,0.0127
603025.SH,2018-05-22,23.0800,33.3100,0.3071
603025.SH,2018-08-30,14.2600,20.6700,0.3101
603025.SH,2019-05-09,10.5400,10.8400,0.0277
603025.SH,2020-05-11,7.5100,7.7300,0.0285
603025.SH,2022-05-26,20.2000,20.6000,0.0194
603025.SH,2023-06-20,12.2900,14.9500,0.1779
603025.SH,2024-06-13,14.1300,14.4300,0.0208
603025.SH,2025-05-23,12.9200,13.2700,0.0264
603026.SH,2017-06-26,27.6700,28.2700,0.0212
603026.SH,2018-05-21,25.1300,25.7300,0.0233
603026.SH,2019-05-17,37.2800,37.8800,0.0158
603027.SH,2017-06-07,16.5100,33.2100,0.5029
603027.SH,2019-05-23,17.6700,24.9600,0.2921
603027.SH,2020-06-11,27.7400,38.9600,0.2880
603027.SH,2021-06-18,23.1600,27.8800,0.1693
603027.SH,2022-06-22,15.4700,18.6500,0.1705
603027.SH,2024-03-18,16.1100,16.3100,0.0123
603027.SH,2024-06-11,14.5000,14.8000,0.0203
603027.SH,2025-07-30,11.9900,12.4900,0.0400
603027.SH,2025-10-23,8.7900,11.5300,0.2376
603028.SH,2021-06-24,9.6900,12.6700,0.2352
603029.SH,2022-05-27,11.6500,15.2600,0.2366
603029.SH,2024-05-20,15.9800,16.1500,0.0105
603030.SH,2017-06-23,9.7100,29.1900,0.6674
603030.SH,2023-12-26,2.3100,2.7000,0.1444
603031.SH,2018-06-07,16.3200,23.0000,0.2904
603031.SH,2024-04-19,29.5200,43.2500,0.3175
603031.SH,2026-04-29,39.5200,57.4200,0.3117
603032.SH,2018-06-22,14.1200,17.0100,0.1699
603032.SH,2023-06-12,32.7700,45.8800,0.2857
603033.SH,2017-06-23,24.6400,34.8000,0.2920
603033.SH,2019-05-29,17.9400,25.2400,0.2892
603033.SH,2020-06-04,20.3000,28.6500,0.2914
603033.SH,2021-06-08,15.6900,22.1200,0.2907
603033.SH,2022-06-24,21.6500,28.1400,0.2306
603033.SH,2023-07-17,16.0800,20.9100,0.2310
603035.SH,2017-06-28,19.9100,20.1600,0.0124
603035.SH,2018-07-10,14.1300,14.3800,0.0174
603035.SH,2019-07-18,9.2300,9.6000,0.0385
603035.SH,2020-07-16,12.3600,12.6400,0.0222
603035.SH,2021-05-28,14.8700,15.1900,0.0211
603035.SH,2022-06-15,16.8600,17.2100,0.0203
603035.SH,2023-06-15,19.1100,19.5100,0.0205
603035.SH,2024-06-06,13.7300,14.1600,0.0304
603035.SH,2025-06-20,12.9100,13.2500,0.0257
603036.SH,2020-06-19,9.0600,9.1800,0.0131
603036.SH,2021-06-16,8.1900,8.3400,0.0180
603036.SH,2022-06-01,8.5100,8.6300,0.0139
603036.SH,2023-05-31,10.5000,10.6900,0.0178
603036.SH,2024-06-07,10.4600,10.6600,0.0188
603036.SH,2025-05-23,15.4400,15.6400,0.0128
603037.SH,2017-06-23,39.3000,51.7900,0.2412
603037.SH,2018-07-05,22.6000,23.3000,0.0300
603037.SH,2019-07-05,18.4300,19.1800,0.0391
603037.SH,2020-07-07,16.9400,17.4900,0.0314
603037.SH,2021-07-07,15.6900,16.2900,0.0368
603037.SH,2022-07-13,16.0700,16.6600,0.0354
603037.SH,2023-06-30,13.6000,18.2600,0.2552
603037.SH,2024-06-28,12.9300,18.6000,0.3048
603037.SH,2025-06-23,11.6700,16.6900,0.3008
603038.SH,2017-08-23,43.8700,44.3200,0.0102
603038.SH,2018-05-14,27.7400,39.1100,0.2907
603038.SH,2019-05-17,14.0400,19.9800,0.2973
603038.SH,2020-07-08,11.9700,16.9900,0.2955
603038.SH,2024-06-06,7.4700,9.7600,0.2346
603039.SH,2018-05-15,73.7000,109.2200,0.3252
603039.SH,2019-05-17,66.5300,98.6100,0.3253
603039.SH,2020-05-11,64.0000,89.7500,0.2869
603039.SH,2021-05-24,67.4900,81.1400,0.1682
603040.SH,2018-06-01,45.0200,59.0600,0.2377
603040.SH,2019-06-06,28.3900,28.7900,0.0139
603040.SH,2020-06-09,23.8500,31.5100,0.2431
603040.SH,2021-06-11,21.6700,28.6000,0.2423
603040.SH,2022-06-16,18.3500,18.6500,0.0161
603040.SH,2023-06-20,24.2300,24.5800,0.0142
603040.SH,2024-06-14,19.8900,20.2900,0.0197
603040.SH,2025-06-12,39.1700,39.7700,0.0151
603041.SH,2020-05-11,13.3600,18.9200,0.2939
603041.SH,2021-06-01,12.5600,12.8000,0.0188
603041.SH,2023-06-15,11.5200,11.6600,0.0120
603041.SH,2024-06-12,10.2200,10.4200,0.0192
603043.SH,2018-05-30,23.4300,23.7800,0.0147
603043.SH,2019-06-12,30.2500,30.6500,0.0131
603043.SH,2021-06-02,27.3100,38.6300,0.2930
603043.SH,2022-05-31,22.5900,22.9900,0.0174
603043.SH,2023-06-01,28.9100,29.3100,0.0136
603043.SH,2024-05-30,17.3000,17.7800,0.0270
603043.SH,2025-05-27,15.7600,16.2400,0.0296
603045.SH,2019-06-05,19.0100,26.7300,0.2888
603045.SH,2020-07-20,13.3300,13.4800,0.0111
603048.SH,2023-06-13,15.8800,16.0900,0.0131
603048.SH,2024-07-12,14.5400,14.8900,0.0235
603048.SH,2025-07-31,18.9100,19.1900,0.0146
603050.SH,2017-09-26,31.3200,37.8300,0.1721
603050.SH,2019-05-28,11.3300,11.4900,0.0139
603050.SH,2020-05-22,12.4300,12.6000,0.0135
603050.SH,2021-05-20,12.7300,12.9400,0.0162
603050.SH,2022-06-13,12.8400,13.0400,0.0153
603050.SH,2023-06-06,15.9500,22.8300,0.3014
603050.SH,2024-06-07,25.9800,31.5700,0.1771
603050.SH,2025-03-31,15.4700,23.1000,0.3303
603051.SH,2025-08-08,20.2100,28.6900,0.2956
603052.SH,2023-05-16,27.6300,39.1800,0.2948
603052.SH,2024-06-03,30.2700,42.8800,0.2941
603052.SH,2025-06-23,26.2200,36.7800,0.2871
603053.SH,2020-07-14,15.9800,16.2200,0.0148
603053.SH,2021-07-09,9.8900,10.1400,0.0247
603053.SH,2022-07-07,9.4900,9.7900,0.0306
603053.SH,2023-07-07,9.8200,10.1200,0.0296
603053.SH,2024-07-05,9.4800,9.7800,0.0307
603053.SH,2025-07-07,9.3300,9.6300,0.0312
603055.SH,2018-07-02,14.5300,14.7500,0.0149
603055.SH,2019-06-11,7.9100,11.2700,0.2981
603055.SH,2020-06-22,7.8200,7.9000,0.0101
603055.SH,2022-07-15,12.0200,12.1900,0.0139
603055.SH,2024-06-06,11.6200,11.7800,0.0136
603055.SH,2025-06-12,9.3600,9.6100,0.0260
603056.SH,2019-06-28,14.1200,14.3400,0.0153
603056.SH,2021-07-14,10.6300,10.7800,0.0139
603057.SH,2023-05-29,24.8900,25.6400,0.0293
603057.SH,2024-05-24,18.7900,19.5900,0.0408
603057.SH,2024-08-30,14.8900,15.1900,0.0197
603057.SH,2025-05-22,21.2400,21.7600,0.0239
603058.SH,2020-06-01,7.7000,7.8200,0.0153
603058.SH,2021-05-21,6.7700,6.8900,0.0174
603058.SH,2021-10-13,7.2800,7.5300,0.0332
603058.SH,2022-09-30,7.0500,7.3000,0.0342
603058.SH,2023-05-31,10.0200,10.2700,0.0243
603058.SH,2024-06-03,7.8200,7.9000,0.0101
603058.SH,2025-06-03,7.8300,7.9400,0.0139
603059.SH,2019-06-18,23.9200,30.0100,0.2029
603060.SH,2018-06-19,18.5800,18.7800,0.0106
603060.SH,2019-06-14,19.6900,27.8300,0.2925
603060.SH,2020-06-17,18.4500,26.0300,0.2912
603060.SH,2021-06-28,17.7800,25.0500,0.2902
603060.SH,2022-06-09,11.5600,14.0000,0.1743
603060.SH,2023-06-21,10.3300,11.4800,0.1002
603060.SH,2024-06-26,5.8200,5.9300,0.0185
603060.SH,2025-06-13,6.2200,6.3300,0.0174
603061.SH,2026-04-16,229.8500,333.6600,0.3111
603062.SH,2023-12-19,60.7300,61.9300,0.0194
603062.SH,2024-05-27,41.7000,43.0000,0.0302
603062.SH,2024-10-16,33.0100,33.5600,0.0164
603062.SH,2025-05-26,44.7400,45.8000,0.0231
603062.SH,2025-09-24,50.1200,50.7900,0.0132
603063.SH,2024-06-06,18.1400,18.3400,0.0109
603065.SH,2023-05-26,15.1500,15.3500,0.0130
603065.SH,2024-06-04,9.3300,9.4300,0.0106
603065.SH,2025-06-18,9.0800,9.1800,0.0109
603066.SH,2017-06-09,15.5700,46.8700,0.6678
603066.SH,2024-07-16,8.7900,8.9300,0.0157
603067.SH,2018-05-08,11.3300,16.0000,0.2919
603067.SH,2019-05-21,6.4200,9.1100,0.2953
603067.SH,2020-06-18,6.3200,6.4200,0.0156
603067.SH,2021-05-12,7.2500,7.3400,0.0123
603067.SH,2022-07-06,14.8000,14.9800,0.0120
603067.SH,2023-06-30,12.0300,12.2400,0.0172
603067.SH,2024-06-06,10.5500,10.7300,0.0168
603067.SH,2025-06-24,14.3200,20.1800,0.2904
603070.SH,2024-06-06,11.7700,11.9200,0.0126
603071.SH,2022-06-30,18.1800,18.7800,0.0319
603071.SH,2023-05-24,17.0200,17.8200,0.0449
603071.SH,2024-05-29,14.1700,14.8700,0.0471
603071.SH,2025-06-06,12.2300,12.8300,0.0468
603073.SH,2023-06-12,18.9500,19.2500,0.0156
603073.SH,2024-06-12,14.7400,15.0400,0.0199
603073.SH,2025-06-17,16.2000,16.5000,0.0182
603075.SH,2024-05-21,20.6300,21.1300,0.0237
603075.SH,2025-05-16,19.9500,20.6500,0.0339
603076.SH,2021-06-17,46.7500,65.6000,0.2873
603076.SH,2025-05-29,29.9100,30.3100,0.0132
603077.SH,2013-04-17,12.5400,12.9400,0.0309
603077.SH,2014-07-11,6.7500,13.5400,0.5015
603077.SH,2015-09-02,6.2800,18.8500,0.6668
603077.SH,2017-07-05,2.3400,5.1600,0.5465
603077.SH,2018-06-15,1.7300,1.7500,0.0114
603077.SH,2023-06-07,2.4500,2.4900,0.0161
603078.SH,2018-05-04,40.3600,56.8100,0.2896
603078.SH,2019-05-15,22.0200,28.7800,0.2349
603078.SH,2020-05-06,31.8800,41.5500,0.2327
603078.SH,2021-05-12,20.5600,26.8500,0.2343
603078.SH,2022-05-12,24.3000,31.6800,0.2330
603078.SH,2023-05-24,17.4100,22.7000,0.2330
603079.SH,2018-06-08,33.8400,47.6500,0.2898
603079.SH,2020-06-08,29.1300,40.9000,0.2878
603079.SH,2021-06-03,17.7200,18.0700,0.0194
603079.SH,2022-06-10,12.2300,12.3700,0.0113
603080.SH,2021-06-03,14.2500,14.4600,0.0145
603080.SH,2022-05-24,12.8700,13.2300,0.0272
603080.SH,2023-05-30,14.0600,14.2700,0.0147
603080.SH,2024-05-31,14.5300,15.0000,0.0313
603080.SH,2025-05-29,16.5500,17.1100,0.0327
603081.SH,2020-06-12,11.5600,11.6800,0.0103
603081.SH,2021-06-10,11.2400,11.3900,0.0132
603081.SH,2022-06-15,10.7000,10.9000,0.0183
603083.SH,2018-08-23,24.1600,31.6000,0.2354
603083.SH,2019-08-22,24.7900,32.4100,0.2351
603083.SH,2020-08-13,26.7000,34.7400,0.2314
603085.SH,2017-06-15,22.4400,44.9800,0.5011
603085.SH,2018-09-27,10.8900,14.1600,0.2309
603086.SH,2018-06-15,22.5700,31.7500,0.2891
603086.SH,2020-06-17,14.7000,20.8800,0.2960
603086.SH,2021-06-09,9.8600,14.1500,0.3032
603086.SH,2022-06-06,10.3200,14.7000,0.2980
603086.SH,2023-06-09,7.0900,10.1800,0.3035
603087.SH,2020-08-20,149.0500,209.1700,0.2874
603087.SH,2024-12-02,46.0900,46.5900,0.0107
603087.SH,2025-06-11,57.7300,58.7200,0.0169
603088.SH,2018-06-22,12.7600,18.0100,0.2915
603088.SH,2019-06-13,10.5200,15.0500,0.3010
603088.SH,2020-06-22,8.4400,12.2000,0.3082
603088.SH,2021-06-02,6.3200,9.3000,0.3204
603088.SH,2022-05-31,6.3600,9.0800,0.2996
603088.SH,2023-05-31,7.9600,8.1800,0.0269
603088.SH,2024-05-31,7.7600,8.0500,0.0360
603088.SH,2025-05-12,9.9500,10.2400,0.0283
603089.SH,2018-06-06,24.4600,24.7600,0.0121
603089.SH,2019-05-24,14.8400,21.8200,0.3199
603089.SH,2020-05-29,8.6800,12.1200,0.2838
603089.SH,2021-05-31,10.4300,10.5800,0.0142
603089.SH,2022-05-30,7.6900,7.7900,0.0128
603089.SH,2023-05-31,8.3500,8.4500,0.0118
603090.SH,2022-05-26,26.8000,27.1000,0.0111
603090.SH,2023-05-29,20.6700,20.9700,0.0143
603090.SH,2024-05-16,22.2100,22.5100,0.0133
603090.SH,2025-05-16,23.2800,23.5800,0.0127
603095.SH,2021-06-25,23.0700,23.5700,0.0212
603095.SH,2022-06-15,20.6700,21.4700,0.0373
603095.SH,2023-06-07,15.6900,22.4600,0.3014
603095.SH,2023-09-20,14.4600,14.7600,0.0203
603095.SH,2024-05-22,15.3600,15.6100,0.0160
603095.SH,2024-09-27,14.6800,14.9800,0.0200
603095.SH,2025-06-06,16.0000,23.1500,0.3089
603095.SH,2025-09-25,15.4500,15.7500,0.0190
603096.SH,2019-06-12,55.9400,56.5400,0.0106
603096.SH,2020-05-27,60.1500,60.9000,0.0123
603096.SH,2021-06-10,36.8100,44.9000,0.1802
603096.SH,2022-06-21,19.0200,19.6000,0.0296
603096.SH,2023-06-13,22.2100,22.9900,0.0339
603096.SH,2024-06-07,16.0500,16.9000,0.0503
603096.SH,2025-06-05,18.0600,18.8600,0.0424
603097.SH,2022-10-13,19.5600,19.7600,0.0101
603098.SH,2017-05-16,23.8200,24.1200,0.0124
603098.SH,2018-06-21,13.0400,15.8100,0.1752
603098.SH,2020-08-07,9.6400,9.7900,0.0153
603100.SH,2018-06-29,8.2100,8.3400,0.0156
603100.SH,2019-05-23,9.2300,9.4300,0.0212
603100.SH,2020-06-03,8.1900,8.3900,0.0238
603100.SH,2021-06-07,16.3800,16.6800,0.0180
603100.SH,2022-05-30,15.3800,15.9800,0.0375
603100.SH,2023-06-15,34.7800,35.3800,0.0170
603100.SH,2024-07-15,17.0000,22.8500,0.2560
603100.SH,2025-01-23,21.4800,21.7800,0.0138
603100.SH,2025-06-24,19.9800,20.2500,0.0133
603100.SH,2026-01-26,24.9300,25.2300,0.0119
603101.SH,2019-05-28,8.9800,12.5700,0.2856
603101.SH,2020-06-10,5.4600,7.6500,0.2863
603101.SH,2024-07-11,4.3900,4.6500,0.0559
603101.SH,2026-03-27,8.0700,8.1700,0.0122
603102.SH,2022-05-24,38.9500,39.4500,0.0127
603102.SH,2023-05-16,43.3700,43.9700,0.0136
603102.SH,2024-06-03,33.1600,33.9000,0.0218
603102.SH,2025-08-05,42.7400,43.4700,0.0168
603103.SH,2019-06-14,17.1900,24.3200,0.2932
603103.SH,2020-06-08,16.2700,16.4400,0.0103
603103.SH,2024-10-25,11.7800,11.9000,0.0101
603105.SH,2024-05-17,8.8100,8.9600,0.0167
603105.SH,2025-05-30,8.0900,8.2900,0.0241
603106.SH,2018-06-28,17.4700,19.2400,0.0920
603106.SH,2019-06-20,9.2000,12.0200,0.2346
603106.SH,2021-06-09,5.8200,7.6200,0.2362
603107.SH,2024-06-19,17.1700,17.4700,0.0172
603107.SH,2025-06-04,15.2500,15.5500,0.0193
603108.SH,2016-05-19,26.4900,79.6600,0.6675
603108.SH,2017-06-01,17.9000,32.2900,0.4456
603108.SH,2021-07-16,10.7200,10.8300,0.0102
603109.SH,2021-06-02,24.1400,24.3900,0.0103
603109.SH,2022-05-24,14.3600,20.5000,0.2995
603109.SH,2023-05-23,16.4200,16.7200,0.0179
603109.SH,2024-05-22,14.7700,15.1200,0.0231
603109.SH,2025-06-25,25.8800,26.1800,0.0115
603110.SH,2018-06-01,18.5400,26.1400,0.2907
603110.SH,2019-06-19,14.4400,14.7200,0.0190
603110.SH,2020-06-09,15.2000,15.4800,0.0181
603110.SH,2020-09-25,19.6800,19.9500,0.0135
603110.SH,2021-06-04,32.0100,44.8200,0.2858
603111.SH,2016-05-23,11.9600,30.0900,0.6025
603111.SH,2018-05-29,10.6700,10.7900,0.0111
603111.SH,2024-07-17,5.3900,5.5900,0.0358
603111.SH,2025-07-24,6.6100,6.8500,0.0350
603112.SH,2021-06-03,12.1700,12.3400,0.0138
603112.SH,2022-06-20,13.9500,14.1800,0.0162
603112.SH,2023-07-03,11.5800,11.7600,0.0153
603112.SH,2024-06-06,11.3500,11.6600,0.0266
603112.SH,2024-12-23,12.7800,13.0900,0.0237
603112.SH,2025-10-30,17.7900,18.0100,0.0122
603113.SH,2019-01-09,10.9400,11.1700,0.0206
603113.SH,2019-12-30,10.5500,10.7000,0.0140
603113.SH,2021-05-31,19.0900,19.4400,0.0180
603113.SH,2022-07-08,10.6300,10.9800,0.0319
603113.SH,2023-07-10,8.1500,8.2700,0.0145
603113.SH,2024-06-04,6.3100,6.4000,0.0141
603113.SH,2025-06-25,6.6100,6.7300,0.0178
603113.SH,2025-09-17,7.1700,7.4000,0.0311
603115.SH,2020-07-10,20.4400,21.1900,0.0354
603115.SH,2021-05-20,14.8900,15.6400,0.0480
603115.SH,2022-07-05,23.9300,24.6800,0.0304
603115.SH,2023-07-06,14.7800,15.5300,0.0483
603115.SH,2024-06-26,10.0700,10.5700,0.0473
603115.SH,2025-06-25,13.9800,14.5800,0.0412
603116.SH,2017-07-06,18.2000,18.4500,0.0136
603116.SH,2018-07-17,9.3400,13.4700,0.3066
603116.SH,2019-06-26,7.6000,7.7700,0.0219
603116.SH,2020-06-19,7.2400,7.4100,0.0229
603116.SH,2021-06-16,6.5700,6.8300,0.0381
603116.SH,2022-07-05,5.3800,5.6300,0.0444
603116.SH,2023-07-07,5.9800,6.3300,0.0553
603116.SH,2024-07-02,4.3600,4.5600,0.0439
603116.SH,2025-06-12,5.9300,6.1800,0.0405
603117.SH,2018-07-13,5.0000,7.1000,0.2958
603117.SH,2019-07-16,3.9900,4.0400,0.0124
603117.SH,2020-07-17,3.9200,3.9600,0.0101
603118.SH,2017-06-06,14.0100,31.1300,0.5500
603118.SH,2019-04-29,10.8500,11.3700,0.0457
603118.SH,2020-06-04,11.6000,11.7200,0.0102
603118.SH,2021-06-22,8.7700,8.9000,0.0146
603118.SH,2022-06-06,6.9200,7.0700,0.0212
603118.SH,2023-06-13,10.0300,10.1600,0.0128
603118.SH,2024-06-03,7.0700,7.2000,0.0181
603119.SH,2024-06-18,18.2500,23.8500,0.2348
603121.SH,2019-06-25,19.7000,23.7700,0.1712
603121.SH,2020-06-17,13.5600,16.4900,0.1777
603121.SH,2021-06-08,10.5100,10.6700,0.0150
603121.SH,2022-06-07,6.9600,9.2500,0.2476
603121.SH,2024-10-30,8.3600,8.5400,0.0211
603122.SH,2022-06-22,12.5700,12.7500,0.0141
603122.SH,2023-06-21,8.1000,8.2500,0.0182
603122.SH,2024-06-21,5.2200,5.2800,0.0114
603122.SH,2025-07-14,6.8900,7.0200,0.0185
603123.SH,2013-05-17,7.7700,7.9700,0.0251
603123.SH,2014-06-20,8.6100,8.7900,0.0205
603123.SH,2015-07-01,13.4400,13.6000,0.0118
603123.SH,2016-05-31,7.9500,8.0900,0.0173
603123.SH,2017-06-06,8.5600,8.6800,0.0138
603123.SH,2018-06-05,6.7500,6.8700,0.0175
603123.SH,2019-06-05,5.7300,5.8500,0.0205
603123.SH,2020-07-07,9.1700,9.2800,0.0119
603125.SH,2024-05-21,21.8400,31.9000,0.3154
603125.SH,2025-05-22,14.8300,21.6500,0.3150
603126.SH,2015-05-21,17.5200,26.3600,0.3354
603126.SH,2018-06-20,6.3400,6.4100,0.0109
603126.SH,2019-06-18,5.4600,5.5300,0.0127
603126.SH,2020-06-18,4.0800,4.1500,0.0169
603126.SH,2022-06-17,6.9400,7.0200,0.0114
603126.SH,2023-06-29,7.5600,7.6500,0.0118
603126.SH,2024-06-28,5.4600,5.5400,0.0144
603127.SH,2018-05-31,58.3500,81.9900,0.2883
603127.SH,2019-04-10,48.7100,68.5000,0.2889
603127.SH,2020-06-08,92.6100,130.0000,0.2876
603127.SH,2021-08-05,163.8100,229.6800,0.2868
603127.SH,2022-08-08,85.2600,119.7200,0.2878
603127.SH,2023-07-25,26.3100,37.2300,0.2933
603127.SH,2024-07-31,13.7500,13.9100,0.0115
603128.SH,2013-07-26,5.4700,5.5500,0.0144
603128.SH,2015-06-12,18.4400,37.0000,0.5016
603128.SH,2017-06-21,8.5900,8.6800,0.0104
603128.SH,2018-05-24,7.6300,7.7100,0.0104
603128.SH,2019-07-09,8.3600,8.4600,0.0118
603128.SH,2020-08-06,6.4600,8.4100,0.2319
603128.SH,2021-07-16,12.9300,13.1700,0.0182
603128.SH,2022-08-01,8.9400,9.1700,0.0251
603128.SH,2023-06-21,9.0800,9.4200,0.0361
603128.SH,2024-01-19,7.2900,7.4200,0.0175
603128.SH,2024-07-16,5.3600,5.5600,0.0360
603128.SH,2024-10-21,5.6400,5.7600,0.0208
603128.SH,2025-07-15,6.2100,6.3800,0.0266
603129.SH,2018-06-12,24.8700,25.1700,0.0119
603129.SH,2019-06-28,20.9000,21.2200,0.0151
603129.SH,2023-05-19,134.9000,136.3100,0.0103
603129.SH,2024-06-07,146.0300,148.1100,0.0140
603129.SH,2025-05-27,176.1500,180.0000,0.0214
603130.SH,2024-05-24,18.8400,19.1100,0.0141
603131.SH,2017-05-24,24.5300,49.4000,0.5034
603131.SH,2019-06-13,14.4000,20.2600,0.2892
603131.SH,2021-06-10,17.7100,17.9100,0.0112
603132.SH,2022-05-24,13.2500,13.6000,0.0257
603132.SH,2022-12-15,12.6200,12.8000,0.0141
603132.SH,2023-09-26,12.5700,12.8700,0.0233
603132.SH,2024-05-07,13.8600,14.1000,0.0170
603132.SH,2024-09-19,10.3200,10.4900,0.0162
603132.SH,2025-05-09,11.2700,11.4900,0.0191
603132.SH,2025-09-16,14.5700,14.7700,0.0135
603135.SH,2023-08-04,18.9600,19.1600,0.0104
603135.SH,2024-07-17,8.7300,12.4100,0.2965
603136.SH,2018-05-31,38.0100,38.4100,0.0104
603136.SH,2019-04-12,26.0500,38.5200,0.3237
603136.SH,2020-12-01,28.7700,29.4700,0.0238
603136.SH,2021-06-16,16.5700,24.3300,0.3189
603136.SH,2024-05-31,12.4900,18.6500,0.3303
603136.SH,2025-05-30,11.5500,11.7800,0.0195
603137.SH,2024-06-18,10.4100,14.7800,0.2957
603138.SH,2017-06-28,45.5000,59.2700,0.2323
603138.SH,2018-07-04,25.3400,35.6300,0.2888
603138.SH,2019-07-11,14.9300,21.0100,0.2894
603138.SH,2020-06-30,19.0500,22.9000,0.1681
603150.SH,2022-06-08,28.2400,28.7500,0.0177
603150.SH,2023-06-29,25.5100,25.8600,0.0135
603151.SH,2023-05-12,17.6100,18.1100,0.0276
603151.SH,2024-07-04,11.3400,11.5400,0.0173
603153.SH,2023-07-07,17.4600,17.6700,0.0119
603153.SH,2024-06-14,17.1600,17.4000,0.0138
603153.SH,2025-07-23,18.3100,18.5600,0.0135
603155.SH,2021-06-21,41.8500,42.4000,0.0130
603155.SH,2022-05-26,33.1500,49.0700,0.3244
603155.SH,2023-06-29,25.9200,26.9200,0.0371
603155.SH,2024-06-18,10.9400,15.3100,0.2854
603155.SH,2024-10-10,12.6800,12.9800,0.0231
603155.SH,2025-06-06,13.5900,13.9900,0.0286
603156.SH,2018-05-08,66.6300,95.8800,0.3051
603156.SH,2019-05-09,36.7900,54.5000,0.3250
603156.SH,2020-05-22,22.4100,28.8900,0.2243
603156.SH,2021-06-01,30.7400,31.9400,0.0376
603156.SH,2022-05-30,21.9400,23.9400,0.0835
603156.SH,2023-05-29,25.1300,26.9300,0.0668
603156.SH,2024-06-05,23.8400,25.4400,0.0629
603156.SH,2025-06-06,23.5600,24.9200,0.0546
603156.SH,2025-09-15,21.5700,22.0700,0.0227
603158.SH,2016-06-01,21.8100,43.8700,0.5028
603158.SH,2018-06-20,16.8200,17.0000,0.0106
603158.SH,2018-09-26,16.8600,17.0900,0.0135
603158.SH,2021-06-22,11.7300,16.4700,0.2878
603158.SH,2022-06-21,8.4300,11.9000,0.2916
603158.SH,2023-06-06,7.2300,7.3100,0.0109
603158.SH,2024-07-04,6.7500,6.9100,0.0232
603158.SH,2025-06-20,7.6800,7.8400,0.0204
603159.SH,2019-06-21,15.0200,21.1800,0.2908
603159.SH,2020-06-05,11.2200,11.3700,0.0132
603159.SH,2024-07-05,9.7400,9.8500,0.0112
603161.SH,2018-06-21,22.0800,22.3200,0.0108
603161.SH,2019-05-23,14.0600,14.3700,0.0216
603161.SH,2024-07-10,9.9400,14.3600,0.3078
603161.SH,2025-07-14,12.4200,12.5800,0.0127
603162.SH,2023-05-25,18.5700,27.6800,0.3291
603162.SH,2024-05-06,9.4200,14.0900,0.3314
603163.SH,2023-06-15,48.1700,61.0200,0.2106
603163.SH,2024-06-14,28.2100,29.0100,0.0276
603163.SH,2025-06-12,27.4200,28.1700,0.0266
603165.SH,2018-06-15,25.7100,36.5900,0.2973
603165.SH,2019-04-29,17.7300,18.2000,0.0258
603165.SH,2020-05-19,11.8600,17.0400,0.3040
603165.SH,2021-05-17,13.1500,13.8500,0.0505
603165.SH,2022-06-13,13.3700,13.7200,0.0255
603165.SH,2023-06-16,14.9100,15.3600,0.0293
603165.SH,2024-05-10,11.5800,12.0600,0.0398
603165.SH,2025-05-15,11.6400,12.1200,0.0396
603165.SH,2025-10-16,13.2900,13.8600,0.0411
603165.SH,2026-02-09,14.4000,14.7700,0.0251
603166.SH,2016-04-14,18.0900,21.7800,0.1694
603166.SH,2017-06-01,10.6300,10.8300,0.0185
603166.SH,2018-05-15,7.6300,7.8300,0.0255
603166.SH,2019-05-09,6.1800,6.3300,0.0237
603166.SH,2020-04-29,5.7100,5.8600,0.0256
603166.SH,2021-05-11,6.4500,6.6500,0.0301
603166.SH,2022-05-10,6.0500,6.5500,0.0763
603166.SH,2023-04-13,5.8800,5.9800,0.0167
603166.SH,2024-01-23,5.9500,6.0300,0.0133
603166.SH,2024-09-18,4.5300,4.6300,0.0216
603167.SH,2013-06-27,6.7800,6.9500,0.0245
603167.SH,2014-05-15,8.6900,8.8400,0.0170
603167.SH,2015-07-14,11.8400,11.9900,0.0125
603167.SH,2016-06-20,9.5400,9.6700,0.0134
603167.SH,2017-06-14,10.5300,10.7800,0.0232
603167.SH,2018-06-25,9.9400,10.3300,0.0378
603167.SH,2019-06-13,10.1600,10.7600,0.0558
603167.SH,2020-07-08,8.0900,8.4900,0.0471
603167.SH,2021-07-06,8.3700,8.4800,0.0130
603167.SH,2022-06-16,7.0400,7.1900,0.0209
603167.SH,2023-07-07,6.9400,7.0900,0.0212
603167.SH,2024-05-31,9.1400,9.6700,0.0548
603167.SH,2024-09-30,7.7800,8.0500,0.0335
603167.SH,2025-01-21,8.5300,8.7500,0.0251
603167.SH,2025-07-25,10.7600,11.1600,0.0358
603167.SH,2025-09-25,9.7100,10.1100,0.0396
603168.SH,2015-06-09,87.1100,218.5100,0.6013
603168.SH,2017-06-08,24.8600,35.2700,0.2952
603168.SH,2018-06-08,10.8200,14.2700,0.2418
603169.SH,2015-04-24,20.5200,32.9800,0.3778
603169.SH,2016-06-21,12.7700,12.9200,0.0116
603170.SH,2023-06-20,21.2600,21.5100,0.0116
603170.SH,2024-05-31,13.4900,13.8600,0.0267
603170.SH,2025-06-03,13.4000,13.6500,0.0183
603171.SH,2022-06-09,28.0000,28.3000,0.0106
603173.SH,2024-05-24,25.0300,25.4000,0.0146
603173.SH,2025-06-17,34.6000,35.1000,0.0142
603178.SH,2018-06-19,13.3600,13.5100,0.0111
603178.SH,2022-06-23,12.1200,12.2500,0.0106
603179.SH,2018-05-02,24.7800,35.1900,0.2958
603179.SH,2019-04-12,19.7100,20.2000,0.0243
603179.SH,2020-05-19,18.2200,24.0900,0.2437
603179.SH,2021-05-12,27.6100,27.9100,0.0107
603179.SH,2022-04-26,20.7900,27.3300,0.2393
603180.SH,2019-06-14,56.0100,56.9900,0.0172
603180.SH,2020-05-28,56.4400,79.9200,0.2938
603180.SH,2021-05-21,47.2300,67.0200,0.2953
603180.SH,2022-05-25,25.0100,26.0700,0.0407
603180.SH,2023-06-09,32.7200,33.4400,0.0215
603180.SH,2024-07-05,18.8600,19.4500,0.0303
603180.SH,2024-12-23,21.3500,21.5800,0.0107
603180.SH,2025-07-09,19.4800,19.8700,0.0196
603181.SH,2019-05-30,13.3400,18.9800,0.2972
603181.SH,2020-05-28,17.1000,17.4000,0.0172
603181.SH,2020-09-21,18.6600,27.0500,0.3102
603181.SH,2021-09-15,13.8500,20.0800,0.3103
603181.SH,2024-06-14,9.8700,10.0100,0.0140
603181.SH,2025-06-11,12.4400,12.6500,0.0166
603182.SH,2023-06-07,15.3200,15.6200,0.0192
603182.SH,2024-06-17,10.9000,11.3000,0.0354
603182.SH,2025-09-24,13.6500,13.9500,0.0215
603183.SH,2018-06-05,26.6000,37.4600,0.2899
603183.SH,2019-06-05,10.7400,15.1400,0.2906
603183.SH,2020-05-26,7.6000,10.7700,0.2943
603183.SH,2021-05-19,5.5900,7.9200,0.2942
603183.SH,2022-06-07,5.1400,6.2300,0.1750
603183.SH,2024-05-29,3.5000,3.5400,0.0113
603185.SH,2019-07-10,28.3200,39.8100,0.2886
603185.SH,2020-05-20,31.6800,41.5000,0.2366
603185.SH,2022-06-02,112.1400,159.0000,0.2947
603185.SH,2023-07-07,50.9200,73.5900,0.3081
603185.SH,2023-10-12,40.4100,40.9600,0.0134
603186.SH,2022-04-27,17.9500,18.4500,0.0271
603187.SH,2019-05-20,32.6900,46.3700,0.2950
603187.SH,2020-04-16,24.7000,35.1800,0.2979
603187.SH,2021-06-07,45.4600,64.2500,0.2925
603187.SH,2023-06-05,19.3900,27.5000,0.2949
603187.SH,2024-05-13,14.2800,14.8300,0.0371
603187.SH,2025-06-24,11.0300,11.5200,0.0425
603187.SH,2026-01-23,16.2100,16.5100,0.0182
603188.SH,2015-05-08,32.4500,65.9000,0.5076
603188.SH,2016-06-07,17.8100,18.3100,0.0273
603188.SH,2017-06-08,17.0700,17.5700,0.0285
603190.SH,2024-06-20,24.1000,24.5000,0.0163
603191.SH,2024-07-02,14.3700,14.5200,0.0103
603192.SH,2019-06-04,27.0700,27.4200,0.0128
603192.SH,2020-06-05,26.6300,27.0000,0.0137
603192.SH,2021-06-08,22.9300,23.2900,0.0155
603192.SH,2022-06-08,22.1700,29.1600,0.2397
603192.SH,2024-06-03,15.2600,15.4400,0.0117
603192.SH,2025-06-05,21.2200,21.5900,0.0171
603195.SH,2020-06-01,178.6100,182.4100,0.0208
603195.SH,2021-06-03,197.9800,199.9800,0.0100
603195.SH,2022-05-19,141.2200,143.6200,0.0167
603195.SH,2023-06-08,100.2800,151.7100,0.3390
603195.SH,2024-06-06,82.3200,122.4700,0.3278
603195.SH,2025-06-09,51.1900,74.0700,0.3089
603196.SH,2019-06-14,8.7900,8.8900,0.0112
603196.SH,2020-06-12,7.5200,7.7200,0.0259
603196.SH,2021-06-10,10.9700,11.0900,0.0108
603196.SH,2022-06-10,6.2000,6.3800,0.0282
603196.SH,2022-12-07,7.5200,7.6700,0.0196
603197.SH,2018-06-22,28.2300,40.0200,0.2946
603197.SH,2019-07-01,18.9800,19.2300,0.0130
603197.SH,2020-08-20,30.7800,31.1000,0.0103
603197.SH,2021-10-13,28.9200,29.3800,0.0157
603197.SH,2024-05-31,39.1000,39.7400,0.0161
603197.SH,2025-06-11,37.7100,38.2200,0.0133
603198.SH,2015-08-07,31.8200,32.2200,0.0124
603198.SH,2016-07-22,26.4700,26.9700,0.0185
603198.SH,2017-04-27,21.9700,22.5700,0.0266
603198.SH,2018-06-12,19.4100,20.1100,0.0348
603198.SH,2019-06-06,15.9900,16.6900,0.0419
603198.SH,2020-06-24,22.5600,23.2600,0.0301
603198.SH,2021-06-09,43.3900,44.0900,0.0159
603198.SH,2022-05-31,57.5000,58.4000,0.0154
603198.SH,2023-06-09,55.5900,56.6900,0.0194
603198.SH,2024-06-06,65.8800,67.1800,0.0194
603198.SH,2025-06-23,39.8200,41.3200,0.0363
603199.SH,2020-07-28,21.4300,21.6500,0.0102
603199.SH,2024-06-06,33.7200,34.5100,0.0229
603199.SH,2025-04-24,37.8900,38.5700,0.0176
603200.SH,2018-06-28,31.7500,32.5500,0.0246
603200.SH,2019-05-22,24.6100,33.5500,0.2665
603200.SH,2021-06-17,18.4600,23.1800,0.2036
603200.SH,2022-06-09,14.9900,20.7900,0.2790
603201.SH,2023-06-12,21.6900,30.7800,0.2953
603201.SH,2024-07-01,16.8200,24.2000,0.3050
603201.SH,2025-07-11,15.1400,18.5800,0.1851
603203.SH,2017-06-19,39.0400,51.2000,0.2375
603203.SH,2018-06-22,21.8700,28.7600,0.2396
603203.SH,2019-07-05,22.5400,22.8400,0.0131
603203.SH,2021-06-23,29.6200,36.3400,0.1849
603203.SH,2022-06-13,24.2600,32.8400,0.2613
603203.SH,2023-06-29,29.1700,30.1700,0.0331
603203.SH,2024-07-08,21.5800,22.1700,0.0266
603203.SH,2025-06-24,23.4000,24.0500,0.0270
603206.SH,2022-07-06,18.5900,18.8000,0.0112
603206.SH,2023-06-02,17.0800,17.3000,0.0127
603206.SH,2024-06-04,13.0700,13.2600,0.0143
603208.SH,2018-05-03,32.4800,33.1000,0.0187
603208.SH,2019-05-23,30.3100,30.8900,0.0188
603208.SH,2020-06-04,111.3000,145.6900,0.2360
603208.SH,2021-09-17,65.2200,66.4400,0.0184
603208.SH,2022-07-06,49.2800,64.8000,0.2395
603208.SH,2023-06-21,38.4500,51.9600,0.2600
603208.SH,2024-06-19,22.2200,23.9900,0.0738
603208.SH,2025-06-13,16.8000,16.9900,0.0112
603209.SH,2023-06-12,20.8600,29.3600,0.2895
603209.SH,2025-05-09,14.3700,14.5700,0.0137
603213.SH,2022-05-30,15.1400,15.7200,0.0369
603213.SH,2023-05-26,13.1700,13.6000,0.0316
603213.SH,2024-05-28,8.8000,9.0800,0.0308
603213.SH,2025-05-28,10.0800,10.3400,0.0251
603214.SH,2020-04-30,27.5000,39.0000,0.2949
603214.SH,2021-05-17,24.0300,24.3300,0.0123
603214.SH,2022-05-30,16.7600,16.9600,0.0118
603214.SH,2023-05-19,17.9400,18.2400,0.0164
603214.SH,2024-05-21,13.4900,13.8400,0.0253
603214.SH,2025-05-23,20.1500,20.4000,0.0123
603215.SH,2022-05-25,19.1700,19.4400,0.0139
603215.SH,2023-05-29,17.0500,17.5300,0.0274
603215.SH,2024-06-04,14.1800,14.5500,0.0254
603215.SH,2025-06-05,16.9200,17.2200,0.0174
603216.SH,2022-06-08,15.8300,16.0800,0.0155
603216.SH,2023-07-06,13.2600,13.6100,0.0257
603216.SH,2024-07-16,8.6800,8.9800,0.0334
603216.SH,2025-06-03,13.1400,13.3400,0.0150
603217.SH,2020-05-28,29.0400,41.2600,0.2962
603217.SH,2021-06-15,29.0400,29.4200,0.0129
603217.SH,2022-05-26,28.2500,46.0000,0.3859
603217.SH,2023-06-19,25.3500,25.8500,0.0193
603217.SH,2024-07-08,13.7100,14.1100,0.0283
603217.SH,2025-07-01,17.8800,18.2300,0.0192
603218.SH,2018-05-31,19.1900,19.3900,0.0103
603218.SH,2019-05-27,17.2500,22.7300,0.2411
603218.SH,2020-06-03,16.4000,23.2600,0.2949
603218.SH,2021-07-12,28.0900,28.4100,0.0113
603218.SH,2023-06-16,19.6300,19.8300,0.0101
603218.SH,2024-07-25,9.7600,10.0400,0.0279
603218.SH,2025-07-16,12.2700,12.6200,0.0277
603219.SH,2022-06-16,17.2000,17.6000,0.0227
603219.SH,2023-05-05,14.5900,20.8200,0.2992
603219.SH,2024-07-08,14.0500,14.3500,0.0209
603219.SH,2025-07-21,14.7800,14.9800,0.0134
603220.SH,2022-07-20,12.1200,12.2800,0.0130
603220.SH,2024-07-24,19.5900,25.6200,0.2354
603221.SH,2020-06-18,15.0800,15.2600,0.0118
603221.SH,2025-06-13,11.0400,11.2200,0.0160
603222.SH,2016-06-21,14.4600,28.9900,0.5012
603222.SH,2022-06-20,10.7200,15.1000,0.2901
603223.SH,2018-06-20,11.8500,16.7200,0.2913
603223.SH,2019-06-13,7.3800,10.3800,0.2890
603223.SH,2022-05-30,22.6900,31.8700,0.2880
603223.SH,2023-06-16,14.3400,20.1400,0.2880
603225.SH,2018-03-21,26.6100,37.5200,0.2908
603225.SH,2019-03-28,14.7200,20.7900,0.2920
603225.SH,2020-05-18,9.9700,10.1000,0.0129
603225.SH,2022-06-02,11.4000,11.6200,0.0189
603225.SH,2024-05-30,14.1600,14.4100,0.0173
603225.SH,2025-07-11,11.4300,11.6500,0.0189
603226.SH,2018-07-09,18.1500,23.8900,0.2403
603226.SH,2019-05-09,19.0000,25.0000,0.2400
603226.SH,2020-06-09,11.8000,16.4000,0.2805
603226.SH,2021-06-03,6.8900,9.0600,0.2395
603226.SH,2022-06-08,4.9000,6.4000,0.2344
603227.SH,2016-07-28,9.3000,18.7800,0.5048
603227.SH,2020-07-01,3.6700,3.7200,0.0134
603227.SH,2023-06-30,8.1400,8.2900,0.0181
603227.SH,2024-07-10,6.6200,6.8700,0.0364
603227.SH,2025-06-05,8.6900,8.8900,0.0225
603228.SH,2018-05-11,48.7000,49.2000,0.0102
603228.SH,2019-05-16,39.3000,55.7700,0.2953
603228.SH,2020-05-26,32.5100,45.8200,0.2905
603228.SH,2021-05-12,24.9200,25.2200,0.0119
603228.SH,2022-07-21,21.8400,22.1400,0.0136
603228.SH,2023-06-07,24.8600,25.3600,0.0197
603228.SH,2024-06-06,25.0700,25.5700,0.0196
603228.SH,2025-06-11,32.4600,33.2600,0.0241
603229.SH,2020-06-23,46.2300,64.8000,0.2866
603229.SH,2021-07-06,34.2700,41.2000,0.1682
603229.SH,2022-05-26,45.4700,63.7600,0.2869
603229.SH,2023-07-12,15.1000,21.2500,0.2894
603229.SH,2024-07-12,7.2900,10.3300,0.2943
603229.SH,2025-07-17,9.3100,9.4100,0.0106
603230.SH,2023-07-03,12.7500,12.9000,0.0116
603230.SH,2024-06-26,11.3300,11.7800,0.0382
603230.SH,2025-06-19,12.3200,12.8000,0.0375
603231.SH,2024-06-28,17.2000,17.7000,0.0282
603231.SH,2025-06-30,16.2600,16.5600,0.0181
603232.SH,2018-06-15,29.5800,41.8100,0.2925
603232.SH,2019-05-30,24.5000,35.0700,0.3014
603232.SH,2020-06-01,26.2000,37.3900,0.2993
603232.SH,2021-06-01,15.9300,19.2400,0.1720
603232.SH,2022-06-16,10.7700,10.9000,0.0119
603233.SH,2019-05-30,43.8200,57.5600,0.2387
603233.SH,2020-06-17,73.7500,89.1000,0.1723
603233.SH,2021-06-10,55.7900,67.7500,0.1765
603233.SH,2022-06-13,27.5800,33.5900,0.1789
603233.SH,2023-06-09,25.8600,31.6300,0.1824
603233.SH,2024-06-21,15.3300,15.6400,0.0198
603233.SH,2024-10-23,14.8800,15.1900,0.0204
603233.SH,2025-06-19,15.5200,15.8300,0.0196
603233.SH,2025-11-06,18.1600,18.5000,0.0184
603235.SH,2023-06-05,28.4300,29.1400,0.0244
603235.SH,2024-06-26,24.5000,25.0000,0.0200
603235.SH,2025-06-17,27.3500,28.0300,0.0243
603236.SH,2020-06-10,204.5800,246.0000,0.1684
603236.SH,2021-06-11,158.8400,207.0000,0.2327
603236.SH,2022-06-30,133.7400,174.6000,0.2340
603236.SH,2023-06-15,62.1400,87.9900,0.2938
603237.SH,2022-11-17,39.4400,40.1400,0.0174
603237.SH,2023-06-15,36.5600,51.5900,0.2913
603237.SH,2024-07-08,16.4900,23.8900,0.3098
603237.SH,2025-06-06,17.4600,17.9500,0.0273
603238.SH,2021-07-02,16.0700,23.7500,0.3234
603238.SH,2024-05-30,11.1400,11.4400,0.0262
603238.SH,2025-06-03,16.0600,16.3600,0.0183
603239.SH,2017-05-09,31.5500,95.2600,0.6688
603239.SH,2018-06-08,14.3100,14.8100,0.0338
603239.SH,2019-05-20,9.3100,9.6100,0.0312
603239.SH,2020-05-27,12.7300,13.2300,0.0378
603239.SH,2021-07-06,16.6700,17.0200,0.0206
603239.SH,2022-05-19,11.4900,11.9900,0.0417
603239.SH,2023-05-25,15.2800,15.6000,0.0205
603239.SH,2024-05-23,15.4100,15.7300,0.0203
603239.SH,2025-05-23,14.2100,14.4200,0.0146
603256.SH,2022-07-12,6.9100,7.0100,0.0143
603258.SH,2022-06-23,20.2000,21.0100,0.0386
603258.SH,2023-06-15,51.8900,52.7000,0.0154
603258.SH,2024-05-21,18.2500,18.4500,0.0108
603258.SH,2024-10-17,18.7500,18.9800,0.0121
603259.SH,2019-07-02,64.6600,91.1000,0.2902
603259.SH,2020-06-04,80.2500,112.6800,0.2878
603259.SH,2021-06-08,146.2300,175.8400,0.1684
603259.SH,2023-06-14,67.9200,68.8100,0.0129
603259.SH,2024-06-26,39.5000,40.4900,0.0245
603259.SH,2025-05-21,61.3300,62.6600,0.0212
603260.SH,2019-07-11,33.3700,47.5400,0.2981
603260.SH,2022-06-07,99.7400,101.2500,0.0149
603260.SH,2023-05-25,70.9500,71.8300,0.0123
603260.SH,2024-08-19,46.1600,46.8400,0.0145
603266.SH,2018-06-04,16.8300,23.8100,0.2932
603266.SH,2019-05-29,11.3100,15.9400,0.2905
603267.SH,2020-06-02,38.6900,54.1800,0.2859
603268.SH,2018-05-21,19.2500,27.1100,0.2899
603269.SH,2020-06-22,13.2400,13.4400,0.0149
603269.SH,2020-07-28,12.6500,13.9200,0.0912
603269.SH,2021-06-30,10.5400,10.7400,0.0186
603269.SH,2022-06-29,12.0700,12.2900,0.0179
603269.SH,2023-06-02,10.5900,15.0800,0.2977
603269.SH,2024-06-03,10.1400,14.5000,0.3007
603269.SH,2025-06-04,8.6300,12.3800,0.3029
603272.SH,2022-10-12,18.0700,18.3700,0.0163
603272.SH,2024-07-15,8.3200,8.4700,0.0177
603276.SH,2024-06-25,13.6700,17.9400,0.2380
603277.SH,2018-06-21,12.1000,12.2500,0.0122
603277.SH,2019-07-15,9.4500,9.6500,0.0207
603277.SH,2020-08-14,11.0700,11.2900,0.0195
603277.SH,2021-06-29,24.1200,24.6200,0.0203
603277.SH,2021-12-09,18.4400,18.9400,0.0264
603277.SH,2022-06-16,20.6900,21.1900,0.0236
603277.SH,2022-11-01,16.0000,16.3000,0.0184
603277.SH,2023-06-09,21.3500,22.0500,0.0317
603277.SH,2024-06-20,30.4100,31.4100,0.0318
603277.SH,2024-10-24,26.3400,26.8400,0.0186
603277.SH,2025-06-06,16.0600,23.7900,0.3249
603277.SH,2025-10-20,17.6800,18.0300,0.0194
603278.SH,2019-04-16,12.8900,18.0300,0.2851
603278.SH,2020-06-17,7.7200,7.8800,0.0203
603278.SH,2021-06-25,8.1300,8.2400,0.0133
603279.SH,2019-09-30,24.1700,24.7700,0.0242
603279.SH,2020-06-05,21.4100,22.0100,0.0273
603279.SH,2021-06-17,20.6600,21.3500,0.0323
603279.SH,2022-06-15,29.4100,41.9800,0.2994
603279.SH,2023-06-01,26.8400,27.8400,0.0359
603279.SH,2024-02-23,19.8300,20.8900,0.0507
603279.SH,2024-12-05,18.5600,19.2200,0.0343
603279.SH,2025-05-28,15.8900,16.2900,0.0246
603279.SH,2025-12-08,16.0700,16.5700,0.0302
603280.SH,2023-06-08,24.9300,25.2500,0.0127
603280.SH,2024-06-04,20.1000,20.4400,0.0166
603280.SH,2025-06-17,24.6400,24.9000,0.0104
603281.SH,2023-05-30,33.8200,48.5500,0.3034
603281.SH,2024-06-28,22.7600,23.7600,0.0421
603281.SH,2025-07-16,24.3300,25.3200,0.0391
603282.SH,2023-09-27,26.1600,26.4600,0.0113
603282.SH,2024-06-14,18.0300,18.4000,0.0201
603282.SH,2025-06-25,16.5200,16.7500,0.0137
603283.SH,2019-05-29,18.8900,19.2000,0.0161
603283.SH,2020-06-15,46.1900,46.7500,0.0120
603283.SH,2021-06-22,29.0500,29.7000,0.0219
603283.SH,2022-05-30,17.7600,18.0900,0.0182
603283.SH,2023-04-28,45.3700,45.9000,0.0115
603283.SH,2025-06-12,31.7400,44.7800,0.2912
603288.SH,2014-05-19,35.8300,72.1600,0.5035
603288.SH,2015-04-15,37.8100,68.9000,0.4512
603288.SH,2016-04-15,30.6500,31.2500,0.0192
603288.SH,2017-04-25,35.5500,36.2300,0.0188
603288.SH,2018-04-26,62.3400,63.1900,0.0135
603288.SH,2019-05-07,87.5200,88.5000,0.0111
603288.SH,2020-05-07,105.0900,127.1900,0.1738
603288.SH,2021-05-17,132.7200,173.5700,0.2354
603288.SH,2022-04-29,81.9300,90.8800,0.0985
603288.SH,2023-06-01,49.8300,60.5000,0.1764
603288.SH,2024-06-19,35.3600,36.0200,0.0183
603288.SH,2025-06-05,43.3100,44.1700,0.0195
603289.SH,2018-05-16,14.2800,18.6900,0.2360
603289.SH,2019-05-24,11.4000,11.6000,0.0172
603289.SH,2020-05-22,8.4800,8.6800,0.0230
603289.SH,2021-06-16,8.6500,8.8500,0.0226
603289.SH,2022-05-31,8.9400,9.1400,0.0219
603289.SH,2023-06-19,10.1400,10.2900,0.0146
603289.SH,2024-06-03,8.9500,9.1000,0.0165
603289.SH,2025-06-05,9.1400,9.2900,0.0161
603290.SH,2024-05-23,93.3700,132.3200,0.2944
603291.SH,2024-06-14,13.7000,13.8500,0.0108
603291.SH,2025-06-06,11.9300,12.0800,0.0124
603296.SH,2024-06-11,57.7500,82.0000,0.2957
603296.SH,2025-06-06,70.1900,71.0900,0.0127
603297.SH,2019-06-05,34.6200,45.5000,0.2391
603297.SH,2020-06-15,39.3500,39.7900,0.0111
603297.SH,2022-05-31,84.8000,85.7000,0.0105
603297.SH,2023-05-31,80.3000,81.2600,0.0118
603297.SH,2024-06-06,67.4200,68.3700,0.0139
603297.SH,2025-06-16,82.3300,83.1800,0.0102
603298.SH,2017-05-26,21.5700,21.8700,0.0137
603298.SH,2018-06-01,13.9100,14.2100,0.0211
603298.SH,2019-05-31,13.2400,13.5400,0.0222
603298.SH,2020-05-29,9.2400,13.2800,0.3042
603298.SH,2021-05-20,19.8200,20.2200,0.0198
603298.SH,2022-05-27,13.6900,14.0900,0.0284
603298.SH,2023-05-26,20.0000,20.4000,0.0196
603298.SH,2024-05-31,20.1800,28.7500,0.2981
603298.SH,2025-05-28,18.8400,19.3400,0.0259
603299.SH,2018-06-15,9.2400,9.3400,0.0107
603299.SH,2020-07-02,6.1000,6.2000,0.0161
603299.SH,2022-06-15,12.8700,13.0200,0.0115
603299.SH,2023-06-02,9.1000,9.4600,0.0381
603299.SH,2024-06-07,9.2900,9.7100,0.0433
603299.SH,2025-06-24,9.3800,9.8200,0.0448
603300.SH,2016-06-13,15.6700,31.3800,0.5006
603300.SH,2019-10-15,7.0600,9.8800,0.2854
603300.SH,2022-06-20,7.4600,10.5700,0.2942
603300.SH,2023-05-18,5.5300,7.7400,0.2855
603301.SH,2019-05-24,22.2900,31.5600,0.2937
603301.SH,2020-06-08,39.1200,55.2000,0.2913
603301.SH,2021-07-22,42.7700,45.0700,0.0510
603301.SH,2022-06-15,36.2300,36.8300,0.0163
603301.SH,2023-06-20,31.0800,31.8300,0.0236
603301.SH,2023-10-31,25.8200,26.5700,0.0282
603301.SH,2024-07-03,20.8500,21.3500,0.0234
603301.SH,2025-06-11,20.1900,20.8400,0.0312
603303.SH,2017-10-19,19.1800,32.9700,0.4183
603303.SH,2018-05-28,11.6400,11.7700,0.0110
603303.SH,2019-05-28,9.3900,11.4300,0.1785
603303.SH,2020-06-05,10.1000,10.3200,0.0213
603303.SH,2021-05-28,12.7000,12.9500,0.0193
603303.SH,2022-06-15,13.7300,14.0700,0.0242
603303.SH,2023-05-26,14.5300,14.8600,0.0222
603303.SH,2024-05-31,12.3800,12.7100,0.0260
603303.SH,2025-05-27,11.8000,12.5300,0.0583
603303.SH,2025-09-23,13.6600,14.2900,0.0441
603305.SH,2019-05-17,24.5100,24.7700,0.0105
603305.SH,2021-05-20,29.6300,29.9600,0.0110
603305.SH,2022-04-28,17.6600,24.8400,0.2890
603305.SH,2023-04-14,24.1000,33.8600,0.2882
603305.SH,2024-05-30,12.6300,12.8600,0.0179
603305.SH,2025-06-18,12.8100,13.1900,0.0288
603306.SH,2016-06-02,32.2300,48.8500,0.3402
603306.SH,2017-05-19,30.4200,31.1200,0.0225
603306.SH,2018-05-18,18.9800,25.1700,0.2459
603306.SH,2019-06-03,14.3100,14.8100,0.0338
603306.SH,2020-06-03,14.5600,15.0100,0.0300
603307.SH,2024-06-21,31.3700,32.3700,0.0309
603307.SH,2024-09-25,27.5000,27.9000,0.0143
603307.SH,2025-06-27,36.2700,36.8700,0.0163
603308.SH,2021-06-18,21.0600,29.6100,0.2888
603308.SH,2023-07-11,17.3900,17.5700,0.0102
603308.SH,2024-07-10,11.6700,11.7900,0.0102
603309.SH,2015-09-25,35.0500,70.4000,0.5021
603309.SH,2020-05-25,12.3200,16.2100,0.2400
603309.SH,2021-05-27,12.6300,12.8300,0.0156
603309.SH,2023-05-29,19.1700,19.5100,0.0174
603309.SH,2024-05-23,12.1500,12.6500,0.0395
603309.SH,2025-05-29,11.8200,12.3200,0.0406
603309.SH,2026-01-08,13.9900,14.1900,0.0141
603311.SH,2018-05-23,14.7000,14.8800,0.0121
603311.SH,2019-06-10,9.6800,9.8300,0.0153
603311.SH,2020-06-09,11.6300,11.7900,0.0136
603311.SH,2021-06-23,10.8700,11.0700,0.0181
603311.SH,2023-07-17,11.4200,11.5400,0.0104
603311.SH,2025-06-18,10.4800,10.6000,0.0113
603313.SH,2017-05-31,31.7200,32.9200,0.0365
603313.SH,2019-06-03,16.9800,22.4700,0.2443
603313.SH,2021-07-14,22.0800,29.0500,0.2399
603315.SH,2016-06-07,20.8500,41.9000,0.5024
603315.SH,2020-07-07,13.2500,13.4100,0.0119
603315.SH,2021-07-27,14.1500,14.3000,0.0105
603316.SH,2021-06-24,5.8100,7.6500,0.2405
603317.SH,2020-05-08,40.0800,58.3900,0.3136
603317.SH,2021-05-24,37.1900,44.8800,0.1713
603317.SH,2023-04-11,17.2800,24.4600,0.2935
603317.SH,2024-06-14,12.3700,12.7700,0.0313
603317.SH,2025-05-16,10.8000,11.3500,0.0485
603318.SH,2016-06-29,18.3800,55.3800,0.6681
603318.SH,2024-07-11,5.4700,5.5300,0.0108
603318.SH,2025-07-15,6.8900,6.9600,0.0101
603319.SH,2018-05-31,27.4100,27.8600,0.0162
603319.SH,2019-04-16,18.7600,24.6900,0.2402
603319.SH,2020-06-11,21.0200,21.3000,0.0131
603319.SH,2021-06-08,24.6000,34.7700,0.2925
603319.SH,2022-06-02,14.1900,18.8100,0.2456
603319.SH,2023-05-30,14.8900,15.1400,0.0165
603319.SH,2024-07-12,16.3600,16.7600,0.0239
603319.SH,2025-07-09,23.2000,32.6900,0.2903
603320.SH,2020-05-26,11.6700,15.3000,0.2373
603320.SH,2022-05-23,11.0600,11.2600,0.0178
603321.SH,2022-06-21,6.3200,6.4200,0.0156
603321.SH,2023-06-27,7.2300,7.3300,0.0136
603321.SH,2024-06-26,6.7100,6.8600,0.0219
603321.SH,2025-06-23,7.2000,7.4000,0.0270
603322.SH,2018-05-04,29.0400,40.7700,0.2877
603322.SH,2019-05-13,20.2500,28.4000,0.2870
603323.SH,2017-07-04,11.9200,15.5500,0.2334
603323.SH,2018-06-01,7.2700,7.4200,0.0202
603323.SH,2019-06-12,5.5300,6.1800,0.1052
603323.SH,2020-07-02,4.3500,4.5000,0.0333
603323.SH,2021-06-08,4.4000,4.5500,0.0330
603323.SH,2022-06-16,5.1900,5.3500,0.0299
603323.SH,2023-06-28,4.1500,4.3200,0.0394
603323.SH,2024-06-07,4.7800,4.9600,0.0363
603323.SH,2025-06-12,5.5000,6.2300,0.1172
603323.SH,2025-09-19,5.0200,5.1100,0.0176
603324.SH,2024-07-04,21.7100,26.2900,0.1742
603326.SH,2018-05-29,12.6800,17.9100,0.2920
603326.SH,2019-07-05,12.2300,12.3800,0.0121
603326.SH,2020-07-03,14.0000,19.8800,0.2958
603326.SH,2021-05-24,10.4800,10.7800,0.0278
603326.SH,2023-06-14,7.5600,7.7100,0.0195
603326.SH,2024-06-27,5.5800,5.8500,0.0462
603326.SH,2025-02-27,7.1900,7.3900,0.0271
603326.SH,2025-06-25,8.0100,8.3100,0.0361
603326.SH,2025-09-26,8.2300,8.3800,0.0179
603327.SH,2021-04-28,15.4400,15.8000,0.0228
603327.SH,2022-06-06,12.8500,17.1200,0.2494
603327.SH,2023-05-30,11.4500,15.2900,0.2511
603327.SH,2024-06-26,11.5800,13.0400,0.1120
603327.SH,2025-06-20,8.8800,11.7800,0.2462
603328.SH,2016-05-20,28.3700,28.8200,0.0156
603328.SH,2017-06-19,15.2900,31.5700,0.5157
603328.SH,2017-09-26,14.7400,14.9900,0.0167
603328.SH,2018-07-31,10.9000,11.2000,0.0268
603328.SH,2018-09-20,9.8200,10.3800,0.0539
603328.SH,2019-07-19,10.0200,10.7200,0.0653
603328.SH,2019-09-25,12.4300,13.1800,0.0569
603328.SH,2020-07-07,11.0200,11.3700,0.0308
603328.SH,2020-10-22,8.8700,8.9900,0.0133
603328.SH,2021-06-18,7.4100,7.5100,0.0133
603328.SH,2022-07-19,6.7300,6.8000,0.0103
603328.SH,2023-07-18,8.2500,8.4000,0.0179
603328.SH,2024-06-27,7.4200,7.6100,0.0250
603328.SH,2025-07-11,10.4100,10.6100,0.0189
603329.SH,2018-06-27,28.6900,28.9900,0.0103
603329.SH,2019-06-20,18.0700,18.3200,0.0136
603329.SH,2021-06-23,12.5800,12.7300,0.0118
603329.SH,2022-06-15,17.4000,17.7000,0.0169
603329.SH,2023-06-07,13.5400,13.8400,0.0217
603329.SH,2025-06-06,11.4200,14.8700,0.2320
603330.SH,2018-06-26,21.4200,28.1000,0.2377
603330.SH,2019-06-10,14.3300,20.2900,0.2937
603330.SH,2020-08-06,26.1400,36.6700,0.2872
603330.SH,2021-07-16,16.7300,23.5400,0.2893
603330.SH,2022-06-02,9.0500,12.8100,0.2935
603330.SH,2024-07-19,4.3500,4.4300,0.0181
603331.SH,2018-06-01,18.0300,18.2300,0.0110
603331.SH,2019-05-29,16.2800,16.5200,0.0145
603331.SH,2020-07-20,11.7900,16.7400,0.2957
603331.SH,2021-06-30,9.6900,9.8900,0.0202
603331.SH,2022-06-07,11.9000,12.1500,0.0206
603331.SH,2024-05-20,10.5100,10.7100,0.0187
603332.SH,2019-06-04,29.5100,30.2100,0.0232
603332.SH,2020-06-12,22.3700,22.9700,0.0261
603332.SH,2022-06-23,19.5000,27.6000,0.2935
603332.SH,2023-07-04,8.3500,10.9500,0.2374
603332.SH,2024-06-26,7.1900,7.3400,0.0204
603332.SH,2025-06-12,19.5800,19.8000,0.0111
603333.SH,2012-10-17,5.6200,8.4300,0.3333
603335.SH,2018-06-06,9.3000,12.1400,0.2339
603335.SH,2019-04-22,5.5500,7.2300,0.2324
603336.SH,2018-05-10,21.6400,28.3300,0.2361
603336.SH,2019-05-16,18.2500,23.8400,0.2345
603336.SH,2020-05-22,13.7400,20.0300,0.3140
603336.SH,2021-05-17,7.4000,9.6800,0.2355
603336.SH,2023-06-20,5.1300,6.7100,0.2355
603337.SH,2018-06-14,40.5100,60.4300,0.3296
603337.SH,2019-06-05,20.9800,30.9400,0.3219
603337.SH,2022-05-26,20.7500,21.0700,0.0152
603337.SH,2023-06-29,17.9300,18.2500,0.0175
603337.SH,2024-07-09,25.5400,26.0200,0.0184
603337.SH,2025-06-06,37.1700,37.6400,0.0125
603338.SH,2015-09-02,30.9300,77.4200,0.6005
603338.SH,2018-05-18,47.5400,66.9500,0.2899
603338.SH,2019-05-22,44.8900,63.2000,0.2897
603338.SH,2020-06-05,69.3900,97.4900,0.2882
603338.SH,2024-06-26,60.5300,61.5300,0.0163
603338.SH,2025-06-18,43.7000,44.7000,0.0224
603339.SH,2019-07-04,15.4200,15.6200,0.0128
603339.SH,2020-07-06,9.2900,13.9300,0.3331
603339.SH,2021-05-27,9.1900,9.2900,0.0108
603339.SH,2022-06-23,10.9800,11.1200,0.0126
603339.SH,2023-06-12,14.2300,14.4500,0.0152
603339.SH,2024-06-18,9.2400,9.5000,0.0274
603339.SH,2025-06-27,11.6800,11.9100,0.0193
603345.SH,2024-06-14,79.9300,81.7000,0.0217
603345.SH,2024-09-25,75.0800,76.4500,0.0179
603345.SH,2025-01-23,74.2000,75.1500,0.0126
603345.SH,2025-06-17,77.9000,78.9100,0.0128
603345.SH,2025-09-23,72.0000,73.4200,0.0193
603348.SH,2019-05-17,19.8900,20.1900,0.0149
603351.SH,2019-05-28,36.4600,51.6500,0.2941
603351.SH,2020-05-27,22.7900,32.3500,0.2955
603351.SH,2021-05-25,19.7000,20.0000,0.0150
603351.SH,2022-06-13,22.1100,22.4100,0.0134
603351.SH,2023-06-08,25.4500,25.7300,0.0109
603351.SH,2024-06-13,21.3300,21.6300,0.0139
603351.SH,2025-06-13,28.2100,28.6100,0.0140
603353.SH,2021-05-31,33.6800,44.2800,0.2394
603353.SH,2023-06-20,17.9600,18.1600,0.0110
603353.SH,2023-10-13,19.8200,20.1100,0.0144
603355.SH,2018-11-14,25.7700,27.7700,0.0720
603355.SH,2019-06-05,20.0600,20.2800,0.0108
603355.SH,2020-06-08,22.9200,23.1800,0.0112
603355.SH,2021-07-08,39.6600,57.5300,0.3106
603355.SH,2022-07-18,26.3100,27.3100,0.0366
603355.SH,2023-07-06,26.1500,27.1500,0.0368
603355.SH,2024-11-08,25.0600,26.5600,0.0565
603356.SH,2019-06-20,12.6000,12.7800,0.0141
603356.SH,2020-07-07,15.2600,15.4500,0.0123
603357.SH,2018-05-28,23.9900,24.2600,0.0111
603357.SH,2019-05-20,13.2800,19.0000,0.3011
603357.SH,2020-07-10,10.9300,11.1500,0.0197
603357.SH,2021-05-26,8.6900,8.9400,0.0280
603357.SH,2022-06-17,11.1700,11.6300,0.0396
603357.SH,2023-06-27,10.4000,13.0100,0.2006
603357.SH,2024-07-05,8.5400,8.8900,0.0394
603357.SH,2025-07-07,8.4000,8.6800,0.0323
603358.SH,2017-06-19,50.4500,51.1300,0.0133
603358.SH,2018-06-15,24.1700,34.5200,0.2998
603358.SH,2018-09-26,12.7400,18.0300,0.2934
603358.SH,2019-06-14,11.7600,12.0600,0.0249
603358.SH,2020-06-11,18.0800,18.3800,0.0163
603358.SH,2021-06-09,16.1900,23.1000,0.2991
603358.SH,2022-06-02,16.5500,16.8500,0.0178
603358.SH,2023-06-09,18.5500,18.8500,0.0159
603358.SH,2024-07-19,29.5000,29.8500,0.0117
603358.SH,2025-06-30,33.0600,33.4100,0.0105
603359.SH,2018-06-12,23.8700,33.9200,0.2963
603359.SH,2020-05-29,16.8300,17.0300,0.0117
603359.SH,2021-07-05,11.2100,15.8900,0.2945
603360.SH,2017-07-11,30.5000,31.5000,0.0317
603360.SH,2018-07-12,13.2700,18.8300,0.2953
603360.SH,2019-08-09,30.9200,31.3100,0.0125
603360.SH,2020-04-28,19.8500,28.3900,0.3008
603360.SH,2021-06-01,14.7700,15.3400,0.0372
603360.SH,2023-06-12,10.6600,15.6000,0.3167
603360.SH,2024-05-31,11.4900,16.6900,0.3116
603360.SH,2025-05-29,19.4300,27.8000,0.3011
603363.SH,2020-10-21,14.9200,19.5000,0.2349
603363.SH,2021-06-08,10.4900,10.6400,0.0141
603365.SH,2018-06-11,27.7500,28.2500,0.0177
603365.SH,2019-06-27,18.8000,19.3000,0.0259
603365.SH,2019-11-07,15.9700,16.1700,0.0124
603365.SH,2020-06-11,14.8600,15.6500,0.0505
603365.SH,2021-06-25,13.9500,14.3500,0.0279
603365.SH,2022-06-24,14.3600,14.8600,0.0336
603365.SH,2023-06-26,13.2100,13.9000,0.0496
603365.SH,2024-06-27,15.7000,16.6000,0.0542
603365.SH,2025-06-25,18.4000,19.2900,0.0461
603366.SH,2012-07-12,18.2500,18.6000,0.0188
603366.SH,2013-04-26,15.3200,16.0300,0.0443
603366.SH,2014-04-30,13.6400,14.1700,0.0374
603366.SH,2015-05-28,17.6800,35.6200,0.5036
603366.SH,2016-06-17,8.0800,8.2800,0.0242
603366.SH,2017-06-28,7.6400,7.8200,0.0230
603366.SH,2020-06-19,5.8100,5.8700,0.0102
603366.SH,2021-06-10,4.6900,4.8100,0.0249
603366.SH,2022-06-16,4.3900,4.4700,0.0179
603366.SH,2024-06-14,3.7800,3.8600,0.0207
603367.SH,2019-05-23,15.4100,15.6700,0.0166
603367.SH,2020-07-15,17.2400,17.5100,0.0154
603367.SH,2021-06-25,12.2100,12.4700,0.0209
603367.SH,2022-06-30,11.8400,12.1400,0.0247
603367.SH,2023-06-14,14.6900,15.0200,0.0220
603367.SH,2024-06-27,14.1100,14.5500,0.0302
603367.SH,2024-11-22,14.5500,14.7700,0.0149
603367.SH,2025-06-19,14.1000,14.3200,0.0154
603368.SH,2017-05-10,56.0400,73.5500,0.2381
603368.SH,2018-05-09,37.3500,52.9500,0.2946
603368.SH,2019-05-28,34.2900,34.9000,0.0175
603368.SH,2020-06-24,23.3900,33.4200,0.3001
603368.SH,2021-06-10,20.0600,20.6600,0.0290
603368.SH,2022-06-17,15.5400,16.0200,0.0300
603368.SH,2023-06-08,22.2200,22.7200,0.0220
603368.SH,2024-06-11,20.5400,21.1400,0.0284
603368.SH,2025-05-29,16.5600,17.3100,0.0433
603369.SH,2015-05-15,35.1200,35.5100,0.0110
603369.SH,2016-05-06,16.2600,41.0500,0.6039
603369.SH,2017-05-12,12.2700,12.4600,0.0152
603369.SH,2018-05-21,20.5700,20.8200,0.0120
603369.SH,2019-05-21,26.1800,26.5100,0.0124
603369.SH,2020-06-24,38.0800,38.4900,0.0107
603369.SH,2022-05-31,45.3100,45.9000,0.0129
603369.SH,2023-06-13,55.0600,55.7900,0.0131
603369.SH,2024-06-12,50.2800,51.2700,0.0193
603369.SH,2025-06-06,42.6300,43.8300,0.0274
603373.SH,2024-06-04,31.5000,32.0000,0.0156
603373.SH,2025-06-16,38.7000,39.2000,0.0128
603377.SH,2018-05-16,23.8000,33.6200,0.2921
603377.SH,2019-06-06,16.7900,16.9900,0.0118
603377.SH,2020-06-16,16.4500,16.6500,0.0120
603377.SH,2021-06-16,9.7400,11.6900,0.1668
603378.SH,2018-07-06,13.4700,13.6500,0.0132
603378.SH,2021-07-16,36.2800,53.0600,0.3162
603378.SH,2022-06-08,9.5700,13.8700,0.3100
603379.SH,2020-06-02,21.9600,31.2000,0.2962
603380.SH,2019-06-21,14.9900,15.2100,0.0145
603380.SH,2020-07-06,17.4400,17.6900,0.0141
603380.SH,2021-07-06,24.7700,25.0900,0.0128
603380.SH,2024-07-23,18.8100,19.0700,0.0136
603380.SH,2025-06-06,23.4700,24.4700,0.0409
603383.SH,2018-06-05,34.0600,48.1800,0.2931
603383.SH,2020-06-08,41.4600,58.5400,0.2918
603383.SH,2021-06-02,30.3000,30.7000,0.0130
603383.SH,2022-05-27,22.8200,23.3700,0.0235
603383.SH,2023-05-25,48.2000,49.0000,0.0163
603383.SH,2024-05-30,31.9200,39.4000,0.1898
603383.SH,2025-05-28,37.8700,38.4700,0.0156
603385.SH,2018-05-15,13.0600,17.2800,0.2442
603385.SH,2019-05-31,8.8100,9.0400,0.0254
603385.SH,2020-04-29,9.2200,9.4500,0.0243
603385.SH,2021-04-20,11.6600,11.9000,0.0202
603385.SH,2022-05-25,6.8900,7.0800,0.0268
603385.SH,2023-06-29,7.3800,7.4800,0.0134
603385.SH,2025-06-09,6.5400,6.6500,0.0165
603386.SH,2021-05-24,16.7600,16.9800,0.0130
603386.SH,2022-07-07,11.3400,16.2800,0.3034
603386.SH,2023-06-15,11.6900,11.8900,0.0168
603387.SH,2018-06-01,58.3300,82.1100,0.2896
603387.SH,2019-05-21,25.6900,36.3800,0.2938
603387.SH,2020-05-08,30.4500,30.8500,0.0130
603387.SH,2021-06-23,22.3300,31.5600,0.2925
603387.SH,2022-06-08,13.7600,19.6100,0.2983
603387.SH,2023-06-02,13.2700,13.5700,0.0221
603387.SH,2024-06-12,8.4000,8.5000,0.0118
603387.SH,2024-09-19,6.9100,7.0000,0.0129
603387.SH,2025-06-17,7.9800,8.0700,0.0112
603387.SH,2025-09-15,8.4000,8.4900,0.0106
603389.SH,2019-06-04,7.9800,9.5700,0.1661
603390.SH,2021-06-02,9.4000,9.5000,0.0105
603392.SH,2021-05-18,233.1800,326.7000,0.2863
603392.SH,2022-04-21,177.1000,257.0000,0.3109
603392.SH,2023-06-05,66.6600,94.3100,0.2932
603393.SH,2017-05-15,42.8700,43.5700,0.0161
603393.SH,2018-06-22,34.4100,35.4100,0.0282
603393.SH,2019-05-31,26.4600,38.0500,0.3046
603393.SH,2020-05-20,34.3100,48.8300,0.2974
603393.SH,2021-05-27,18.9500,23.3300,0.1877
603393.SH,2022-05-27,21.0700,21.6200,0.0254
603393.SH,2023-06-01,25.7100,26.3100,0.0228
603393.SH,2024-07-11,37.6000,38.5000,0.0234
603396.SH,2019-06-28,21.9800,31.1100,0.2935
603398.SH,2016-06-07,40.6900,89.7200,0.5465
603398.SH,2019-07-15,10.9300,15.3000,0.2856
603399.SH,2014-05-27,8.4700,11.8900,0.2876
603399.SH,2023-05-15,10.7900,11.1900,0.0357
603406.SH,2025-08-12,52.5791,53.2100,0.0119
603408.SH,2020-09-18,19.2500,19.6000,0.0179
603408.SH,2021-05-31,15.2300,15.6100,0.0243
603408.SH,2022-06-02,11.2500,11.6400,0.0335
603408.SH,2023-06-21,10.0300,10.5000,0.0448
603408.SH,2024-05-17,16.3900,16.8300,0.0261
603408.SH,2024-12-02,13.0700,13.3000,0.0173
603408.SH,2025-06-17,10.9500,11.4500,0.0437
603408.SH,2026-01-05,13.3500,13.5400,0.0140
603416.SH,2017-06-26,33.9100,47.6500,0.2884
603416.SH,2025-06-23,50.3200,51.1900,0.0170
603416.SH,2025-10-22,55.6700,56.2600,0.0105
603421.SH,2018-06-27,17.7100,17.9200,0.0117
603421.SH,2020-07-06,10.7800,15.1900,0.2903
603421.SH,2021-07-12,7.3400,7.4200,0.0108
603421.SH,2024-06-27,4.5200,4.5800,0.0131
603429.SH,2017-09-20,43.7400,87.4700,0.4999
603429.SH,2018-06-05,28.1100,39.5500,0.2893
603429.SH,2019-04-17,25.8400,33.7900,0.2353
603429.SH,2020-06-02,29.2500,41.2100,0.2902
603429.SH,2022-05-25,16.3600,23.1000,0.2918
603429.SH,2024-07-12,3.8500,3.9900,0.0351
603439.SH,2021-06-07,15.1800,15.4300,0.0162
603439.SH,2024-06-17,13.5200,13.7200,0.0146
603439.SH,2025-06-26,11.6400,11.9800,0.0284
603444.SH,2017-05-05,264.8000,268.9000,0.0152
603444.SH,2018-05-11,153.9900,156.5900,0.0166
603444.SH,2019-05-22,213.7300,223.7300,0.0447
603444.SH,2020-05-20,421.8000,426.8000,0.0117
603444.SH,2021-06-08,565.5500,577.5500,0.0208
603444.SH,2022-05-20,319.0300,335.0300,0.0478
603444.SH,2022-12-29,303.4900,317.4900,0.0441
603444.SH,2023-09-27,365.7300,372.7300,0.0188
603444.SH,2024-09-13,192.6200,197.1000,0.0227
603444.SH,2024-11-25,196.5200,198.5100,0.0100
603444.SH,2025-05-26,236.0100,239.5000,0.0146
603444.SH,2025-09-19,545.4300,552.0000,0.0119
603444.SH,2025-11-28,429.8300,435.8100,0.0137
603456.SH,2016-05-26,26.5800,53.4600,0.5028
603456.SH,2018-04-12,9.7700,17.7900,0.4508
603456.SH,2019-05-15,8.0900,8.2900,0.0241
603456.SH,2023-07-11,26.2100,26.6100,0.0150
603456.SH,2024-07-04,13.0000,13.5000,0.0370
603456.SH,2025-06-19,14.3000,14.6000,0.0205
603456.SH,2025-09-08,18.9500,19.1500,0.0104
603458.SH,2018-06-15,48.2900,49.0900,0.0163
603458.SH,2019-06-21,23.7800,35.3200,0.3267
603458.SH,2020-07-07,16.6900,22.4000,0.2549
603458.SH,2021-07-08,11.9700,16.2000,0.2611
603458.SH,2022-06-17,10.2600,10.5900,0.0312
603458.SH,2023-07-14,9.8300,9.9900,0.0160
603466.SH,2018-05-28,33.2700,67.3300,0.5059
603466.SH,2021-06-01,19.3100,28.4500,0.3213
603466.SH,2022-07-14,11.9200,17.3900,0.3145
603466.SH,2024-06-07,8.6100,8.8100,0.0227
603466.SH,2025-05-27,10.0100,10.2100,0.0196
603477.SH,2019-07-26,7.3500,7.4300,0.0108
603486.SH,2019-06-12,29.2500,41.3500,0.2926
603486.SH,2023-06-15,69.1800,70.0800,0.0128
603488.SH,2018-05-30,13.6900,13.8900,0.0144
603488.SH,2019-05-28,8.2200,8.4200,0.0238
603488.SH,2020-06-05,6.4200,9.2700,0.3074
603488.SH,2021-07-09,7.4400,7.6400,0.0262
603488.SH,2022-06-29,7.4700,7.6700,0.0261
603488.SH,2023-06-19,7.5300,7.7300,0.0259
603488.SH,2024-07-08,6.8800,7.0800,0.0282
603489.SH,2023-06-21,62.0800,88.8300,0.3011
603489.SH,2024-07-08,17.9000,26.0400,0.3126
603496.SH,2018-06-28,21.6100,30.3100,0.2870
603496.SH,2019-07-11,19.2800,27.6000,0.3014
603496.SH,2023-06-08,13.8600,19.4800,0.2885
603499.SH,2019-06-19,19.6200,27.6700,0.2909
603499.SH,2020-07-01,12.3600,17.3800,0.2888
603499.SH,2025-06-11,16.1200,22.7700,0.2921
603500.SH,2018-06-25,15.6300,22.0800,0.2921
603500.SH,2019-05-30,12.2600,12.4600,0.0161
603500.SH,2020-04-30,13.8900,14.1900,0.0211
603500.SH,2021-05-06,8.7500,12.3800,0.2932
603500.SH,2024-05-08,8.4200,11.9200,0.2936
603500.SH,2025-07-18,9.2700,9.4000,0.0138
603501.SH,2022-07-28,105.0100,142.2900,0.2620
603505.SH,2020-07-17,23.3500,23.6500,0.0127
603505.SH,2021-06-28,20.4300,26.8200,0.2383
603505.SH,2022-07-07,31.8700,44.7100,0.2872
603505.SH,2023-06-13,22.8800,32.1100,0.2874
603505.SH,2024-07-04,26.8900,27.1900,0.0110
603505.SH,2025-07-15,15.6700,21.9900,0.2874
603506.SH,2018-06-29,30.5400,40.0000,0.2365
603506.SH,2019-07-01,18.5100,24.3600,0.2401
603506.SH,2021-06-15,15.5500,22.0800,0.2957
603506.SH,2022-05-31,13.6400,13.9900,0.0250
603506.SH,2023-06-01,11.6300,11.9400,0.0260
603506.SH,2024-06-12,8.6000,8.9500,0.0391
603507.SH,2024-07-08,22.7500,29.9100,0.2394
603507.SH,2025-06-19,24.9700,25.2700,0.0119
603508.SH,2020-06-09,35.4400,50.1000,0.2926
603508.SH,2021-07-09,19.1100,19.4200,0.0160
603508.SH,2022-06-10,13.5300,19.7900,0.3163
603508.SH,2023-05-22,18.1700,18.7200,0.0294
603508.SH,2024-05-20,21.9200,22.6800,0.0335
603508.SH,2024-12-05,22.9800,23.2300,0.0108
603508.SH,2025-06-12,26.6400,27.8300,0.0428
603508.SH,2025-09-09,34.2900,36.3900,0.0577
603511.SH,2021-09-30,25.9200,26.3700,0.0171
603511.SH,2022-06-15,16.8500,17.1000,0.0146
603511.SH,2023-06-09,16.0300,16.7800,0.0447
603511.SH,2024-07-04,12.2900,13.0400,0.0575
603511.SH,2025-06-09,14.2100,14.6100,0.0274
603515.SH,2018-08-23,29.9200,39.3000,0.2387
603515.SH,2019-06-27,33.0000,33.4000,0.0120
603515.SH,2020-07-02,26.2400,26.7300,0.0183
603515.SH,2021-07-28,24.8500,25.3400,0.0193
603515.SH,2022-07-14,16.5500,17.0400,0.0288
603515.SH,2023-08-08,19.9300,20.4300,0.0245
603515.SH,2024-07-25,15.5200,16.3600,0.0513
603515.SH,2025-07-04,17.3600,18.2500,0.0488
603516.SH,2018-05-17,43.2100,60.9000,0.2905
603516.SH,2019-05-30,22.8500,23.1500,0.0130
603516.SH,2021-04-16,26.5900,37.6200,0.2932
603516.SH,2022-05-25,11.0100,11.2100,0.0178
603517.SH,2018-05-25,46.2000,46.6800,0.0103
603517.SH,2019-06-03,34.2700,48.5900,0.2947
603517.SH,2022-06-16,47.2300,47.8000,0.0119
603517.SH,2024-06-19,16.3500,16.8500,0.0297
603517.SH,2024-10-16,14.9300,15.2200,0.0191
603517.SH,2025-06-25,15.2400,15.5700,0.0212
603518.SH,2019-05-30,9.7100,13.8200,0.2974
603518.SH,2023-08-24,9.0500,9.1500,0.0109
603518.SH,2024-07-10,7.9700,8.2300,0.0316
603518.SH,2025-05-20,8.0300,8.3400,0.0372
603519.SH,2016-05-23,21.9000,44.2900,0.5055
603519.SH,2017-05-25,22.8100,23.1100,0.0130
603519.SH,2018-06-08,12.1300,17.4300,0.3041
603519.SH,2019-05-30,16.8100,17.3100,0.0289
603519.SH,2020-05-28,13.1700,13.4700,0.0223
603519.SH,2021-06-03,12.6300,15.3500,0.1772
603519.SH,2022-06-06,11.0500,11.4500,0.0349
603519.SH,2023-06-08,14.3800,15.0800,0.0464
603519.SH,2023-09-25,14.5900,15.5900,0.0641
603519.SH,2024-06-27,12.4600,13.4500,0.0736
603519.SH,2025-06-13,12.9000,13.8900,0.0713
603520.SH,2018-06-28,20.9400,21.4400,0.0233
603520.SH,2019-06-25,24.1100,34.0500,0.2919
603520.SH,2020-06-01,62.5900,87.9700,0.2885
603520.SH,2022-06-17,30.1200,42.6700,0.2941
603520.SH,2023-06-30,16.1000,16.3000,0.0123
603527.SH,2018-05-24,19.9200,28.1400,0.2921
603527.SH,2019-05-16,10.7400,10.9400,0.0183
603527.SH,2020-06-08,9.8000,13.9400,0.2970
603527.SH,2021-06-07,8.2200,8.3400,0.0144
603527.SH,2022-05-25,9.9000,10.1000,0.0198
603527.SH,2023-10-20,10.0400,10.2400,0.0195
603527.SH,2024-06-06,7.3500,7.5000,0.0200
603527.SH,2025-06-13,10.0800,10.2400,0.0156
603528.SH,2017-06-07,13.6500,41.4400,0.6706
603529.SH,2022-06-28,52.7100,74.3000,0.2906
603529.SH,2023-05-19,36.5200,56.0800,0.3488
603529.SH,2023-09-22,28.0800,28.4300,0.0123
603529.SH,2024-07-12,27.7600,28.2900,0.0187
603529.SH,2024-10-16,32.6300,32.9600,0.0100
603529.SH,2025-06-06,35.6100,36.2000,0.0163
603529.SH,2025-09-11,35.0100,35.6400,0.0177
603530.SH,2024-07-26,22.4400,22.7000,0.0115
603530.SH,2025-06-04,26.4900,26.9500,0.0171
603535.SH,2022-07-14,20.6600,30.0700,0.3129
603535.SH,2024-08-29,8.9200,13.3000,0.3293
603535.SH,2025-04-03,8.6200,12.8500,0.3292
603536.SH,2018-04-26,13.0700,18.5500,0.2954
603536.SH,2019-04-26,11.4200,11.5400,0.0104
603536.SH,2022-06-15,6.9200,9.6900,0.2859
603538.SH,2018-07-09,14.4200,17.4800,0.1751
603538.SH,2022-06-08,30.6600,43.0300,0.2875
603551.SH,2020-06-02,17.8700,18.2000,0.0181
603551.SH,2021-06-01,12.9800,13.3800,0.0299
603551.SH,2022-06-10,8.3800,8.9600,0.0647
603551.SH,2023-06-01,11.5900,12.3100,0.0585
603551.SH,2024-06-04,11.5200,12.2900,0.0627
603551.SH,2024-09-30,9.8300,10.1200,0.0287
603551.SH,2025-06-09,10.5100,11.0400,0.0480
603551.SH,2025-10-16,11.5500,11.8500,0.0253
603556.SH,2018-06-19,19.0800,25.1000,0.2398
603556.SH,2019-06-06,13.8100,14.2000,0.0275
603556.SH,2020-06-05,14.5500,15.1500,0.0396
603556.SH,2021-06-10,12.0400,12.5400,0.0399
603556.SH,2022-07-06,15.6500,15.9500,0.0188
603556.SH,2023-06-21,25.0700,25.7700,0.0272
603556.SH,2024-06-14,46.7400,47.8300,0.0228
603556.SH,2025-06-24,24.6400,25.3300,0.0272
603557.SH,2020-06-05,8.2300,8.6300,0.0463
603558.SH,2015-06-08,55.2700,83.3600,0.3370
603558.SH,2015-09-16,13.9200,34.8100,0.6001
603558.SH,2018-05-28,9.6100,9.7600,0.0154
603558.SH,2020-04-27,8.4000,8.7400,0.0389
603558.SH,2022-06-21,12.6800,12.8300,0.0117
603558.SH,2023-05-09,7.8600,8.2600,0.0484
603558.SH,2023-11-27,9.3200,9.5700,0.0261
603558.SH,2024-05-06,11.1400,11.3900,0.0219
603558.SH,2024-08-29,8.7100,8.9000,0.0213
603558.SH,2025-05-09,8.7000,9.0000,0.0333
603558.SH,2025-09-01,9.6800,9.9300,0.0252
603558.SH,2026-04-30,12.9800,13.3200,0.0255
603559.SH,2017-06-21,32.0400,48.1600,0.3347
603559.SH,2024-12-26,7.4800,10.8300,0.3093
603565.SH,2021-05-21,26.8800,35.8400,0.2500
603565.SH,2022-05-06,17.9300,28.0400,0.3606
603565.SH,2022-08-30,17.5500,18.7500,0.0640
603565.SH,2023-05-18,10.0500,15.1000,0.3344
603565.SH,2024-04-30,8.9000,9.6200,0.0748
603565.SH,2025-05-08,9.6300,10.4200,0.0758
603565.SH,2025-09-29,10.8500,11.2800,0.0381
603566.SH,2016-05-31,21.9300,44.1600,0.5034
603566.SH,2019-05-28,12.5700,12.8700,0.0233
603566.SH,2021-06-17,23.2300,23.7200,0.0207
603566.SH,2023-06-20,24.0000,24.3400,0.0140
603566.SH,2023-10-20,19.3600,19.6500,0.0148
603566.SH,2024-06-14,14.7200,15.1200,0.0265
603566.SH,2025-06-11,14.7200,15.1200,0.0265
603566.SH,2025-10-17,14.0100,14.2100,0.0141
603567.SH,2016-06-13,24.7500,50.0000,0.5050
603567.SH,2017-06-07,16.4400,16.6200,0.0108
603567.SH,2018-06-01,14.7400,14.9200,0.0121
603567.SH,2019-06-04,12.3000,12.4600,0.0128
603567.SH,2020-06-04,12.0200,12.2400,0.0180
603567.SH,2024-07-12,10.8300,11.0300,0.0181
603567.SH,2025-08-20,12.2900,12.4400,0.0121
603568.SH,2016-06-15,23.2500,35.0800,0.3372
603568.SH,2018-06-08,23.4000,23.6500,0.0106
603568.SH,2019-05-17,18.9500,25.9100,0.2686
603568.SH,2020-06-23,21.9400,28.8300,0.2390
603568.SH,2021-07-06,22.4400,22.7400,0.0132
603568.SH,2022-07-06,30.9800,40.4000,0.2332
603568.SH,2024-06-24,20.8600,21.1100,0.0118
603568.SH,2025-06-06,19.2400,19.7200,0.0243
603569.SH,2018-05-31,17.3200,24.4400,0.2913
603569.SH,2019-05-27,11.2400,11.3800,0.0123
603569.SH,2020-06-12,9.6800,10.3800,0.0674
603569.SH,2021-06-11,7.6200,7.7300,0.0142
603569.SH,2025-10-22,8.3400,8.6500,0.0358
603577.SH,2017-07-11,21.1000,31.8200,0.3369
603577.SH,2020-04-29,11.7100,16.4800,0.2894
603577.SH,2021-06-25,8.9900,9.1000,0.0121
603577.SH,2025-05-23,8.2600,8.3500,0.0108
603578.SH,2019-04-30,19.8700,20.0800,0.0105
603578.SH,2021-05-28,15.3100,21.7200,0.2951
603578.SH,2022-05-19,12.2900,16.1500,0.2390
603578.SH,2023-05-19,14.1400,14.3200,0.0126
603578.SH,2024-06-28,11.8400,11.9700,0.0109
603579.SH,2017-09-25,60.5300,121.0500,0.5000
603579.SH,2019-06-04,27.3900,27.6900,0.0108
603579.SH,2020-05-13,28.4900,29.9500,0.0487
603579.SH,2021-06-24,37.8500,38.3400,0.0128
603579.SH,2022-06-02,24.5300,25.2100,0.0270
603579.SH,2023-06-20,19.8600,20.3500,0.0241
603579.SH,2024-06-05,17.5300,23.6000,0.2572
603579.SH,2024-10-16,13.1400,13.4300,0.0216
603579.SH,2025-06-12,22.8000,23.1500,0.0151
603580.SH,2018-05-24,22.2400,31.2800,0.2890
603580.SH,2019-07-24,12.9600,18.2700,0.2906
603580.SH,2022-08-25,10.7800,10.9400,0.0146
603583.SH,2019-05-28,36.7300,54.2600,0.3231
603583.SH,2020-07-10,52.2900,73.7000,0.2905
603583.SH,2021-06-07,49.0800,69.1100,0.2898
603583.SH,2023-07-06,21.0900,21.3500,0.0122
603585.SH,2017-06-14,35.9800,54.5700,0.3407
603585.SH,2018-06-07,24.8200,30.2800,0.1803
603585.SH,2019-06-05,22.8800,23.4800,0.0256
603585.SH,2020-06-03,17.9400,18.5400,0.0324
603585.SH,2021-05-25,14.6800,14.9800,0.0200
603585.SH,2022-06-08,20.2100,20.6100,0.0194
603585.SH,2023-06-30,14.6800,15.2300,0.0361
603586.SH,2018-05-30,18.2200,18.6200,0.0215
603586.SH,2019-05-30,14.9500,15.1500,0.0132
603586.SH,2020-06-17,16.6900,17.2700,0.0336
603586.SH,2021-05-28,12.9200,13.6000,0.0500
603586.SH,2023-06-07,14.5800,15.0800,0.0332
603586.SH,2024-06-05,11.6600,12.1100,0.0372
603586.SH,2025-06-06,17.7300,18.1300,0.0221
603587.SH,2018-08-16,31.5400,32.5400,0.0307
603587.SH,2019-05-29,23.7900,24.7900,0.0403
603587.SH,2020-05-22,17.6700,22.2000,0.2041
603587.SH,2021-07-27,22.4000,23.2000,0.0345
603587.SH,2022-07-26,14.7100,15.7100,0.0637
603587.SH,2023-06-21,14.1700,14.8600,0.0464
603587.SH,2024-07-02,12.0300,12.8300,0.0624
603587.SH,2025-06-24,12.4700,12.9600,0.0378
603588.SH,2016-05-20,26.0100,52.1100,0.5009
603588.SH,2017-04-28,18.7000,37.4400,0.5005
603588.SH,2021-06-07,13.7500,17.9500,0.2340
603588.SH,2022-06-17,11.3800,13.7300,0.1712
603588.SH,2024-06-26,6.5100,6.6100,0.0151
603588.SH,2024-10-11,5.1100,5.4400,0.0607
603588.SH,2025-05-26,5.6000,5.6700,0.0123
603589.SH,2017-07-04,38.1200,38.5700,0.0117
603589.SH,2018-07-11,59.2700,60.0200,0.0125
603589.SH,2019-05-29,58.3000,59.8000,0.0251
603589.SH,2020-06-09,48.3800,49.8800,0.0301
603589.SH,2021-06-24,71.6000,72.7900,0.0163
603589.SH,2022-06-23,54.9600,56.4500,0.0264
603589.SH,2023-06-15,54.2500,55.7500,0.0269
603589.SH,2024-07-04,37.9000,39.4000,0.0381
603589.SH,2025-07-07,33.5100,34.8100,0.0373
603590.SH,2019-06-03,38.0600,38.5600,0.0130
603590.SH,2020-06-11,35.3500,35.8500,0.0139
603590.SH,2022-06-29,27.1300,27.4200,0.0106
603590.SH,2024-07-04,24.6800,24.9800,0.0120
603590.SH,2025-06-09,30.7000,31.3000,0.0192
603595.SH,2018-09-28,35.5900,49.8200,0.2856
603595.SH,2019-05-07,23.1100,32.4400,0.2876
603596.SH,2024-05-20,38.0800,53.6500,0.2902
603598.SH,2016-06-21,24.0000,47.9900,0.4999
603599.SH,2016-06-23,20.3400,40.8000,0.5015
603599.SH,2018-07-17,13.7000,13.8400,0.0101
603599.SH,2019-07-04,14.7800,14.9600,0.0120
603599.SH,2021-06-16,29.2300,29.6600,0.0145
603599.SH,2022-06-21,28.8100,41.3400,0.3031
603599.SH,2023-07-10,18.9400,27.5200,0.3118
603599.SH,2024-07-25,11.1700,11.7700,0.0510
603599.SH,2025-06-19,11.1200,11.3900,0.0237
603600.SH,2016-05-25,43.7600,44.2600,0.0113
603600.SH,2017-04-20,19.7600,49.9900,0.6047
603600.SH,2018-06-08,10.0800,10.2300,0.0147
603600.SH,2018-09-26,7.4000,7.6800,0.0365
603600.SH,2019-05-28,9.5500,9.7500,0.0205
603600.SH,2019-09-26,10.7800,11.0000,0.0200
603600.SH,2020-06-03,10.3400,10.5400,0.0190
603600.SH,2021-06-03,10.4400,10.6900,0.0234
603600.SH,2022-06-10,8.3100,8.5300,0.0258
603600.SH,2023-06-07,9.1300,9.4800,0.0369
603600.SH,2024-06-05,10.8800,11.2800,0.0355
603600.SH,2024-09-10,9.3500,9.5100,0.0168
603600.SH,2025-05-30,10.4100,10.7100,0.0280
603600.SH,2025-09-10,11.2200,11.3800,0.0141
603601.SH,2015-05-26,41.5300,91.5600,0.5464
603601.SH,2016-09-29,18.5500,41.3100,0.5510
603601.SH,2018-05-28,9.9800,14.1300,0.2937
603601.SH,2019-05-23,6.9900,9.2400,0.2435
603601.SH,2021-07-13,12.0800,12.2300,0.0123
603601.SH,2022-04-26,5.5500,7.8800,0.2957
603601.SH,2024-06-18,2.8400,2.8700,0.0105
603601.SH,2024-09-03,2.6700,2.7000,0.0111
603602.SH,2018-06-06,35.5500,49.9200,0.2879
603602.SH,2019-05-16,21.4600,30.1100,0.2873
603602.SH,2020-06-08,16.7700,21.8400,0.2321
603605.SH,2022-05-30,148.8900,209.3100,0.2887
603605.SH,2023-05-29,120.8100,170.0000,0.2894
603605.SH,2025-06-17,81.7300,82.9100,0.0142
603606.SH,2015-05-28,32.0200,70.5500,0.5461
603606.SH,2018-05-29,8.1000,10.9900,0.2630
603606.SH,2019-05-29,8.7800,11.5200,0.2378
603606.SH,2021-05-27,19.7800,20.0100,0.0115
603607.SH,2018-05-25,29.1400,41.2000,0.2927
603607.SH,2019-06-27,21.3500,21.6500,0.0139
603607.SH,2020-06-18,15.4400,21.9100,0.2953
603607.SH,2021-06-18,15.6600,15.9100,0.0157
603607.SH,2022-06-17,13.1800,13.4300,0.0186
603607.SH,2022-10-25,13.1200,13.3700,0.0187
603607.SH,2023-06-16,14.3100,14.8100,0.0338
603607.SH,2024-06-07,12.2400,12.5400,0.0239
603607.SH,2024-10-25,16.5700,16.7700,0.0119
603607.SH,2025-06-10,26.2800,26.7800,0.0187
603608.SH,2016-06-02,22.1400,22.3900,0.0112
603608.SH,2017-06-02,13.9100,19.8200,0.2982
603608.SH,2018-06-04,11.3000,11.5500,0.0216
603608.SH,2019-06-11,7.4100,7.6500,0.0314
603608.SH,2020-10-12,8.1100,8.3100,0.0241
603608.SH,2021-06-16,6.4200,6.5700,0.0228
603609.SH,2015-09-18,9.6700,14.5100,0.3336
603609.SH,2017-06-07,9.4100,9.5100,0.0105
603609.SH,2018-04-27,9.0400,9.1400,0.0109
603609.SH,2019-06-13,12.8900,13.0700,0.0138
603609.SH,2020-06-02,14.2300,14.4500,0.0152
603609.SH,2021-06-03,10.7000,10.9200,0.0201
603609.SH,2023-05-26,9.3800,9.5000,0.0126
603610.SH,2020-06-05,30.6600,43.3100,0.2921
603610.SH,2021-06-07,19.7300,27.1400,0.2730
603610.SH,2022-05-31,12.6900,16.6400,0.2374
603610.SH,2024-06-13,11.0400,12.0200,0.0815
603611.SH,2015-05-29,50.4300,101.3600,0.5025
603611.SH,2017-05-24,25.2700,25.8400,0.0221
603611.SH,2018-06-01,16.1400,23.1000,0.3013
603611.SH,2019-04-30,18.7000,19.2000,0.0260
603611.SH,2021-06-09,14.8400,15.1300,0.0192
603611.SH,2022-06-10,15.6300,16.1600,0.0328
603611.SH,2023-06-05,22.2300,22.7600,0.0233
603611.SH,2024-05-27,19.6700,20.2900,0.0306
603611.SH,2025-06-03,21.1000,22.0000,0.0409
603612.SH,2018-07-11,20.4800,29.3500,0.3022
603612.SH,2021-06-08,16.1800,16.3800,0.0122
603612.SH,2022-05-31,22.0000,22.4700,0.0209
603612.SH,2023-06-15,17.3000,17.7100,0.0232
603612.SH,2023-11-30,16.3200,16.8800,0.0332
603613.SH,2020-05-21,74.6800,108.4000,0.3111
603613.SH,2021-05-20,86.4600,125.5000,0.3111
603613.SH,2022-05-20,73.4400,106.6500,0.3114
603613.SH,2023-06-20,39.9800,58.1400,0.3123
603613.SH,2024-07-18,18.2700,18.4800,0.0114
603615.SH,2018-04-13,12.5200,12.7700,0.0196
603615.SH,2019-05-07,8.9200,9.1200,0.0219
603615.SH,2020-05-14,8.5600,9.1600,0.0655
603615.SH,2021-05-28,13.1700,13.3200,0.0113
603615.SH,2023-09-07,9.3100,9.4100,0.0106
603616.SH,2016-07-22,15.7700,31.5800,0.5006
603617.SH,2019-05-30,16.1000,22.7500,0.2923
603617.SH,2020-05-15,11.1300,15.7400,0.2929
603617.SH,2021-06-03,9.7400,10.0400,0.0299
603617.SH,2022-06-02,8.6400,12.2500,0.2947
603617.SH,2025-06-20,6.6600,6.7400,0.0119
603618.SH,2016-04-06,15.8700,47.7600,0.6677
603618.SH,2020-06-05,5.7400,5.8400,0.0171
603618.SH,2024-05-27,5.1400,5.2000,0.0115
603619.SH,2023-06-15,15.5200,15.7700,0.0159
603619.SH,2024-06-07,23.8800,24.4900,0.0249
603619.SH,2024-10-09,23.4100,23.8400,0.0180
603619.SH,2025-07-30,19.4400,19.7400,0.0152
603626.SH,2017-09-15,43.3100,60.6300,0.2857
603626.SH,2018-04-24,14.2900,20.2600,0.2947
603626.SH,2019-06-13,7.8600,8.1100,0.0308
603626.SH,2024-06-14,5.4900,5.6200,0.0231
603629.SH,2022-06-09,15.9800,22.5400,0.2910
603629.SH,2023-06-08,24.5400,34.6000,0.2908
603630.SH,2018-06-07,23.5800,30.7700,0.2337
603630.SH,2019-06-19,13.7400,14.1300,0.0276
603630.SH,2024-06-17,11.0500,11.2800,0.0204
603633.SH,2018-08-07,11.4600,15.0200,0.2370
603633.SH,2019-08-20,8.6700,11.3600,0.2368
603633.SH,2020-07-21,17.0200,20.9600,0.1880
603633.SH,2023-08-30,8.7500,11.4400,0.2351
603636.SH,2017-04-07,24.1900,96.9200,0.7504
603636.SH,2018-03-21,9.5700,10.7900,0.1131
603636.SH,2018-05-10,10.9200,11.1200,0.0180
603636.SH,2019-05-17,10.4600,10.5800,0.0113
603636.SH,2020-06-19,11.7900,11.9500,0.0134
603636.SH,2021-07-09,9.1200,9.2400,0.0130
603637.SH,2017-05-25,31.3900,41.0100,0.2346
603637.SH,2018-05-18,16.8200,22.0100,0.2358
603637.SH,2019-06-20,15.2000,15.4500,0.0162
603637.SH,2020-07-02,9.9000,14.0600,0.2959
603637.SH,2021-06-02,6.9800,7.1300,0.0210
603637.SH,2022-06-16,8.3500,8.4700,0.0142
603637.SH,2023-06-15,8.0500,8.1800,0.0159
603637.SH,2024-06-07,5.9600,6.0900,0.0213
603637.SH,2025-05-23,9.9100,10.1100,0.0198
603638.SH,2018-06-08,28.9100,43.0400,0.3283
603638.SH,2019-04-22,22.8300,33.9900,0.3283
603638.SH,2020-06-01,32.0400,46.6300,0.3129
603638.SH,2021-06-08,42.3600,59.4900,0.2879
603639.SH,2018-06-14,30.0900,42.4300,0.2908
603639.SH,2019-07-04,26.3500,26.6500,0.0113
603639.SH,2020-06-15,20.2000,28.5800,0.2932
603639.SH,2021-06-08,19.4900,27.5800,0.2933
603639.SH,2022-06-13,22.8800,23.8800,0.0419
603639.SH,2023-06-13,17.1400,18.1400,0.0551
603639.SH,2024-07-18,11.1300,11.6300,0.0430
603639.SH,2025-07-18,13.6600,14.1600,0.0353
603648.SH,2019-07-23,11.9100,12.0600,0.0124
603648.SH,2020-08-05,10.2300,10.4100,0.0173
603648.SH,2021-08-04,7.7000,7.8800,0.0228
603648.SH,2022-08-12,9.0800,9.3800,0.0320
603648.SH,2023-07-20,9.4800,9.8300,0.0356
603648.SH,2024-08-12,7.8100,8.1600,0.0429
603648.SH,2025-08-18,11.5300,11.8300,0.0254
603650.SH,2019-07-09,19.9000,20.2400,0.0168
603650.SH,2020-06-12,20.1100,20.4400,0.0161
603650.SH,2024-06-05,30.8900,31.4800,0.0187
603650.SH,2025-06-03,32.5700,33.0700,0.0151
603656.SH,2017-06-14,35.7900,50.3000,0.2885
603656.SH,2018-05-16,22.3500,31.5400,0.2914
603657.SH,2019-05-10,27.7500,28.5500,0.0280
603657.SH,2020-06-03,17.9900,25.6900,0.2997
603657.SH,2021-05-11,19.5000,20.0000,0.0250
603657.SH,2022-06-30,14.9700,15.2700,0.0196
603657.SH,2023-06-07,15.7100,16.0100,0.0187
603658.SH,2017-04-13,44.1200,44.7700,0.0145
603658.SH,2018-05-08,68.2300,68.9500,0.0104
603658.SH,2019-05-08,64.6500,65.4500,0.0122
603658.SH,2021-05-27,91.0800,119.2600,0.2363
603658.SH,2022-06-20,45.6400,46.3500,0.0153
603658.SH,2023-06-12,53.4900,54.2800,0.0146
603658.SH,2024-06-05,50.1100,51.1500,0.0203
603658.SH,2025-05-26,38.0500,39.3100,0.0321
603659.SH,2021-04-26,79.6700,111.9500,0.2883
603659.SH,2022-06-01,64.0500,128.6000,0.5019
603659.SH,2023-05-09,35.1100,51.2500,0.3149
603659.SH,2025-06-13,16.4500,16.6200,0.0102
603660.SH,2018-06-29,21.6700,30.4500,0.2883
603660.SH,2019-06-06,14.1800,19.9500,0.2892
603661.SH,2018-05-28,47.9200,48.8100,0.0182
603661.SH,2022-07-14,28.3500,40.4000,0.2983
603661.SH,2023-10-26,32.0000,32.7200,0.0220
603661.SH,2025-06-16,27.2800,28.0000,0.0257
603661.SH,2025-10-10,31.9700,32.5200,0.0169
603662.SH,2020-07-03,32.6900,46.2700,0.2935
603662.SH,2021-07-05,19.8300,28.1600,0.2958
603662.SH,2022-07-13,15.2700,18.6500,0.1812
603662.SH,2024-07-10,22.2200,22.5500,0.0146
603663.SH,2019-05-27,12.4900,17.6400,0.2920
603663.SH,2022-07-12,16.0100,22.5100,0.2888
603663.SH,2023-07-14,11.2400,15.8400,0.2904
603665.SH,2020-06-16,16.4700,25.8700,0.3634
603666.SH,2018-11-02,51.3100,71.9800,0.2872
603666.SH,2020-06-24,75.7900,106.3700,0.2875
603666.SH,2021-07-16,66.0900,92.8900,0.2885
603667.SH,2018-06-08,14.5800,19.2000,0.2406
603667.SH,2019-06-20,8.2400,8.4000,0.0190
603667.SH,2020-06-16,8.0600,8.2300,0.0207
603667.SH,2021-06-15,9.6800,9.8400,0.0163
603667.SH,2022-06-24,16.7800,16.9600,0.0106
603667.SH,2023-06-21,15.7600,15.9400,0.0113
603668.SH,2017-05-18,16.6700,23.4200,0.2882
603668.SH,2024-06-13,11.9600,13.1600,0.0912
603669.SH,2016-06-15,28.6500,29.0500,0.0138
603669.SH,2018-05-10,14.7000,20.9800,0.2993
603669.SH,2019-06-06,7.8000,11.3700,0.3140
603669.SH,2019-10-10,8.1800,8.3800,0.0239
603669.SH,2020-05-26,7.4100,10.5800,0.2996
603669.SH,2021-05-31,8.8000,9.0000,0.0222
603669.SH,2022-07-05,6.6200,6.7200,0.0149
603676.SH,2021-06-02,8.4600,8.5500,0.0105
603676.SH,2022-06-06,9.1800,9.3400,0.0171
603676.SH,2023-06-02,14.3700,14.6000,0.0158
603676.SH,2024-07-02,7.9700,8.2500,0.0339
603676.SH,2024-11-12,10.6000,10.7600,0.0149
603676.SH,2025-06-11,11.1900,11.3700,0.0158
603676.SH,2025-11-26,11.2600,11.4100,0.0131
603677.SH,2017-05-25,27.8800,47.7500,0.4161
603677.SH,2018-04-18,18.3400,25.8800,0.2913
603677.SH,2019-05-31,12.1800,12.3800,0.0162
603677.SH,2020-04-14,10.0800,10.3600,0.0270
603677.SH,2020-09-17,11.6100,11.8100,0.0169
603677.SH,2022-04-28,9.6300,9.9300,0.0302
603677.SH,2023-05-11,11.5500,11.7000,0.0128
603677.SH,2024-04-25,12.3100,12.5100,0.0160
603677.SH,2025-04-28,19.5600,19.8100,0.0126
603677.SH,2026-04-30,15.6600,15.8600,0.0126
603678.SH,2017-04-27,28.6800,71.9400,0.6013
603678.SH,2022-05-16,40.1200,40.6000,0.0118
603679.SH,2020-07-08,30.9400,43.4500,0.2879
603679.SH,2024-06-20,13.0600,13.2400,0.0136
603680.SH,2018-07-31,23.2300,32.8200,0.2922
603680.SH,2019-07-11,12.0100,15.8100,0.2404
603680.SH,2020-07-13,12.8600,13.0200,0.0123
603680.SH,2021-07-19,11.5200,11.6900,0.0145
603680.SH,2022-07-20,7.8400,7.9900,0.0188
603680.SH,2024-07-19,7.1000,7.2200,0.0166
603680.SH,2025-06-19,11.1300,11.2800,0.0133
603680.SH,2025-10-17,12.1500,12.3000,0.0122
603681.SH,2023-06-20,14.3100,14.5100,0.0138
603681.SH,2024-07-08,12.4700,12.6100,0.0111
603682.SH,2020-10-16,10.0200,10.4000,0.0365
603682.SH,2021-05-21,6.9100,7.1300,0.0309
603682.SH,2022-09-29,5.5800,5.8000,0.0379
603682.SH,2023-09-28,5.8700,6.0900,0.0361
603682.SH,2024-10-09,4.5900,4.8100,0.0457
603682.SH,2025-05-07,5.4400,5.6600,0.0389
603682.SH,2025-09-26,5.6000,5.7100,0.0193
603682.SH,2026-04-08,6.0700,6.2900,0.0350
603683.SH,2021-05-31,10.1300,14.2300,0.2881
603683.SH,2022-05-17,7.1000,8.5700,0.1715
603685.SH,2018-05-31,21.2500,27.9700,0.2403
603685.SH,2019-05-30,13.2700,17.5000,0.2417
603685.SH,2020-05-28,14.0500,14.3500,0.0209
603685.SH,2021-05-26,11.9400,12.1400,0.0165
603685.SH,2022-07-08,9.9900,10.1100,0.0119
603685.SH,2024-05-29,11.5900,11.7400,0.0128
603686.SH,2015-09-22,39.5900,79.1800,0.5000
603686.SH,2018-06-06,23.2700,23.5300,0.0110
603686.SH,2019-06-26,22.7400,23.0000,0.0113
603686.SH,2019-09-27,11.7600,16.4600,0.2855
603686.SH,2021-06-24,15.2700,15.6500,0.0243
603686.SH,2022-06-30,9.8600,10.1100,0.0247
603686.SH,2023-06-06,10.0900,10.3400,0.0242
603686.SH,2024-06-21,7.7200,7.9700,0.0314
603686.SH,2025-06-20,14.1800,14.3400,0.0112
603688.SH,2015-06-15,35.0900,35.5900,0.0140
603688.SH,2017-05-24,11.2300,16.9400,0.3371
603688.SH,2019-05-23,12.4200,12.5500,0.0104
603688.SH,2023-10-27,89.1600,90.4600,0.0144
603688.SH,2024-05-22,43.8100,71.3800,0.3862
603689.SH,2018-08-09,11.1800,11.3000,0.0106
603689.SH,2019-06-20,10.9200,11.0800,0.0144
603689.SH,2020-07-23,10.7600,10.9700,0.0191
603689.SH,2021-06-23,9.6300,9.8200,0.0193
603689.SH,2022-06-29,7.2700,10.3700,0.2989
603689.SH,2023-06-05,8.3100,8.5100,0.0235
603689.SH,2024-06-17,8.4200,8.7700,0.0399
603689.SH,2025-05-28,8.3100,8.6600,0.0404
603690.SH,2023-06-05,33.6800,40.5200,0.1688
603693.SH,2018-10-26,13.7000,13.9000,0.0144
603693.SH,2019-06-27,12.1700,12.3700,0.0162
603693.SH,2020-07-16,13.5400,13.6900,0.0110
603693.SH,2021-06-23,12.6800,12.8300,0.0117
603693.SH,2022-07-28,14.8400,19.3900,0.2347
603693.SH,2023-07-07,13.6200,13.7700,0.0109
603693.SH,2024-06-27,11.7500,11.9000,0.0126
603693.SH,2025-06-20,12.9900,13.1400,0.0114
603696.SH,2018-05-29,24.0400,33.7800,0.2883
603696.SH,2018-12-21,10.6000,11.2000,0.0536
603696.SH,2019-05-17,11.7800,17.0800,0.3103
603696.SH,2020-06-12,13.3000,13.6000,0.0221
603696.SH,2021-06-21,10.6100,10.8600,0.0230
603696.SH,2022-06-06,10.3000,10.4200,0.0115
603697.SH,2019-09-25,16.1000,16.2800,0.0111
603697.SH,2021-06-15,18.6800,19.0000,0.0168
603697.SH,2022-07-07,12.4900,13.1400,0.0495
603697.SH,2023-05-12,9.1600,13.2900,0.3108
603697.SH,2024-04-22,6.0300,6.2800,0.0398
603697.SH,2024-09-06,5.7200,5.8800,0.0272
603697.SH,2025-04-24,12.9700,13.1800,0.0159
603697.SH,2025-09-24,11.3900,11.6200,0.0198
603698.SH,2019-06-13,12.4300,16.1600,0.2308
603699.SH,2014-06-27,20.2000,20.5500,0.0170
603699.SH,2015-07-14,24.2700,24.6700,0.0162
603699.SH,2016-07-08,17.6500,17.9000,0.0140
603699.SH,2018-07-06,10.4500,10.6100,0.0151
603699.SH,2019-07-05,12.1600,12.8200,0.0515
603699.SH,2020-07-13,16.4400,16.8400,0.0238
603699.SH,2021-07-15,9.9000,10.3600,0.0444
603699.SH,2022-07-14,7.9300,8.1800,0.0306
603699.SH,2023-07-12,13.7800,14.1400,0.0255
603699.SH,2024-07-10,16.1400,16.6600,0.0312
603699.SH,2024-10-23,22.3200,22.7000,0.0167
603699.SH,2025-06-25,31.6300,32.7700,0.0348
603699.SH,2025-10-16,43.2000,43.7800,0.0132
603700.SH,2019-05-28,24.4300,24.9300,0.0201
603700.SH,2020-05-29,28.3100,37.1000,0.2369
603700.SH,2021-06-11,24.6200,25.0200,0.0160
603700.SH,2022-06-15,14.7900,15.5800,0.0507
603700.SH,2023-06-26,14.0600,14.3600,0.0209
603700.SH,2024-06-21,9.5900,9.8800,0.0294
603700.SH,2025-06-11,11.5400,11.7400,0.0170
603701.SH,2017-05-19,31.5400,39.7300,0.2061
603701.SH,2017-09-21,25.0800,30.2500,0.1709
603701.SH,2018-06-12,14.7300,17.8800,0.1762
603701.SH,2019-06-05,12.0400,17.3500,0.3061
603701.SH,2020-06-04,9.1200,12.0600,0.2438
603703.SH,2016-05-23,26.7600,67.2800,0.6023
603703.SH,2023-06-19,10.7600,14.9500,0.2803
603706.SH,2019-06-21,21.5600,21.9100,0.0160
603706.SH,2020-06-30,17.7500,18.2000,0.0247
603706.SH,2021-06-24,14.1900,14.7900,0.0406
603706.SH,2022-07-20,17.0100,17.8100,0.0449
603706.SH,2023-05-31,14.9500,15.6500,0.0447
603706.SH,2024-06-07,15.0000,15.9000,0.0566
603706.SH,2025-06-19,21.4100,22.3100,0.0403
603707.SH,2018-04-03,26.6300,34.7700,0.2341
603707.SH,2019-07-10,27.1100,35.3900,0.2340
603707.SH,2020-07-23,47.3100,61.8000,0.2345
603707.SH,2021-07-15,29.2700,38.2000,0.2338
603707.SH,2022-07-11,21.7700,28.4500,0.2348
603708.SH,2017-06-15,17.4500,23.1300,0.2456
603708.SH,2018-05-24,23.2900,23.6900,0.0169
603708.SH,2019-06-13,21.2500,28.1900,0.2462
603708.SH,2020-05-25,36.7500,37.2500,0.0134
603708.SH,2021-06-15,18.1400,18.5800,0.0237
603708.SH,2024-06-24,8.1500,8.3400,0.0228
603708.SH,2024-11-15,10.5200,10.6300,0.0103
603708.SH,2025-10-21,10.2800,10.4400,0.0153
603709.SH,2023-07-14,15.2500,18.3000,0.1667
603709.SH,2024-07-19,8.4800,11.2000,0.2429
603711.SH,2021-07-02,16.9600,17.2600,0.0174
603711.SH,2022-06-30,11.8100,11.9800,0.0142
603711.SH,2024-06-21,13.9200,14.2700,0.0245
603711.SH,2025-07-09,13.9500,14.2000,0.0176
603713.SH,2025-06-05,52.2400,52.9500,0.0134
603716.SH,2017-10-23,57.6500,80.7100,0.2857
603716.SH,2018-04-25,26.8800,67.3000,0.6006
603717.SH,2018-06-08,13.5500,19.1700,0.2932
603718.SH,2016-05-05,19.0000,43.7900,0.5661
603718.SH,2025-07-15,7.5400,7.6200,0.0105
603719.SH,2024-05-31,13.4900,13.7100,0.0160
603719.SH,2024-11-13,13.0400,13.2900,0.0188
603719.SH,2025-06-04,13.0600,13.3100,0.0188
603721.SH,2019-06-06,15.4400,20.2000,0.2356
603721.SH,2022-06-06,12.3200,12.4700,0.0120
603722.SH,2020-06-04,29.1400,29.4400,0.0102
603722.SH,2021-05-14,34.0000,34.4000,0.0116
603725.SH,2019-05-30,7.8600,11.1200,0.2932
603725.SH,2020-05-26,6.7300,6.8300,0.0146
603725.SH,2021-06-22,7.4900,7.5900,0.0132
603725.SH,2024-06-07,7.9600,11.2800,0.2943
603725.SH,2025-05-28,8.2500,8.3500,0.0120
603726.SH,2017-07-13,36.0700,36.4900,0.0115
603726.SH,2018-05-24,21.0100,29.9200,0.2978
603726.SH,2019-06-20,13.1100,18.9000,0.3063
603726.SH,2020-07-03,13.7200,14.0700,0.0249
603726.SH,2021-06-03,13.5400,13.9400,0.0287
603726.SH,2022-06-23,11.8100,12.2100,0.0328
603726.SH,2023-06-07,12.1600,12.5100,0.0280
603726.SH,2024-07-01,13.0000,13.4000,0.0299
603726.SH,2025-06-27,16.6500,17.0500,0.0235
603727.SH,2021-06-08,17.5600,17.8000,0.0135
603727.SH,2022-06-27,11.6400,11.8800,0.0202
603727.SH,2023-05-26,11.1200,11.2700,0.0133
603727.SH,2025-05-23,13.6600,13.9100,0.0180
603728.SH,2018-05-23,16.3500,21.3100,0.2328
603729.SH,2018-07-13,26.8600,37.7100,0.2877
603730.SH,2018-04-23,31.9400,32.4400,0.0154
603730.SH,2019-06-20,21.6600,22.1600,0.0226
603730.SH,2020-08-10,23.8400,35.0700,0.3202
603730.SH,2021-06-03,19.5500,24.9400,0.2161
603730.SH,2022-06-02,10.5100,14.1600,0.2578
603730.SH,2023-06-02,13.0900,18.1700,0.2796
603730.SH,2024-06-03,9.5500,12.8100,0.2545
603730.SH,2025-06-04,5.9300,8.0600,0.2643
603733.SH,2018-11-09,15.7600,16.0600,0.0187
603733.SH,2020-05-15,15.7000,16.1000,0.0248
603733.SH,2021-05-27,26.8400,27.1500,0.0114
603733.SH,2022-07-05,26.3600,26.7100,0.0131
603733.SH,2023-06-19,21.3400,21.6500,0.0143
603733.SH,2024-06-27,18.1800,18.5300,0.0189
603733.SH,2025-07-10,20.5500,21.0500,0.0238
603737.SH,2018-05-29,57.0200,74.6700,0.2364
603737.SH,2019-06-18,36.6900,51.8800,0.2928
603737.SH,2020-06-29,87.3900,123.0000,0.2895
603737.SH,2021-06-10,162.3900,227.9100,0.2875
603737.SH,2023-06-16,70.2400,98.3400,0.2857
603737.SH,2025-05-30,32.4800,45.7900,0.2907
603737.SH,2025-11-19,43.4000,43.9000,0.0114
603738.SH,2017-05-22,36.7600,62.8100,0.4147
603738.SH,2018-05-21,20.7600,29.2900,0.2912
603738.SH,2022-06-08,25.7300,36.4000,0.2931
603738.SH,2023-06-07,15.4800,21.8800,0.2925
603739.SH,2021-05-25,17.8800,25.2300,0.2913
603739.SH,2022-05-24,14.9000,15.0600,0.0106
603757.SH,2018-05-17,37.1200,52.6200,0.2946
603757.SH,2019-05-17,14.7400,21.0800,0.3008
603757.SH,2020-07-28,17.2600,17.7600,0.0282
603757.SH,2021-06-10,19.9700,20.9700,0.0477
603757.SH,2022-06-24,14.7200,15.0700,0.0232
603757.SH,2023-05-29,29.8500,30.5500,0.0229
603757.SH,2024-06-20,20.0700,21.0600,0.0470
603757.SH,2024-10-21,19.8100,20.3000,0.0241
603757.SH,2025-10-15,43.3800,43.8800,0.0114
603758.SH,2018-06-01,9.9100,10.0400,0.0129
603758.SH,2020-06-04,6.4000,6.4800,0.0123
603758.SH,2022-05-10,6.8100,7.2800,0.0646
603758.SH,2023-04-26,9.2400,10.2000,0.0941
603758.SH,2024-05-06,9.4900,9.9800,0.0491
603758.SH,2025-01-22,9.3100,9.6000,0.0302
603759.SH,2022-05-20,9.6400,14.4700,0.3338
603759.SH,2024-05-27,6.7100,6.9800,0.0387
603766.SH,2013-05-29,10.6800,10.8500,0.0157
603766.SH,2014-04-28,8.8200,9.0300,0.0233
603766.SH,2015-05-07,20.8000,21.0300,0.0109
603766.SH,2016-05-19,15.8600,16.0600,0.0125
603766.SH,2017-05-18,7.8700,20.1800,0.6100
603766.SH,2018-05-18,5.9300,6.2600,0.0527
603766.SH,2018-10-12,4.2900,4.3600,0.0161
603766.SH,2020-07-10,4.1100,4.2100,0.0238
603766.SH,2021-06-17,3.5200,3.6000,0.0222
603766.SH,2022-06-24,4.9300,4.9900,0.0120
603766.SH,2023-06-09,4.6600,4.7400,0.0169
603766.SH,2024-06-14,7.0100,7.1100,0.0141
603766.SH,2025-06-05,13.8200,14.2200,0.0281
603766.SH,2026-01-20,15.5500,15.7500,0.0127
603767.SH,2018-05-23,10.7100,15.2900,0.2995
603767.SH,2019-05-10,7.6000,7.7500,0.0194
603767.SH,2020-05-26,6.7600,6.9600,0.0287
603767.SH,2021-06-08,6.6200,6.7700,0.0222
603767.SH,2022-05-10,7.9400,8.2400,0.0364
603767.SH,2023-05-17,7.0500,7.3500,0.0408
603767.SH,2024-05-22,12.9000,13.1000,0.0153
603767.SH,2025-05-16,15.2300,15.4300,0.0130
603768.SH,2018-06-13,15.7100,15.9000,0.0119
603768.SH,2019-07-08,11.8100,11.9300,0.0101
603773.SH,2019-07-04,31.7600,32.4400,0.0210
603773.SH,2021-07-23,22.9700,29.7600,0.2282
603773.SH,2022-05-23,14.2800,18.6600,0.2347
603773.SH,2024-05-24,25.7100,33.4800,0.2321
603776.SH,2018-05-16,40.9200,57.9900,0.2944
603776.SH,2019-06-26,18.3300,25.8500,0.2909
603776.SH,2021-06-11,20.5100,25.1600,0.1848
603776.SH,2024-07-04,9.5700,9.8700,0.0304
603776.SH,2025-06-20,16.9300,17.1800,0.0146
603777.SH,2018-06-06,18.9900,26.9900,0.2964
603777.SH,2019-07-16,14.4200,14.5700,0.0103
603778.SH,2016-05-17,26.1100,65.3600,0.6005
603778.SH,2017-06-08,13.1200,32.8800,0.6010
603779.SH,2019-10-14,8.7200,12.6400,0.3101
603786.SH,2025-06-06,53.7100,54.3600,0.0120
603787.SH,2019-06-05,12.0800,12.3300,0.0203
603787.SH,2023-05-22,17.4200,17.9200,0.0279
603787.SH,2024-05-31,11.8400,11.9900,0.0125
603788.SH,2015-05-08,29.7300,30.0800,0.0116
603788.SH,2016-05-06,38.2500,38.8500,0.0154
603788.SH,2017-05-04,38.4600,39.2600,0.0204
603788.SH,2018-06-08,27.1400,39.0000,0.3041
603788.SH,2019-06-20,13.6600,14.2500,0.0414
603788.SH,2020-05-28,14.9400,15.5400,0.0386
603788.SH,2021-06-22,12.6900,13.2900,0.0451
603788.SH,2022-06-01,11.5200,12.0200,0.0416
603788.SH,2023-06-08,10.9700,11.4700,0.0436
603788.SH,2024-05-30,13.7000,14.3000,0.0420
603788.SH,2025-06-19,16.1000,16.8000,0.0417
603789.SH,2015-10-08,29.0300,29.4300,0.0136
603789.SH,2017-09-25,16.1500,20.9900,0.2306
603790.SH,2019-05-29,18.5200,24.3700,0.2400
603790.SH,2020-06-22,14.1300,14.3300,0.0140
603790.SH,2022-06-29,10.8100,10.9300,0.0110
603797.SH,2019-05-30,9.6400,13.6000,0.2912
603797.SH,2020-07-09,9.1500,12.9700,0.2945
603797.SH,2021-09-29,6.9700,7.1700,0.0279
603797.SH,2022-06-15,5.8500,6.0500,0.0331
603797.SH,2025-08-20,4.6800,4.7700,0.0189
603798.SH,2017-06-16,29.7100,59.9200,0.5042
603798.SH,2018-06-22,12.7300,12.9300,0.0155
603798.SH,2019-06-11,10.7200,10.8400,0.0111
603798.SH,2021-06-10,10.5500,10.6700,0.0112
603798.SH,2022-06-16,10.0200,10.1800,0.0157
603798.SH,2023-06-21,9.0900,11.8500,0.2329
603799.SH,2018-07-10,66.8400,94.0800,0.2895
603799.SH,2019-06-12,21.4800,28.0300,0.2337
603799.SH,2022-06-08,81.6000,106.3800,0.2329
603799.SH,2024-06-17,24.5600,25.5500,0.0387
603799.SH,2025-06-11,33.3800,33.8700,0.0145
603800.SH,2019-05-22,13.1900,13.6900,0.0365
603800.SH,2020-06-09,10.8600,11.3600,0.0440
603801.SH,2019-05-21,19.8700,28.6700,0.3069
603801.SH,2020-06-02,31.0600,31.7200,0.0208
603801.SH,2021-05-19,34.6100,49.2200,0.2968
603801.SH,2022-06-24,25.5000,26.0900,0.0226
603801.SH,2023-07-05,22.1900,31.7600,0.3013
603801.SH,2024-06-13,14.4400,15.1400,0.0462
603801.SH,2025-06-18,9.7500,10.3500,0.0580
603803.SH,2018-06-28,12.8300,13.1300,0.0228
603803.SH,2020-06-17,11.0700,11.2200,0.0134
603803.SH,2021-06-16,8.0900,8.2000,0.0134
603806.SH,2016-04-29,38.9000,39.6000,0.0177
603806.SH,2017-04-27,40.1100,41.1100,0.0243
603806.SH,2018-05-30,30.4500,40.1900,0.2423
603806.SH,2019-05-17,36.6000,37.0500,0.0121
603806.SH,2020-05-18,34.1100,48.3100,0.2939
603806.SH,2021-05-24,78.2100,94.3000,0.1706
603806.SH,2022-05-25,78.1100,109.7100,0.2880
603806.SH,2023-05-26,34.8200,48.9000,0.2879
603806.SH,2024-06-24,15.7500,22.3100,0.2940
603806.SH,2025-06-24,12.4300,12.6900,0.0205
603808.SH,2016-06-23,29.1300,43.9600,0.3374
603808.SH,2017-07-07,22.4900,29.5000,0.2376
603808.SH,2018-07-04,21.4600,21.7200,0.0120
603808.SH,2019-07-02,15.2500,15.7700,0.0330
603808.SH,2020-07-20,14.0200,14.2700,0.0175
603808.SH,2021-05-27,14.7600,15.1500,0.0257
603808.SH,2022-06-27,9.3700,9.6200,0.0260
603808.SH,2024-06-13,6.7200,6.9600,0.0345
603809.SH,2018-05-30,25.6700,36.9400,0.3051
603809.SH,2019-05-27,11.0000,15.9000,0.3082
603809.SH,2020-06-03,11.9400,12.1400,0.0165
603809.SH,2021-06-17,13.3700,19.0200,0.2971
603809.SH,2022-05-25,12.2600,16.1400,0.2404
603809.SH,2023-05-29,9.1900,9.3700,0.0192
603809.SH,2024-06-05,8.3800,12.6000,0.3349
603809.SH,2025-04-25,13.0100,17.1100,0.2396
603810.SH,2019-06-25,39.1600,39.6800,0.0131
603810.SH,2020-07-10,37.8700,53.1500,0.2875
603810.SH,2021-06-18,15.8600,22.7100,0.3016
603810.SH,2022-05-19,12.1300,12.3100,0.0146
603811.SH,2017-05-26,36.0100,36.4200,0.0113
603811.SH,2018-05-11,31.7300,32.1500,0.0131
603811.SH,2018-11-26,19.1400,26.8000,0.2858
603811.SH,2019-05-24,17.7100,18.0100,0.0167
603811.SH,2020-06-03,20.2600,28.7600,0.2955
603811.SH,2021-06-04,17.8600,25.3500,0.2955
603811.SH,2022-06-17,13.1000,13.3500,0.0187
603811.SH,2023-06-08,12.7000,18.0300,0.2956
603811.SH,2024-06-11,6.6900,6.8900,0.0290
603811.SH,2025-06-18,9.1600,9.4000,0.0255
603813.SH,2019-05-21,18.1100,18.3000,0.0104
603813.SH,2020-05-13,17.2200,17.4500,0.0132
603813.SH,2023-04-28,13.4400,13.7200,0.0204
603813.SH,2024-05-09,11.5800,11.8300,0.0211
603815.SH,2022-07-05,8.6200,8.7200,0.0115
603815.SH,2023-07-12,6.7200,6.8200,0.0147
603815.SH,2024-07-08,5.7200,5.8000,0.0138
603816.SH,2017-05-19,53.4300,54.1300,0.0129
603816.SH,2018-06-01,75.0500,76.0100,0.0126
603816.SH,2019-06-03,30.9900,44.3900,0.3019
603816.SH,2020-06-11,44.9000,46.0500,0.0250
603816.SH,2021-06-23,75.1400,75.9500,0.0107
603816.SH,2022-06-29,54.3700,72.0000,0.2449
603816.SH,2023-08-04,43.1000,44.2100,0.0251
603816.SH,2024-06-07,35.5400,36.9100,0.0371
603816.SH,2025-07-04,24.9800,26.3600,0.0524
603817.SH,2021-06-04,5.8700,5.9300,0.0101
603817.SH,2022-05-31,6.8400,6.9100,0.0101
603817.SH,2024-06-27,4.7600,4.8100,0.0104
603818.SH,2015-09-21,12.3500,24.7000,0.5000
603819.SH,2019-06-13,13.2200,18.8300,0.2979
603819.SH,2020-06-24,10.6600,14.0800,0.2429
603819.SH,2024-06-06,11.2000,11.5000,0.0261
603823.SH,2018-05-18,16.8000,16.9800,0.0106
603823.SH,2019-05-16,19.7200,19.9800,0.0130
603823.SH,2020-05-26,17.9200,25.4000,0.2945
603823.SH,2021-05-25,16.5100,16.7600,0.0149
603823.SH,2022-06-01,12.2000,12.5000,0.0240
603823.SH,2023-06-26,11.8000,15.5500,0.2412
603823.SH,2024-06-06,10.4700,10.6200,0.0141
603823.SH,2025-06-09,11.6000,11.7500,0.0128
603825.SH,2018-06-21,25.0800,35.3600,0.2907
603825.SH,2019-06-21,12.2300,12.4800,0.0200
603825.SH,2021-07-16,18.0000,18.2800,0.0153
603825.SH,2022-07-22,17.1400,17.4200,0.0161
603826.SH,2018-04-27,11.3200,14.7700,0.2336
603826.SH,2024-06-27,30.5100,42.8100,0.2873
603828.SH,2016-07-25,22.3100,33.6000,0.3360
603828.SH,2017-08-17,10.8800,19.6900,0.4474
603828.SH,2018-06-28,6.6500,8.6700,0.2330
603828.SH,2019-08-21,6.6300,8.6400,0.2326
603829.SH,2019-07-12,10.5700,10.6800,0.0103
603833.SH,2020-07-21,94.0900,132.8100,0.2915
603833.SH,2022-07-18,125.3200,127.0700,0.0138
603833.SH,2023-07-26,96.6500,98.4200,0.0180
603833.SH,2024-07-09,46.3400,49.0800,0.0558
603833.SH,2025-07-25,57.5300,60.0000,0.0412
603833.SH,2026-01-09,52.4500,53.6800,0.0229
603836.SH,2022-06-15,17.8600,18.6600,0.0429
603836.SH,2023-07-13,14.8100,15.2900,0.0314
603836.SH,2024-06-25,13.6200,13.8200,0.0145
603836.SH,2025-06-25,13.4900,13.6400,0.0110
603838.SH,2016-06-24,16.2000,32.5200,0.5018
603839.SH,2017-05-12,29.1200,29.5200,0.0136
603839.SH,2018-05-18,18.5000,26.4000,0.2992
603839.SH,2019-06-19,11.7000,12.0400,0.0282
603839.SH,2020-06-01,12.5800,12.9200,0.0263
603839.SH,2020-10-19,11.4200,11.7600,0.0289
603839.SH,2021-06-07,10.8600,11.2000,0.0304
603839.SH,2022-06-22,7.3700,7.8500,0.0611
603839.SH,2023-06-15,7.2100,7.7000,0.0636
603839.SH,2024-06-20,4.5100,4.6200,0.0238
603839.SH,2025-07-02,7.2800,7.3800,0.0136
603843.SH,2019-07-12,5.5600,7.8200,0.2890
603848.SH,2019-06-20,15.7000,15.9500,0.0157
603848.SH,2020-06-30,13.6100,13.8600,0.0180
603848.SH,2021-06-25,12.7800,13.0300,0.0192
603848.SH,2022-06-30,17.7300,17.9800,0.0139
603848.SH,2023-07-06,14.9500,15.1500,0.0132
603848.SH,2024-06-28,12.5500,12.8500,0.0233
603848.SH,2025-07-08,15.2600,15.4600,0.0129
603855.SH,2018-06-21,9.2500,9.4500,0.0212
603855.SH,2018-11-30,8.4200,8.6200,0.0232
603855.SH,2019-05-30,8.8600,9.0600,0.0221
603855.SH,2019-12-03,9.1000,9.3000,0.0215
603855.SH,2020-06-05,15.1000,15.3000,0.0131
603855.SH,2020-11-30,16.9600,17.2600,0.0174
603855.SH,2021-06-17,17.1400,17.6300,0.0278
603855.SH,2022-07-08,25.3200,26.3000,0.0373
603855.SH,2023-06-14,26.2500,27.2300,0.0360
603855.SH,2024-05-17,21.6600,22.6600,0.0441
603855.SH,2025-05-16,20.1400,21.1400,0.0473
603856.SH,2018-06-22,13.3500,17.5400,0.2389
603856.SH,2019-05-10,10.1100,10.2900,0.0175
603856.SH,2020-05-15,13.5400,13.7800,0.0174
603856.SH,2021-05-20,11.5500,11.9200,0.0310
603856.SH,2022-07-05,13.0700,13.2200,0.0113
603856.SH,2023-04-11,11.1200,11.2900,0.0151
603856.SH,2024-07-11,9.9700,10.1600,0.0187
603856.SH,2025-06-20,10.8800,11.0600,0.0163
603858.SH,2017-07-18,67.4500,69.0600,0.0233
603858.SH,2018-08-17,29.1400,39.5000,0.2623
603858.SH,2019-08-19,19.7800,27.0600,0.2690
603858.SH,2020-07-20,29.9700,31.5300,0.0495
603858.SH,2021-08-02,19.6400,20.1500,0.0253
603858.SH,2022-08-16,18.3000,18.6500,0.0188
603858.SH,2023-08-10,18.8200,19.7800,0.0485
603858.SH,2025-09-26,18.2300,18.6200,0.0209
603859.SH,2024-06-17,23.1100,34.3000,0.3262
603861.SH,2019-06-10,9.7600,9.8700,0.0111
603861.SH,2020-06-17,8.2200,8.3300,0.0132
603861.SH,2025-07-07,9.5400,9.6400,0.0104
603866.SH,2016-05-04,38.9200,39.4700,0.0139
603866.SH,2018-05-02,54.3300,55.1300,0.0145
603866.SH,2019-04-25,38.2100,54.5000,0.2989
603866.SH,2020-06-01,49.2300,50.2300,0.0199
603866.SH,2021-05-11,34.0400,48.6500,0.3003
603866.SH,2022-04-22,14.8200,21.3500,0.3059
603866.SH,2023-04-27,11.2800,13.9300,0.1902
603866.SH,2024-04-25,5.8500,6.0300,0.0299
603866.SH,2024-09-13,4.9600,5.0800,0.0236
603866.SH,2025-04-28,5.5700,5.7000,0.0228
603867.SH,2021-05-21,22.4100,22.8600,0.0197
603867.SH,2022-07-08,29.3700,38.6800,0.2407
603867.SH,2023-06-21,40.3900,40.9400,0.0134
603867.SH,2024-06-18,24.9000,25.3400,0.0174
603867.SH,2025-06-18,24.7600,25.2000,0.0175
603868.SH,2016-09-19,49.8300,50.8300,0.0197
603868.SH,2017-05-08,52.3500,53.3500,0.0187
603868.SH,2018-05-17,54.5300,56.0300,0.0268
603868.SH,2019-05-07,36.1000,37.6000,0.0399
603868.SH,2020-06-02,44.5700,45.5700,0.0219
603868.SH,2021-05-27,49.0300,50.0300,0.0200
603868.SH,2022-06-01,64.5500,65.5500,0.0153
603868.SH,2023-06-01,64.0900,66.0900,0.0303
603868.SH,2024-04-17,52.3800,54.6800,0.0421
603868.SH,2025-06-06,36.8200,37.3200,0.0134
603869.SH,2018-07-20,17.6700,17.9200,0.0140
603869.SH,2019-07-11,13.0800,19.2400,0.3202
603871.SH,2018-06-08,55.3500,77.9900,0.2903
603871.SH,2019-06-05,29.2000,41.3800,0.2943
603871.SH,2020-06-15,21.7800,31.4900,0.3084
603871.SH,2021-06-15,18.2400,24.7100,0.2618
603871.SH,2022-06-09,16.9400,24.2100,0.3003
603871.SH,2023-06-21,15.0400,21.5200,0.3011
603871.SH,2024-06-18,17.9300,25.5700,0.2988
603871.SH,2024-11-01,19.5500,19.8500,0.0151
603871.SH,2025-06-19,10.0500,14.4700,0.3055
603871.SH,2025-10-15,13.9000,14.1000,0.0142
603876.SH,2023-06-06,18.3600,33.9000,0.4584
603876.SH,2024-07-05,8.8100,9.0000,0.0211
603877.SH,2017-05-24,27.4900,27.9900,0.0179
603877.SH,2018-07-03,32.0800,32.7800,0.0214
603877.SH,2019-05-31,17.0000,17.9800,0.0545
603877.SH,2020-06-16,14.6600,15.3500,0.0450
603877.SH,2021-05-19,48.4700,49.2600,0.0160
603877.SH,2022-05-31,18.3400,18.9400,0.0317
603877.SH,2024-05-20,16.1000,16.7000,0.0359
603877.SH,2025-05-20,15.5700,15.9700,0.0250
603878.SH,2018-06-12,16.0800,16.4000,0.0195
603878.SH,2019-06-19,11.0600,16.0800,0.3122
603878.SH,2020-06-22,7.9300,11.8000,0.3280
603878.SH,2021-07-07,7.0600,7.3300,0.0368
603878.SH,2022-06-30,6.3500,6.6200,0.0408
603878.SH,2023-05-15,8.0500,11.6500,0.3090
603878.SH,2024-06-17,7.4900,8.0200,0.0661
603878.SH,2025-06-20,5.0800,5.1700,0.0174
603879.SH,2019-06-06,8.1600,11.4100,0.2848
603879.SH,2020-07-10,10.5900,14.7700,0.2830
603879.SH,2021-06-29,7.1700,9.3100,0.2299
603880.SH,2018-06-21,18.8500,24.6500,0.2353
603880.SH,2019-05-14,9.7100,12.7800,0.2402
603880.SH,2020-06-12,11.7900,15.3800,0.2334
603880.SH,2021-05-21,7.9100,10.4300,0.2416
603881.SH,2021-04-26,31.5300,44.2000,0.2867
603881.SH,2023-06-01,24.2800,34.0400,0.2867
603881.SH,2024-06-21,12.8600,16.8000,0.2345
603881.SH,2025-06-13,24.9100,29.9400,0.1680
603882.SH,2022-07-07,83.2200,84.5000,0.0151
603882.SH,2023-06-15,70.9400,72.7200,0.0245
603882.SH,2024-06-18,29.6400,30.5100,0.0285
603882.SH,2025-02-21,39.4400,40.3200,0.0218
603882.SH,2026-02-05,31.2800,32.1600,0.0274
603883.SH,2018-05-17,79.2200,80.2200,0.0125
603883.SH,2020-08-21,72.7700,102.3000,0.2887
603883.SH,2022-06-30,32.9800,43.3700,0.2396
603883.SH,2023-07-07,28.2200,28.7200,0.0174
603883.SH,2024-06-27,19.9200,26.5600,0.2500
603883.SH,2024-10-10,16.5400,16.8700,0.0196
603885.SH,2015-12-28,37.2000,75.0000,0.5040
603885.SH,2017-06-13,15.6900,22.2200,0.2939
603885.SH,2018-06-21,16.4000,16.6300,0.0138
603885.SH,2020-05-22,9.0300,9.1300,0.0110
603886.SH,2017-06-22,19.5800,19.8100,0.0116
603886.SH,2018-06-15,19.2500,19.7100,0.0233
603886.SH,2019-06-27,26.0700,26.7300,0.0247
603886.SH,2020-05-27,16.8500,18.0500,0.0665
603886.SH,2021-05-28,18.5900,19.5900,0.0510
603886.SH,2022-05-19,15.9000,16.9000,0.0592
603886.SH,2023-06-16,18.3300,19.3300,0.0517
603886.SH,2024-05-30,15.5400,16.5400,0.0605
603886.SH,2025-05-23,13.3500,14.3500,0.0697
603887.SH,2018-06-06,20.1100,28.3600,0.2909
603887.SH,2020-06-08,21.1800,29.7000,0.2869
603887.SH,2021-06-24,10.4500,12.6400,0.1733
603888.SH,2016-12-29,88.4900,90.1900,0.0188
603888.SH,2017-06-22,33.9600,84.8900,0.6000
603888.SH,2019-07-30,18.6500,18.9000,0.0132
603888.SH,2024-07-26,20.0200,20.2300,0.0104
603888.SH,2025-07-25,18.8600,24.6600,0.2352
603889.SH,2015-05-29,41.4300,62.6500,0.3387
603889.SH,2016-04-19,15.6000,31.5500,0.5055
603889.SH,2017-04-20,16.0000,16.2000,0.0123
603889.SH,2018-05-25,12.9400,13.1900,0.0190
603889.SH,2019-06-12,7.1500,9.6000,0.2552
603889.SH,2020-06-10,5.3100,5.4700,0.0293
603889.SH,2021-05-14,4.7700,4.9700,0.0402
603889.SH,2022-06-06,6.0800,6.3800,0.0470
603889.SH,2023-05-29,5.9300,8.7000,0.3184
603889.SH,2024-05-24,7.3900,7.6900,0.0390
603889.SH,2025-05-28,5.8300,6.1300,0.0489
603890.SH,2018-05-29,21.3700,30.1200,0.2905
603890.SH,2019-05-08,9.4000,13.4100,0.2990
603890.SH,2020-05-28,13.1900,18.6600,0.2931
603890.SH,2021-06-10,12.5500,12.7500,0.0157
603890.SH,2022-07-06,9.4500,9.5500,0.0105
603890.SH,2023-06-20,8.1200,8.2200,0.0122
603890.SH,2025-06-19,11.2800,11.4300,0.0131
603895.SH,2018-06-14,36.4900,51.3400,0.2892
603896.SH,2020-05-26,25.6200,25.9600,0.0131
603896.SH,2022-05-26,37.8200,49.2900,0.2327
603896.SH,2023-07-04,42.0800,42.5100,0.0101
603896.SH,2024-06-20,24.3900,24.7700,0.0153
603896.SH,2025-06-06,22.3300,22.6000,0.0119
603897.SH,2020-05-26,18.1100,18.3900,0.0152
603897.SH,2020-09-23,18.8200,19.1200,0.0157
603897.SH,2021-10-15,46.6100,47.6100,0.0210
603897.SH,2022-05-11,21.6500,21.9500,0.0137
603897.SH,2023-07-12,19.7700,20.1700,0.0198
603897.SH,2023-09-22,17.2300,17.7300,0.0282
603897.SH,2024-06-05,19.9400,21.4400,0.0700
603897.SH,2024-09-20,17.0900,17.7900,0.0393
603897.SH,2025-05-23,25.5200,27.0200,0.0555
603897.SH,2025-09-30,25.5600,25.8600,0.0116
603898.SH,2015-09-07,45.8300,137.4900,0.6667
603898.SH,2018-07-04,25.5100,25.8400,0.0128
603898.SH,2019-05-30,16.7700,17.1400,0.0216
603898.SH,2020-06-05,15.3400,15.6900,0.0223
603898.SH,2023-06-16,9.8700,10.5600,0.0653
603898.SH,2024-06-06,7.7300,7.9400,0.0264
603899.SH,2015-05-11,38.3100,38.8100,0.0129
603899.SH,2016-05-04,19.3500,39.1900,0.5063
603899.SH,2017-04-27,17.0600,17.3100,0.0144
603899.SH,2022-05-09,46.4000,47.0000,0.0128
603899.SH,2023-05-17,44.5000,45.0000,0.0111
603899.SH,2024-05-24,37.3500,38.1500,0.0210
603899.SH,2025-05-19,28.1700,29.1600,0.0340
603900.SH,2017-10-09,23.9900,33.5800,0.2856
603900.SH,2018-04-27,23.5600,23.8400,0.0117
603900.SH,2019-05-29,12.2400,12.8400,0.0467
603900.SH,2020-06-24,7.6600,8.0600,0.0496
603900.SH,2021-07-01,7.2600,7.5600,0.0397
603900.SH,2024-07-15,4.5400,4.6400,0.0216
603900.SH,2025-11-25,8.9200,9.0200,0.0111
603901.SH,2015-10-09,23.1100,46.2200,0.5000
603901.SH,2016-05-16,15.6900,31.4500,0.5011
603901.SH,2022-05-25,12.3300,12.4900,0.0128
603901.SH,2024-07-03,6.8500,6.9300,0.0115
603903.SH,2019-06-28,14.7100,20.6800,0.2887
603903.SH,2020-07-13,14.4000,20.2400,0.2885
603903.SH,2022-07-07,9.6300,9.8200,0.0193
603903.SH,2023-07-11,8.9100,9.1000,0.0209
603903.SH,2024-06-03,7.8800,8.0700,0.0235
603906.SH,2018-06-14,12.7300,15.3600,0.1712
603906.SH,2019-06-20,12.3600,14.9600,0.1738
603906.SH,2020-06-04,9.8500,9.9800,0.0130
603906.SH,2021-05-10,20.5200,28.9100,0.2902
603908.SH,2018-06-01,33.9000,34.4000,0.0145
603908.SH,2019-06-05,23.8500,24.6000,0.0305
603908.SH,2020-06-02,24.4300,25.1800,0.0298
603908.SH,2021-06-03,22.5300,23.2800,0.0322
603908.SH,2023-07-12,45.7900,46.9900,0.0255
603908.SH,2024-06-07,21.9900,31.9800,0.3124
603908.SH,2025-06-06,24.8300,25.4800,0.0255
603909.SH,2019-09-30,13.3500,18.6900,0.2857
603909.SH,2021-06-07,12.9300,18.1700,0.2884
603909.SH,2023-05-12,12.1700,15.8800,0.2336
603909.SH,2025-05-29,9.0300,9.1500,0.0131
603912.SH,2018-05-29,20.2400,28.5800,0.2918
603912.SH,2019-05-14,14.5300,14.7800,0.0169
603912.SH,2020-07-03,23.2700,23.5200,0.0106
603912.SH,2021-06-23,16.0600,16.3100,0.0153
603912.SH,2022-06-16,11.3400,16.1300,0.2970
603912.SH,2023-06-09,10.7800,15.1900,0.2903
603912.SH,2024-06-07,5.7500,5.8300,0.0137
603915.SH,2020-06-04,13.1400,13.3400,0.0150
603915.SH,2022-06-08,18.2900,25.9100,0.2941
603915.SH,2023-06-12,16.5800,16.7800,0.0119
603915.SH,2024-06-12,13.3100,13.5100,0.0148
603915.SH,2024-10-11,10.2500,10.3700,0.0116
603916.SH,2018-06-06,17.7500,17.9500,0.0111
603916.SH,2019-05-15,12.7200,12.9600,0.0185
603916.SH,2020-05-26,24.3000,24.6000,0.0122
603916.SH,2021-05-18,23.5300,28.6000,0.1773
603916.SH,2022-05-24,23.6600,24.0200,0.0150
603916.SH,2023-05-31,13.4700,13.7700,0.0218
603916.SH,2024-06-25,6.5600,6.7100,0.0224
603916.SH,2025-06-12,9.1700,9.2700,0.0108
603917.SH,2018-06-08,18.5800,26.1600,0.2898
603917.SH,2021-06-24,9.4200,9.6200,0.0208
603917.SH,2024-06-07,10.7500,10.9500,0.0183
603917.SH,2025-06-09,13.1100,13.2600,0.0113
603918.SH,2016-06-17,34.1000,68.3200,0.5009
603918.SH,2019-06-12,10.7300,14.0400,0.2358
603918.SH,2021-06-15,9.3300,12.2900,0.2408
603918.SH,2022-06-28,9.8700,9.9900,0.0120
603919.SH,2017-06-06,18.3000,24.0300,0.2385
603919.SH,2018-06-08,19.4700,19.7100,0.0122
603919.SH,2019-04-19,15.7400,15.9800,0.0150
603919.SH,2020-05-20,11.4800,15.1600,0.2427
603919.SH,2023-05-23,25.6200,25.9200,0.0116
603919.SH,2024-05-22,22.1600,22.5500,0.0173
603919.SH,2025-05-22,18.8900,19.3800,0.0253
603920.SH,2018-07-06,12.2900,12.7500,0.0361
603920.SH,2019-06-19,13.2500,13.6900,0.0321
603920.SH,2020-07-09,27.1700,27.6700,0.0181
603920.SH,2021-06-17,12.2000,16.4600,0.2588
603920.SH,2022-06-21,16.3500,16.9500,0.0354
603920.SH,2023-06-02,19.4300,20.0300,0.0300
603920.SH,2024-06-19,20.1000,20.6000,0.0243
603920.SH,2025-06-04,25.5700,26.1700,0.0229
603922.SH,2018-06-25,21.2600,21.5100,0.0116
603922.SH,2024-07-09,16.9800,23.7900,0.2863
603926.SH,2018-04-18,24.0500,25.2000,0.0456
603926.SH,2019-06-18,12.0400,15.9000,0.2428
603926.SH,2020-07-08,12.0300,12.3300,0.0243
603926.SH,2021-06-17,13.4800,13.9800,0.0358
603926.SH,2022-05-31,9.5200,12.5500,0.2414
603926.SH,2023-05-30,9.4200,9.5300,0.0115
603926.SH,2024-05-29,9.2000,9.5800,0.0397
603926.SH,2025-05-29,12.2600,12.5200,0.0208
603927.SH,2021-07-05,29.2400,41.4800,0.2951
603927.SH,2022-05-19,21.0500,21.6000,0.0255
603927.SH,2023-05-25,35.8300,36.3800,0.0151
603927.SH,2024-05-21,19.7900,28.2500,0.2995
603927.SH,2025-05-20,18.8100,19.1500,0.0178
603928.SH,2017-06-26,18.8900,19.0900,0.0105
603928.SH,2018-06-21,16.0700,16.2800,0.0129
603928.SH,2019-06-03,13.2300,13.4500,0.0164
603928.SH,2020-06-08,10.7100,10.9100,0.0183
603928.SH,2021-06-11,10.7000,10.8500,0.0138
603928.SH,2022-07-11,12.2600,13.2600,0.0754
603928.SH,2024-06-21,8.0000,10.5100,0.2388
603929.SH,2018-06-20,19.2000,19.4000,0.0103
603929.SH,2019-06-13,19.0600,19.3100,0.0129
603929.SH,2020-06-15,16.4800,16.7300,0.0149
603929.SH,2023-05-25,15.1800,15.4300,0.0162
603929.SH,2024-05-15,24.9500,25.9500,0.0385
603929.SH,2025-05-26,27.6700,28.6700,0.0349
603929.SH,2025-09-22,40.0200,41.0200,0.0244
603931.SH,2021-06-03,31.8600,44.9000,0.2904
603931.SH,2022-06-06,20.3700,28.8200,0.2932
603931.SH,2024-06-20,24.4900,24.7500,0.0105
603933.SH,2018-05-10,28.5600,40.4300,0.2936
603933.SH,2019-06-05,12.4700,17.7600,0.2979
603933.SH,2022-05-30,9.9800,10.1100,0.0129
603936.SH,2019-06-05,12.4500,17.5300,0.2898
603936.SH,2020-06-04,13.5800,19.0800,0.2883
603937.SH,2020-07-08,13.9300,14.1000,0.0121
603937.SH,2021-07-09,15.7400,16.2400,0.0308
603937.SH,2022-07-05,11.4600,11.6600,0.0172
603937.SH,2023-06-16,11.0400,11.1700,0.0116
603937.SH,2024-06-19,8.0200,8.1200,0.0123
603938.SH,2021-04-23,23.5700,30.7200,0.2327
603938.SH,2022-05-12,35.9500,50.5000,0.2881
603938.SH,2023-05-11,22.5300,31.8100,0.2917
603939.SH,2015-11-06,39.6600,79.8100,0.5031
603939.SH,2020-05-18,67.1000,94.2400,0.2880
603939.SH,2021-06-07,63.8500,83.3000,0.2335
603939.SH,2023-06-07,34.1200,48.1700,0.2917
603939.SH,2024-06-07,36.2500,44.0000,0.1761
603939.SH,2024-10-15,23.0600,23.3100,0.0107
603939.SH,2025-06-18,24.0900,24.4900,0.0163
603939.SH,2025-09-17,25.5400,25.8400,0.0116
603948.SH,2020-09-29,22.2900,22.5400,0.0111
603948.SH,2021-06-18,19.1700,19.3700,0.0103
603948.SH,2022-05-26,24.8900,25.4400,0.0216
603948.SH,2023-06-06,22.3600,24.2800,0.0791
603948.SH,2024-04-16,20.6500,21.6500,0.0462
603948.SH,2025-05-30,18.7100,19.7100,0.0507
603949.SH,2020-05-11,19.8800,20.1800,0.0149
603949.SH,2020-09-21,20.0200,28.0300,0.2858
603949.SH,2021-07-13,13.9500,14.2500,0.0211
603949.SH,2022-06-01,27.8400,28.1400,0.0107
603949.SH,2023-05-18,14.9000,15.2000,0.0197
603949.SH,2024-05-10,14.8500,15.1800,0.0217
603950.SH,2020-09-08,27.8300,29.0300,0.0413
603950.SH,2022-04-27,12.8000,13.2300,0.0325
603950.SH,2023-05-10,14.6300,20.4800,0.2856
603955.SH,2018-06-14,23.4100,30.5300,0.2332
603955.SH,2020-09-22,17.6600,18.1600,0.0275
603956.SH,2021-06-01,15.8400,16.0000,0.0100
603956.SH,2022-06-10,10.8800,11.0500,0.0154
603956.SH,2023-06-07,7.7100,7.8100,0.0128
603956.SH,2024-06-07,5.2300,5.3300,0.0188
603958.SH,2018-06-06,12.8300,13.0900,0.0199
603959.SH,2018-06-25,18.8300,26.3800,0.2862
603959.SH,2019-05-31,13.7900,19.4000,0.2892
603960.SH,2017-08-16,28.7400,37.5000,0.2336
603960.SH,2018-05-31,26.5100,34.6000,0.2338
603960.SH,2019-04-25,27.0000,35.2000,0.2330
603960.SH,2020-05-26,21.9500,30.9000,0.2896
603966.SH,2018-06-22,9.3000,12.1700,0.2358
603966.SH,2020-05-29,9.0400,9.1400,0.0109
603966.SH,2021-08-03,7.9100,11.3800,0.3049
603966.SH,2022-07-01,10.3800,10.6000,0.0208
603966.SH,2023-07-04,10.5000,12.8600,0.1835
603966.SH,2024-06-07,7.2200,7.4500,0.0309
603966.SH,2025-07-07,9.0100,9.2400,0.0249
603967.SH,2019-09-26,17.9300,18.3000,0.0202
603967.SH,2020-05-19,14.0500,14.4200,0.0257
603967.SH,2021-05-19,12.0700,12.4400,0.0297
603967.SH,2022-05-18,10.2800,13.8700,0.2588
603967.SH,2023-05-12,9.5300,9.9800,0.0451
603967.SH,2024-05-14,10.7300,11.2300,0.0445
603967.SH,2025-05-15,12.6700,13.2700,0.0452
603968.SH,2015-09-21,23.6500,47.3000,0.5000
603968.SH,2017-05-16,22.6000,22.9600,0.0157
603968.SH,2018-06-15,19.1500,19.5300,0.0195
603968.SH,2019-06-17,15.2900,15.7900,0.0317
603968.SH,2020-06-18,14.4600,14.9600,0.0334
603968.SH,2021-06-23,14.2700,14.7700,0.0339
603968.SH,2022-06-16,19.3700,19.8700,0.0252
603968.SH,2023-06-12,16.8500,17.6500,0.0453
603968.SH,2024-07-12,9.3600,9.6400,0.0290
603969.SH,2015-05-29,31.7400,63.6200,0.5011
603969.SH,2016-05-20,11.9400,12.0900,0.0124
603969.SH,2018-05-10,8.7000,12.7600,0.3182
603969.SH,2018-09-27,5.0100,7.2600,0.3099
603969.SH,2019-05-29,4.7400,4.8400,0.0207
603969.SH,2020-06-24,4.2600,4.3200,0.0139
603969.SH,2021-07-14,4.0900,4.1600,0.0168
603969.SH,2023-07-12,4.8000,4.8600,0.0123
603969.SH,2024-07-05,4.6200,4.6900,0.0149
603969.SH,2025-07-14,7.2900,7.3700,0.0109
603970.SH,2018-06-12,22.7800,27.5900,0.1743
603970.SH,2019-06-18,15.9800,19.4200,0.1771
603970.SH,2020-06-24,14.6100,14.8600,0.0168
603970.SH,2021-06-28,20.5200,20.8200,0.0144
603970.SH,2022-06-10,32.4500,32.8000,0.0107
603970.SH,2023-06-13,19.6300,28.0300,0.2997
603970.SH,2024-06-12,18.3700,18.8200,0.0239
603970.SH,2025-06-12,14.3600,14.8100,0.0304
603976.SH,2018-05-28,20.9100,29.7300,0.2967
603976.SH,2022-06-24,23.8700,24.1800,0.0128
603976.SH,2024-06-19,14.5500,14.7500,0.0136
603976.SH,2025-05-21,17.5700,17.8200,0.0140
603977.SH,2017-06-19,17.7100,18.2100,0.0275
603977.SH,2018-05-16,10.2400,14.4400,0.2909
603977.SH,2019-05-17,7.6100,7.7100,0.0130
603977.SH,2020-05-21,6.8000,9.6400,0.2946
603977.SH,2021-06-23,7.3800,7.4800,0.0134
603977.SH,2022-06-01,8.6500,8.7800,0.0148
603977.SH,2024-07-01,10.0200,10.1700,0.0147
603978.SH,2018-05-04,38.5100,77.4100,0.5025
603979.SH,2016-07-18,20.5300,24.7200,0.1695
603979.SH,2017-07-14,13.5800,17.7100,0.2332
603979.SH,2025-06-27,43.9000,44.3500,0.0101
603980.SH,2018-07-05,15.8500,16.1000,0.0155
603980.SH,2019-06-13,9.7100,14.0500,0.3089
603980.SH,2020-06-30,6.8300,7.2800,0.0618
603980.SH,2021-06-04,6.7600,6.9200,0.0231
603980.SH,2022-06-01,5.0600,5.2100,0.0288
603980.SH,2023-06-16,4.3800,4.4600,0.0179
603980.SH,2024-06-25,3.5400,3.6100,0.0194
603980.SH,2025-06-17,5.0700,5.1400,0.0136
603983.SH,2024-05-31,29.9800,30.5000,0.0170
603983.SH,2025-06-10,45.2600,45.7600,0.0109
603985.SH,2018-05-29,25.3500,33.3000,0.2387
603985.SH,2019-05-20,15.4700,22.0600,0.2987
603985.SH,2020-06-16,15.3100,21.7400,0.2958
603985.SH,2021-06-22,17.5800,23.2600,0.2442
603985.SH,2022-06-10,21.1800,27.6400,0.2337
603986.SH,2017-05-22,97.2400,195.0000,0.5013
603986.SH,2018-05-21,119.4100,167.5600,0.2874
603986.SH,2020-05-07,218.0100,305.6000,0.2866
603986.SH,2021-05-21,123.8600,173.9600,0.2880
603987.SH,2017-06-08,16.3200,24.6300,0.3374
603987.SH,2018-07-18,7.6300,10.8300,0.2955
603987.SH,2019-05-10,7.0000,7.1500,0.0210
603987.SH,2020-05-21,14.0000,14.1500,0.0106
603987.SH,2022-06-29,17.9100,18.1100,0.0110
603987.SH,2023-06-20,12.7800,13.0000,0.0169
603987.SH,2024-06-14,6.4600,6.6200,0.0242
603987.SH,2025-06-06,7.3700,7.5200,0.0199
603988.SH,2017-11-16,55.2700,82.9100,0.3334
603988.SH,2018-05-22,20.9400,29.5600,0.2916
603988.SH,2018-08-31,12.9400,18.1900,0.2886
603988.SH,2019-05-22,11.9600,12.3400,0.0308
603988.SH,2020-05-29,13.1900,13.4400,0.0186
603988.SH,2020-08-24,17.6600,17.8700,0.0118
603988.SH,2021-06-08,16.6100,17.4900,0.0503
603989.SH,2015-10-13,30.6700,47.0100,0.3476
603989.SH,2016-05-26,26.8200,27.5200,0.0254
603989.SH,2017-06-05,35.5600,36.3600,0.0220
603989.SH,2018-06-28,22.3200,29.8200,0.2515
603989.SH,2019-06-20,18.6000,18.9000,0.0159
603989.SH,2020-06-19,27.2500,27.5500,0.0109
603989.SH,2021-06-24,30.9600,31.2800,0.0102
603989.SH,2022-06-24,27.8500,28.1500,0.0107
603989.SH,2023-06-30,20.5500,20.8500,0.0144
603989.SH,2024-06-28,13.4600,13.7200,0.0190
603990.SH,2019-05-21,28.0900,39.5300,0.2894
603990.SH,2020-07-03,39.3300,51.2600,0.2327
603990.SH,2022-06-30,19.1900,24.8600,0.2281
603990.SH,2023-07-07,18.2400,23.6900,0.2301
603992.SH,2020-05-29,16.9600,17.1400,0.0105
603992.SH,2021-05-25,17.0800,17.2800,0.0116
603992.SH,2023-06-13,15.1800,15.3800,0.0130
603992.SH,2023-12-08,17.8200,18.0700,0.0138
603992.SH,2024-06-07,16.2400,16.4300,0.0116
603992.SH,2024-09-05,16.8200,17.0900,0.0158
603992.SH,2025-05-30,23.1600,23.4200,0.0111
603993.SH,2012-12-28,8.1400,8.2300,0.0109
603993.SH,2013-06-25,6.9600,7.0800,0.0169
603993.SH,2014-05-22,6.1100,6.2500,0.0224
603993.SH,2015-07-23,16.7200,16.9000,0.0107
603993.SH,2015-11-13,4.7700,14.3200,0.6669
603993.SH,2018-06-26,6.2000,6.2800,0.0127
603993.SH,2019-06-28,3.9900,4.1000,0.0268
603993.SH,2020-06-30,3.6200,3.6600,0.0109
603993.SH,2022-07-07,5.2000,5.2700,0.0133
603993.SH,2023-07-07,5.4300,5.5100,0.0145
603993.SH,2024-07-08,8.9400,9.0900,0.0165
603993.SH,2025-06-27,7.9000,8.1500,0.0307
603995.SH,2020-06-12,22.5000,23.2000,0.0302
603995.SH,2021-06-28,36.9000,37.6000,0.0186
603995.SH,2022-05-20,33.3100,49.1000,0.3216
603995.SH,2023-07-07,23.3800,23.8800,0.0209
603995.SH,2024-06-05,18.1300,18.6300,0.0268
603995.SH,2025-06-05,16.2300,16.7300,0.0299
603995.SH,2025-09-23,17.1500,17.4500,0.0172
603997.SH,2017-05-25,15.4100,23.3500,0.3400
603997.SH,2018-05-24,11.5200,11.8000,0.0237
603997.SH,2019-05-20,8.1900,8.5000,0.0365
603997.SH,2020-05-07,7.4600,7.6600,0.0261
603997.SH,2021-09-13,9.6800,9.8600,0.0183
603998.SH,2015-04-17,37.2200,48.5000,0.2326
603998.SH,2016-05-05,16.1400,48.6300,0.6681
603998.SH,2022-06-02,6.0700,6.2200,0.0241
603998.SH,2022-09-30,5.7400,5.8300,0.0154
603998.SH,2023-05-10,12.9600,13.2200,0.0197
603998.SH,2024-06-11,10.9400,11.1400,0.0180
603998.SH,2025-06-09,10.2800,10.4800,0.0191
603998.SH,2025-09-18,11.1300,11.2800,0.0133
603998.SH,2026-01-16,11.7500,11.9000,0.0126
603999.SH,2016-06-02,31.3100,37.7000,0.1695
603999.SH,2017-07-03,11.1100,22.3200,0.5022
688003.SH,2022-05-30,27.6000,27.9900,0.0139
688003.SH,2024-05-30,33.6000,34.2000,0.0175
688003.SH,2025-07-08,43.0800,43.5800,0.0115
688004.SH,2024-05-30,11.9100,16.8000,0.2911
688005.SH,2024-07-10,21.1100,21.4100,0.0140
688005.SH,2025-03-06,25.0700,37.1000,0.3243
688005.SH,2025-06-06,18.1800,18.5400,0.0194
688006.SH,2023-06-07,29.8000,42.0700,0.2917
688006.SH,2024-06-03,19.9800,20.3200,0.0167
688009.SH,2020-07-03,6.3300,6.5300,0.0306
688009.SH,2021-07-15,5.4100,5.6100,0.0357
688009.SH,2022-07-19,4.3100,4.4800,0.0379
688009.SH,2023-07-20,5.8700,6.0400,0.0281
688009.SH,2024-07-26,5.8700,6.0400,0.0281
688009.SH,2025-07-25,5.4800,5.6500,0.0301
688010.SH,2023-07-20,22.2300,23.3900,0.0496
688013.SH,2022-06-23,19.4000,19.6000,0.0102
688013.SH,2023-06-27,22.6900,22.9300,0.0105
688013.SH,2024-10-11,17.7200,18.2100,0.0269
688013.SH,2025-01-24,18.8400,19.3300,0.0253
688013.SH,2025-06-11,26.5400,27.0300,0.0181
688015.SH,2021-05-20,31.5000,31.9500,0.0141
688015.SH,2022-05-19,23.2300,23.7000,0.0198
688015.SH,2023-05-19,19.2000,19.5700,0.0189
688015.SH,2025-06-04,19.9800,20.2100,0.0114
688016.SH,2022-07-12,185.5000,187.6000,0.0112
688016.SH,2023-05-18,165.6500,167.9500,0.0137
688016.SH,2024-05-14,121.8100,184.5000,0.3398
688016.SH,2024-11-08,104.0300,105.6800,0.0156
688016.SH,2025-10-17,104.0000,105.2800,0.0122
688017.SH,2022-06-30,114.2800,160.6400,0.2886
688018.SH,2022-05-05,102.2100,103.8100,0.0154
688018.SH,2024-05-16,75.7000,106.0000,0.2858
688018.SH,2025-06-04,137.7600,192.9900,0.2862
688019.SH,2022-05-25,207.6300,291.0000,0.2865
688019.SH,2023-06-15,180.7000,235.3300,0.2321
688019.SH,2024-06-11,125.3700,163.2900,0.2322
688019.SH,2025-06-16,141.1800,183.9400,0.2325
688022.SH,2023-06-08,31.8100,44.6600,0.2877
688023.SH,2024-07-05,28.7700,37.3400,0.2295
688026.SH,2022-06-08,45.2900,64.0000,0.2923
688028.SH,2020-05-28,51.6600,52.3100,0.0124
688028.SH,2023-05-26,22.3100,31.5400,0.2926
688028.SH,2024-06-14,16.9500,17.1800,0.0134
688028.SH,2025-06-17,20.6800,20.9000,0.0105
688029.SH,2022-06-10,82.9700,116.9100,0.2903
688029.SH,2024-06-24,63.4800,64.4800,0.0155
688029.SH,2025-06-24,64.1000,65.1000,0.0154
688032.SH,2022-06-07,650.7100,914.0000,0.2881
688032.SH,2023-06-13,358.0600,538.0000,0.3345
688032.SH,2023-10-31,228.6300,231.0200,0.0103
688032.SH,2024-06-19,128.1100,193.8600,0.3392
688032.SH,2025-06-19,98.9800,102.1500,0.0310
688036.SH,2020-06-11,62.4200,63.1000,0.0108
688036.SH,2022-06-23,90.8000,92.3000,0.0163
688036.SH,2023-05-31,126.1500,127.9500,0.0141
688036.SH,2023-11-29,115.0900,118.0900,0.0254
688036.SH,2024-06-07,87.3600,125.3000,0.3028
688036.SH,2024-11-21,91.8200,93.3200,0.0161
688036.SH,2025-06-05,72.0900,73.5900,0.0204
688037.SH,2023-06-15,196.8000,291.6600,0.3252
688037.SH,2024-07-17,63.4300,92.1500,0.3117
688039.SH,2023-06-28,36.9100,51.4300,0.2823
688046.SH,2024-08-07,11.5600,11.7200,0.0137
688048.SH,2023-06-07,73.8800,96.4000,0.2336
688049.SH,2024-06-21,23.1300,27.9500,0.1725
688049.SH,2025-08-07,49.3700,59.4100,0.1690
688050.SH,2024-06-05,80.8200,145.8800,0.4460
688051.SH,2021-07-15,64.3100,65.0000,0.0106
688052.SH,2023-05-30,194.4000,272.9600,0.2878
688053.SH,2024-07-02,23.2900,23.6000,0.0131
688056.SH,2024-06-14,23.0400,23.8300,0.0332
688056.SH,2025-06-11,31.9300,32.5200,0.0181
688057.SH,2021-04-23,32.4300,33.4300,0.0299
688057.SH,2022-04-29,15.5400,16.5400,0.0605
688057.SH,2023-06-02,14.5900,15.5900,0.0641
688057.SH,2024-07-24,9.5600,10.0600,0.0497
688057.SH,2025-07-17,12.2700,12.5200,0.0200
688058.SH,2021-06-02,91.0000,92.4200,0.0154
688058.SH,2022-06-02,49.8100,70.3400,0.2919
688058.SH,2024-06-21,22.1700,31.0000,0.2848
688059.SH,2022-05-19,110.6000,111.8000,0.0107
688059.SH,2023-05-22,78.4300,111.0000,0.2934
688059.SH,2024-06-28,46.8600,47.6600,0.0168
688059.SH,2025-06-25,46.1600,65.2200,0.2922
688061.SH,2023-06-20,50.3400,75.5500,0.3337
688063.SH,2023-07-12,196.3200,198.5000,0.0110
688063.SH,2024-06-21,40.7000,58.0100,0.2984
688063.SH,2025-06-05,43.0600,43.5000,0.0101
688065.SH,2022-07-20,75.2500,105.7700,0.2886
688066.SH,2023-05-29,60.2700,84.5100,0.2868
688067.SH,2022-07-18,19.6000,19.9000,0.0151
688068.SH,2022-06-16,84.1400,129.5200,0.3504
688069.SH,2021-06-16,57.7700,58.3700,0.0103
688069.SH,2022-06-20,30.5300,43.2700,0.2944
688069.SH,2023-06-19,19.9800,28.0000,0.2864
688069.SH,2024-09-10,13.6500,13.8600,0.0152
688072.SH,2023-09-28,214.6600,317.7000,0.3243
688072.SH,2024-06-11,137.7700,204.1000,0.3250
688073.SH,2023-05-25,90.9300,128.8400,0.2942
688073.SH,2024-06-26,29.8400,30.7200,0.0286
688073.SH,2025-06-09,44.0200,44.8800,0.0192
688075.SH,2022-07-05,120.9500,182.8800,0.3386
688075.SH,2023-06-29,46.8300,70.5600,0.3363
688075.SH,2024-07-09,32.4000,32.8000,0.0122
688075.SH,2025-07-18,40.1700,40.9700,0.0195
688076.SH,2025-06-12,40.0700,56.9000,0.2958
688077.SH,2023-05-19,26.3100,37.4400,0.2973
688077.SH,2024-06-13,15.5600,15.7400,0.0114
688078.SH,2024-05-13,25.5200,25.8800,0.0139
688080.SH,2023-06-28,47.2600,66.3100,0.2873
688081.SH,2023-06-12,19.2500,26.9500,0.2857
688083.SH,2022-06-02,185.0900,259.9800,0.2881
688083.SH,2023-06-19,147.2000,206.5000,0.2872
688083.SH,2025-06-06,69.4300,97.5600,0.2883
688085.SH,2022-06-07,19.5400,21.6800,0.0987
688085.SH,2023-06-05,28.8800,31.8500,0.0932
688085.SH,2025-07-17,17.5500,21.0700,0.1671
688087.SH,2023-06-16,22.2500,31.3500,0.2903
688089.SH,2023-07-18,20.5100,29.0200,0.2932
688089.SH,2024-06-26,13.0800,13.2800,0.0151
688090.SH,2024-06-24,26.1100,36.7300,0.2891
688090.SH,2025-06-26,32.6300,42.4900,0.2321
688091.SH,2022-10-20,78.5900,106.8800,0.2647
688091.SH,2023-04-20,88.2000,97.3200,0.0937
688091.SH,2024-05-17,28.7300,37.6600,0.2371
688092.SH,2022-05-26,23.9700,24.2400,0.0111
688092.SH,2024-06-14,22.5500,31.9500,0.2942
688093.SH,2022-06-02,18.5900,26.1500,0.2891
688093.SH,2023-05-22,18.6600,19.0600,0.0210
688093.SH,2024-05-30,16.8600,17.2200,0.0209
688093.SH,2024-12-27,20.0800,20.4400,0.0176
688093.SH,2025-12-05,34.1600,34.5600,0.0116
688095.SH,2022-06-28,72.6100,100.6000,0.2782
688095.SH,2023-06-21,168.4700,233.3000,0.2779
688096.SH,2020-10-22,25.4400,25.8400,0.0155
688096.SH,2022-07-06,13.0200,13.4200,0.0298
688096.SH,2023-06-09,9.5900,13.5800,0.2938
688096.SH,2025-07-15,10.9700,15.4400,0.2895
688098.SH,2022-06-10,8.2500,8.3400,0.0108
688098.SH,2023-06-13,7.3100,7.3900,0.0108
688100.SH,2022-04-07,20.7400,21.0000,0.0124
688100.SH,2023-04-21,28.1000,28.4200,0.0113
688100.SH,2024-05-09,33.4300,33.8500,0.0124
688100.SH,2025-04-16,34.9000,35.4200,0.0147
688101.SH,2020-06-18,21.8700,22.1200,0.0113
688101.SH,2021-06-16,16.3500,16.5500,0.0121
688101.SH,2022-06-02,13.9600,14.1900,0.0162
688101.SH,2024-07-05,10.9600,11.1900,0.0206
688102.SH,2023-06-15,12.0900,17.0000,0.2888
688102.SH,2024-07-03,8.4300,11.0300,0.2357
688193.SH,2022-04-06,58.8591,59.9700,0.0185
688223.SH,2022-01-27,10.1935,10.5500,0.0338
688227.SH,2021-12-31,32.4396,32.8200,0.0116
688232.SH,2021-11-18,43.8014,46.3100,0.0542
688236.SH,2021-12-31,27.0767,28.6200,0.0539
688259.SH,2022-01-13,61.8116,88.1500,0.2988
688485.SH,2023-01-19,21.1962,21.5600,0.0169
688511.SH,2026-04-07,19.9800,26.2700,0.2394
688535.SH,2026-04-30,88.5300,131.0000,0.3242
688573.SH,2023-08-18,41.2756,41.7000,0.0102
688582.SH,2023-07-03,46.3296,46.8500,0.0111
688612.SH,2023-07-28,51.3029,53.6500,0.0437
688615.SH,2026-04-27,127.4900,180.1400,0.2923
688678.SH,2026-04-22,21.7100,30.5000,0.2882
688716.SH,2023-09-21,31.3371,31.7800,0.0139
